date,close,adj_close,volume,dividend,split,tr_index
2007-05-30,91.6000,69.960968,1550,0,1,100.000000
2007-05-31,91.6000,69.960968,11200,0,1,100.000000
2007-06-01,91.6200,69.976318,1450,0,1,100.021834
2007-06-04,91.6400,69.991531,1050,0,1,100.043668
2007-06-05,91.6400,69.991531,3750,0,1,100.043668
2007-06-06,91.6800,70.022125,9750,0,1,100.087336
2007-06-07,91.6600,70.006859,12150,0,1,100.065502
2007-06-08,91.6800,70.022125,7850,0,1,100.087336
2007-06-11,91.7200,70.052704,2400,0,1,100.131004
2007-06-12,91.6400,69.991531,3900,0,1,100.043668
2007-06-13,91.7200,70.052704,3750,0,1,100.131004
2007-06-14,91.7600,70.083252,13400,0,1,100.174672
2007-06-15,91.8400,70.144302,1050,0,1,100.262009
2007-06-18,91.8600,70.159569,28000,0,1,100.283843
2007-06-19,91.8600,70.159569,850,0,1,100.283843
2007-06-20,91.8800,70.174828,3100,0,1,100.305677
2007-06-21,91.8800,70.174828,850,0,1,100.305677
2007-06-22,91.9600,70.235954,2200,0,1,100.393013
2007-06-25,91.9200,70.205406,29700,0,1,100.349345
2007-06-26,91.9400,70.220695,5100,0,1,100.371179
2007-06-27,91.9200,70.205406,8200,0,1,100.349345
2007-06-28,91.9600,70.235954,900,0,1,100.393013
2007-06-29,92.0000,70.266479,5650,0,1,100.436681
2007-07-02,91.6200,70.286469,13050,0.406,1,100.465066
2007-07-03,91.6200,70.286469,3000,0,1,100.465066
2007-07-05,91.6200,70.286469,5450,0,1,100.465066
2007-07-06,91.6600,70.317162,3800,0,1,100.508927
2007-07-09,91.6800,70.332527,3950,0,1,100.530858
2007-07-10,91.7000,70.347824,5250,0,1,100.552789
2007-07-11,91.7000,70.347824,9100,0,1,100.552789
2007-07-12,91.7200,70.363190,14700,0,1,100.574720
2007-07-13,91.7400,70.378502,13050,0,1,100.596650
2007-07-16,91.7600,70.393906,16150,0,1,100.618581
2007-07-17,91.8000,70.424561,46500,0,1,100.662443
2007-07-18,91.7800,70.409203,5450,0,1,100.640512
2007-07-19,91.8000,70.424561,13900,0,1,100.662443
2007-07-20,91.8400,70.455215,8000,0,1,100.706304
2007-07-23,91.8400,70.455215,6950,0,1,100.706304
2007-07-24,91.8400,70.455215,9350,0,1,100.706304
2007-07-25,91.8600,70.470551,9800,0,1,100.728235
2007-07-26,91.8800,70.485870,41050,0,1,100.750166
2007-07-27,91.9200,70.516640,153800,0,1,100.794028
2007-07-30,91.8400,70.455215,10300,0,1,100.706304
2007-07-31,91.9600,70.547310,54000,0,1,100.837889
2007-08-01,91.5600,70.524185,18650,0.37,1,100.804993
2007-08-02,91.5800,70.539551,49750,0,1,100.827013
2007-08-03,91.5400,70.508759,26200,0,1,100.782974
2007-08-06,91.6400,70.585777,22300,0,1,100.893071
2007-08-07,91.6600,70.601234,13950,0,1,100.915090
2007-08-08,91.6200,70.570419,19750,0,1,100.871051
2007-08-09,91.7000,70.632004,103150,0,1,100.959129
2007-08-10,91.7600,70.678268,112100,0,1,101.025188
2007-08-13,91.7800,70.693626,71800,0,1,101.047207
2007-08-14,91.7600,70.678268,130650,0,1,101.025188
2007-08-15,91.7800,70.693626,40400,0,1,101.047207
2007-08-16,91.9000,70.786079,122850,0,1,101.179324
2007-08-17,91.9600,70.832291,84750,0,1,101.245382
2007-08-20,92.0400,70.893913,19750,0,1,101.333460
2007-08-21,92.0200,70.878487,157700,0,1,101.311440
2007-08-22,92.0200,70.878487,30000,0,1,101.311440
2007-08-23,91.9600,70.832291,40250,0,1,101.245382
2007-08-24,91.9400,70.816849,14050,0,1,101.223362
2007-08-27,91.8200,70.724449,36050,0,1,101.091246
2007-08-28,91.9200,70.801498,29250,0,1,101.201343
2007-08-29,91.9800,70.847717,10550,0,1,101.267401
2007-08-30,92.0000,70.863075,31650,0,1,101.289421
2007-08-31,91.9800,70.847717,9650,0,1,101.267401
2007-09-04,91.6400,70.858467,10900,0.354,1,101.282815
2007-09-05,91.6600,70.873978,21400,0,1,101.304919
2007-09-06,91.6600,70.873978,14500,0,1,101.304919
2007-09-07,91.7200,70.920410,16150,0,1,101.371233
2007-09-10,91.7400,70.935814,35100,0,1,101.393337
2007-09-11,91.6400,70.858467,10300,0,1,101.282815
2007-09-12,91.7800,70.966743,3450,0,1,101.437546
2007-09-13,91.7600,70.951347,25300,0,1,101.415442
2007-09-14,91.8200,70.997681,32650,0,1,101.481755
2007-09-17,91.8600,71.028603,17350,0,1,101.525964
2007-09-18,91.8000,70.982216,232950,0,1,101.459651
2007-09-19,91.8400,71.013123,66750,0,1,101.503860
2007-09-20,91.7800,70.966743,22250,0,1,101.437546
2007-09-21,91.8200,70.997681,23450,0,1,101.481755
2007-09-24,91.9000,71.059547,57850,0,1,101.570173
2007-09-25,91.9200,71.075027,59000,0,1,101.592278
2007-09-26,91.8200,70.997681,21250,0,1,101.481755
2007-09-27,91.8400,71.013123,30100,0,1,101.503860
2007-09-28,91.8000,70.982216,122600,0,1,101.459651
2007-10-01,91.5800,71.059799,21900,0.32,1,101.570173
2007-10-02,91.5200,71.013275,78200,0,1,101.503628
2007-10-03,91.5400,71.028778,131200,0,1,101.525810
2007-10-04,91.6400,71.106346,4700,0,1,101.636719
2007-10-05,91.5400,71.028778,22200,0,1,101.525810
2007-10-08,91.6800,71.137421,8300,0,1,101.681082
2007-10-09,91.6200,71.090881,364450,0,1,101.614537
2007-10-10,91.7000,71.152916,21400,0,1,101.703264
2007-10-11,91.6800,71.137421,10200,0,1,101.681082
2007-10-12,91.7000,71.152916,14250,0,1,101.703264
2007-10-15,91.6600,71.121918,32450,0,1,101.658900
2007-10-16,91.7200,71.168480,14350,0,1,101.725446
2007-10-17,91.7600,71.199554,59350,0,1,101.769809
2007-10-18,91.7600,71.199554,12400,0,1,101.769809
2007-10-19,91.8400,71.261536,100550,0,1,101.858536
2007-10-22,91.8000,71.230515,185050,0,1,101.814173
2007-10-23,91.8000,71.230515,12800,0,1,101.814173
2007-10-24,91.8400,71.261536,27500,0,1,101.858536
2007-10-25,91.8200,71.246033,12100,0,1,101.836354
2007-10-26,91.7800,71.214996,15900,0,1,101.791991
2007-10-29,91.8600,71.277061,7600,0,1,101.880718
2007-10-30,91.8200,71.246033,5250,0,1,101.836354
2007-10-31,91.8400,71.261536,13200,0,1,101.858536
2007-11-01,91.6000,71.309837,32750,0.302,1,101.927299
2007-11-02,91.6600,71.356590,8750,0,1,101.994064
2007-11-05,91.6600,71.356590,16800,0,1,101.994064
2007-11-06,91.6600,71.356590,16800,0,1,101.994064
2007-11-07,91.7200,71.403282,218850,0,1,102.060829
2007-11-08,91.6600,71.356590,147400,0,1,101.994064
2007-11-09,91.7400,71.418831,9400,0,1,102.083084
2007-11-12,91.7800,71.449951,72400,0,1,102.127593
2007-11-13,91.7600,71.434448,31400,0,1,102.105338
2007-11-14,91.7200,71.403282,100950,0,1,102.060829
2007-11-15,91.7800,71.449951,230900,0,1,102.127593
2007-11-16,91.7800,71.449951,24450,0,1,102.127593
2007-11-19,91.8200,71.481102,59150,0,1,102.172103
2007-11-20,91.8400,71.496651,40950,0,1,102.194358
2007-11-21,91.8800,71.527786,33550,0,1,102.238868
2007-11-23,91.9000,71.543343,7650,0,1,102.261122
2007-11-26,91.8400,71.496651,24350,0,1,102.194358
2007-11-27,91.9200,71.558960,21100,0,1,102.283377
2007-11-28,91.9400,71.574509,52700,0,1,102.305632
2007-11-29,91.8800,71.527786,36550,0,1,102.238868
2007-11-30,91.9000,71.543343,274300,0,1,102.261122
2007-12-03,91.6000,71.526207,120050,0.278,1,102.236642
2007-12-04,91.6200,71.541840,90750,0,1,102.258965
2007-12-05,91.6200,71.541840,27900,0,1,102.258965
2007-12-06,91.6400,71.557434,288200,0,1,102.281287
2007-12-07,91.7200,71.619942,43900,0,1,102.370577
2007-12-10,91.6600,71.573097,206050,0,1,102.303609
2007-12-11,91.7800,71.666748,41800,0,1,102.437544
2007-12-12,91.7600,71.651192,24700,0,1,102.415221
2007-12-13,91.8000,71.682411,27300,0,1,102.459866
2007-12-14,91.7400,71.635536,33000,0,1,102.392899
2007-12-17,91.7800,71.666748,44750,0,1,102.437544
2007-12-18,91.7800,71.666748,26500,0,1,102.437544
2007-12-19,91.8200,71.697998,25800,0,1,102.482189
2007-12-20,91.8600,71.729210,14700,0,1,102.526833
2007-12-21,91.8600,71.729210,64050,0,1,102.526833
2007-12-24,91.8600,71.729210,2900,0,1,102.526833
2007-12-26,91.8200,71.697998,17750,0,1,102.482189
2007-12-27,91.8600,71.729210,7150,0,1,102.526833
2007-12-28,91.6000,71.727654,59700,0.258,1,102.524601
2007-12-31,91.5800,71.711960,31700,0,1,102.502216
2008-01-02,91.6600,71.774696,29450,0,1,102.591757
2008-01-03,91.6000,71.727654,30500,0,1,102.524601
2008-01-04,91.5800,71.711960,173200,0,1,102.502216
2008-01-07,91.6600,71.774696,30300,0,1,102.591757
2008-01-08,91.6000,71.727654,18350,0,1,102.524601
2008-01-09,91.5400,71.680672,168500,0,1,102.457445
2008-01-10,91.5800,71.711960,12200,0,1,102.502216
2008-01-11,91.6200,71.743309,41650,0,1,102.546986
2008-01-14,91.7000,71.805954,51900,0,1,102.636528
2008-01-15,91.6800,71.790306,26800,0,1,102.614142
2008-01-16,91.6800,71.790306,254500,0,1,102.614142
2008-01-17,91.6400,71.758949,380400,0,1,102.569372
2008-01-18,91.7000,71.805954,71450,0,1,102.636528
2008-01-22,91.7400,71.837280,116400,0,1,102.681298
2008-01-23,91.8400,71.915573,89150,0,1,102.793225
2008-01-24,91.8800,71.946907,47750,0,1,102.837995
2008-01-25,91.7800,71.868599,32700,0,1,102.726069
2008-01-28,91.8200,71.899933,26100,0,1,102.770839
2008-01-29,91.9000,71.962547,66650,0,1,102.860380
2008-01-30,91.9400,71.993889,60100,0,1,102.905151
2008-01-31,91.9400,71.993889,26150,0,1,102.905151
2008-02-01,91.7000,71.986053,35500,0.23,1,102.893958
2008-02-04,91.7200,72.001740,50300,0,1,102.916400
2008-02-05,91.6600,71.954636,38750,0,1,102.849076
2008-02-06,91.7400,72.017448,18100,0,1,102.938841
2008-02-07,91.7200,72.001740,30350,0,1,102.916400
2008-02-08,91.7200,72.001740,14250,0,1,102.916400
2008-02-11,91.7400,72.017448,26350,0,1,102.938841
2008-02-12,91.7200,72.001740,13550,0,1,102.916400
2008-02-13,91.7400,72.017448,46700,0,1,102.938841
2008-02-14,91.7600,72.033188,51200,0,1,102.961283
2008-02-15,91.7600,72.033188,23300,0,1,102.961283
2008-02-19,91.7600,72.033188,17800,0,1,102.961283
2008-02-20,91.7200,72.001740,17450,0,1,102.916400
2008-02-21,91.8000,72.064537,39200,0,1,103.006166
2008-02-22,91.8000,72.064537,90750,0,1,103.006166
2008-02-25,91.7600,72.033188,14850,0,1,102.961283
2008-02-26,91.8200,72.080238,42400,0,1,103.028607
2008-02-27,91.8400,72.095955,84550,0,1,103.051048
2008-02-28,91.8400,72.095955,20700,0,1,103.051048
2008-02-29,91.8600,72.111610,17300,0,1,103.073490
2008-03-03,91.7200,72.138390,31550,0.174,1,103.111640
2008-03-04,91.7200,72.138390,73450,0,1,103.111640
2008-03-05,91.7000,72.122650,253850,0,1,103.089156
2008-03-06,91.7400,72.154137,41600,0,1,103.134124
2008-03-07,91.7400,72.154137,50300,0,1,103.134124
2008-03-10,91.7400,72.154137,22300,0,1,103.134124
2008-03-11,91.7400,72.154137,42200,0,1,103.134124
2008-03-12,91.7600,72.169884,13350,0,1,103.156608
2008-03-13,91.7400,72.154137,41300,0,1,103.134124
2008-03-14,91.8600,72.248489,82350,0,1,103.269028
2008-03-17,91.8400,72.232796,136100,0,1,103.246544
2008-03-18,91.9400,72.311394,47400,0,1,103.358964
2008-03-19,91.9600,72.327187,31850,0,1,103.381448
2008-03-20,91.9400,72.311394,46750,0,1,103.358964
2008-03-24,91.8600,72.248489,38750,0,1,103.269028
2008-03-25,91.8000,72.201294,39200,0,1,103.201576
2008-03-26,91.8600,72.248489,9800,0,1,103.269028
2008-03-27,91.8800,72.264221,8300,0,1,103.291512
2008-03-28,91.8000,72.201294,33900,0,1,103.201576
2008-03-31,91.9000,72.279968,64950,0,1,103.313996
2008-04-01,91.7000,72.232719,83350,0.14,1,103.246544
2008-04-02,91.7000,72.232719,65900,0,1,103.246544
2008-04-03,91.7000,72.232719,23600,0,1,103.246544
2008-04-04,91.7400,72.264183,44300,0,1,103.291581
2008-04-07,91.7000,72.232719,46450,0,1,103.246544
2008-04-08,91.7600,72.279991,24500,0,1,103.314099
2008-04-09,91.7600,72.279991,33900,0,1,103.314099
2008-04-10,91.7600,72.279991,18750,0,1,103.314099
2008-04-11,91.7600,72.279991,39350,0,1,103.314099
2008-04-14,91.8000,72.311440,16050,0,1,103.359136
2008-04-15,91.8000,72.311440,60700,0,1,103.359136
2008-04-16,91.7400,72.264183,19550,0,1,103.291581
2008-04-17,91.7400,72.264183,31800,0,1,103.291581
2008-04-18,91.6800,72.216942,31800,0,1,103.224026
2008-04-21,91.7200,72.248451,26050,0,1,103.269063
2008-04-22,91.7400,72.264183,35850,0,1,103.291581
2008-04-23,91.7400,72.264183,23800,0,1,103.291581
2008-04-24,91.7600,72.279991,9800,0,1,103.314099
2008-04-25,91.7600,72.279991,39700,0,1,103.314099
2008-04-28,91.7000,72.232719,35900,0,1,103.246544
2008-04-29,91.8000,72.311440,21300,0,1,103.359136
2008-04-30,91.7000,72.232719,27000,0,1,103.246544
2008-05-01,91.6600,72.286308,20250,0.108,1,103.323107
2008-05-02,91.6000,72.238991,29150,0,1,103.255472
2008-05-05,91.6200,72.254768,15500,0,1,103.278017
2008-05-06,91.5800,72.223206,104000,0,1,103.232927
2008-05-07,91.6400,72.270523,26400,0,1,103.300562
2008-05-08,91.6000,72.238991,78950,0,1,103.255472
2008-05-09,91.6400,72.270523,38050,0,1,103.300562
2008-05-12,91.6400,72.270523,25350,0,1,103.300562
2008-05-13,91.6000,72.238991,21300,0,1,103.255472
2008-05-14,91.6000,72.238991,64200,0,1,103.255472
2008-05-15,91.6000,72.238991,18350,0,1,103.255472
2008-05-16,91.6200,72.254768,40400,0,1,103.278017
2008-05-19,91.6200,72.254768,22950,0,1,103.278017
2008-05-20,91.5800,72.223206,11750,0,1,103.232927
2008-05-21,91.5800,72.223206,48400,0,1,103.232927
2008-05-22,91.6400,72.270523,13200,0,1,103.300562
2008-05-23,91.6400,72.270523,16600,0,1,103.300562
2008-05-27,91.6400,72.270523,27250,0,1,103.300562
2008-05-28,91.6800,72.302063,39200,0,1,103.345651
2008-05-29,91.6400,72.270523,53500,0,1,103.300562
2008-05-30,91.6800,72.302063,9400,0,1,103.345651
2008-06-02,91.6600,72.360504,42000,0.094,1,103.429067
2008-06-03,91.6600,72.360504,14850,0,1,103.429067
2008-06-04,91.6400,72.344719,21100,0,1,103.406499
2008-06-05,91.5800,72.297363,27800,0,1,103.338796
2008-06-06,91.6000,72.313148,40350,0,1,103.361364
2008-06-09,91.6400,72.344719,43850,0,1,103.406499
2008-06-10,91.7000,72.392120,151300,0,1,103.474203
2008-06-11,91.7600,72.439461,183700,0,1,103.541907
2008-06-12,91.7000,72.392120,26150,0,1,103.474203
2008-06-13,91.7600,72.439461,12750,0,1,103.541907
2008-06-16,91.7600,72.439461,186350,0,1,103.541907
2008-06-17,91.7400,72.423676,21650,0,1,103.519339
2008-06-18,91.7800,72.455261,76650,0,1,103.564475
2008-06-19,91.7600,72.439461,45800,0,1,103.541907
2008-06-20,91.8000,72.471039,81400,0,1,103.587043
2008-06-23,91.8000,72.471039,21000,0,1,103.587043
2008-06-24,91.8000,72.471039,56150,0,1,103.587043
2008-06-25,91.8200,72.486809,44450,0,1,103.609611
2008-06-26,91.8200,72.486809,99550,0,1,103.609611
2008-06-27,91.8600,72.518402,233150,0,1,103.654747
2008-06-30,91.8000,72.471039,40950,0,1,103.587043
2008-07-01,91.7200,72.496338,50700,0.112,1,103.623152
2008-07-02,91.7200,72.496338,41550,0,1,103.623152
2008-07-03,91.7200,72.496338,38300,0,1,103.623152
2008-07-07,91.7000,72.480545,87900,0,1,103.600557
2008-07-08,91.6600,72.448906,47700,0,1,103.555366
2008-07-09,91.6800,72.464714,40700,0,1,103.577961
2008-07-10,91.7600,72.527954,56400,0,1,103.668343
2008-07-11,91.8200,72.575356,54100,0,1,103.736130
2008-07-14,91.8200,72.575356,64400,0,1,103.736130
2008-07-15,91.8400,72.591209,98800,0,1,103.758725
2008-07-16,91.8600,72.606979,375100,0,1,103.781321
2008-07-17,91.7200,72.496338,134700,0,1,103.623152
2008-07-18,91.8400,72.591209,71950,0,1,103.758725
2008-07-21,91.7600,72.527954,43200,0,1,103.668343
2008-07-22,91.8000,72.559563,76300,0,1,103.713534
2008-07-23,91.8400,72.591209,223150,0,1,103.758725
2008-07-24,91.8200,72.575356,44500,0,1,103.736130
2008-07-25,91.8400,72.591209,56100,0,1,103.758725
2008-07-28,91.8400,72.591209,57100,0,1,103.758725
2008-07-29,91.8400,72.591209,70550,0,1,103.758725
2008-07-30,91.8600,72.606979,36750,0,1,103.781321
2008-07-31,91.8600,72.606979,48650,0,1,103.781321
2008-08-01,91.7000,72.584824,44100,0.132,1,103.749687
2008-08-04,91.7200,72.600655,190500,0,1,103.772315
2008-08-05,91.7400,72.616478,86900,0,1,103.794943
2008-08-06,91.7000,72.584824,75400,0,1,103.749687
2008-08-07,91.7600,72.632317,41350,0,1,103.817571
2008-08-08,91.7400,72.616478,68350,0,1,103.794943
2008-08-11,91.7600,72.632317,170300,0,1,103.817571
2008-08-12,91.7000,72.584824,68100,0,1,103.749687
2008-08-13,91.7800,72.648163,70450,0,1,103.840199
2008-08-14,91.7600,72.632317,73000,0,1,103.817571
2008-08-15,91.7800,72.648163,65450,0,1,103.840199
2008-08-18,91.7200,72.600655,77450,0,1,103.772315
2008-08-19,91.8000,72.663963,34100,0,1,103.862827
2008-08-20,91.8000,72.663963,60750,0,1,103.862827
2008-08-21,91.8200,72.679802,28300,0,1,103.885456
2008-08-22,91.8400,72.695641,38950,0,1,103.908084
2008-08-25,91.8200,72.679802,59950,0,1,103.885456
2008-08-26,91.8400,72.695641,143600,0,1,103.908084
2008-08-27,91.8400,72.695641,50300,0,1,103.908084
2008-08-28,91.8400,72.695641,51950,0,1,103.908084
2008-08-29,91.8000,72.663963,46150,0,1,103.862827
2008-09-02,91.7400,72.716293,603900,0.126,1,103.937500
2008-09-03,91.7400,72.716293,49900,0,1,103.937500
2008-09-04,91.7400,72.716293,55350,0,1,103.937500
2008-09-05,91.7600,72.732162,83600,0,1,103.960159
2008-09-08,91.7600,72.732162,31000,0,1,103.960159
2008-09-09,91.7400,72.716293,61950,0,1,103.937500
2008-09-10,91.7800,72.747971,68600,0,1,103.982818
2008-09-11,91.7600,72.732162,112750,0,1,103.960159
2008-09-12,91.8000,72.763840,96400,0,1,104.005478
2008-09-15,91.9000,72.843117,195200,0,1,104.118773
2008-09-16,91.9400,72.874855,424750,0,1,104.164092
2008-09-17,92.3400,73.191849,451300,0,1,104.617274
2008-09-18,92.0800,72.985748,916150,0,1,104.322706
2008-09-19,91.7600,72.732162,813150,0,1,103.960159
2008-09-22,91.8000,72.763840,760150,0,1,104.005478
2008-09-23,92.1000,73.001663,238050,0,1,104.345365
2008-09-24,91.8200,72.779686,89300,0,1,104.028137
2008-09-25,91.9200,72.858978,132050,0,1,104.141432
2008-09-26,92.0800,72.985748,185700,0,1,104.322706
2008-09-29,92.4800,73.302811,388850,0,1,104.775888
2008-09-30,92.1400,73.033325,140850,0,1,104.390683
2008-10-01,92.0000,73.022224,265950,0.126,1,104.374822
2008-10-02,91.9600,72.990471,193650,0,1,104.329441
2008-10-03,91.9600,72.990471,201500,0,1,104.329441
2008-10-06,91.9400,72.974640,324050,0,1,104.306751
2008-10-07,91.9200,72.958725,146850,0,1,104.284061
2008-10-08,91.8400,72.895256,222150,0,1,104.193300
2008-10-09,91.9800,73.006355,177800,0,1,104.352131
2008-10-10,92.0600,73.069862,351150,0,1,104.442892
2008-10-13,91.7000,72.784111,204600,0,1,104.034469
2008-10-14,91.8600,72.911102,195150,0,1,104.215990
2008-10-15,91.8800,72.926994,204950,0,1,104.238681
2008-10-16,91.8400,72.895256,200950,0,1,104.193300
2008-10-17,91.6400,72.736481,157650,0,1,103.966398
2008-10-20,91.8600,72.911102,145050,0,1,104.215990
2008-10-21,91.8600,72.911102,98050,0,1,104.215990
2008-10-22,91.7400,72.815872,180900,0,1,104.079849
2008-10-23,91.8600,72.911102,151700,0,1,104.215990
2008-10-24,91.7600,72.831734,168150,0,1,104.102539
2008-10-27,91.9000,72.942886,149750,0,1,104.261371
2008-10-28,91.8800,72.926994,186750,0,1,104.238681
2008-10-29,91.7800,72.847580,144300,0,1,104.125230
2008-10-30,91.9000,72.942886,110550,0,1,104.261371
2008-10-31,91.8000,72.863472,175250,0,1,104.147920
2008-11-03,91.6800,72.842842,158550,0.094,1,104.118423
2008-11-04,91.7200,72.874603,96450,0,1,104.163849
2008-11-05,91.7600,72.906380,133750,0,1,104.209276
2008-11-06,91.9000,73.017670,118100,0,1,104.368270
2008-11-07,91.9000,73.017670,83900,0,1,104.368270
2008-11-10,91.8800,73.001755,60950,0,1,104.345557
2008-11-11,91.8800,73.001755,88400,0,1,104.345557
2008-11-12,91.9000,73.017670,109050,0,1,104.368270
2008-11-13,91.9000,73.017670,132450,0,1,104.368270
2008-11-14,91.9000,73.017670,132200,0,1,104.368270
2008-11-17,91.9400,73.049438,170900,0,1,104.413697
2008-11-18,91.8400,72.969963,260650,0,1,104.300130
2008-11-19,91.8200,72.954041,81200,0,1,104.277417
2008-11-20,91.8800,73.001755,226150,0,1,104.345557
2008-11-21,91.8600,72.985832,233750,0,1,104.322844
2008-11-24,91.8800,73.001755,253450,0,1,104.345557
2008-11-25,91.9000,73.017670,68400,0,1,104.368270
2008-11-26,91.9400,73.049438,118100,0,1,104.413697
2008-11-28,91.6600,72.826935,39700,0,1,104.095709
2008-12-01,91.8600,73.027267,145000,0.052,1,104.381899
2008-12-02,91.9400,73.090897,114650,0,1,104.472804
2008-12-03,91.8000,72.979576,92050,0,1,104.313720
2008-12-04,91.7600,72.947807,106250,0,1,104.268267
2008-12-05,91.7600,72.947807,147500,0,1,104.268267
2008-12-08,91.7800,72.963692,190000,0,1,104.290993
2008-12-09,91.7400,72.931870,241200,0,1,104.245541
2008-12-10,91.8000,72.979576,281850,0,1,104.313720
2008-12-11,91.7000,72.900093,158000,0,1,104.200088
2008-12-12,91.7400,72.931870,171400,0,1,104.245541
2008-12-15,91.7200,72.915970,120300,0,1,104.222814
2008-12-16,91.7800,72.963692,176200,0,1,104.290993
2008-12-17,91.7200,72.915970,156850,0,1,104.222814
2008-12-18,91.6600,72.868279,774150,0,1,104.154636
2008-12-19,91.7200,72.915970,202500,0,1,104.222814
2008-12-22,91.8400,73.011406,116100,0,1,104.359172
2008-12-23,91.7400,72.931870,155600,0,1,104.245541
2008-12-24,91.8400,73.011406,68100,0,1,104.359172
2008-12-26,91.8400,73.011406,70500,0,1,104.359172
2008-12-29,91.4600,72.753624,87100,0.056,1,103.991006
2008-12-30,91.7800,73.008217,125200,0,1,104.354850
2008-12-31,91.5800,72.849091,163600,0,1,104.127447
2009-01-02,91.6000,72.864998,110100,0,1,104.150188
2009-01-05,91.6000,72.864998,196850,0,1,104.150188
2009-01-06,91.6200,72.880913,94200,0,1,104.172928
2009-01-07,91.7600,72.992317,214050,0,1,104.332109
2009-01-08,91.6600,72.912735,64900,0,1,104.218408
2009-01-09,91.7200,72.960457,87900,0,1,104.286629
2009-01-12,91.6800,72.928642,178700,0,1,104.241149
2009-01-13,91.8000,73.024139,1438550,0,1,104.377590
2009-01-14,91.8200,73.040016,4573650,0,1,104.400330
2009-01-15,91.8400,73.055931,207800,0,1,104.423070
2009-01-16,91.7800,73.008217,116500,0,1,104.354850
2009-01-20,91.6200,72.880913,1157900,0,1,104.172928
2009-01-21,91.7800,73.008217,133400,0,1,104.354850
2009-01-22,91.8000,73.024139,116900,0,1,104.377590
2009-01-23,91.7800,73.008217,94600,0,1,104.354850
2009-01-26,91.7600,72.992317,98500,0,1,104.332109
2009-01-27,91.7200,72.960457,105150,0,1,104.286629
2009-01-28,91.6800,72.928642,67450,0,1,104.241149
2009-01-29,91.6800,72.928642,226450,0,1,104.241149
2009-01-30,91.7600,72.992317,141800,0,1,104.332109
2009-02-02,91.8000,73.036865,513900,0.016,1,104.395782
2009-02-03,91.7200,72.973175,121850,0,1,104.304805
2009-02-04,91.7800,73.020935,67700,0,1,104.373038
2009-02-05,91.7400,72.989113,121950,0,1,104.327549
2009-02-06,91.6000,72.877701,1654150,0,1,104.168340
2009-02-09,91.7200,72.973175,164200,0,1,104.304805
2009-02-10,91.7000,72.957283,198100,0,1,104.282061
2009-02-11,91.6800,72.941368,147750,0,1,104.259317
2009-02-12,91.6800,72.941368,161100,0,1,104.259317
2009-02-13,91.7600,73.005035,1087600,0,1,104.350294
2009-02-17,91.7600,73.005035,2976300,0,1,104.350294
2009-02-18,91.7800,73.020935,666500,0,1,104.373038
2009-02-19,91.7800,73.020935,641800,0,1,104.373038
2009-02-20,91.7800,73.020935,227400,0,1,104.373038
2009-02-23,91.7600,73.005035,342350,0,1,104.350294
2009-02-24,91.7000,72.957283,3389950,0,1,104.282061
2009-02-25,91.6600,72.925446,1315150,0,1,104.236573
2009-02-26,91.6800,72.941368,201300,0,1,104.259317
2009-02-27,91.7400,72.989113,142750,0,1,104.327549
2009-03-02,91.7800,73.032066,325450,0.014,1,104.388959
2009-03-03,91.7600,73.016182,397650,0,1,104.366211
2009-03-04,91.7600,73.016182,140900,0,1,104.366211
2009-03-05,91.7800,73.032066,246000,0,1,104.388959
2009-03-06,91.7600,73.016182,278150,0,1,104.366211
2009-03-09,91.7600,73.016182,258650,0,1,104.366211
2009-03-10,91.7600,73.016182,136850,0,1,104.366211
2009-03-11,91.7600,73.016182,281650,0,1,104.366211
2009-03-12,91.7200,72.984322,160550,0,1,104.320716
2009-03-13,91.7000,72.968414,299750,0,1,104.297968
2009-03-16,91.6800,72.952515,258800,0,1,104.275221
2009-03-17,91.7400,73.000244,141750,0,1,104.343463
2009-03-18,91.7600,73.016182,421100,0,1,104.366211
2009-03-19,91.7000,72.968414,395000,0,1,104.297968
2009-03-20,91.7400,73.000244,198550,0,1,104.343463
2009-03-23,91.7600,73.016182,165300,0,1,104.366211
2009-03-24,91.7400,73.000244,133750,0,1,104.343463
2009-03-25,91.7800,73.032066,165200,0,1,104.388959
2009-03-26,91.7600,73.016182,464750,0,1,104.366211
2009-03-27,91.7800,73.032066,191750,0,1,104.388959
2009-03-30,91.7600,73.016182,173650,0,1,104.366211
2009-03-31,91.7200,72.984322,160650,0,1,104.320716
2009-04-01,91.7200,72.997047,218500,0.016,1,104.338914
2009-04-02,91.6600,72.949318,1172500,0,1,104.270659
2009-04-03,91.7200,72.997047,274350,0,1,104.338914
2009-04-06,91.7000,72.981171,242350,0,1,104.316162
2009-04-07,91.7000,72.981171,153000,0,1,104.316162
2009-04-08,91.7400,73.012993,150150,0,1,104.361666
2009-04-09,91.6800,72.965233,542500,0,1,104.293411
2009-04-13,91.7400,73.012993,243500,0,1,104.361666
2009-04-14,91.7000,72.981171,125600,0,1,104.316162
2009-04-15,91.7000,72.981171,158950,0,1,104.316162
2009-04-16,91.7600,73.028923,176000,0,1,104.384417
2009-04-17,91.6600,72.949318,467950,0,1,104.270659
2009-04-20,91.7000,72.981171,115500,0,1,104.316162
2009-04-21,91.6800,72.965233,118850,0,1,104.293411
2009-04-22,91.7400,73.012993,95150,0,1,104.361666
2009-04-23,91.7800,73.044815,182200,0,1,104.407169
2009-04-24,91.7800,73.044815,98800,0,1,104.407169
2009-04-27,91.7600,73.028923,151000,0,1,104.384417
2009-04-28,91.7800,73.044815,300600,0,1,104.407169
2009-04-29,91.7600,73.028923,143450,0,1,104.384417
2009-04-30,91.7600,73.028923,183900,0,1,104.384417
2009-05-01,91.7800,73.052780,62300,0.01,1,104.418545
2009-05-04,91.6600,72.957268,151350,0,1,104.282020
2009-05-05,91.6800,72.973175,199150,0,1,104.304774
2009-05-06,91.6600,72.957268,97050,0,1,104.282020
2009-05-07,91.6600,72.957268,133800,0,1,104.282020
2009-05-08,91.6800,72.973175,187700,0,1,104.304774
2009-05-11,91.6600,72.957268,220050,0,1,104.282020
2009-05-12,91.7400,73.020943,152400,0,1,104.373036
2009-05-13,91.6800,72.973175,100350,0,1,104.304774
2009-05-14,91.7000,72.989151,232850,0,1,104.327528
2009-05-15,91.7000,72.989151,107200,0,1,104.327528
2009-05-18,91.7600,73.036888,342350,0,1,104.395790
2009-05-19,91.7400,73.020943,122100,0,1,104.373036
2009-05-20,91.6600,72.957268,484850,0,1,104.282020
2009-05-21,91.7200,73.005005,293850,0,1,104.350282
2009-05-22,91.7400,73.020943,231500,0,1,104.373036
2009-05-26,91.7600,73.036888,113700,0,1,104.395790
2009-05-27,91.7600,73.036888,175100,0,1,104.395790
2009-05-28,91.7400,73.020943,85350,0,1,104.373036
2009-05-29,91.7600,73.036888,105750,0,1,104.395790
2009-06-01,91.6800,72.979538,348100,0.008,1,104.313876
2009-06-02,91.6800,72.979538,912000,0,1,104.313876
2009-06-03,91.7200,73.011406,76500,0,1,104.359388
2009-06-04,91.7200,73.011406,134000,0,1,104.359388
2009-06-05,91.7000,72.995461,271900,0,1,104.336632
2009-06-08,91.7200,73.011406,132200,0,1,104.359388
2009-06-09,91.7000,72.995461,101650,0,1,104.336632
2009-06-10,91.7200,73.011406,124200,0,1,104.359388
2009-06-11,91.6600,72.963638,98050,0,1,104.291120
2009-06-12,91.7400,73.027283,216350,0,1,104.382144
2009-06-15,91.7400,73.027283,116850,0,1,104.382144
2009-06-16,91.7600,73.043251,711450,0,1,104.404900
2009-06-17,91.7600,73.043251,153400,0,1,104.404900
2009-06-18,91.7400,73.027283,330100,0,1,104.382144
2009-06-19,91.7600,73.043251,232600,0,1,104.404900
2009-06-22,91.7600,73.043251,214900,0,1,104.404900
2009-06-23,91.7600,73.043251,242400,0,1,104.404900
2009-06-24,91.7600,73.043251,173300,0,1,104.404900
2009-06-25,91.7600,73.043251,322950,0,1,104.404900
2009-06-26,91.7600,73.043251,127350,0,1,104.404900
2009-06-29,91.7600,73.043251,136600,0,1,104.404900
2009-06-30,91.7400,73.027283,189550,0,1,104.382144
2009-07-01,91.7400,73.028885,94400,0.002,1,104.384420
2009-07-02,91.7600,73.044838,100100,0,1,104.407176
2009-07-06,91.7400,73.028885,113200,0,1,104.384420
2009-07-07,91.7400,73.028885,146100,0,1,104.384420
2009-07-08,91.7600,73.044838,170500,0,1,104.407176
2009-07-09,91.7400,73.028885,113000,0,1,104.384420
2009-07-10,91.7400,73.028885,246100,0,1,104.384420
2009-07-13,91.7600,73.044838,430750,0,1,104.407176
2009-07-14,91.7600,73.044838,143300,0,1,104.407176
2009-07-15,91.7200,73.013000,149050,0,1,104.361663
2009-07-16,91.7600,73.044838,204950,0,1,104.407176
2009-07-17,91.7600,73.044838,122750,0,1,104.407176
2009-07-20,91.7200,73.013000,269600,0,1,104.361663
2009-07-21,91.7200,73.013000,509850,0,1,104.361663
2009-07-22,91.7400,73.028885,266750,0,1,104.384420
2009-07-23,91.7200,73.013000,461600,0,1,104.361663
2009-07-24,91.7000,72.997047,815800,0,1,104.338906
2009-07-27,91.7000,72.997047,158600,0,1,104.338906
2009-07-28,91.7200,73.013000,243500,0,1,104.361663
2009-07-29,91.7200,73.013000,133950,0,1,104.361663
2009-07-30,91.7400,73.028885,220100,0,1,104.384420
2009-07-31,91.6800,72.981148,102950,0,1,104.316150
2009-08-03,91.7000,73.000244,438050,0.004,1,104.343458
2009-08-04,91.7200,73.016197,239900,0,1,104.366215
2009-08-05,91.7000,73.000244,188900,0,1,104.343458
2009-08-06,91.7000,73.000244,85550,0,1,104.343458
2009-08-07,91.7000,73.000244,147250,0,1,104.343458
2009-08-10,91.7000,73.000244,134500,0,1,104.343458
2009-08-11,91.7000,73.000244,88950,0,1,104.343458
2009-08-12,91.7400,73.032059,188500,0,1,104.388973
2009-08-13,91.7000,73.000244,149000,0,1,104.343458
2009-08-14,91.7400,73.032059,129500,0,1,104.388973
2009-08-17,91.7000,73.000244,115200,0,1,104.343458
2009-08-18,91.7400,73.032059,73450,0,1,104.388973
2009-08-19,91.7000,73.000244,67050,0,1,104.343458
2009-08-20,91.7200,73.016197,143100,0,1,104.366215
2009-08-21,91.7000,73.000244,176100,0,1,104.343458
2009-08-24,91.7000,73.000244,202300,0,1,104.343458
2009-08-25,91.7000,73.000244,398550,0,1,104.343458
2009-08-26,91.7200,73.016197,90100,0,1,104.366215
2009-08-27,91.7200,73.016197,118750,0,1,104.366215
2009-08-28,91.7400,73.032059,83550,0,1,104.388973
2009-08-31,91.7400,73.032059,153700,0,1,104.388973
2009-09-01,91.6800,72.987518,438500,0.004,1,104.325252
2009-09-02,91.7600,73.051201,334750,0,1,104.416286
2009-09-03,91.7600,73.051201,174700,0,1,104.416286
2009-09-04,91.7600,73.051201,78850,0,1,104.416286
2009-09-08,91.7600,73.051201,159000,0,1,104.416286
2009-09-09,91.7000,73.003441,119100,0,1,104.348010
2009-09-10,91.7200,73.019348,148450,0,1,104.370769
2009-09-11,91.7000,73.003441,211600,0,1,104.348010
2009-09-14,91.7000,73.003441,89550,0,1,104.348010
2009-09-15,91.7000,73.003441,167500,0,1,104.348010
2009-09-16,91.7000,73.003441,167900,0,1,104.348010
2009-09-17,91.7200,73.019348,196700,0,1,104.370769
2009-09-18,91.7000,73.003441,483250,0,1,104.348010
2009-09-21,91.7600,73.051201,101900,0,1,104.416286
2009-09-22,91.7000,73.003441,187200,0,1,104.348010
2009-09-23,91.7400,73.035271,129750,0,1,104.393527
2009-09-24,91.7000,73.003441,98950,0,1,104.348010
2009-09-25,91.7400,73.035271,80550,0,1,104.393527
2009-09-28,91.7600,73.051201,198050,0,1,104.416286
2009-09-29,91.7600,73.051201,95550,0,1,104.416286
2009-09-30,91.7600,73.051201,142500,0,1,104.416286
2009-10-01,91.7000,73.006615,591400,0.004,1,104.352562
2009-10-02,91.7000,73.006615,108800,0,1,104.352562
2009-10-05,91.7400,73.038452,133750,0,1,104.398081
2009-10-06,91.7000,73.006615,227700,0,1,104.352562
2009-10-07,91.7400,73.038452,106550,0,1,104.398081
2009-10-08,91.7000,73.006615,109950,0,1,104.352562
2009-10-09,91.7200,73.022537,228900,0,1,104.375322
2009-10-12,91.7200,73.022537,101850,0,1,104.375322
2009-10-13,91.7200,73.022537,80250,0,1,104.375322
2009-10-14,91.7000,73.006615,345450,0,1,104.352562
2009-10-15,91.7000,73.006615,122150,0,1,104.352562
2009-10-16,91.7400,73.038452,88950,0,1,104.398081
2009-10-19,91.7200,73.022537,100550,0,1,104.375322
2009-10-20,91.7000,73.006615,132850,0,1,104.352562
2009-10-21,91.7000,73.006615,83700,0,1,104.352562
2009-10-22,91.7000,73.006615,135300,0,1,104.352562
2009-10-23,91.7000,73.006615,161750,0,1,104.352562
2009-10-26,91.7000,73.006615,82950,0,1,104.352562
2009-10-27,91.7000,73.006615,111350,0,1,104.352562
2009-10-28,91.7000,73.006615,79600,0,1,104.352562
2009-10-29,91.7200,73.022537,210250,0,1,104.375322
2009-10-30,91.7600,73.054382,190950,0,1,104.420841
2009-11-02,91.7600,73.055984,245400,0.002,1,104.423117
2009-11-03,91.7600,73.055984,143450,0,1,104.423117
2009-11-04,91.7400,73.040039,638050,0,1,104.400357
2009-11-05,91.7400,73.040039,158650,0,1,104.400357
2009-11-06,91.7600,73.055984,78850,0,1,104.423117
2009-11-09,91.7600,73.055984,161150,0,1,104.423117
2009-11-10,91.7000,73.008194,162900,0,1,104.354836
2009-11-11,91.7000,73.008194,196250,0,1,104.354836
2009-11-12,91.7000,73.008194,95300,0,1,104.354836
2009-11-13,91.7000,73.008194,177350,0,1,104.354836
2009-11-16,91.7000,73.008194,199650,0,1,104.354836
2009-11-17,91.7000,73.008194,102100,0,1,104.354836
2009-11-18,91.7000,73.008194,110500,0,1,104.354836
2009-11-19,91.7000,73.008194,87400,0,1,104.354836
2009-11-20,91.7000,73.008194,205250,0,1,104.354836
2009-11-23,91.7000,73.008194,63200,0,1,104.354836
2009-11-24,91.7000,73.008194,197200,0,1,104.354836
2009-11-25,91.7000,73.008194,59350,0,1,104.354836
2009-11-27,91.7200,73.024109,14150,0,1,104.377596
2009-11-30,91.7200,73.024109,271800,0,1,104.377596
2009-12-01,91.7200,73.024109,124650,0,1,104.377596
2009-12-02,91.7000,73.008194,100950,0,1,104.354836
2009-12-03,91.7000,73.008194,80400,0,1,104.354836
2009-12-04,91.7400,73.040039,75150,0,1,104.400357
2009-12-07,91.7000,73.008194,98500,0,1,104.354836
2009-12-08,91.7000,73.008194,162700,0,1,104.354836
2009-12-09,91.7400,73.040039,181550,0,1,104.400357
2009-12-10,91.7000,73.008194,55600,0,1,104.354836
2009-12-11,91.7000,73.008194,131850,0,1,104.354836
2009-12-14,91.6800,72.992256,263450,0,1,104.332076
2009-12-15,91.6800,72.992256,145100,0,1,104.332076
2009-12-16,91.7000,73.008194,73000,0,1,104.354836
2009-12-17,91.7000,73.008194,197700,0,1,104.354836
2009-12-18,91.7000,73.008194,92400,0,1,104.354836
2009-12-21,91.7000,73.008194,95500,0,1,104.354836
2009-12-22,91.7000,73.008194,90650,0,1,104.354836
2009-12-23,91.7000,73.008194,179750,0,1,104.354836
2009-12-24,91.7200,73.024109,69100,0,1,104.377596
2009-12-28,91.7000,73.008194,102850,0,1,104.354836
2009-12-29,91.7000,73.014595,65050,0.008,1,104.363940
2009-12-30,91.7200,73.030502,99200,0,1,104.386703
2009-12-31,91.7400,73.046425,73700,0,1,104.409465
2010-01-04,91.7000,73.014595,192800,0,1,104.363940
2010-01-05,91.6800,72.998642,105600,0,1,104.341178
2010-01-06,91.6800,72.998642,450300,0,1,104.341178
2010-01-07,91.6800,72.998642,264350,0,1,104.341178
2010-01-08,91.6800,72.998642,116700,0,1,104.341178
2010-01-11,91.6800,72.998642,131100,0,1,104.341178
2010-01-12,91.6800,72.998642,142400,0,1,104.341178
2010-01-13,91.7200,73.030502,133300,0,1,104.386703
2010-01-14,91.7000,73.014595,53300,0,1,104.363940
2010-01-15,91.7000,73.014595,83700,0,1,104.363940
2010-01-19,91.7000,73.014595,61250,0,1,104.363940
2010-01-20,91.7000,73.014595,76500,0,1,104.363940
2010-01-21,91.7000,73.014595,188900,0,1,104.363940
2010-01-22,91.7000,73.014595,103850,0,1,104.363940
2010-01-25,91.7200,73.030502,132000,0,1,104.386703
2010-01-26,91.7200,73.030502,136000,0,1,104.386703
2010-01-27,91.7400,73.046425,406850,0,1,104.409465
2010-01-28,91.7200,73.030502,117500,0,1,104.386703
2010-01-29,91.7400,73.046425,190750,0,1,104.409465
2010-02-01,91.7200,73.030502,364350,0,1,104.386703
2010-02-02,91.7000,73.014595,170950,0,1,104.363940
2010-02-03,91.7400,73.046425,739400,0,1,104.409465
2010-02-04,91.7400,73.046425,155750,0,1,104.409465
2010-02-05,91.7400,73.046425,685400,0,1,104.409465
2010-02-08,91.7400,73.046425,215150,0,1,104.409465
2010-02-09,91.7400,73.046425,314850,0,1,104.409465
2010-02-10,91.7400,73.046425,233950,0,1,104.409465
2010-02-11,91.7400,73.046425,109900,0,1,104.409465
2010-02-12,91.7400,73.046425,144400,0,1,104.409465
2010-02-16,91.7400,73.046425,155950,0,1,104.409465
2010-02-17,91.6800,72.998642,338900,0,1,104.341178
2010-02-18,91.7200,73.030502,103800,0,1,104.386703
2010-02-19,91.6800,72.998642,287550,0,1,104.341178
2010-02-22,91.7200,73.030502,170250,0,1,104.386703
2010-02-23,91.6800,72.998642,86850,0,1,104.341178
2010-02-24,91.7200,73.030502,144950,0,1,104.386703
2010-02-25,91.7200,73.030502,67250,0,1,104.386703
2010-02-26,91.7200,73.030502,104250,0,1,104.386703
2010-03-01,91.6800,72.998642,265300,0,1,104.341178
2010-03-02,91.7000,73.014595,82950,0,1,104.363940
2010-03-03,91.6800,72.998642,278900,0,1,104.341178
2010-03-04,91.6800,72.998642,137250,0,1,104.341178
2010-03-05,91.6800,72.998642,285700,0,1,104.341178
2010-03-08,91.6800,72.998642,200650,0,1,104.341178
2010-03-09,91.6800,72.998642,824200,0,1,104.341178
2010-03-10,91.7000,73.014595,127200,0,1,104.363940
2010-03-11,91.6800,72.998642,151050,0,1,104.341178
2010-03-12,91.6800,72.998642,106100,0,1,104.341178
2010-03-15,91.6800,72.998642,143500,0,1,104.341178
2010-03-16,91.6800,72.998642,98650,0,1,104.341178
2010-03-17,91.6800,72.998642,228250,0,1,104.341178
2010-03-18,91.6800,72.998642,83400,0,1,104.341178
2010-03-19,91.6800,72.998642,107100,0,1,104.341178
2010-03-22,91.7000,73.014595,204750,0,1,104.363940
2010-03-23,91.7000,73.014595,148450,0,1,104.363940
2010-03-24,91.6800,72.998642,161800,0,1,104.341178
2010-03-25,91.7200,73.030502,283300,0,1,104.386703
2010-03-26,91.7200,73.030502,127150,0,1,104.386703
2010-03-29,91.6800,72.998642,173250,0,1,104.341178
2010-03-30,91.6800,72.998642,231300,0,1,104.341178
2010-03-31,91.7200,73.030502,248100,0,1,104.386703
2010-04-01,91.7200,73.030502,520800,0,1,104.386703
2010-04-05,91.6800,72.998642,464050,0,1,104.341178
2010-04-06,91.6800,72.998642,276000,0,1,104.341178
2010-04-07,91.6800,72.998642,725100,0,1,104.341178
2010-04-08,91.6800,72.998642,130250,0,1,104.341178
2010-04-09,91.6800,72.998642,195150,0,1,104.341178
2010-04-12,91.6800,72.998642,102300,0,1,104.341178
2010-04-13,91.6800,72.998642,96350,0,1,104.341178
2010-04-14,91.6800,72.998642,158500,0,1,104.341178
2010-04-15,91.6800,72.998642,116750,0,1,104.341178
2010-04-16,91.6800,72.998642,263250,0,1,104.341178
2010-04-19,91.7000,73.014595,100600,0,1,104.363940
2010-04-20,91.6800,72.998642,69150,0,1,104.341178
2010-04-21,91.6800,72.998642,120100,0,1,104.341178
2010-04-22,91.6800,72.998642,28350,0,1,104.341178
2010-04-23,91.6800,72.998642,103000,0,1,104.341178
2010-04-26,91.7000,73.014595,222300,0,1,104.363940
2010-04-27,91.6800,72.998642,579550,0,1,104.341178
2010-04-28,91.7000,73.014595,214950,0,1,104.363940
2010-04-29,91.7000,73.014595,76550,0,1,104.363940
2010-04-30,91.6800,72.998642,191450,0,1,104.341178
2010-05-03,91.7000,73.014595,228150,0,1,104.363940
2010-05-04,91.6800,72.998642,97750,0,1,104.341178
2010-05-05,91.7000,73.014595,287000,0,1,104.363940
2010-05-06,91.7200,73.030502,212450,0,1,104.386703
2010-05-07,91.7200,73.030502,353300,0,1,104.386703
2010-05-10,91.7200,73.030502,219550,0,1,104.386703
2010-05-11,91.7200,73.030502,176250,0,1,104.386703
2010-05-12,91.7200,73.030502,209450,0,1,104.386703
2010-05-13,91.7000,73.014595,1255850,0,1,104.363940
2010-05-14,91.7200,73.030502,189050,0,1,104.386703
2010-05-17,91.7200,73.030502,140300,0,1,104.386703
2010-05-18,91.7000,73.014595,187700,0,1,104.363940
2010-05-19,91.7200,73.030502,354800,0,1,104.386703
2010-05-20,91.7200,73.030502,442650,0,1,104.386703
2010-05-21,91.7200,73.030502,463150,0,1,104.386703
2010-05-24,91.7200,73.030502,168600,0,1,104.386703
2010-05-25,91.7200,73.030502,343900,0,1,104.386703
2010-05-26,91.7400,73.046425,662100,0,1,104.409465
2010-05-27,91.7000,73.014595,518600,0,1,104.363940
2010-05-28,91.7200,73.030502,280750,0,1,104.386703
2010-06-01,91.7200,73.030502,550750,0,1,104.386703
2010-06-02,91.7400,73.046425,959800,0,1,104.409465
2010-06-03,91.7000,73.014595,219900,0,1,104.363940
2010-06-04,91.7400,73.046425,495850,0,1,104.409465
2010-06-07,91.7200,73.030502,158800,0,1,104.386703
2010-06-08,91.7400,73.046425,306150,0,1,104.409465
2010-06-09,91.7400,73.046425,163950,0,1,104.409465
2010-06-10,91.7400,73.046425,100750,0,1,104.409465
2010-06-11,91.7400,73.046425,144750,0,1,104.409465
2010-06-14,91.7000,73.014595,236650,0,1,104.363940
2010-06-15,91.7000,73.014595,382100,0,1,104.363940
2010-06-16,91.7000,73.014595,863700,0,1,104.363940
2010-06-17,91.7000,73.014595,317700,0,1,104.363940
2010-06-18,91.7200,73.030502,227550,0,1,104.386703
2010-06-21,91.7000,73.014595,787600,0,1,104.363940
2010-06-22,91.7200,73.030502,140500,0,1,104.386703
2010-06-23,91.7200,73.030502,63800,0,1,104.386703
2010-06-24,91.7200,73.030502,291000,0,1,104.386703
2010-06-25,91.7200,73.030502,93800,0,1,104.386703
2010-06-28,91.7200,73.030502,198800,0,1,104.386703
2010-06-29,91.7200,73.030502,579550,0,1,104.386703
2010-06-30,91.7400,73.046425,1013900,0,1,104.409465
2010-07-01,91.7200,73.030502,572500,0,1,104.386703
2010-07-02,91.7200,73.030502,139150,0,1,104.386703
2010-07-06,91.7000,73.014595,715900,0,1,104.363940
2010-07-07,91.7000,73.014595,873500,0,1,104.363940
2010-07-08,91.7200,73.030502,1255100,0,1,104.386703
2010-07-09,91.7000,73.014595,223000,0,1,104.363940
2010-07-12,91.7200,73.030502,979900,0,1,104.386703
2010-07-13,91.7200,73.030502,164050,0,1,104.386703
2010-07-14,91.7200,73.030502,159200,0,1,104.386703
2010-07-15,91.7200,73.030502,122100,0,1,104.386703
2010-07-16,91.7200,73.030502,87750,0,1,104.386703
2010-07-19,91.7000,73.014595,803350,0,1,104.363940
2010-07-20,91.7000,73.014595,121350,0,1,104.363940
2010-07-21,91.7000,73.014595,124400,0,1,104.363940
2010-07-22,91.7000,73.014595,319650,0,1,104.363940
2010-07-23,91.7200,73.030502,73600,0,1,104.386703
2010-07-26,91.6800,72.998642,881800,0,1,104.341178
2010-07-27,91.6800,72.998642,874800,0,1,104.341178
2010-07-28,91.7000,73.014595,118150,0,1,104.363940
2010-07-29,91.6800,72.998642,110750,0,1,104.341178
2010-07-30,91.7000,73.014595,67950,0,1,104.363940
2010-08-02,91.6800,72.998642,794600,0,1,104.341178
2010-08-03,91.6800,72.998642,1342100,0,1,104.341178
2010-08-04,91.6800,72.998642,977200,0,1,104.341178
2010-08-05,91.6800,72.998642,500600,0,1,104.341178
2010-08-06,91.6800,72.998642,131100,0,1,104.341178
2010-08-09,91.6800,72.998642,94550,0,1,104.341178
2010-08-10,91.7000,73.014595,125500,0,1,104.363940
2010-08-11,91.7200,73.030502,830500,0,1,104.386703
2010-08-12,91.7200,73.030502,955750,0,1,104.386703
2010-08-13,91.7200,73.030502,580550,0,1,104.386703
2010-08-16,91.7000,73.014595,59850,0,1,104.363940
2010-08-17,91.7200,73.030502,193950,0,1,104.386703
2010-08-18,91.7000,73.014595,102150,0,1,104.363940
2010-08-19,91.7000,73.014595,280000,0,1,104.363940
2010-08-20,91.7200,73.030502,84800,0,1,104.386703
2010-08-23,91.7000,73.014595,118600,0,1,104.363940
2010-08-24,91.7000,73.014595,392500,0,1,104.363940
2010-08-25,91.7200,73.030502,615100,0,1,104.386703
2010-08-26,91.7000,73.014595,130050,0,1,104.363940
2010-08-27,91.7000,73.014595,134500,0,1,104.363940
2010-08-30,91.7200,73.030502,119250,0,1,104.386703
2010-08-31,91.7000,73.014595,290200,0,1,104.363940
2010-09-01,91.7000,73.014595,599600,0,1,104.363940
2010-09-02,91.7200,73.030502,132450,0,1,104.386703
2010-09-03,91.7200,73.030502,652850,0,1,104.386703
2010-09-07,91.7000,73.014595,105500,0,1,104.363940
2010-09-08,91.7000,73.014595,697700,0,1,104.363940
2010-09-09,91.7000,73.014595,100300,0,1,104.363940
2010-09-10,91.7000,73.014595,329900,0,1,104.363940
2010-09-13,91.7000,73.014595,364500,0,1,104.363940
2010-09-14,91.7200,73.030502,46600,0,1,104.386703
2010-09-15,91.7200,73.030502,120300,0,1,104.386703
2010-09-16,91.7200,73.030502,213550,0,1,104.386703
2010-09-17,91.7000,73.014595,168750,0,1,104.363940
2010-09-20,91.7000,73.014595,371900,0,1,104.363940
2010-09-21,91.7000,73.014595,742150,0,1,104.363940
2010-09-22,91.7000,73.014595,521300,0,1,104.363940
2010-09-23,91.7000,73.014595,209900,0,1,104.363940
2010-09-24,91.7200,73.030502,100300,0,1,104.386703
2010-09-27,91.7200,73.030502,283250,0,1,104.386703
2010-09-28,91.7000,73.014595,113200,0,1,104.363940
2010-09-29,91.7000,73.014595,161500,0,1,104.363940
2010-09-30,91.7000,73.014595,214200,0,1,104.363940
2010-10-01,91.7000,73.014595,328150,0,1,104.363940
2010-10-04,91.7200,73.030502,198550,0,1,104.386703
2010-10-05,91.7000,73.014595,420300,0,1,104.363940
2010-10-06,91.7000,73.014595,744600,0,1,104.363940
2010-10-07,91.7000,73.014595,524750,0,1,104.363940
2010-10-08,91.7000,73.014595,115850,0,1,104.363940
2010-10-11,91.7000,73.014595,64500,0,1,104.363940
2010-10-12,91.7000,73.014595,425750,0,1,104.363940
2010-10-13,91.7000,73.014595,397050,0,1,104.363940
2010-10-14,91.7200,73.030502,170300,0,1,104.386703
2010-10-15,91.7000,73.014595,89350,0,1,104.363940
2010-10-18,91.7200,73.030502,187850,0,1,104.386703
2010-10-19,91.7000,73.014595,66200,0,1,104.363940
2010-10-20,91.7000,73.014595,633450,0,1,104.363940
2010-10-21,91.7000,73.014595,625600,0,1,104.363940
2010-10-22,91.7200,73.030502,114950,0,1,104.386703
2010-10-25,91.7000,73.014595,135600,0,1,104.363940
2010-10-26,91.7200,73.030502,89500,0,1,104.386703
2010-10-27,91.7200,73.030502,115000,0,1,104.386703
2010-10-28,91.7000,73.014595,86600,0,1,104.363940
2010-10-29,91.7200,73.030502,57850,0,1,104.386703
2010-11-01,91.7200,73.030502,242100,0,1,104.386703
2010-11-02,91.6800,72.998642,226500,0,1,104.341178
2010-11-03,91.7000,73.014595,229500,0,1,104.363940
2010-11-04,91.7000,73.014595,934100,0,1,104.363940
2010-11-05,91.7000,73.014595,327150,0,1,104.363940
2010-11-08,91.7000,73.014595,198350,0,1,104.363940
2010-11-09,91.7000,73.014595,223200,0,1,104.363940
2010-11-10,91.7000,73.014595,243650,0,1,104.363940
2010-11-11,91.6800,72.998642,49600,0,1,104.341178
2010-11-12,91.7200,73.030502,1457000,0,1,104.386703
2010-11-15,91.7200,73.030502,201100,0,1,104.386703
2010-11-16,91.7200,73.030502,103450,0,1,104.386703
2010-11-17,91.7200,73.030502,55300,0,1,104.386703
2010-11-18,91.7000,73.014595,96500,0,1,104.363940
2010-11-19,91.7000,73.014595,154650,0,1,104.363940
2010-11-22,91.7000,73.014595,226650,0,1,104.363940
2010-11-23,91.7000,73.014595,68000,0,1,104.363940
2010-11-24,91.7200,73.030502,86600,0,1,104.386703
2010-11-26,91.7200,73.030502,223750,0,1,104.386703
2010-11-29,91.7200,73.030502,250500,0,1,104.386703
2010-11-30,91.7200,73.030502,81300,0,1,104.386703
2010-12-01,91.7000,73.014595,75350,0,1,104.363940
2010-12-02,91.7000,73.014595,188400,0,1,104.363940
2010-12-03,91.7200,73.030502,320300,0,1,104.386703
2010-12-06,91.7000,73.014595,141300,0,1,104.363940
2010-12-07,91.7000,73.014595,176500,0,1,104.363940
2010-12-08,91.7000,73.014595,82450,0,1,104.363940
2010-12-09,91.7200,73.030502,185250,0,1,104.386703
2010-12-10,91.7200,73.030502,164450,0,1,104.386703
2010-12-13,91.7200,73.030502,130800,0,1,104.386703
2010-12-14,91.7200,73.030502,388500,0,1,104.386703
2010-12-15,91.7000,73.014595,204550,0,1,104.363940
2010-12-16,91.7000,73.014595,564600,0,1,104.363940
2010-12-17,91.7200,73.030502,241750,0,1,104.386703
2010-12-20,91.7200,73.030502,120600,0,1,104.386703
2010-12-21,91.7200,73.030502,103350,0,1,104.386703
2010-12-22,91.7000,73.014595,97250,0,1,104.363940
2010-12-23,91.7000,73.014595,88000,0,1,104.363940
2010-12-27,91.7000,73.014595,151100,0,1,104.363940
2010-12-28,91.7200,73.030502,115200,0,1,104.386703
2010-12-29,91.7000,73.014595,72150,0,1,104.363940
2010-12-30,91.7200,73.030502,217650,0,1,104.386703
2010-12-31,91.7000,73.014595,119650,0,1,104.363940
2011-01-03,91.7200,73.030502,126850,0,1,104.386703
2011-01-04,91.7200,73.030502,156750,0,1,104.386703
2011-01-05,91.7200,73.030502,184350,0,1,104.386703
2011-01-06,91.7200,73.030502,64950,0,1,104.386703
2011-01-07,91.7000,73.014595,124600,0,1,104.363940
2011-01-10,91.7200,73.030502,150550,0,1,104.386703
2011-01-11,91.7200,73.030502,127300,0,1,104.386703
2011-01-12,91.7000,73.014595,69400,0,1,104.363940
2011-01-13,91.7000,73.014595,94600,0,1,104.363940
2011-01-14,91.7000,73.014595,199450,0,1,104.363940
2011-01-18,91.7000,73.014595,426600,0,1,104.363940
2011-01-19,91.7200,73.030502,150850,0,1,104.386703
2011-01-20,91.7200,73.030502,99650,0,1,104.386703
2011-01-21,91.7000,73.014595,55100,0,1,104.363940
2011-01-24,91.7000,73.014595,312100,0,1,104.363940
2011-01-25,91.7200,73.030502,443100,0,1,104.386703
2011-01-26,91.7000,73.014595,87800,0,1,104.363940
2011-01-27,91.7200,73.030502,89000,0,1,104.386703
2011-01-28,91.7000,73.014595,158550,0,1,104.363940
2011-01-31,91.7000,73.014595,87250,0,1,104.363940
2011-02-01,91.7000,73.014595,787600,0,1,104.363940
2011-02-02,91.7000,73.014595,283550,0,1,104.363940
2011-02-03,91.7000,73.014595,91000,0,1,104.363940
2011-02-04,91.7200,73.030502,101000,0,1,104.386703
2011-02-07,91.7000,73.014595,131550,0,1,104.363940
2011-02-08,91.7000,73.014595,155400,0,1,104.363940
2011-02-09,91.7200,73.030502,147700,0,1,104.386703
2011-02-10,91.7000,73.014595,148650,0,1,104.363940
2011-02-11,91.7000,73.014595,138150,0,1,104.363940
2011-02-14,91.7000,73.014595,74450,0,1,104.363940
2011-02-15,91.7200,73.030502,193200,0,1,104.386703
2011-02-16,91.7200,73.030502,136800,0,1,104.386703
2011-02-17,91.7200,73.030502,68250,0,1,104.386703
2011-02-18,91.7000,73.014595,93750,0,1,104.363940
2011-02-22,91.7000,73.014595,144050,0,1,104.363940
2011-02-23,91.7200,73.030502,493500,0,1,104.386703
2011-02-24,91.7200,73.030502,126750,0,1,104.386703
2011-02-25,91.7200,73.030502,91350,0,1,104.386703
2011-02-28,91.7000,73.014595,145850,0,1,104.363940
2011-03-01,91.7000,73.014595,138400,0,1,104.363940
2011-03-02,91.7200,73.030502,128000,0,1,104.386703
2011-03-03,91.7000,73.014595,139950,0,1,104.363940
2011-03-04,91.7200,73.030502,132300,0,1,104.386703
2011-03-07,91.7000,73.014595,95850,0,1,104.363940
2011-03-08,91.7000,73.014595,1178800,0,1,104.363940
2011-03-09,91.7000,73.014595,159800,0,1,104.363940
2011-03-10,91.7000,73.014595,140200,0,1,104.363940
2011-03-11,91.7200,73.030502,77750,0,1,104.386703
2011-03-14,91.7200,73.030502,929650,0,1,104.386703
2011-03-15,91.7400,73.046425,754300,0,1,104.409465
2011-03-16,91.7400,73.046425,122300,0,1,104.409465
2011-03-17,91.7400,73.046425,595450,0,1,104.409465
2011-03-18,91.7400,73.046425,222750,0,1,104.409465
2011-03-21,91.7400,73.046425,102350,0,1,104.409465
2011-03-22,91.7000,73.014595,117100,0,1,104.363940
2011-03-23,91.7200,73.030502,156950,0,1,104.386703
2011-03-24,91.7000,73.014595,557950,0,1,104.363940
2011-03-25,91.7000,73.014595,1271900,0,1,104.363940
2011-03-28,91.7200,73.030502,733950,0,1,104.386703
2011-03-29,91.7000,73.014595,240950,0,1,104.363940
2011-03-30,91.7200,73.030502,589950,0,1,104.386703
2011-03-31,91.7000,73.014595,145200,0,1,104.363940
2011-04-01,91.7000,73.014595,148850,0,1,104.363940
2011-04-04,91.7000,73.014595,144700,0,1,104.363940
2011-04-05,91.7000,73.014595,165000,0,1,104.363940
2011-04-06,91.7000,73.014595,116900,0,1,104.363940
2011-04-07,91.7200,73.030502,129450,0,1,104.386703
2011-04-08,91.7000,73.014595,1310750,0,1,104.363940
2011-04-11,91.7000,73.014595,230850,0,1,104.363940
2011-04-12,91.7200,73.030502,61100,0,1,104.386703
2011-04-13,91.7200,73.030502,79200,0,1,104.386703
2011-04-14,91.7000,73.014595,245750,0,1,104.363940
2011-04-15,91.7200,73.030502,152600,0,1,104.386703
2011-04-18,91.7000,73.014595,112300,0,1,104.363940
2011-04-19,91.7000,73.014595,110650,0,1,104.363940
2011-04-20,91.7000,73.014595,102200,0,1,104.363940
2011-04-21,91.7000,73.014595,89850,0,1,104.363940
2011-04-25,91.7000,73.014595,103150,0,1,104.363940
2011-04-26,91.7000,73.014595,41450,0,1,104.363940
2011-04-27,91.7000,73.014595,106000,0,1,104.363940
2011-04-28,91.7000,73.014595,97050,0,1,104.363940
2011-04-29,91.7000,73.014595,74500,0,1,104.363940
2011-05-02,91.7000,73.014595,76000,0,1,104.363940
2011-05-03,91.7000,73.014595,127100,0,1,104.363940
2011-05-04,91.7400,73.046425,449750,0,1,104.409465
2011-05-05,91.7400,73.046425,800000,0,1,104.409465
2011-05-06,91.7400,73.046425,143400,0,1,104.409465
2011-05-09,91.7400,73.046425,808500,0,1,104.409465
2011-05-10,91.7400,73.046425,182200,0,1,104.409465
2011-05-11,91.7400,73.046425,76150,0,1,104.409465
2011-05-12,91.7400,73.046425,88350,0,1,104.409465
2011-05-13,91.7200,73.030502,42950,0,1,104.386703
2011-05-16,91.7200,73.030502,905750,0,1,104.386703
2011-05-17,91.7200,73.030502,582700,0,1,104.386703
2011-05-18,91.7000,73.014595,75550,0,1,104.363940
2011-05-19,91.7400,73.046425,71300,0,1,104.409465
2011-05-20,91.7200,73.030502,443400,0,1,104.386703
2011-05-23,91.7200,73.030502,328750,0,1,104.386703
2011-05-24,91.7200,73.030502,68000,0,1,104.386703
2011-05-25,91.7200,73.030502,159800,0,1,104.386703
2011-05-26,91.7200,73.030502,819300,0,1,104.386703
2011-05-27,91.7200,73.030502,161350,0,1,104.386703
2011-05-31,91.7200,73.030502,133700,0,1,104.386703
2011-06-01,91.7000,73.014595,471900,0,1,104.363940
2011-06-02,91.7000,73.014595,69000,0,1,104.363940
2011-06-03,91.7000,73.014595,62750,0,1,104.363940
2011-06-06,91.7000,73.014595,655250,0,1,104.363940
2011-06-07,91.7200,73.030502,882450,0,1,104.386703
2011-06-08,91.7200,73.030502,64950,0,1,104.386703
2011-06-09,91.7000,73.014595,376350,0,1,104.363940
2011-06-10,91.7200,73.030502,79400,0,1,104.386703
2011-06-13,91.7000,73.014595,94950,0,1,104.363940
2011-06-14,91.7200,73.030502,862400,0,1,104.386703
2011-06-15,91.7200,73.030502,113650,0,1,104.386703
2011-06-16,91.7200,73.030502,101900,0,1,104.386703
2011-06-17,91.7200,73.030502,96750,0,1,104.386703
2011-06-20,91.7200,73.030502,102900,0,1,104.386703
2011-06-21,91.7000,73.014595,433350,0,1,104.363940
2011-06-22,91.7200,73.030502,158700,0,1,104.386703
2011-06-23,91.7200,73.030502,523750,0,1,104.386703
2011-06-24,91.7000,73.014595,357750,0,1,104.363940
2011-06-27,91.7000,73.014595,126950,0,1,104.363940
2011-06-28,91.7000,73.014595,289650,0,1,104.363940
2011-06-29,91.7200,73.030502,1148950,0,1,104.386703
2011-06-30,91.7200,73.030502,1730050,0,1,104.386703
2011-07-01,91.7000,73.014595,496400,0,1,104.363940
2011-07-05,91.7000,73.014595,786700,0,1,104.363940
2011-07-06,91.7200,73.030502,222350,0,1,104.386703
2011-07-07,91.7000,73.014595,158850,0,1,104.363940
2011-07-08,91.7000,73.014595,70650,0,1,104.363940
2011-07-11,91.6800,72.998642,147850,0,1,104.341178
2011-07-12,91.7000,73.014595,1150000,0,1,104.363940
2011-07-13,91.7200,73.030502,1115500,0,1,104.386703
2011-07-14,91.7200,73.030502,216650,0,1,104.386703
2011-07-15,91.7200,73.030502,496050,0,1,104.386703
2011-07-18,91.7200,73.030502,803350,0,1,104.386703
2011-07-19,91.7200,73.030502,790000,0,1,104.386703
2011-07-20,91.7000,73.014595,162650,0,1,104.363940
2011-07-21,91.7000,73.014595,790450,0,1,104.363940
2011-07-22,91.7200,73.030502,162550,0,1,104.386703
2011-07-25,91.7200,73.030502,72300,0,1,104.386703
2011-07-26,91.7200,73.030502,85800,0,1,104.386703
2011-07-27,91.7200,73.030502,906050,0,1,104.386703
2011-07-28,91.7200,73.030502,802800,0,1,104.386703
2011-07-29,91.7200,73.030502,1060950,0,1,104.386703
2011-08-01,91.7200,73.030502,290250,0,1,104.386703
2011-08-02,91.7200,73.030502,1012600,0,1,104.386703
2011-08-03,91.7200,73.030502,681150,0,1,104.386703
2011-08-04,91.7200,73.030502,1335150,0,1,104.386703
2011-08-05,91.7200,73.030502,438750,0,1,104.386703
2011-08-08,91.7200,73.030502,560600,0,1,104.386703
2011-08-09,91.7200,73.030502,658450,0,1,104.386703
2011-08-10,91.7200,73.030502,374150,0,1,104.386703
2011-08-11,91.7200,73.030502,224700,0,1,104.386703
2011-08-12,91.7200,73.030502,779850,0,1,104.386703
2011-08-15,91.7200,73.030502,9127350,0,1,104.386703
2011-08-16,91.7200,73.030502,368100,0,1,104.386703
2011-08-17,91.7200,73.030502,331200,0,1,104.386703
2011-08-18,91.6800,72.998642,525450,0,1,104.341178
2011-08-19,91.7200,73.030502,941750,0,1,104.386703
2011-08-22,91.6800,72.998642,247900,0,1,104.341178
2011-08-23,91.7200,73.030502,709250,0,1,104.386703
2011-08-24,91.7200,73.030502,190750,0,1,104.386703
2011-08-25,91.6800,72.998642,334800,0,1,104.341178
2011-08-26,91.7200,73.030502,247950,0,1,104.386703
2011-08-29,91.7200,73.030502,11294400,0,1,104.386703
2011-08-30,91.7200,73.030502,952000,0,1,104.386703
2011-08-31,91.7200,73.030502,523750,0,1,104.386703
2011-09-01,91.7200,73.030502,1048100,0,1,104.386703
2011-09-02,91.7200,73.030502,479450,0,1,104.386703
2011-09-06,91.7000,73.014595,8617200,0,1,104.363940
2011-09-07,91.6800,72.998642,367950,0,1,104.341178
2011-09-08,91.6800,72.998642,698000,0,1,104.341178
2011-09-09,91.7000,73.014595,731050,0,1,104.363940
2011-09-12,91.7000,73.014595,287700,0,1,104.363940
2011-09-13,91.6800,72.998642,568550,0,1,104.341178
2011-09-14,91.6800,72.998642,308000,0,1,104.341178
2011-09-15,91.6800,72.998642,923750,0,1,104.341178
2011-09-16,91.6800,72.998642,276450,0,1,104.341178
2011-09-19,91.7000,73.014595,517100,0,1,104.363940
2011-09-20,91.7000,73.014595,373000,0,1,104.363940
2011-09-21,91.7000,73.014595,314150,0,1,104.363940
2011-09-22,91.6800,72.998642,1011650,0,1,104.341178
2011-09-23,91.7000,73.014595,604150,0,1,104.363940
2011-09-26,91.7000,73.014595,497400,0,1,104.363940
2011-09-27,91.6800,72.998642,404150,0,1,104.341178
2011-09-28,91.7000,73.014595,383650,0,1,104.363940
2011-09-29,91.7000,73.014595,451650,0,1,104.363940
2011-09-30,91.7000,73.014595,611450,0,1,104.363940
2011-10-03,91.7000,73.014595,13151250,0,1,104.363940
2011-10-04,91.7000,73.014595,691050,0,1,104.363940
2011-10-05,91.7000,73.014595,689300,0,1,104.363940
2011-10-06,91.6800,72.998642,353400,0,1,104.341178
2011-10-07,91.7000,73.014595,750650,0,1,104.363940
2011-10-10,91.6800,72.998642,1657350,0,1,104.341178
2011-10-11,91.7000,73.014595,562550,0,1,104.363940
2011-10-12,91.6800,72.998642,383000,0,1,104.341178
2011-10-13,91.7000,73.014595,494050,0,1,104.363940
2011-10-14,91.6800,72.998642,459250,0,1,104.341178
2011-10-17,91.6800,72.998642,12224600,0,1,104.341178
2011-10-18,91.7000,73.014595,350650,0,1,104.363940
2011-10-19,91.7000,73.014595,294450,0,1,104.363940
2011-10-20,91.7000,73.014595,1126100,0,1,104.363940
2011-10-21,91.6800,72.998642,583750,0,1,104.341178
2011-10-24,91.6800,72.998642,8779750,0,1,104.341178
2011-10-25,91.7000,73.014595,482500,0,1,104.363940
2011-10-26,91.7000,73.014595,239450,0,1,104.363940
2011-10-27,91.6800,72.998642,1490300,0,1,104.341178
2011-10-28,91.6800,72.998642,404400,0,1,104.341178
2011-10-31,91.6600,72.982735,3112450,0,1,104.318416
2011-11-01,91.7000,73.014595,1423150,0,1,104.363940
2011-11-02,91.6800,72.998642,284650,0,1,104.341178
2011-11-03,91.6600,72.982735,326800,0,1,104.318416
2011-11-04,91.6800,72.998642,203000,0,1,104.341178
2011-11-07,91.7000,73.014595,197600,0,1,104.363940
2011-11-08,91.7000,73.014595,537300,0,1,104.363940
2011-11-09,91.6800,72.998642,174200,0,1,104.341178
2011-11-10,91.7000,73.014595,362150,0,1,104.363940
2011-11-11,91.6800,72.998642,344400,0,1,104.341178
2011-11-14,91.7000,73.014595,649000,0,1,104.363940
2011-11-15,91.6800,72.998642,232900,0,1,104.341178
2011-11-16,91.7000,73.014595,341300,0,1,104.363940
2011-11-17,91.7000,73.014595,843800,0,1,104.363940
2011-11-18,91.7000,73.014595,274700,0,1,104.363940
2011-11-21,91.7000,73.014595,2169100,0,1,104.363940
2011-11-22,91.6800,72.998642,631450,0,1,104.341178
2011-11-23,91.7000,73.014595,877150,0,1,104.363940
2011-11-25,91.7000,73.014595,268300,0,1,104.363940
2011-11-28,91.7000,73.014595,467550,0,1,104.363940
2011-11-29,91.6600,72.982735,537700,0,1,104.318416
2011-11-30,91.6800,72.998642,1701850,0,1,104.341178
2011-12-01,91.6600,72.982735,2137000,0,1,104.318416
2011-12-02,91.6800,72.998642,353750,0,1,104.341178
2011-12-05,91.6800,72.998642,2240550,0,1,104.341178
2011-12-06,91.7000,73.014595,211150,0,1,104.363940
2011-12-07,91.6800,72.998642,259950,0,1,104.341178
2011-12-08,91.6800,72.998642,248050,0,1,104.341178
2011-12-09,91.6600,72.982735,199800,0,1,104.318416
2011-12-12,91.6600,72.982735,11094100,0,1,104.318416
2011-12-13,91.6600,72.982735,399150,0,1,104.318416
2011-12-14,91.6800,72.998642,1237650,0,1,104.341178
2011-12-15,91.6600,72.982735,535050,0,1,104.318416
2011-12-16,91.6800,72.998642,264200,0,1,104.341178
2011-12-19,91.6800,72.998642,348500,0,1,104.341178
2011-12-20,91.6800,72.998642,235500,0,1,104.341178
2011-12-21,91.6800,72.998642,299450,0,1,104.341178
2011-12-22,91.6800,72.998642,141850,0,1,104.341178
2011-12-23,91.6800,72.998642,508300,0,1,104.341178
2011-12-27,91.6600,72.982735,158500,0,1,104.318416
2011-12-28,91.6600,72.985939,273600,0.004,1,104.322969
2011-12-29,91.6600,72.985939,196900,0,1,104.322969
2011-12-30,91.6600,72.985939,200350,0,1,104.322969
2012-01-03,91.6400,72.969963,4246650,0,1,104.300206
2012-01-04,91.6400,72.969963,443250,0,1,104.300206
2012-01-05,91.6400,72.969963,489350,0,1,104.300206
2012-01-06,91.6400,72.969963,476800,0,1,104.300206
2012-01-09,91.6600,72.985939,490300,0,1,104.322969
2012-01-10,91.6600,72.985939,352250,0,1,104.322969
2012-01-11,91.6400,72.969963,402000,0,1,104.300206
2012-01-12,91.6400,72.969963,344250,0,1,104.300206
2012-01-13,91.6400,72.969963,581600,0,1,104.300206
2012-01-17,91.6400,72.969963,210850,0,1,104.300206
2012-01-18,91.6400,72.969963,1529650,0,1,104.300206
2012-01-19,91.6400,72.969963,728100,0,1,104.300206
2012-01-20,91.6400,72.969963,211400,0,1,104.300206
2012-01-23,91.6400,72.969963,224350,0,1,104.300206
2012-01-24,91.6400,72.969963,216150,0,1,104.300206
2012-01-25,91.6400,72.969963,269800,0,1,104.300206
2012-01-26,91.6400,72.969963,182200,0,1,104.300206
2012-01-27,91.6400,72.969963,153850,0,1,104.300206
2012-01-30,91.6600,72.985939,256050,0,1,104.322969
2012-01-31,91.6400,72.969963,416800,0,1,104.300206
2012-02-01,91.6400,72.969963,362600,0,1,104.300206
2012-02-02,91.6400,72.969963,119000,0,1,104.300206
2012-02-03,91.6400,72.969963,365200,0,1,104.300206
2012-02-06,91.6600,72.985939,184900,0,1,104.322969
2012-02-07,91.6400,72.969963,189500,0,1,104.300206
2012-02-08,91.6600,72.985939,450500,0,1,104.322969
2012-02-09,91.6400,72.969963,130150,0,1,104.300206
2012-02-10,91.6600,72.985939,521300,0,1,104.322969
2012-02-13,91.6400,72.969963,638600,0,1,104.300206
2012-02-14,91.6600,72.985939,173950,0,1,104.322969
2012-02-15,91.6400,72.969963,103650,0,1,104.300206
2012-02-16,91.6600,72.985939,442200,0,1,104.322969
2012-02-17,91.6400,72.969963,81400,0,1,104.300206
2012-02-21,91.6400,72.969963,154750,0,1,104.300206
2012-02-22,91.6400,72.969963,105350,0,1,104.300206
2012-02-23,91.6400,72.969963,156300,0,1,104.300206
2012-02-24,91.6600,72.985939,186550,0,1,104.322969
2012-02-27,91.6400,72.969963,956000,0,1,104.300206
2012-02-28,91.6400,72.969963,132050,0,1,104.300206
2012-02-29,91.6600,72.985939,453600,0,1,104.322969
2012-03-01,91.6400,72.969963,218300,0,1,104.300206
2012-03-02,91.6400,72.969963,186600,0,1,104.300206
2012-03-05,91.6400,72.969963,248900,0,1,104.300206
2012-03-06,91.6400,72.969963,179750,0,1,104.300206
2012-03-07,91.6400,72.969963,125400,0,1,104.300206
2012-03-08,91.6600,72.985939,711300,0,1,104.322969
2012-03-09,91.6600,72.985939,194300,0,1,104.322969
2012-03-12,91.6600,72.985939,124850,0,1,104.322969
2012-03-13,91.6600,72.985939,205350,0,1,104.322969
2012-03-14,91.6400,72.969963,127050,0,1,104.300206
2012-03-15,91.6400,72.969963,468050,0,1,104.300206
2012-03-16,91.6400,72.969963,501150,0,1,104.300206
2012-03-19,91.6600,72.985939,105150,0,1,104.322969
2012-03-20,91.6600,72.985939,117250,0,1,104.322969
2012-03-21,91.6600,72.985939,65800,0,1,104.322969
2012-03-22,91.6600,72.985939,106150,0,1,104.322969
2012-03-23,91.6600,72.985939,103250,0,1,104.322969
2012-03-26,91.6600,72.985939,1261300,0,1,104.322969
2012-03-27,91.6400,72.969963,185050,0,1,104.300206
2012-03-28,91.6600,72.985939,55800,0,1,104.322969
2012-03-29,91.6400,72.969963,131050,0,1,104.300206
2012-03-30,91.6400,72.969963,102250,0,1,104.300206
2012-04-02,91.6200,72.954056,778250,0,1,104.277443
2012-04-03,91.6400,72.969963,871100,0,1,104.300206
2012-04-04,91.6200,72.954056,319850,0,1,104.277443
2012-04-05,91.6400,72.969963,381100,0,1,104.300206
2012-04-09,91.6600,72.985939,1136000,0,1,104.322969
2012-04-10,91.6600,72.985939,520200,0,1,104.322969
2012-04-11,91.6600,72.985939,1014250,0,1,104.322969
2012-04-12,91.6400,72.969963,1015400,0,1,104.300206
2012-04-13,91.6200,72.954056,148550,0,1,104.277443
2012-04-16,91.6400,72.969963,617250,0,1,104.300206
2012-04-17,91.6400,72.969963,174500,0,1,104.300206
2012-04-18,91.6400,72.969963,77500,0,1,104.300206
2012-04-19,91.6600,72.985939,38300,0,1,104.322969
2012-04-20,91.6400,72.969963,58400,0,1,104.300206
2012-04-23,91.6600,72.985939,1436350,0,1,104.322969
2012-04-24,91.6600,72.985939,271500,0,1,104.322969
2012-04-25,91.6400,72.969963,415800,0,1,104.300206
2012-04-26,91.6600,72.985939,68450,0,1,104.322969
2012-04-27,91.6400,72.969963,100150,0,1,104.300206
2012-04-30,91.6600,72.985939,85900,0,1,104.322969
2012-05-01,91.6600,72.985939,219500,0,1,104.322969
2012-05-02,91.6600,72.985939,123300,0,1,104.322969
2012-05-03,91.6400,72.969963,84800,0,1,104.300206
2012-05-04,91.6400,72.969963,111350,0,1,104.300206
2012-05-07,91.6600,72.985939,257750,0,1,104.322969
2012-05-08,91.6600,72.985939,282950,0,1,104.322969
2012-05-09,91.6600,72.985939,921250,0,1,104.322969
2012-05-10,91.6600,72.985939,457000,0,1,104.322969
2012-05-11,91.6600,72.985939,128000,0,1,104.322969
2012-05-14,91.6600,72.985939,221050,0,1,104.322969
2012-05-15,91.6600,72.985939,528650,0,1,104.322969
2012-05-16,91.6600,72.985939,103950,0,1,104.322969
2012-05-17,91.6600,72.985939,346500,0,1,104.322969
2012-05-18,91.6600,72.985939,575400,0,1,104.322969
2012-05-21,91.6600,72.985939,1054000,0,1,104.322969
2012-05-22,91.6200,72.954056,649100,0,1,104.277443
2012-05-23,91.6200,72.954056,128000,0,1,104.277443
2012-05-24,91.6600,72.985939,1778900,0,1,104.322969
2012-05-25,91.6600,72.985939,730250,0,1,104.322969
2012-05-29,91.6600,72.985939,150950,0,1,104.322969
2012-05-30,91.6600,72.985939,433500,0,1,104.322969
2012-05-31,91.6600,72.985939,292550,0,1,104.322969
2012-06-01,91.6600,72.985939,290650,0,1,104.322969
2012-06-04,91.6600,72.985939,518200,0,1,104.322969
2012-06-05,91.6600,72.985939,383300,0,1,104.322969
2012-06-06,91.6400,72.969963,753350,0,1,104.300206
2012-06-07,91.6400,72.969963,441500,0,1,104.300206
2012-06-08,91.6400,72.969963,158900,0,1,104.300206
2012-06-11,91.6400,72.969963,119800,0,1,104.300206
2012-06-12,91.6600,72.985939,245950,0,1,104.322969
2012-06-13,91.6600,72.985939,59550,0,1,104.322969
2012-06-14,91.6600,72.985939,169450,0,1,104.322969
2012-06-15,91.6400,72.969963,107400,0,1,104.300206
2012-06-18,91.6600,72.985939,132300,0,1,104.322969
2012-06-19,91.6200,72.954056,831750,0,1,104.277443
2012-06-20,91.6200,72.954056,124100,0,1,104.277443
2012-06-21,91.6600,72.985939,918100,0,1,104.322969
2012-06-22,91.6400,72.969963,66950,0,1,104.300206
2012-06-25,91.6600,72.985939,788250,0,1,104.322969
2012-06-26,91.6600,72.985939,127900,0,1,104.322969
2012-06-27,91.6400,72.969963,118550,0,1,104.300206
2012-06-28,91.6600,72.985939,348850,0,1,104.322969
2012-06-29,91.6200,72.954056,1110950,0,1,104.277443
2012-07-02,91.6200,72.954056,873900,0,1,104.277443
2012-07-03,91.6200,72.954056,313050,0,1,104.277443
2012-07-05,91.6200,72.954056,1299200,0,1,104.277443
2012-07-06,91.6200,72.954056,134750,0,1,104.277443
2012-07-09,91.6200,72.954056,417400,0,1,104.277443
2012-07-10,91.6200,72.954056,451450,0,1,104.277443
2012-07-11,91.6200,72.954056,124950,0,1,104.277443
2012-07-12,91.6200,72.954056,260700,0,1,104.277443
2012-07-13,91.6400,72.969963,159750,0,1,104.300206
2012-07-16,91.6200,72.954056,98000,0,1,104.277443
2012-07-17,91.6200,72.954056,46550,0,1,104.277443
2012-07-18,91.6200,72.954056,108500,0,1,104.277443
2012-07-19,91.6400,72.969963,160350,0,1,104.300206
2012-07-20,91.6200,72.954056,121750,0,1,104.277443
2012-07-23,91.6200,72.954056,144550,0,1,104.277443
2012-07-24,91.6400,72.969963,225300,0,1,104.300206
2012-07-25,91.6600,72.985939,1505750,0,1,104.322969
2012-07-26,91.6400,72.969963,424850,0,1,104.300206
2012-07-27,91.6600,72.985939,179400,0,1,104.322969
2012-07-30,91.6600,72.985939,372150,0,1,104.322969
2012-07-31,91.6200,72.954056,150900,0,1,104.277443
2012-08-01,91.6400,72.969963,699750,0,1,104.300206
2012-08-02,91.6400,72.969963,105600,0,1,104.300206
2012-08-03,91.6400,72.969963,123350,0,1,104.300206
2012-08-06,91.6600,72.985939,208550,0,1,104.322969
2012-08-07,91.6400,72.969963,545300,0,1,104.300206
2012-08-08,91.6200,72.954056,205650,0,1,104.277443
2012-08-09,91.6200,72.954056,65400,0,1,104.277443
2012-08-10,91.6200,72.954056,246800,0,1,104.277443
2012-08-13,91.6200,72.954056,1007900,0,1,104.277443
2012-08-14,91.6200,72.954056,179250,0,1,104.277443
2012-08-15,91.6200,72.954056,85150,0,1,104.277443
2012-08-16,91.6200,72.954056,538500,0,1,104.277443
2012-08-17,91.6200,72.954056,190050,0,1,104.277443
2012-08-20,91.6200,72.954056,116400,0,1,104.277443
2012-08-21,91.6200,72.954056,152550,0,1,104.277443
2012-08-22,91.6200,72.954056,102850,0,1,104.277443
2012-08-23,91.6200,72.954056,134200,0,1,104.277443
2012-08-24,91.6200,72.954056,131200,0,1,104.277443
2012-08-27,91.6200,72.954056,101300,0,1,104.277443
2012-08-28,91.6200,72.954056,99500,0,1,104.277443
2012-08-29,91.6200,72.954056,72350,0,1,104.277443
2012-08-30,91.6200,72.954056,137300,0,1,104.277443
2012-08-31,91.6200,72.954056,183450,0,1,104.277443
2012-09-04,91.6200,72.954056,122850,0,1,104.277443
2012-09-05,91.6400,72.969963,357800,0,1,104.300206
2012-09-06,91.6400,72.969963,133550,0,1,104.300206
2012-09-07,91.6200,72.954056,580850,0,1,104.277443
2012-09-10,91.6200,72.954056,430700,0,1,104.277443
2012-09-11,91.6200,72.954056,49900,0,1,104.277443
2012-09-12,91.6200,72.954056,192750,0,1,104.277443
2012-09-13,91.6200,72.954056,553050,0,1,104.277443
2012-09-14,91.6200,72.954056,97100,0,1,104.277443
2012-09-17,91.6200,72.954056,141700,0,1,104.277443
2012-09-18,91.6200,72.954056,1879300,0,1,104.277443
2012-09-19,91.6200,72.954056,178100,0,1,104.277443
2012-09-20,91.6200,72.954056,229500,0,1,104.277443
2012-09-21,91.6200,72.954056,1148750,0,1,104.277443
2012-09-24,91.6200,72.954056,123950,0,1,104.277443
2012-09-25,91.6200,72.954056,276650,0,1,104.277443
2012-09-26,91.6200,72.954056,150900,0,1,104.277443
2012-09-27,91.6400,72.969963,138000,0,1,104.300206
2012-09-28,91.6200,72.954056,165650,0,1,104.277443
2012-10-01,91.6200,72.954056,165100,0,1,104.277443
2012-10-02,91.6400,72.969963,92950,0,1,104.300206
2012-10-03,91.6200,72.954056,138500,0,1,104.277443
2012-10-04,91.6200,72.954056,738550,0,1,104.277443
2012-10-05,91.6200,72.954056,541650,0,1,104.277443
2012-10-08,91.6200,72.954056,273800,0,1,104.277443
2012-10-09,91.6200,72.954056,287450,0,1,104.277443
2012-10-10,91.6400,72.969963,253600,0,1,104.300206
2012-10-11,91.6400,72.969963,69900,0,1,104.300206
2012-10-12,91.6200,72.954056,189650,0,1,104.277443
2012-10-15,91.6400,72.969963,131800,0,1,104.300206
2012-10-16,91.6200,72.954056,134800,0,1,104.277443
2012-10-17,91.6400,72.969963,48650,0,1,104.300206
2012-10-18,91.6200,72.954056,97000,0,1,104.277443
2012-10-19,91.6200,72.954056,199500,0,1,104.277443
2012-10-22,91.6200,72.954056,78600,0,1,104.277443
2012-10-23,91.6400,72.969963,965650,0,1,104.300206
2012-10-24,91.6400,72.969963,183450,0,1,104.300206
2012-10-25,91.6200,72.954056,223350,0,1,104.277443
2012-10-26,91.6200,72.954056,45600,0,1,104.277443
2012-10-31,91.6400,72.969963,395350,0,1,104.300206
2012-11-01,91.6400,72.969963,66550,0,1,104.300206
2012-11-02,91.6400,72.969963,378400,0,1,104.300206
2012-11-05,91.6200,72.954056,528000,0,1,104.277443
2012-11-06,91.6200,72.954056,106500,0,1,104.277443
2012-11-07,91.6400,72.969963,1984650,0,1,104.300206
2012-11-08,91.6400,72.969963,452750,0,1,104.300206
2012-11-09,91.6400,72.969963,1463250,0,1,104.300206
2012-11-12,91.6400,72.969963,376650,0,1,104.300206
2012-11-13,91.6400,72.969963,2435000,0,1,104.300206
2012-11-14,91.6400,72.969963,312900,0,1,104.300206
2012-11-15,91.6400,72.969963,304450,0,1,104.300206
2012-11-16,91.6400,72.969963,148600,0,1,104.300206
2012-11-19,91.6400,72.969963,133650,0,1,104.300206
2012-11-20,91.6200,72.954056,64900,0,1,104.277443
2012-11-21,91.6200,72.954056,69800,0,1,104.277443
2012-11-23,91.6200,72.954056,52900,0,1,104.277443
2012-11-26,91.6200,72.954056,594700,0,1,104.277443
2012-11-27,91.6200,72.954056,213150,0,1,104.277443
2012-11-28,91.6200,72.954056,63950,0,1,104.277443
2012-11-29,91.6200,72.954056,1176750,0,1,104.277443
2012-11-30,91.6200,72.954056,701350,0,1,104.277443
2012-12-03,91.6200,72.954056,694000,0,1,104.277443
2012-12-04,91.6200,72.954056,217150,0,1,104.277443
2012-12-05,91.6200,72.954056,141750,0,1,104.277443
2012-12-06,91.6200,72.954056,137200,0,1,104.277443
2012-12-07,91.6200,72.954056,376400,0,1,104.277443
2012-12-10,91.6200,72.954056,356500,0,1,104.277443
2012-12-11,91.6200,72.954056,308800,0,1,104.277443
2012-12-12,91.6200,72.954056,269950,0,1,104.277443
2012-12-13,91.6200,72.954056,151700,0,1,104.277443
2012-12-14,91.6200,72.954056,163350,0,1,104.277443
2012-12-17,91.6200,72.954056,665300,0,1,104.277443
2012-12-18,91.6400,72.969963,254200,0,1,104.300206
2012-12-19,91.6200,72.954056,150550,0,1,104.277443
2012-12-20,91.6200,72.954056,189600,0,1,104.277443
2012-12-21,91.6200,72.954056,153400,0,1,104.277443
2012-12-24,91.6200,72.954056,107450,0,1,104.277443
2012-12-26,91.6200,72.954056,85000,0,1,104.277443
2012-12-27,91.6200,72.954056,62100,0,1,104.277443
2012-12-28,91.6400,72.969963,213250,0,1,104.300206
2012-12-31,91.6200,72.954056,373700,0,1,104.277443
2013-01-02,91.6200,72.954056,1277900,0,1,104.277443
2013-01-03,91.6200,72.954056,294500,0,1,104.277443
2013-01-04,91.6400,72.969963,192700,0,1,104.300206
2013-01-07,91.6000,72.938133,179650,0,1,104.254680
2013-01-08,91.6000,72.938133,106650,0,1,104.254680
2013-01-09,91.6000,72.938133,197400,0,1,104.254680
2013-01-10,91.6000,72.938133,81100,0,1,104.254680
2013-01-11,91.6000,72.938133,58750,0,1,104.254680
2013-01-14,91.6000,72.938133,87250,0,1,104.254680
2013-01-15,91.6000,72.938133,72400,0,1,104.254680
2013-01-16,91.6000,72.938133,417550,0,1,104.254680
2013-01-17,91.6200,72.954056,739550,0,1,104.277443
2013-01-18,91.6000,72.938133,279400,0,1,104.254680
2013-01-22,91.6000,72.938133,139500,0,1,104.254680
2013-01-23,91.6000,72.938133,150250,0,1,104.254680
2013-01-24,91.6200,72.954056,2557850,0,1,104.277443
2013-01-25,91.6000,72.938133,188800,0,1,104.254680
2013-01-28,91.6000,72.938133,285500,0,1,104.254680
2013-01-29,91.6000,72.938133,85300,0,1,104.254680
2013-01-30,91.6000,72.938133,160750,0,1,104.254680
2013-01-31,91.6200,72.954056,168450,0,1,104.277443
2013-02-01,91.6000,72.938133,171650,0,1,104.254680
2013-02-04,91.6000,72.938133,112550,0,1,104.254680
2013-02-05,91.6200,72.954056,165500,0,1,104.277443
2013-02-06,91.6200,72.954056,282550,0,1,104.277443
2013-02-07,91.6200,72.954056,50900,0,1,104.277443
2013-02-08,91.6200,72.954056,579750,0,1,104.277443
2013-02-11,91.6200,72.954056,205000,0,1,104.277443
2013-02-12,91.6200,72.954056,195600,0,1,104.277443
2013-02-13,91.6000,72.938133,98300,0,1,104.254680
2013-02-14,91.6200,72.954056,116500,0,1,104.277443
2013-02-15,91.6000,72.938133,51900,0,1,104.254680
2013-02-19,91.6000,72.938133,89200,0,1,104.254680
2013-02-20,91.6200,72.954056,110450,0,1,104.277443
2013-02-21,91.6000,72.938133,290850,0,1,104.254680
2013-02-22,91.6200,72.954056,70800,0,1,104.277443
2013-02-25,91.6000,72.938133,125400,0,1,104.254680
2013-02-26,91.6000,72.938133,145250,0,1,104.254680
2013-02-27,91.6200,72.954056,101600,0,1,104.277443
2013-02-28,91.6200,72.954056,328500,0,1,104.277443
2013-03-01,91.6200,72.954056,67500,0,1,104.277443
2013-03-04,91.6000,72.938133,86700,0,1,104.254680
2013-03-05,91.6200,72.954056,133700,0,1,104.277443
2013-03-06,91.6000,72.938133,186800,0,1,104.254680
2013-03-07,91.6200,72.954056,58250,0,1,104.277443
2013-03-08,91.6000,72.938133,291400,0,1,104.254680
2013-03-11,91.6200,72.954056,126700,0,1,104.277443
2013-03-12,91.6000,72.938133,159950,0,1,104.254680
2013-03-13,91.6200,72.954056,161300,0,1,104.277443
2013-03-14,91.6200,72.954056,105100,0,1,104.277443
2013-03-15,91.6200,72.954056,176800,0,1,104.277443
2013-03-18,91.6000,72.938133,2238950,0,1,104.254680
2013-03-19,91.6000,72.938133,93550,0,1,104.254680
2013-03-20,91.6000,72.938133,140850,0,1,104.254680
2013-03-21,91.6000,72.938133,61650,0,1,104.254680
2013-03-22,91.6200,72.954056,83900,0,1,104.277443
2013-03-25,91.6000,72.938133,338550,0,1,104.254680
2013-03-26,91.6200,72.954056,119100,0,1,104.277443
2013-03-27,91.6000,72.938133,262850,0,1,104.254680
2013-03-28,91.6200,72.954056,97800,0,1,104.277443
2013-04-01,91.6000,72.938133,182100,0,1,104.254680
2013-04-02,91.6200,72.954056,139900,0,1,104.277443
2013-04-03,91.6000,72.938133,143350,0,1,104.254680
2013-04-04,91.6000,72.938133,91800,0,1,104.254680
2013-04-05,91.6200,72.954056,182250,0,1,104.277443
2013-04-08,91.6200,72.954056,113900,0,1,104.277443
2013-04-09,91.6200,72.954056,82300,0,1,104.277443
2013-04-10,91.6200,72.954056,74250,0,1,104.277443
2013-04-11,91.6000,72.938133,281900,0,1,104.254680
2013-04-12,91.6200,72.954056,91650,0,1,104.277443
2013-04-15,91.6200,72.954056,146050,0,1,104.277443
2013-04-16,91.6200,72.954056,90350,0,1,104.277443
2013-04-17,91.6200,72.954056,73450,0,1,104.277443
2013-04-18,91.6000,72.938133,247100,0,1,104.254680
2013-04-19,91.6200,72.954056,90300,0,1,104.277443
2013-04-22,91.6200,72.954056,57250,0,1,104.277443
2013-04-23,91.6200,72.954056,355500,0,1,104.277443
2013-04-24,91.6200,72.954056,159900,0,1,104.277443
2013-04-25,91.6000,72.938133,104750,0,1,104.254680
2013-04-26,91.6000,72.938133,81500,0,1,104.254680
2013-04-29,91.6000,72.938133,117850,0,1,104.254680
2013-04-30,91.6000,72.938133,184450,0,1,104.254680
2013-05-01,91.6000,72.938133,704750,0,1,104.254680
2013-05-02,91.6200,72.954056,71800,0,1,104.277443
2013-05-03,91.6000,72.938133,263600,0,1,104.254680
2013-05-06,91.6000,72.938133,117300,0,1,104.254680
2013-05-07,91.6000,72.938133,51250,0,1,104.254680
2013-05-08,91.6200,72.954056,186750,0,1,104.277443
2013-05-09,91.6200,72.954056,59800,0,1,104.277443
2013-05-10,91.6000,72.938133,77150,0,1,104.254680
2013-05-13,91.6200,72.954056,90700,0,1,104.277443
2013-05-14,91.6000,72.938133,441750,0,1,104.254680
2013-05-15,91.6000,72.938133,110150,0,1,104.254680
2013-05-16,91.6000,72.938133,163650,0,1,104.254680
2013-05-17,91.6200,72.954056,181600,0,1,104.277443
2013-05-20,91.6000,72.938133,239050,0,1,104.254680
2013-05-21,91.6200,72.954056,113100,0,1,104.277443
2013-05-22,91.6200,72.954056,121000,0,1,104.277443
2013-05-23,91.6200,72.954056,434350,0,1,104.277443
2013-05-24,91.6200,72.954056,55200,0,1,104.277443
2013-05-28,91.6000,72.938133,110300,0,1,104.254680
2013-05-29,91.6200,72.954056,230750,0,1,104.277443
2013-05-30,91.6000,72.938133,92450,0,1,104.254680
2013-05-31,91.6200,72.954056,1031050,0,1,104.277443
2013-06-03,91.6200,72.954056,453450,0,1,104.277443
2013-06-04,91.6200,72.954056,147200,0,1,104.277443
2013-06-05,91.6200,72.954056,123150,0,1,104.277443
2013-06-06,91.6000,72.938133,2841800,0,1,104.254680
2013-06-07,91.6200,72.954056,275000,0,1,104.277443
2013-06-10,91.6000,72.938133,212800,0,1,104.254680
2013-06-11,91.6200,72.954056,160350,0,1,104.277443
2013-06-12,91.6000,72.938133,490050,0,1,104.254680
2013-06-13,91.6200,72.954056,2133200,0,1,104.277443
2013-06-14,91.6000,72.938133,350350,0,1,104.254680
2013-06-17,91.6000,72.938133,105150,0,1,104.254680
2013-06-18,91.6000,72.938133,169700,0,1,104.254680
2013-06-19,91.6000,72.938133,116200,0,1,104.254680
2013-06-20,91.6000,72.938133,1520400,0,1,104.254680
2013-06-21,91.6200,72.954056,444100,0,1,104.277443
2013-06-24,91.6200,72.954056,384500,0,1,104.277443
2013-06-25,91.6200,72.954056,3208500,0,1,104.277443
2013-06-26,91.6200,72.954056,473600,0,1,104.277443
2013-06-27,91.6000,72.938133,185250,0,1,104.254680
2013-06-28,91.6000,72.938133,1420750,0,1,104.254680
2013-07-01,91.6200,72.954056,437200,0,1,104.277443
2013-07-02,91.6000,72.938133,378300,0,1,104.254680
2013-07-03,91.6200,72.954056,208100,0,1,104.277443
2013-07-05,91.6200,72.954056,342300,0,1,104.277443
2013-07-08,91.5800,72.922195,152300,0,1,104.231917
2013-07-09,91.5800,72.922195,631600,0,1,104.231917
2013-07-10,91.5800,72.922195,239350,0,1,104.231917
2013-07-11,91.5800,72.922195,790050,0,1,104.231917
2013-07-12,91.5800,72.922195,254550,0,1,104.231917
2013-07-15,91.5800,72.922195,298700,0,1,104.231917
2013-07-16,91.5800,72.922195,146050,0,1,104.231917
2013-07-17,91.5800,72.922195,156600,0,1,104.231917
2013-07-18,91.6000,72.938133,168700,0,1,104.254680
2013-07-19,91.6000,72.938133,85550,0,1,104.254680
2013-07-22,91.6000,72.938133,421550,0,1,104.254680
2013-07-23,91.6000,72.938133,92900,0,1,104.254680
2013-07-24,91.6200,72.954056,747200,0,1,104.277443
2013-07-25,91.5800,72.922195,149550,0,1,104.231917
2013-07-26,91.5800,72.922195,378550,0,1,104.231917
2013-07-29,91.6000,72.938133,160600,0,1,104.254680
2013-07-30,91.5800,72.922195,172400,0,1,104.231917
2013-07-31,91.6000,72.938133,238800,0,1,104.254680
2013-08-01,91.5800,72.922195,207450,0,1,104.231917
2013-08-02,91.6000,72.938133,273800,0,1,104.254680
2013-08-05,91.6000,72.938133,149900,0,1,104.254680
2013-08-06,91.6000,72.938133,89300,0,1,104.254680
2013-08-07,91.5800,72.922195,97100,0,1,104.231917
2013-08-08,91.5800,72.922195,112050,0,1,104.231917
2013-08-09,91.6000,72.938133,172650,0,1,104.254680
2013-08-12,91.6000,72.938133,118550,0,1,104.254680
2013-08-13,91.6000,72.938133,60500,0,1,104.254680
2013-08-14,91.6000,72.938133,131400,0,1,104.254680
2013-08-15,91.6000,72.938133,668500,0,1,104.254680
2013-08-16,91.6000,72.938133,491950,0,1,104.254680
2013-08-19,91.5800,72.922195,233600,0,1,104.231917
2013-08-20,91.6000,72.938133,207650,0,1,104.254680
2013-08-21,91.6000,72.938133,244300,0,1,104.254680
2013-08-22,91.5800,72.922195,240850,0,1,104.231917
2013-08-23,91.6000,72.938133,86050,0,1,104.254680
2013-08-26,91.5800,72.922195,249800,0,1,104.231917
2013-08-27,91.5800,72.922195,231250,0,1,104.231917
2013-08-28,91.5800,72.922195,77950,0,1,104.231917
2013-08-29,91.6000,72.938133,133950,0,1,104.254680
2013-08-30,91.6000,72.938133,500900,0,1,104.254680
2013-09-03,91.6000,72.938133,370900,0,1,104.254680
2013-09-04,91.6000,72.938133,206500,0,1,104.254680
2013-09-05,91.6000,72.938133,527000,0,1,104.254680
2013-09-06,91.6000,72.938133,265500,0,1,104.254680
2013-09-09,91.5600,72.906265,903150,0,1,104.209154
2013-09-10,91.5800,72.922195,275950,0,1,104.231917
2013-09-11,91.5800,72.922195,417200,0,1,104.231917
2013-09-12,91.5800,72.922195,97150,0,1,104.231917
2013-09-13,91.6000,72.938133,355250,0,1,104.254680
2013-09-16,91.5800,72.922195,185150,0,1,104.231917
2013-09-17,91.5800,72.922195,158050,0,1,104.231917
2013-09-18,91.6000,72.938133,295750,0,1,104.254680
2013-09-19,91.6000,72.938133,206200,0,1,104.254680
2013-09-20,91.5800,72.922195,647550,0,1,104.231917
2013-09-23,91.5800,72.922195,191300,0,1,104.231917
2013-09-24,91.5800,72.922195,160600,0,1,104.231917
2013-09-25,91.5800,72.922195,83150,0,1,104.231917
2013-09-26,91.5800,72.922195,102050,0,1,104.231917
2013-09-27,91.5800,72.922195,247300,0,1,104.231917
2013-09-30,91.5800,72.922195,480950,0,1,104.231917
2013-10-01,91.6000,72.938133,2340450,0,1,104.254680
2013-10-02,91.6000,72.938133,185000,0,1,104.254680
2013-10-03,91.6000,72.938133,1240550,0,1,104.254680
2013-10-04,91.6000,72.938133,283800,0,1,104.254680
2013-10-07,91.6000,72.938133,203000,0,1,104.254680
2013-10-08,91.6000,72.938133,215850,0,1,104.254680
2013-10-09,91.5800,72.922195,325100,0,1,104.231917
2013-10-10,91.5600,72.906265,939600,0,1,104.209154
2013-10-11,91.5400,72.890366,6366750,0,1,104.186391
2013-10-14,91.5400,72.890366,150500,0,1,104.186391
2013-10-15,91.5400,72.890366,562650,0,1,104.186391
2013-10-16,91.5600,72.906265,945500,0,1,104.209154
2013-10-17,91.5600,72.906265,140350,0,1,104.209154
2013-10-18,91.5800,72.922195,197450,0,1,104.231917
2013-10-21,91.5800,72.922195,215550,0,1,104.231917
2013-10-22,91.5800,72.922195,100200,0,1,104.231917
2013-10-23,91.5800,72.922195,259950,0,1,104.231917
2013-10-24,91.5600,72.906265,149050,0,1,104.209154
2013-10-25,91.5800,72.922195,69650,0,1,104.231917
2013-10-28,91.5800,72.922195,88300,0,1,104.231917
2013-10-29,91.5600,72.906265,873700,0,1,104.209154
2013-10-30,91.5600,72.906265,399450,0,1,104.209154
2013-10-31,91.5600,72.906265,143900,0,1,104.209154
2013-11-01,91.5600,72.906265,539750,0,1,104.209154
2013-11-04,91.5600,72.906265,138100,0,1,104.209154
2013-11-05,91.5600,72.906265,85150,0,1,104.209154
2013-11-06,91.5800,72.922195,502800,0,1,104.231917
2013-11-07,91.5600,72.906265,156350,0,1,104.209154
2013-11-08,91.5600,72.906265,296000,0,1,104.209154
2013-11-11,91.5800,72.922195,125500,0,1,104.231917
2013-11-12,91.5800,72.922195,129600,0,1,104.231917
2013-11-13,91.5800,72.922195,117500,0,1,104.231917
2013-11-14,91.5600,72.906265,156700,0,1,104.209154
2013-11-15,91.5600,72.906265,91950,0,1,104.209154
2013-11-18,91.5600,72.906265,180200,0,1,104.209154
2013-11-19,91.5600,72.906265,93750,0,1,104.209154
2013-11-20,91.5600,72.906265,108300,0,1,104.209154
2013-11-21,91.5800,72.922195,287750,0,1,104.231917
2013-11-22,91.5600,72.906265,385000,0,1,104.209154
2013-11-25,91.5600,72.906265,630850,0,1,104.209154
2013-11-26,91.5600,72.906265,62550,0,1,104.209154
2013-11-27,91.5800,72.922195,145900,0,1,104.231917
2013-11-29,91.5400,72.890366,465750,0,1,104.186391
2013-12-02,91.5600,72.906265,187800,0,1,104.209154
2013-12-03,91.5800,72.922195,312850,0,1,104.231917
2013-12-04,91.5800,72.922195,329300,0,1,104.231917
2013-12-05,91.5800,72.922195,139800,0,1,104.231917
2013-12-06,91.5800,72.922195,188750,0,1,104.231917
2013-12-09,91.5800,72.922195,224250,0,1,104.231917
2013-12-10,91.5600,72.906265,66400,0,1,104.209154
2013-12-11,91.5800,72.922195,95000,0,1,104.231917
2013-12-12,91.5800,72.922195,1124650,0,1,104.231917
2013-12-13,91.5800,72.922195,75850,0,1,104.231917
2013-12-16,91.5600,72.906265,412600,0,1,104.209154
2013-12-17,91.5600,72.906265,112400,0,1,104.209154
2013-12-18,91.5800,72.922195,114400,0,1,104.231917
2013-12-19,91.5800,72.922195,1356750,0,1,104.231917
2013-12-20,91.5600,72.906265,715800,0,1,104.209154
2013-12-23,91.5600,72.906265,284700,0,1,104.209154
2013-12-24,91.5600,72.906265,111300,0,1,104.209154
2013-12-26,91.5600,72.906265,81300,0,1,104.209154
2013-12-27,91.5800,72.922195,150600,0,1,104.231917
2013-12-30,91.5800,72.922195,83650,0,1,104.231917
2013-12-31,91.5400,72.890366,209300,0,1,104.186391
2014-01-02,91.5400,72.890366,265900,0,1,104.186391
2014-01-03,91.5600,72.906265,85850,0,1,104.209154
2014-01-06,91.5400,72.890366,166200,0,1,104.186391
2014-01-07,91.5600,72.906265,214700,0,1,104.209154
2014-01-08,91.5600,72.906265,120550,0,1,104.209154
2014-01-09,91.5400,72.890366,140700,0,1,104.186391
2014-01-10,91.5600,72.906265,100050,0,1,104.209154
2014-01-13,91.5600,72.906265,173550,0,1,104.209154
2014-01-14,91.5600,72.906265,188500,0,1,104.209154
2014-01-15,91.5600,72.906265,121500,0,1,104.209154
2014-01-16,91.5600,72.906265,176250,0,1,104.209154
2014-01-17,91.5400,72.890366,600450,0,1,104.186391
2014-01-21,91.5600,72.906265,216350,0,1,104.209154
2014-01-22,91.5600,72.906265,154400,0,1,104.209154
2014-01-23,91.5600,72.906265,174600,0,1,104.209154
2014-01-24,91.5400,72.890366,142100,0,1,104.186391
2014-01-27,91.5400,72.890366,332700,0,1,104.186391
2014-01-28,91.5400,72.890366,480150,0,1,104.186391
2014-01-29,91.5600,72.906265,146350,0,1,104.209154
2014-01-30,91.5600,72.906265,170050,0,1,104.209154
2014-01-31,91.5400,72.890366,336200,0,1,104.186391
2014-02-03,91.5400,72.890366,1180450,0,1,104.186391
2014-02-04,91.5600,72.906265,1322350,0,1,104.209154
2014-02-05,91.5400,72.890366,157650,0,1,104.186391
2014-02-06,91.5400,72.890366,253150,0,1,104.186391
2014-02-07,91.5600,72.906265,433800,0,1,104.209154
2014-02-10,91.5400,72.890366,1369150,0,1,104.186391
2014-02-11,91.5400,72.890366,915250,0,1,104.186391
2014-02-12,91.5600,72.906265,148050,0,1,104.209154
2014-02-13,91.5600,72.906265,471650,0,1,104.209154
2014-02-14,91.5600,72.906265,139650,0,1,104.209154
2014-02-18,91.5400,72.890366,303550,0,1,104.186391
2014-02-19,91.5600,72.906265,140100,0,1,104.209154
2014-02-20,91.5600,72.906265,240750,0,1,104.209154
2014-02-21,91.5400,72.890366,298050,0,1,104.186391
2014-02-24,91.5600,72.906265,613700,0,1,104.209154
2014-02-25,91.5600,72.906265,178000,0,1,104.209154
2014-02-26,91.5600,72.906265,87700,0,1,104.209154
2014-02-27,91.5400,72.890366,95300,0,1,104.186391
2014-02-28,91.5600,72.906265,167350,0,1,104.209154
2014-03-03,91.5600,72.906265,858450,0,1,104.209154
2014-03-04,91.5400,72.890366,490100,0,1,104.186391
2014-03-05,91.5600,72.906265,163600,0,1,104.209154
2014-03-06,91.5600,72.906265,159550,0,1,104.209154
2014-03-07,91.5400,72.890366,90550,0,1,104.186391
2014-03-10,91.5400,72.890366,293450,0,1,104.186391
2014-03-11,91.5400,72.890366,42250,0,1,104.186391
2014-03-12,91.5400,72.890366,115050,0,1,104.186391
2014-03-13,91.5400,72.890366,74750,0,1,104.186391
2014-03-14,91.5400,72.890366,1176050,0,1,104.186391
2014-03-17,91.5400,72.890366,504750,0,1,104.186391
2014-03-18,91.5400,72.890366,106400,0,1,104.186391
2014-03-19,91.5600,72.906265,97950,0,1,104.209154
2014-03-20,91.5400,72.890366,71650,0,1,104.186391
2014-03-21,91.5600,72.906265,138200,0,1,104.209154
2014-03-24,91.5600,72.906265,254350,0,1,104.209154
2014-03-25,91.5600,72.906265,73600,0,1,104.209154
2014-03-26,91.5400,72.890366,874300,0,1,104.186391
2014-03-27,91.5400,72.890366,66100,0,1,104.186391
2014-03-28,91.5400,72.890366,195500,0,1,104.186391
2014-03-31,91.5400,72.890366,425900,0,1,104.186391
2014-04-01,91.5400,72.890366,1279350,0,1,104.186391
2014-04-02,91.5400,72.890366,455200,0,1,104.186391
2014-04-03,91.5600,72.906265,131750,0,1,104.209154
2014-04-04,91.5400,72.890366,80750,0,1,104.186391
2014-04-07,91.5400,72.890366,1296300,0,1,104.186391
2014-04-08,91.5400,72.890366,402050,0,1,104.186391
2014-04-09,91.5400,72.890366,99600,0,1,104.186391
2014-04-10,91.5400,72.890366,66000,0,1,104.186391
2014-04-11,91.5400,72.890366,166600,0,1,104.186391
2014-04-14,91.5400,72.890366,299600,0,1,104.186391
2014-04-15,91.5400,72.890366,226800,0,1,104.186391
2014-04-16,91.5400,72.890366,88350,0,1,104.186391
2014-04-17,91.5600,72.906265,136850,0,1,104.209154
2014-04-21,91.5400,72.890366,127050,0,1,104.186391
2014-04-22,91.5200,72.874413,92550,0,1,104.163628
2014-04-23,91.5400,72.890366,188500,0,1,104.186391
2014-04-24,91.5400,72.890366,262250,0,1,104.186391
2014-04-25,91.5400,72.890366,110900,0,1,104.186391
2014-04-28,91.5400,72.890366,81100,0,1,104.186391
2014-04-29,91.5400,72.890366,101050,0,1,104.186391
2014-04-30,91.5400,72.890366,230600,0,1,104.186391
2014-05-01,91.5200,72.874413,152950,0,1,104.163628
2014-05-02,91.5400,72.890366,71850,0,1,104.186391
2014-05-05,91.5400,72.890366,164600,0,1,104.186391
2014-05-06,91.5200,72.874413,74800,0,1,104.163628
2014-05-07,91.5200,72.874413,75900,0,1,104.163628
2014-05-08,91.5200,72.874413,125300,0,1,104.163628
2014-05-09,91.5400,72.890366,71650,0,1,104.186391
2014-05-12,91.5200,72.874413,896250,0,1,104.163628
2014-05-13,91.5400,72.890366,173450,0,1,104.186391
2014-05-14,91.5400,72.890366,217900,0,1,104.186391
2014-05-15,91.5400,72.890366,193000,0,1,104.186391
2014-05-16,91.5400,72.890366,62550,0,1,104.186391
2014-05-19,91.5400,72.890366,265750,0,1,104.186391
2014-05-20,91.5400,72.890366,94850,0,1,104.186391
2014-05-21,91.5200,72.874413,65450,0,1,104.163628
2014-05-22,91.5200,72.874413,130950,0,1,104.163628
2014-05-23,91.5400,72.890366,101500,0,1,104.186391
2014-05-27,91.5200,72.874413,87000,0,1,104.163628
2014-05-28,91.5400,72.890366,89300,0,1,104.186391
2014-05-29,91.5200,72.874413,90150,0,1,104.163628
2014-05-30,91.5400,72.890366,213000,0,1,104.186391
2014-06-02,91.5200,72.874413,66000,0,1,104.163628
2014-06-03,91.5200,72.874413,135950,0,1,104.163628
2014-06-04,91.5200,72.874413,158000,0,1,104.163628
2014-06-05,91.5200,72.874413,148000,0,1,104.163628
2014-06-06,91.5200,72.874413,142950,0,1,104.163628
2014-06-09,91.5400,72.890366,80650,0,1,104.186391
2014-06-10,91.5400,72.890366,153750,0,1,104.186391
2014-06-11,91.5200,72.874413,64100,0,1,104.163628
2014-06-12,91.5400,72.890366,96350,0,1,104.186391
2014-06-13,91.5200,72.874413,382650,0,1,104.163628
2014-06-16,91.5400,72.890366,601050,0,1,104.186391
2014-06-17,91.5200,72.874413,108500,0,1,104.163628
2014-06-18,91.5400,72.890366,205950,0,1,104.186391
2014-06-19,91.5400,72.890366,75700,0,1,104.186391
2014-06-20,91.5400,72.890366,116850,0,1,104.186391
2014-06-23,91.5400,72.890366,143400,0,1,104.186391
2014-06-24,91.5400,72.890366,86900,0,1,104.186391
2014-06-25,91.5200,72.874413,56800,0,1,104.163628
2014-06-26,91.5200,72.874413,120600,0,1,104.163628
2014-06-27,91.5400,72.890366,210550,0,1,104.186391
2014-06-30,91.5200,72.874413,89300,0,1,104.163628
2014-07-01,91.5400,72.890366,145650,0,1,104.186391
2014-07-02,91.5400,72.890366,217800,0,1,104.186391
2014-07-03,91.5200,72.874413,74100,0,1,104.163628
2014-07-07,91.5400,72.890366,357200,0,1,104.186391
2014-07-08,91.5400,72.890366,230900,0,1,104.186391
2014-07-09,91.5200,72.874413,84150,0,1,104.163628
2014-07-10,91.5200,72.874413,444400,0,1,104.163628
2014-07-11,91.5200,72.874413,63350,0,1,104.163628
2014-07-14,91.5200,72.874413,137450,0,1,104.163628
2014-07-15,91.5200,72.874413,122150,0,1,104.163628
2014-07-16,91.5200,72.874413,89250,0,1,104.163628
2014-07-17,91.5200,72.874413,69450,0,1,104.163628
2014-07-18,91.5000,72.858505,99150,0,1,104.140865
2014-07-21,91.5200,72.874413,190300,0,1,104.163628
2014-07-22,91.5000,72.858505,347500,0,1,104.140865
2014-07-23,91.5200,72.874413,167400,0,1,104.163628
2014-07-24,91.5200,72.874413,441050,0,1,104.163628
2014-07-25,91.5200,72.874413,73150,0,1,104.163628
2014-07-28,91.5200,72.874413,73150,0,1,104.163628
2014-07-29,91.5200,72.874413,123900,0,1,104.163628
2014-07-30,91.5200,72.874413,48500,0,1,104.163628
2014-07-31,91.5000,72.858505,185050,0,1,104.140865
2014-08-01,91.5200,72.874413,809650,0,1,104.163628
2014-08-04,91.5200,72.874413,385750,0,1,104.163628
2014-08-05,91.5000,72.858505,175300,0,1,104.140865
2014-08-06,91.5000,72.858505,108550,0,1,104.140865
2014-08-07,91.5200,72.874413,115550,0,1,104.163628
2014-08-08,91.5000,72.858505,351600,0,1,104.140865
2014-08-11,91.5000,72.858505,475700,0,1,104.140865
2014-08-12,91.5000,72.858505,103950,0,1,104.140865
2014-08-13,91.5200,72.874413,234700,0,1,104.163628
2014-08-14,91.5000,72.858505,463700,0,1,104.140865
2014-08-15,91.5200,72.874413,223000,0,1,104.163628
2014-08-18,91.5000,72.858505,526850,0,1,104.140865
2014-08-19,91.5200,72.874413,502550,0,1,104.163628
2014-08-20,91.5000,72.858505,63650,0,1,104.140865
2014-08-21,91.5200,72.874413,214700,0,1,104.163628
2014-08-22,91.5200,72.874413,84050,0,1,104.163628
2014-08-25,91.5200,72.874413,587300,0,1,104.163628
2014-08-26,91.5200,72.874413,100350,0,1,104.163628
2014-08-27,91.5000,72.858505,348050,0,1,104.140865
2014-08-28,91.5200,72.874413,145100,0,1,104.163628
2014-08-29,91.5200,72.874413,66950,0,1,104.163628
2014-09-02,91.5000,72.858505,598400,0,1,104.140865
2014-09-03,91.5200,72.874413,39450,0,1,104.163628
2014-09-04,91.5000,72.858505,105250,0,1,104.140865
2014-09-05,91.5200,72.874413,105200,0,1,104.163628
2014-09-08,91.5000,72.858505,116700,0,1,104.140865
2014-09-09,91.5000,72.858505,64600,0,1,104.140865
2014-09-10,91.5200,72.874413,78350,0,1,104.163628
2014-09-11,91.5000,72.858505,70400,0,1,104.140865
2014-09-12,91.5000,72.858505,163750,0,1,104.140865
2014-09-15,91.5000,72.858505,143250,0,1,104.140865
2014-09-16,91.5000,72.858505,115400,0,1,104.140865
2014-09-17,91.5000,72.858505,359300,0,1,104.140865
2014-09-18,91.5200,72.874413,92100,0,1,104.163628
2014-09-19,91.5200,72.874413,146050,0,1,104.163628
2014-09-22,91.5200,72.874413,1013800,0,1,104.163628
2014-09-23,91.5200,72.874413,112100,0,1,104.163628
2014-09-24,91.5200,72.874413,65150,0,1,104.163628
2014-09-25,91.5200,72.874413,109700,0,1,104.163628
2014-09-26,91.5200,72.874413,54750,0,1,104.163628
2014-09-29,91.5000,72.858505,139600,0,1,104.140865
2014-09-30,91.5200,72.874413,251150,0,1,104.163628
2014-10-01,91.5200,72.874413,663450,0,1,104.163628
2014-10-02,91.5200,72.874413,269900,0,1,104.163628
2014-10-03,91.4800,72.842529,650100,0,1,104.118102
2014-10-06,91.4800,72.842529,237100,0,1,104.118102
2014-10-07,91.5000,72.858505,134150,0,1,104.140865
2014-10-08,91.5000,72.858505,147550,0,1,104.140865
2014-10-09,91.5000,72.858505,978250,0,1,104.140865
2014-10-10,91.5000,72.858505,581100,0,1,104.140865
2014-10-13,91.5000,72.858505,722250,0,1,104.140865
2014-10-14,91.4800,72.842529,424150,0,1,104.118102
2014-10-15,91.4800,72.842529,369600,0,1,104.118102
2014-10-16,91.5000,72.858505,601100,0,1,104.140865
2014-10-17,91.5000,72.858505,683350,0,1,104.140865
2014-10-20,91.5000,72.858505,4556600,0,1,104.140865
2014-10-21,91.4800,72.842529,2076600,0,1,104.118102
2014-10-22,91.5000,72.858505,1261150,0,1,104.140865
2014-10-23,91.4800,72.842529,218100,0,1,104.118102
2014-10-24,91.4800,72.842529,197200,0,1,104.118102
2014-10-27,91.4800,72.842529,1660850,0,1,104.118102
2014-10-28,91.4800,72.842529,2536000,0,1,104.118102
2014-10-29,91.5000,72.858505,725950,0,1,104.140865
2014-10-30,91.4800,72.842529,284950,0,1,104.118102
2014-10-31,91.5000,72.858505,1133200,0,1,104.140865
2014-11-03,91.4800,72.842529,9501200,0,1,104.118102
2014-11-04,91.5000,72.858505,322350,0,1,104.140865
2014-11-05,91.4800,72.842529,663100,0,1,104.118102
2014-11-06,91.5000,72.858505,407200,0,1,104.140865
2014-11-07,91.4800,72.842529,114000,0,1,104.118102
2014-11-10,91.5000,72.858505,185550,0,1,104.140865
2014-11-11,91.5000,72.858505,128400,0,1,104.140865
2014-11-12,91.5000,72.858505,645000,0,1,104.140865
2014-11-13,91.4800,72.842529,245250,0,1,104.118102
2014-11-14,91.4800,72.842529,231900,0,1,104.118102
2014-11-17,91.5000,72.858505,126500,0,1,104.140865
2014-11-18,91.4800,72.842529,794700,0,1,104.118102
2014-11-19,91.4800,72.842529,272750,0,1,104.118102
2014-11-20,91.4800,72.842529,276000,0,1,104.118102
2014-11-21,91.4800,72.842529,292700,0,1,104.118102
2014-11-24,91.5000,72.858505,891550,0,1,104.140865
2014-11-25,91.5000,72.858505,209000,0,1,104.140865
2014-11-26,91.4800,72.842529,897100,0,1,104.118102
2014-11-28,91.5000,72.858505,383200,0,1,104.140865
2014-12-01,91.4800,72.842529,424600,0,1,104.118102
2014-12-02,91.4800,72.842529,179150,0,1,104.118102
2014-12-03,91.4800,72.842529,685850,0,1,104.118102
2014-12-04,91.4800,72.842529,298650,0,1,104.118102
2014-12-05,91.5000,72.858505,540700,0,1,104.140865
2014-12-08,91.5000,72.858505,511500,0,1,104.140865
2014-12-09,91.4800,72.842529,672150,0,1,104.118102
2014-12-10,91.4800,72.842529,1242800,0,1,104.118102
2014-12-11,91.4800,72.842529,409400,0,1,104.118102
2014-12-12,91.5000,72.858505,1708100,0,1,104.140865
2014-12-15,91.4600,72.826668,1886200,0,1,104.095338
2014-12-16,91.4600,72.826668,1782450,0,1,104.095338
2014-12-17,91.4600,72.826668,2119950,0,1,104.095338
2014-12-18,91.4800,72.842529,3397250,0,1,104.118102
2014-12-19,91.4600,72.826668,692250,0,1,104.095338
2014-12-22,91.4600,72.826668,5710200,0,1,104.095338
2014-12-23,91.4600,72.826668,1548400,0,1,104.095338
2014-12-24,91.4800,72.842529,769050,0,1,104.118102
2014-12-26,91.4600,72.826668,147500,0,1,104.095338
2014-12-29,91.4600,72.826668,1374000,0,1,104.095338
2014-12-30,91.4600,72.826668,1417950,0,1,104.095338
2014-12-31,91.4800,72.842529,348100,0,1,104.118102
2015-01-02,91.4600,72.826668,341000,0,1,104.095338
2015-01-05,91.4800,72.842529,2518350,0,1,104.118102
2015-01-06,91.4600,72.826668,541250,0,1,104.095338
2015-01-07,91.4600,72.826668,153800,0,1,104.095338
2015-01-08,91.4600,72.826668,236450,0,1,104.095338
2015-01-09,91.4600,72.826668,109650,0,1,104.095338
2015-01-12,91.4600,72.826668,221000,0,1,104.095338
2015-01-13,91.4600,72.826668,517300,0,1,104.095338
2015-01-14,91.4600,72.826668,57500,0,1,104.095338
2015-01-15,91.4600,72.826668,270150,0,1,104.095338
2015-01-16,91.4600,72.826668,738950,0,1,104.095338
2015-01-20,91.4600,72.826668,629400,0,1,104.095338
2015-01-21,91.4800,72.842529,952400,0,1,104.118102
2015-01-22,91.4600,72.826668,1430950,0,1,104.095338
2015-01-23,91.4800,72.842529,508000,0,1,104.118102
2015-01-26,91.4800,72.842529,320600,0,1,104.118102
2015-01-27,91.4800,72.842529,191400,0,1,104.118102
2015-01-28,91.4600,72.826668,268900,0,1,104.095338
2015-01-29,91.4600,72.826668,554550,0,1,104.095338
2015-01-30,91.4600,72.826668,205700,0,1,104.095338
2015-02-02,91.4600,72.826668,3557500,0,1,104.095338
2015-02-03,91.4800,72.842529,266100,0,1,104.118102
2015-02-04,91.4600,72.826668,214200,0,1,104.095338
2015-02-05,91.4600,72.826668,414800,0,1,104.095338
2015-02-06,91.4600,72.826668,291750,0,1,104.095338
2015-02-09,91.4400,72.810707,147050,0,1,104.072575
2015-02-10,91.4600,72.826668,170450,0,1,104.095338
2015-02-11,91.4400,72.810707,493200,0,1,104.072575
2015-02-12,91.4400,72.810707,87100,0,1,104.072575
2015-02-13,91.4600,72.826668,383100,0,1,104.095338
2015-02-17,91.4600,72.826668,402400,0,1,104.095338
2015-02-18,91.4600,72.826668,143050,0,1,104.095338
2015-02-19,91.4600,72.826668,167200,0,1,104.095338
2015-02-20,91.4400,72.810707,145450,0,1,104.072575
2015-02-23,91.4600,72.826668,607650,0,1,104.095338
2015-02-24,91.4400,72.810707,330250,0,1,104.072575
2015-02-25,91.4600,72.826668,522850,0,1,104.095338
2015-02-26,91.4400,72.810707,167000,0,1,104.072575
2015-02-27,91.4600,72.826668,200450,0,1,104.095338
2015-03-02,91.4400,72.810707,462650,0,1,104.072575
2015-03-03,91.4600,72.826668,503200,0,1,104.095338
2015-03-04,91.4600,72.826668,124500,0,1,104.095338
2015-03-05,91.4600,72.826668,130450,0,1,104.095338
2015-03-06,91.4400,72.810707,262500,0,1,104.072575
2015-03-09,91.4600,72.826668,986450,0,1,104.095338
2015-03-10,91.4600,72.826668,232150,0,1,104.095338
2015-03-11,91.4600,72.826668,170050,0,1,104.095338
2015-03-12,91.4400,72.810707,812300,0,1,104.072575
2015-03-13,91.4600,72.826668,415650,0,1,104.095338
2015-03-16,91.4600,72.826668,491350,0,1,104.095338
2015-03-17,91.4600,72.826668,429350,0,1,104.095338
2015-03-18,91.4600,72.826668,672550,0,1,104.095338
2015-03-19,91.4600,72.826668,459750,0,1,104.095338
2015-03-20,91.4600,72.826668,183450,0,1,104.095338
2015-03-23,91.4400,72.810707,552400,0,1,104.072575
2015-03-24,91.4600,72.826668,590450,0,1,104.095338
2015-03-25,91.4400,72.810707,983250,0,1,104.072575
2015-03-26,91.4400,72.810707,782950,0,1,104.072575
2015-03-27,91.4400,72.810707,254350,0,1,104.072575
2015-03-30,91.4200,72.794823,648400,0,1,104.049812
2015-03-31,91.4600,72.826668,704400,0,1,104.095338
2015-04-01,91.4200,72.794823,598050,0,1,104.049812
2015-04-02,91.4400,72.810707,126500,0,1,104.072575
2015-04-06,91.4400,72.810707,302550,0,1,104.072575
2015-04-07,91.4600,72.826668,128100,0,1,104.095338
2015-04-08,91.4600,72.826668,244900,0,1,104.095338
2015-04-09,91.4400,72.810707,257750,0,1,104.072575
2015-04-10,91.4400,72.810707,159800,0,1,104.072575
2015-04-13,91.4200,72.794823,84550,0,1,104.049812
2015-04-14,91.4400,72.810707,72500,0,1,104.072575
2015-04-15,91.4200,72.794823,105950,0,1,104.049812
2015-04-16,91.4400,72.810707,187450,0,1,104.072575
2015-04-17,91.4200,72.794823,182550,0,1,104.049812
2015-04-20,91.4200,72.794823,130500,0,1,104.049812
2015-04-21,91.4400,72.810707,125850,0,1,104.072575
2015-04-22,91.4200,72.794823,186350,0,1,104.049812
2015-04-23,91.4200,72.794823,132150,0,1,104.049812
2015-04-24,91.4200,72.794823,119600,0,1,104.049812
2015-04-27,91.4400,72.810707,79500,0,1,104.072575
2015-04-28,91.4400,72.810707,79650,0,1,104.072575
2015-04-29,91.4400,72.810707,182600,0,1,104.072575
2015-04-30,91.4400,72.810707,388650,0,1,104.072575
2015-05-01,91.4200,72.794823,365700,0,1,104.049812
2015-05-04,91.4400,72.810707,296250,0,1,104.072575
2015-05-05,91.4400,72.810707,326750,0,1,104.072575
2015-05-06,91.4400,72.810707,442550,0,1,104.072575
2015-05-07,91.4200,72.794823,112850,0,1,104.049812
2015-05-08,91.4400,72.810707,289750,0,1,104.072575
2015-05-11,91.4200,72.794823,1544150,0,1,104.049812
2015-05-12,91.4400,72.810707,72450,0,1,104.072575
2015-05-13,91.4400,72.810707,173600,0,1,104.072575
2015-05-14,91.4200,72.794823,175950,0,1,104.049812
2015-05-15,91.4200,72.794823,101650,0,1,104.049812
2015-05-18,91.4200,72.794823,135000,0,1,104.049812
2015-05-19,91.4200,72.794823,470250,0,1,104.049812
2015-05-20,91.4200,72.794823,119050,0,1,104.049812
2015-05-21,91.4400,72.810707,651750,0,1,104.072575
2015-05-22,91.4400,72.810707,152300,0,1,104.072575
2015-05-26,91.4400,72.810707,503600,0,1,104.072575
2015-05-27,91.4400,72.810707,351200,0,1,104.072575
2015-05-28,91.4200,72.794823,148950,0,1,104.049812
2015-05-29,91.4200,72.794823,181050,0,1,104.049812
2015-06-01,91.4200,72.794823,352100,0,1,104.049812
2015-06-02,91.4400,72.810707,169700,0,1,104.072575
2015-06-03,91.4400,72.810707,2925700,0,1,104.072575
2015-06-04,91.4200,72.794823,241400,0,1,104.049812
2015-06-05,91.4200,72.794823,360750,0,1,104.049812
2015-06-08,91.4000,72.778870,209150,0,1,104.027049
2015-06-09,91.4000,72.778870,143850,0,1,104.027049
2015-06-10,91.4200,72.794823,664400,0,1,104.049812
2015-06-11,91.4400,72.810707,330100,0,1,104.072575
2015-06-12,91.4200,72.794823,66900,0,1,104.049812
2015-06-15,91.4400,72.810707,170800,0,1,104.072575
2015-06-16,91.4000,72.778870,177700,0,1,104.027049
2015-06-17,91.4400,72.810707,315600,0,1,104.072575
2015-06-18,91.4000,72.778870,208000,0,1,104.027049
2015-06-19,91.4000,72.778870,59050,0,1,104.027049
2015-06-22,91.4200,72.794823,253550,0,1,104.049812
2015-06-23,91.4000,72.778870,423750,0,1,104.027049
2015-06-24,91.4000,72.778870,60750,0,1,104.027049
2015-06-25,91.4200,72.794823,240050,0,1,104.049812
2015-06-26,91.4000,72.778870,113450,0,1,104.027049
2015-06-29,91.4200,72.794823,2018150,0,1,104.049812
2015-06-30,91.4200,72.794823,363000,0,1,104.049812
2015-07-01,91.4200,72.794823,555650,0,1,104.049812
2015-07-02,91.4200,72.794823,623300,0,1,104.049812
2015-07-06,91.4200,72.794823,178400,0,1,104.049812
2015-07-07,91.4000,72.778870,430250,0,1,104.027049
2015-07-08,91.4000,72.778870,408150,0,1,104.027049
2015-07-09,91.4000,72.778870,228900,0,1,104.027049
2015-07-10,91.4000,72.778870,208650,0,1,104.027049
2015-07-13,91.4000,72.778870,438200,0,1,104.027049
2015-07-14,91.4200,72.794823,482900,0,1,104.049812
2015-07-15,91.4000,72.778870,77250,0,1,104.027049
2015-07-16,91.4000,72.778870,680000,0,1,104.027049
2015-07-17,91.4200,72.794823,347200,0,1,104.049812
2015-07-20,91.4000,72.778870,299400,0,1,104.027049
2015-07-21,91.4200,72.794823,530500,0,1,104.049812
2015-07-22,91.4000,72.778870,941000,0,1,104.027049
2015-07-23,91.4000,72.778870,111100,0,1,104.027049
2015-07-24,91.4200,72.794823,148250,0,1,104.049812
2015-07-27,91.4000,72.778870,436900,0,1,104.027049
2015-07-28,91.4000,72.778870,471900,0,1,104.027049
2015-07-29,91.4200,72.794823,264400,0,1,104.049812
2015-07-30,91.4200,72.794823,125550,0,1,104.049812
2015-07-31,91.4200,72.794823,788850,0,1,104.049812
2015-08-03,91.4200,72.794823,501750,0,1,104.049812
2015-08-04,91.4000,72.778870,2544550,0,1,104.027049
2015-08-05,91.4000,72.778870,235700,0,1,104.027049
2015-08-06,91.4000,72.778870,147700,0,1,104.027049
2015-08-07,91.4000,72.778870,86700,0,1,104.027049
2015-08-10,91.4200,72.794823,396250,0,1,104.049812
2015-08-11,91.4000,72.778870,31100,0,1,104.027049
2015-08-12,91.4000,72.778870,258300,0,1,104.027049
2015-08-13,91.4000,72.778870,57450,0,1,104.027049
2015-08-14,91.3800,72.762955,275200,0,1,104.004286
2015-08-17,91.3800,72.762955,198950,0,1,104.004286
2015-08-18,91.4000,72.778870,196700,0,1,104.027049
2015-08-19,91.4200,72.794823,219200,0,1,104.049812
2015-08-20,91.4000,72.778870,117100,0,1,104.027049
2015-08-21,91.4000,72.778870,1321450,0,1,104.027049
2015-08-24,91.4000,72.778870,3923250,0,1,104.027049
2015-08-25,91.4000,72.778870,3951700,0,1,104.027049
2015-08-26,91.4200,72.794823,1379650,0,1,104.049812
2015-08-27,91.4000,72.778870,303350,0,1,104.027049
2015-08-28,91.4200,72.794823,2947150,0,1,104.049812
2015-08-31,91.4200,72.794823,2775450,0,1,104.049812
2015-09-01,91.4200,72.794823,1368350,0,1,104.049812
2015-09-02,91.4000,72.778870,610700,0,1,104.027049
2015-09-03,91.4200,72.794823,313500,0,1,104.049812
2015-09-04,91.4000,72.778870,461550,0,1,104.027049
2015-09-08,91.4000,72.778870,1896250,0,1,104.027049
2015-09-09,91.4000,72.778870,223500,0,1,104.027049
2015-09-10,91.3800,72.762955,432750,0,1,104.004286
2015-09-11,91.4000,72.778870,273400,0,1,104.027049
2015-09-14,91.4000,72.778870,457050,0,1,104.027049
2015-09-15,91.3800,72.762955,201950,0,1,104.004286
2015-09-16,91.3800,72.762955,321450,0,1,104.004286
2015-09-17,91.3800,72.762955,425000,0,1,104.004286
2015-09-18,91.3800,72.762955,390500,0,1,104.004286
2015-09-21,91.4000,72.778870,281400,0,1,104.027049
2015-09-22,91.4000,72.778870,180850,0,1,104.027049
2015-09-23,91.3800,72.762955,223500,0,1,104.004286
2015-09-24,91.3800,72.762955,462750,0,1,104.004286
2015-09-25,91.3800,72.762955,554550,0,1,104.004286
2015-09-28,91.4000,72.778870,267100,0,1,104.027049
2015-09-29,91.4000,72.778870,1344350,0,1,104.027049
2015-09-30,91.3800,72.762955,494800,0,1,104.004286
2015-10-01,91.4000,72.778870,2686650,0,1,104.027049
2015-10-02,91.4000,72.778870,2358450,0,1,104.027049
2015-10-05,91.3800,72.762955,696850,0,1,104.004286
2015-10-06,91.3800,72.762955,1357750,0,1,104.004286
2015-10-07,91.3800,72.762955,716550,0,1,104.004286
2015-10-08,91.3800,72.762955,275100,0,1,104.004286
2015-10-09,91.3800,72.762955,774950,0,1,104.004286
2015-10-12,91.3800,72.762955,3216300,0,1,104.004286
2015-10-13,91.3800,72.762955,736400,0,1,104.004286
2015-10-14,91.3800,72.762955,370550,0,1,104.004286
2015-10-15,91.3800,72.762955,151850,0,1,104.004286
2015-10-16,91.3800,72.762955,577950,0,1,104.004286
2015-10-19,91.3800,72.762955,917200,0,1,104.004286
2015-10-20,91.3600,72.747025,546750,0,1,103.981523
2015-10-21,91.3800,72.762955,277100,0,1,104.004286
2015-10-22,91.3800,72.762955,327100,0,1,104.004286
2015-10-23,91.3800,72.762955,743550,0,1,104.004286
2015-10-26,91.3600,72.747025,1571850,0,1,103.981523
2015-10-27,91.3600,72.747025,231450,0,1,103.981523
2015-10-28,91.3600,72.747025,817900,0,1,103.981523
2015-10-29,91.3600,72.747025,429000,0,1,103.981523
2015-10-30,91.3600,72.747025,697900,0,1,103.981523
2015-11-02,91.3600,72.747025,8863450,0,1,103.981523
2015-11-03,91.3800,72.762955,532200,0,1,104.004286
2015-11-04,91.3600,72.747025,1298100,0,1,103.981523
2015-11-05,91.3600,72.747025,156000,0,1,103.981523
2015-11-06,91.3600,72.747025,956000,0,1,103.981523
2015-11-09,91.3800,72.762955,341650,0,1,104.004286
2015-11-10,91.3600,72.747025,1268400,0,1,103.981523
2015-11-11,91.3800,72.762955,268400,0,1,104.004286
2015-11-12,91.3800,72.762955,107150,0,1,104.004286
2015-11-13,91.3600,72.747025,357700,0,1,103.981523
2015-11-16,91.3800,72.762955,1754800,0,1,104.004286
2015-11-17,91.3600,72.747025,230100,0,1,103.981523
2015-11-18,91.3600,72.747025,454100,0,1,103.981523
2015-11-19,91.3800,72.762955,116100,0,1,104.004286
2015-11-20,91.3600,72.747025,536200,0,1,103.981523
2015-11-23,91.3800,72.762955,1124550,0,1,104.004286
2015-11-24,91.3600,72.747025,686550,0,1,103.981523
2015-11-25,91.3600,72.747025,695700,0,1,103.981523
2015-11-27,91.3800,72.762955,3610850,0,1,104.004286
2015-11-30,91.3800,72.762955,153550,0,1,104.004286
2015-12-01,91.3600,72.747025,183750,0,1,103.981523
2015-12-02,91.3600,72.747025,520800,0,1,103.981523
2015-12-03,91.3800,72.762955,529300,0,1,104.004286
2015-12-04,91.3800,72.762955,398850,0,1,104.004286
2015-12-07,91.3800,72.762955,239750,0,1,104.004286
2015-12-08,91.3600,72.747025,101150,0,1,103.981523
2015-12-09,91.3400,72.731094,411700,0,1,103.958760
2015-12-10,91.3600,72.747025,581700,0,1,103.981523
2015-12-11,91.3800,72.762955,673250,0,1,104.004286
2015-12-14,91.3800,72.762955,4853350,0,1,104.004286
2015-12-15,91.3600,72.747025,2550350,0,1,103.981523
2015-12-16,91.3800,72.762955,623400,0,1,104.004286
2015-12-17,91.3600,72.747025,1134550,0,1,103.981523
2015-12-18,91.3800,72.762955,877500,0,1,104.004286
2015-12-21,91.3600,72.747025,1594500,0,1,103.981523
2015-12-22,91.3600,72.747025,988400,0,1,103.981523
2015-12-23,91.3600,72.747025,247900,0,1,103.981523
2015-12-24,91.3800,72.762955,521050,0,1,104.004286
2015-12-28,91.3600,72.747025,243750,0,1,103.981523
2015-12-29,91.3600,72.747025,173050,0,1,103.981523
2015-12-30,91.3800,72.762955,299100,0,1,104.004286
2015-12-31,91.3600,72.747025,447800,0,1,103.981523
2016-01-04,91.3800,72.762955,1065800,0,1,104.004286
2016-01-05,91.3800,72.762955,4878450,0,1,104.004286
2016-01-06,91.3400,72.731094,377400,0,1,103.958760
2016-01-07,91.3600,72.747025,651350,0,1,103.981523
2016-01-08,91.3600,72.747025,585650,0,1,103.981523
2016-01-11,91.3600,72.747025,1457550,0,1,103.981523
2016-01-12,91.3800,72.762955,441900,0,1,104.004286
2016-01-13,91.3600,72.747025,2031450,0,1,103.981523
2016-01-14,91.3400,72.731094,1757450,0,1,103.958760
2016-01-15,91.3400,72.731094,601550,0,1,103.958760
2016-01-19,91.3600,72.747025,4424450,0,1,103.981523
2016-01-20,91.3600,72.747025,738700,0,1,103.981523
2016-01-21,91.3800,72.762955,1290650,0,1,104.004286
2016-01-22,91.3400,72.731094,1004350,0,1,103.958760
2016-01-25,91.3600,72.747025,605250,0,1,103.981523
2016-01-26,91.3400,72.731094,311800,0,1,103.958760
2016-01-27,91.3600,72.747025,1668300,0,1,103.981523
2016-01-28,91.3600,72.747025,163800,0,1,103.981523
2016-01-29,91.3800,72.762955,793200,0,1,104.004286
2016-02-01,91.3400,72.731094,844900,0,1,103.958760
2016-02-02,91.3400,72.731094,1627300,0,1,103.958760
2016-02-03,91.3600,72.747025,2395650,0,1,103.981523
2016-02-04,91.3800,72.762955,275450,0,1,104.004286
2016-02-05,91.3800,72.762955,324200,0,1,104.004286
2016-02-08,91.3600,72.747025,599450,0,1,103.981523
2016-02-09,91.3800,72.762955,869550,0,1,104.004286
2016-02-10,91.3600,72.747025,610950,0,1,103.981523
2016-02-11,91.3800,72.762955,465450,0,1,104.004286
2016-02-12,91.3600,72.747025,438850,0,1,103.981523
2016-02-16,91.3600,72.747025,392650,0,1,103.981523
2016-02-17,91.3600,72.747025,1282250,0,1,103.981523
2016-02-18,91.3800,72.762955,712250,0,1,104.004286
2016-02-19,91.3800,72.762955,911150,0,1,104.004286
2016-02-22,91.3800,72.762955,201600,0,1,104.004286
2016-02-23,91.3600,72.747025,1000450,0,1,103.981523
2016-02-24,91.3800,72.762955,664950,0,1,104.004286
2016-02-25,91.3600,72.747025,1243200,0,1,103.981523
2016-02-26,91.3600,72.747025,883250,0,1,103.981523
2016-02-29,91.3800,72.762955,1613200,0,1,104.004286
2016-03-01,91.3800,72.762955,630600,0,1,104.004286
2016-03-02,91.3600,72.747025,1869950,0,1,103.981523
2016-03-03,91.3800,72.762955,1296950,0,1,104.004286
2016-03-04,91.3800,72.762955,2205550,0,1,104.004286
2016-03-07,91.3800,72.762955,908700,0,1,104.004286
2016-03-08,91.3600,72.747025,542200,0,1,103.981523
2016-03-09,91.3800,72.762955,661400,0,1,104.004286
2016-03-10,91.3800,72.762955,198500,0,1,104.004286
2016-03-11,91.3600,72.747025,383600,0,1,103.981523
2016-03-14,91.3600,72.747025,292700,0,1,103.981523
2016-03-15,91.3600,72.747025,2669300,0,1,103.981523
2016-03-16,91.3800,72.762955,306250,0,1,104.004286
2016-03-17,91.3600,72.747025,199450,0,1,103.981523
2016-03-18,91.3600,72.747025,598800,0,1,103.981523
2016-03-21,91.3800,72.762955,1510600,0,1,104.004286
2016-03-22,91.3800,72.762955,286650,0,1,104.004286
2016-03-23,91.3600,72.747025,260400,0,1,103.981523
2016-03-24,91.3800,72.762955,711350,0,1,104.004286
2016-03-28,91.3800,72.762955,347950,0,1,104.004286
2016-03-29,91.3800,72.762955,631250,0,1,104.004286
2016-03-30,91.3800,72.762955,264000,0,1,104.004286
2016-03-31,91.3800,72.762955,2956800,0,1,104.004286
2016-04-01,91.3800,72.762955,942500,0,1,104.004286
2016-04-04,91.3800,72.762955,1619200,0,1,104.004286
2016-04-05,91.4000,72.778870,1829950,0,1,104.027049
2016-04-06,91.4000,72.778870,1081800,0,1,104.027049
2016-04-07,91.3800,72.762955,1307000,0,1,104.004286
2016-04-08,91.4000,72.778870,191950,0,1,104.027049
2016-04-11,91.3800,72.762955,587150,0,1,104.004286
2016-04-12,91.3800,72.762955,169600,0,1,104.004286
2016-04-13,91.4000,72.778870,182400,0,1,104.027049
2016-04-14,91.4000,72.778870,143950,0,1,104.027049
2016-04-15,91.3800,72.762955,219000,0,1,104.004286
2016-04-18,91.4000,72.778870,1972050,0,1,104.027049
2016-04-19,91.4000,72.778870,138400,0,1,104.027049
2016-04-20,91.4000,72.778870,199350,0,1,104.027049
2016-04-21,91.3800,72.762955,446300,0,1,104.004286
2016-04-22,91.4000,72.778870,388450,0,1,104.027049
2016-04-25,91.3800,72.762955,515350,0,1,104.004286
2016-04-26,91.4000,72.778870,250000,0,1,104.027049
2016-04-27,91.4000,72.778870,104050,0,1,104.027049
2016-04-28,91.4000,72.778870,274200,0,1,104.027049
2016-04-29,91.4200,72.794823,722100,0,1,104.049812
2016-05-02,91.4000,72.778870,370050,0,1,104.027049
2016-05-03,91.4200,72.794823,665850,0,1,104.049812
2016-05-04,91.4000,72.778870,700400,0,1,104.027049
2016-05-05,91.4000,72.778870,578500,0,1,104.027049
2016-05-06,91.4200,72.794823,2157200,0,1,104.049812
2016-05-09,91.4200,72.794823,108850,0,1,104.049812
2016-05-10,91.4200,72.794823,875050,0,1,104.049812
2016-05-11,91.3800,72.762955,156800,0,1,104.004286
2016-05-12,91.3800,72.762955,189900,0,1,104.004286
2016-05-13,91.3800,72.762955,512850,0,1,104.004286
2016-05-16,91.3800,72.762955,184500,0,1,104.004286
2016-05-17,91.3800,72.762955,410200,0,1,104.004286
2016-05-18,91.4000,72.778870,1319700,0,1,104.027049
2016-05-19,91.3800,72.762955,122150,0,1,104.004286
2016-05-20,91.4000,72.778870,389400,0,1,104.027049
2016-05-23,91.4200,72.794823,827400,0,1,104.049812
2016-05-24,91.3800,72.762955,612800,0,1,104.004286
2016-05-25,91.4000,72.778870,242100,0,1,104.027049
2016-05-26,91.4000,72.778870,284150,0,1,104.027049
2016-05-27,91.4200,72.794823,270350,0,1,104.049812
2016-05-31,91.4200,72.794823,498850,0,1,104.049812
2016-06-01,91.4200,72.794823,578400,0,1,104.049812
2016-06-02,91.4000,72.778870,175600,0,1,104.027049
2016-06-03,91.4200,72.794823,735650,0,1,104.049812
2016-06-06,91.4400,72.810707,365550,0,1,104.072575
2016-06-07,91.4400,72.810707,154600,0,1,104.072575
2016-06-08,91.4400,72.810707,250550,0,1,104.072575
2016-06-09,91.4000,72.778870,1767200,0,1,104.027049
2016-06-10,91.4000,72.778870,278100,0,1,104.027049
2016-06-13,91.4000,72.778870,159100,0,1,104.027049
2016-06-14,91.4000,72.778870,771300,0,1,104.027049
2016-06-15,91.4000,72.778870,683100,0,1,104.027049
2016-06-16,91.4200,72.794823,876400,0,1,104.049812
2016-06-17,91.4000,72.778870,463250,0,1,104.027049
2016-06-20,91.4200,72.794823,130900,0,1,104.049812
2016-06-21,91.4200,72.794823,965700,0,1,104.049812
2016-06-22,91.4200,72.794823,171250,0,1,104.049812
2016-06-23,91.4200,72.794823,1232700,0,1,104.049812
2016-06-24,91.4000,72.778870,640800,0,1,104.027049
2016-06-27,91.4000,72.778870,3124250,0,1,104.027049
2016-06-28,91.4000,72.778870,794050,0,1,104.027049
2016-06-29,91.4000,72.778870,1667550,0,1,104.027049
2016-06-30,91.4000,72.778870,690150,0,1,104.027049
2016-07-01,91.4400,72.810707,511550,0,1,104.072575
2016-07-05,91.4400,72.810707,1129200,0,1,104.072575
2016-07-06,91.4200,72.794823,734450,0,1,104.049812
2016-07-07,91.4400,72.810707,199950,0,1,104.072575
2016-07-08,91.4200,72.794823,724150,0,1,104.049812
2016-07-11,91.4400,72.810707,580150,0,1,104.072575
2016-07-12,91.4000,72.778870,1158200,0,1,104.027049
2016-07-13,91.4200,72.794823,422500,0,1,104.049812
2016-07-14,91.4400,72.810707,2044250,0,1,104.072575
2016-07-15,91.4200,72.794823,93400,0,1,104.049812
2016-07-18,91.4200,72.794823,167100,0,1,104.049812
2016-07-19,91.4400,72.810707,447400,0,1,104.072575
2016-07-20,91.4400,72.810707,167500,0,1,104.072575
2016-07-21,91.4400,72.810707,116700,0,1,104.072575
2016-07-22,91.4400,72.810707,180450,0,1,104.072575
2016-07-25,91.4200,72.794823,129050,0,1,104.049812
2016-07-26,91.4200,72.794823,180700,0,1,104.049812
2016-07-27,91.4400,72.810707,220300,0,1,104.072575
2016-07-28,91.4200,72.794823,136700,0,1,104.049812
2016-07-29,91.4400,72.810707,84000,0,1,104.072575
2016-08-01,91.4200,72.794823,97000,0,1,104.049812
2016-08-02,91.4400,72.810707,267100,0,1,104.072575
2016-08-03,91.4200,72.794823,658950,0,1,104.049812
2016-08-04,91.4200,72.794823,128750,0,1,104.049812
2016-08-05,91.4200,72.794823,192100,0,1,104.049812
2016-08-08,91.4200,72.794823,161400,0,1,104.049812
2016-08-09,91.4200,72.794823,1148800,0,1,104.049812
2016-08-10,91.4200,72.794823,100450,0,1,104.049812
2016-08-11,91.4200,72.794823,98900,0,1,104.049812
2016-08-12,91.4200,72.794823,101150,0,1,104.049812
2016-08-15,91.4200,72.794823,296650,0,1,104.049812
2016-08-16,91.4200,72.794823,101000,0,1,104.049812
2016-08-17,91.4200,72.794823,342800,0,1,104.049812
2016-08-18,91.4400,72.810707,109350,0,1,104.072575
2016-08-19,91.4200,72.794823,120200,0,1,104.049812
2016-08-22,91.4200,72.794823,1466200,0,1,104.049812
2016-08-23,91.4200,72.794823,124250,0,1,104.049812
2016-08-24,91.4400,72.810707,85100,0,1,104.072575
2016-08-25,91.4200,72.794823,154050,0,1,104.049812
2016-08-26,91.4200,72.794823,182050,0,1,104.049812
2016-08-29,91.4400,72.810707,330350,0,1,104.072575
2016-08-30,91.4400,72.810707,299450,0,1,104.072575
2016-08-31,91.4400,72.810707,190000,0,1,104.072575
2016-09-01,91.4400,72.810707,174350,0,1,104.072575
2016-09-02,91.4600,72.826668,307000,0,1,104.095338
2016-09-06,91.4600,72.826668,352500,0,1,104.095338
2016-09-07,91.4400,72.810707,790650,0,1,104.072575
2016-09-08,91.4400,72.810707,497150,0,1,104.072575
2016-09-09,91.4600,72.826668,342800,0,1,104.095338
2016-09-12,91.4200,72.794823,725000,0,1,104.049812
2016-09-13,91.4400,72.810707,264650,0,1,104.072575
2016-09-14,91.4400,72.810707,202550,0,1,104.072575
2016-09-15,91.4400,72.810707,374150,0,1,104.072575
2016-09-16,91.4400,72.810707,425950,0,1,104.072575
2016-09-19,91.4400,72.810707,1269550,0,1,104.072575
2016-09-20,91.4400,72.810707,706800,0,1,104.072575
2016-09-21,91.4400,72.810707,536150,0,1,104.072575
2016-09-22,91.4600,72.826668,514950,0,1,104.095338
2016-09-23,91.4600,72.826668,369250,0,1,104.095338
2016-09-26,91.4600,72.826668,433400,0,1,104.095338
2016-09-27,91.4400,72.810707,453800,0,1,104.072575
2016-09-28,91.4400,72.810707,481200,0,1,104.072575
2016-09-29,91.4400,72.810707,878100,0,1,104.072575
2016-09-30,91.4600,72.826668,458350,0,1,104.095338
2016-10-03,91.4400,72.810707,231800,0,1,104.072575
2016-10-04,91.4600,72.826668,392400,0,1,104.095338
2016-10-05,91.4600,72.826668,518500,0,1,104.095338
2016-10-06,91.4600,72.826668,193850,0,1,104.095338
2016-10-07,91.4600,72.826668,139550,0,1,104.095338
2016-10-10,91.4600,72.826668,67050,0,1,104.095338
2016-10-11,91.4400,72.810707,374900,0,1,104.072575
2016-10-12,91.4600,72.826668,411550,0,1,104.095338
2016-10-13,91.4400,72.810707,156250,0,1,104.072575
2016-10-14,91.4400,72.810707,130100,0,1,104.072575
2016-10-17,91.4400,72.810707,237750,0,1,104.072575
2016-10-18,91.4400,72.810707,180350,0,1,104.072575
2016-10-19,91.4600,72.826668,138150,0,1,104.095338
2016-10-20,91.4400,72.810707,261900,0,1,104.072575
2016-10-21,91.4400,72.810707,424150,0,1,104.072575
2016-10-24,91.4400,72.810707,106800,0,1,104.072575
2016-10-25,91.4400,72.810707,175350,0,1,104.072575
2016-10-26,91.4600,72.826668,200900,0,1,104.095338
2016-10-27,91.4400,72.810707,184200,0,1,104.072575
2016-10-28,91.4600,72.826668,546550,0,1,104.095338
2016-10-31,91.4800,72.842529,735450,0,1,104.118102
2016-11-01,91.4600,72.826668,1208600,0,1,104.095338
2016-11-02,91.4800,72.842529,499750,0,1,104.118102
2016-11-03,91.4600,72.826668,212400,0,1,104.095338
2016-11-04,91.4800,72.842529,554100,0,1,104.118102
2016-11-07,91.4600,72.826668,1122200,0,1,104.095338
2016-11-08,91.4800,72.842529,360450,0,1,104.118102
2016-11-09,91.4400,72.810707,596850,0,1,104.072575
2016-11-10,91.4400,72.810707,966300,0,1,104.072575
2016-11-11,91.4000,72.778870,1164250,0,1,104.027049
2016-11-14,91.4400,72.810707,735500,0,1,104.072575
2016-11-15,91.4600,72.826668,1437100,0,1,104.095338
2016-11-16,91.4600,72.826668,611850,0,1,104.095338
2016-11-17,91.4800,72.842529,906650,0,1,104.118102
2016-11-18,91.4600,72.826668,554550,0,1,104.095338
2016-11-21,91.4400,72.810707,234800,0,1,104.072575
2016-11-22,91.4400,72.810707,1102700,0,1,104.072575
2016-11-23,91.4400,72.810707,454950,0,1,104.072575
2016-11-25,91.4600,72.826668,171350,0,1,104.095338
2016-11-28,91.4400,72.810707,122900,0,1,104.072575
2016-11-29,91.4400,72.810707,122450,0,1,104.072575
2016-11-30,91.4400,72.810707,503150,0,1,104.072575
2016-12-01,91.4400,72.844193,2137550,0.042,1,104.120378
2016-12-02,91.4200,72.828247,411650,0,1,104.097604
2016-12-05,91.4200,72.828247,897100,0,1,104.097604
2016-12-06,91.4400,72.844193,278850,0,1,104.120378
2016-12-07,91.4400,72.844193,431450,0,1,104.120378
2016-12-08,91.4400,72.844193,463700,0,1,104.120378
2016-12-09,91.4400,72.844193,390000,0,1,104.120378
2016-12-12,91.4200,72.828247,212850,0,1,104.097604
2016-12-13,91.4400,72.844193,531850,0,1,104.120378
2016-12-14,91.4400,72.844193,219150,0,1,104.120378
2016-12-15,91.4400,72.844193,221850,0,1,104.120378
2016-12-16,91.4200,72.828247,220900,0,1,104.097604
2016-12-19,91.4400,72.844193,188700,0,1,104.120378
2016-12-20,91.4200,72.828247,308100,0,1,104.097604
2016-12-21,91.4400,72.844193,217850,0,1,104.120378
2016-12-22,91.4200,72.828247,263050,0,1,104.097604
2016-12-23,91.4200,72.828247,238000,0,1,104.097604
2016-12-27,91.4400,72.844193,231850,0,1,104.120378
2016-12-28,91.4200,72.842552,190200,0.018,1,104.118100
2016-12-29,91.4400,72.858536,286650,0,1,104.140878
2016-12-30,91.4000,72.826683,156600,0,1,104.095323
2017-01-03,91.4400,72.858536,1769500,0,1,104.140878
2017-01-04,91.4400,72.858536,522750,0,1,104.140878
2017-01-05,91.4200,72.842552,627500,0,1,104.118100
2017-01-06,91.4400,72.858536,321550,0,1,104.140878
2017-01-09,91.4400,72.858536,198600,0,1,104.140878
2017-01-10,91.4200,72.842552,139000,0,1,104.118100
2017-01-11,91.4400,72.858536,707250,0,1,104.140878
2017-01-12,91.4400,72.858536,221350,0,1,104.140878
2017-01-13,91.4400,72.858536,159800,0,1,104.140878
2017-01-17,91.4400,72.858536,353250,0,1,104.140878
2017-01-18,91.4200,72.842552,235400,0,1,104.118100
2017-01-19,91.4200,72.842552,188700,0,1,104.118100
2017-01-20,91.4400,72.858536,153650,0,1,104.140878
2017-01-23,91.4200,72.842552,507200,0,1,104.118100
2017-01-24,91.4200,72.842552,588300,0,1,104.118100
2017-01-25,91.4400,72.858536,440100,0,1,104.140878
2017-01-26,91.4600,72.874458,357350,0,1,104.163656
2017-01-27,91.4200,72.842552,228000,0,1,104.118100
2017-01-30,91.4600,72.874458,272650,0,1,104.163656
2017-01-31,91.4400,72.858536,173800,0,1,104.140878
2017-02-01,91.4200,72.863281,264050,0.026,1,104.147712
2017-02-02,91.4200,72.863281,288000,0,1,104.147712
2017-02-03,91.4000,72.847389,414700,0,1,104.124927
2017-02-06,91.4400,72.879257,206550,0,1,104.170496
2017-02-07,91.4400,72.879257,446850,0,1,104.170496
2017-02-08,91.4400,72.879257,265100,0,1,104.170496
2017-02-09,91.4400,72.879257,336550,0,1,104.170496
2017-02-10,91.4200,72.863281,566050,0,1,104.147712
2017-02-13,91.4200,72.863281,191000,0,1,104.147712
2017-02-14,91.4400,72.879257,124500,0,1,104.170496
2017-02-15,91.4200,72.863281,374350,0,1,104.147712
2017-02-16,91.4200,72.863281,122400,0,1,104.147712
2017-02-17,91.4400,72.879257,154300,0,1,104.170496
2017-02-21,91.4200,72.863281,297000,0,1,104.147712
2017-02-22,91.4200,72.863281,270350,0,1,104.147712
2017-02-23,91.4200,72.863281,402350,0,1,104.147712
2017-02-24,91.4200,72.863281,725450,0,1,104.147712
2017-02-27,91.4200,72.863281,177650,0,1,104.147712
2017-02-28,91.4600,72.895187,175150,0,1,104.193281
2017-03-01,91.4000,72.866486,230950,0.024,1,104.152269
2017-03-02,91.4000,72.866486,185850,0,1,104.152269
2017-03-03,91.4200,72.882446,332050,0,1,104.175059
2017-03-06,91.4400,72.898376,193950,0,1,104.197850
2017-03-07,91.4000,72.866486,95600,0,1,104.152269
2017-03-08,91.4000,72.866486,179950,0,1,104.152269
2017-03-09,91.4000,72.866486,298200,0,1,104.152269
2017-03-10,91.4200,72.882446,423800,0,1,104.175059
2017-03-13,91.4000,72.866486,300950,0,1,104.152269
2017-03-14,91.4000,72.866486,350700,0,1,104.152269
2017-03-15,91.4200,72.882446,740300,0,1,104.175059
2017-03-16,91.4400,72.898376,298300,0,1,104.197850
2017-03-17,91.4400,72.898376,182950,0,1,104.197850
2017-03-20,91.4200,72.882446,147200,0,1,104.175059
2017-03-21,91.4400,72.898376,650300,0,1,104.197850
2017-03-22,91.4400,72.898376,555550,0,1,104.197850
2017-03-23,91.4200,72.882446,339550,0,1,104.175059
2017-03-24,91.4400,72.898376,184750,0,1,104.197850
2017-03-27,91.4400,72.898376,386850,0,1,104.197850
2017-03-28,91.4400,72.898376,894350,0,1,104.197850
2017-03-29,91.4400,72.898376,83400,0,1,104.197850
2017-03-30,91.4400,72.898376,539400,0,1,104.197850
2017-03-31,91.4200,72.882446,526650,0,1,104.175059
2017-04-03,91.4000,72.888817,2097900,0.028,1,104.184175
2017-04-04,91.4000,72.888817,714500,0,1,104.184175
2017-04-05,91.4000,72.888817,581750,0,1,104.184175
2017-04-06,91.4000,72.888817,246550,0,1,104.184175
2017-04-07,91.4000,72.888817,129300,0,1,104.184175
2017-04-10,91.4000,72.888817,429050,0,1,104.184175
2017-04-11,91.4200,72.904755,161050,0,1,104.206973
2017-04-12,91.4000,72.888817,270500,0,1,104.184175
2017-04-13,91.4200,72.904755,953350,0,1,104.206973
2017-04-17,91.4200,72.904755,753200,0,1,104.206973
2017-04-18,91.4400,72.920715,100450,0,1,104.229770
2017-04-19,91.4400,72.920715,114100,0,1,104.229770
2017-04-20,91.4400,72.920715,243750,0,1,104.229770
2017-04-21,91.4400,72.920715,250700,0,1,104.229770
2017-04-24,91.4200,72.904755,479150,0,1,104.206973
2017-04-25,91.4200,72.904755,405750,0,1,104.206973
2017-04-26,91.4400,72.920715,355450,0,1,104.229770
2017-04-27,91.4200,72.904755,376900,0,1,104.206973
2017-04-28,91.4600,72.936646,212300,0,1,104.252568
2017-05-01,91.4200,72.931900,390250,0.034,1,104.245728
2017-05-02,91.4000,72.915932,70900,0,1,104.222922
2017-05-03,91.4000,72.915932,226500,0,1,104.222922
2017-05-04,91.4200,72.931900,163450,0,1,104.245728
2017-05-05,91.4000,72.915932,254050,0,1,104.222922
2017-05-08,91.4200,72.931900,217500,0,1,104.245728
2017-05-09,91.4200,72.931900,493400,0,1,104.245728
2017-05-10,91.4400,72.947807,309450,0,1,104.268534
2017-05-11,91.4400,72.947807,397200,0,1,104.268534
2017-05-12,91.4200,72.931900,129250,0,1,104.245728
2017-05-15,91.4400,72.947807,376600,0,1,104.268534
2017-05-16,91.4400,72.947807,166200,0,1,104.268534
2017-05-17,91.4600,72.963760,1395300,0,1,104.291340
2017-05-18,91.4600,72.963760,1384900,0,1,104.291340
2017-05-19,91.4400,72.947807,106700,0,1,104.268534
2017-05-22,91.4600,72.963760,63900,0,1,104.291340
2017-05-23,91.4600,72.963760,195150,0,1,104.291340
2017-05-24,91.4400,72.947807,307000,0,1,104.268534
2017-05-25,91.4600,72.963760,136350,0,1,104.291340
2017-05-26,91.4800,72.979752,143650,0,1,104.314146
2017-05-30,91.4400,72.947807,190450,0,1,104.268534
2017-05-31,91.4400,72.947807,319600,0,1,104.268534
2017-06-01,91.4200,72.974976,225100,0.054,1,104.307304
2017-06-02,91.4000,72.959015,417900,0,1,104.284485
2017-06-05,91.4200,72.974976,275800,0,1,104.307304
2017-06-06,91.4000,72.959015,136350,0,1,104.284485
2017-06-07,91.4400,72.990929,257750,0,1,104.330124
2017-06-08,91.4200,72.974976,252500,0,1,104.307304
2017-06-09,91.4400,72.990929,184700,0,1,104.330124
2017-06-12,91.4200,72.974976,199600,0,1,104.307304
2017-06-13,91.4400,72.990929,552550,0,1,104.330124
2017-06-14,91.4200,72.974976,64350,0,1,104.307304
2017-06-15,91.4200,72.974976,380800,0,1,104.307304
2017-06-16,91.4600,73.006889,502600,0,1,104.352943
2017-06-19,91.4400,72.990929,289700,0,1,104.330124
2017-06-20,91.4400,72.990929,121050,0,1,104.330124
2017-06-21,91.4600,73.006889,140600,0,1,104.352943
2017-06-22,91.4800,73.022858,220000,0,1,104.375762
2017-06-23,91.4600,73.006889,67200,0,1,104.352943
2017-06-26,91.4400,72.990929,297850,0,1,104.330124
2017-06-27,91.4400,72.990929,125000,0,1,104.330124
2017-06-28,91.4800,73.022858,179200,0,1,104.375762
2017-06-29,91.4600,73.006889,466100,0,1,104.352943
2017-06-30,91.4800,73.022858,615300,0,1,104.375762
2017-07-03,91.4400,73.030838,186100,0.05,1,104.387172
2017-07-05,91.4200,73.014870,369400,0,1,104.364340
2017-07-06,91.4400,73.030838,445500,0,1,104.387172
2017-07-07,91.4400,73.030838,140950,0,1,104.387172
2017-07-10,91.4400,73.030838,185600,0,1,104.387172
2017-07-11,91.4400,73.030838,136900,0,1,104.387172
2017-07-12,91.4200,73.014870,403200,0,1,104.364340
2017-07-13,91.4200,73.014870,137300,0,1,104.364340
2017-07-14,91.4600,73.046822,255950,0,1,104.410004
2017-07-17,91.4400,73.030838,588900,0,1,104.387172
2017-07-18,91.4400,73.030838,61150,0,1,104.387172
2017-07-19,91.4400,73.030838,99350,0,1,104.387172
2017-07-20,91.4400,73.030838,71950,0,1,104.387172
2017-07-21,91.4400,73.030838,211000,0,1,104.387172
2017-07-24,91.4400,73.030838,140600,0,1,104.387172
2017-07-25,91.4400,73.030838,265850,0,1,104.387172
2017-07-26,91.4600,73.046822,232100,0,1,104.410004
2017-07-27,91.4800,73.062798,221700,0,1,104.432836
2017-07-28,91.4600,73.046822,159600,0,1,104.410004
2017-07-31,91.4600,73.046822,449600,0,1,104.410004
2017-08-01,91.4200,73.066010,315600,0.064,1,104.437402
2017-08-02,91.4400,73.081985,263800,0,1,104.460250
2017-08-03,91.4400,73.081985,158400,0,1,104.460250
2017-08-04,91.4400,73.081985,350700,0,1,104.460250
2017-08-07,91.4400,73.081985,130400,0,1,104.460250
2017-08-08,91.4400,73.081985,309800,0,1,104.460250
2017-08-09,91.4400,73.081985,142200,0,1,104.460250
2017-08-10,91.4400,73.081985,111150,0,1,104.460250
2017-08-11,91.4600,73.097969,211350,0,1,104.483098
2017-08-14,91.4400,73.081985,331150,0,1,104.460250
2017-08-15,91.4600,73.097969,192600,0,1,104.483098
2017-08-16,91.4400,73.081985,141250,0,1,104.460250
2017-08-17,91.4600,73.097969,363050,0,1,104.483098
2017-08-18,91.4400,73.081985,230900,0,1,104.460250
2017-08-21,91.4600,73.097969,483800,0,1,104.483098
2017-08-22,91.4800,73.113968,208800,0,1,104.505946
2017-08-23,91.4800,73.113968,292750,0,1,104.505946
2017-08-24,91.4800,73.113968,1055500,0,1,104.505946
2017-08-25,91.4600,73.097969,310550,0,1,104.483098
2017-08-28,91.4800,73.113968,102050,0,1,104.505946
2017-08-29,91.4800,73.113968,130450,0,1,104.505946
2017-08-30,91.4800,73.113968,291150,0,1,104.505946
2017-08-31,91.5000,73.129959,1212850,0,1,104.528793
2017-09-01,91.4400,73.134743,373450,0.066,1,104.535648
2017-09-05,91.4000,73.102783,437850,0,1,104.489919
2017-09-06,91.4400,73.134743,927900,0,1,104.535648
2017-09-07,91.4400,73.134743,159400,0,1,104.535648
2017-09-08,91.4200,73.118752,514550,0,1,104.512783
2017-09-11,91.4200,73.118752,130950,0,1,104.512783
2017-09-12,91.4600,73.150734,257950,0,1,104.558512
2017-09-13,91.4600,73.150734,438200,0,1,104.558512
2017-09-14,91.4400,73.134743,238800,0,1,104.535648
2017-09-15,91.4400,73.134743,96500,0,1,104.535648
2017-09-18,91.4400,73.134743,276400,0,1,104.535648
2017-09-19,91.4800,73.166733,61300,0,1,104.581376
2017-09-20,91.4800,73.166733,129400,0,1,104.581376
2017-09-21,91.4800,73.166733,108000,0,1,104.581376
2017-09-22,91.4800,73.166733,133300,0,1,104.581376
2017-09-25,91.4800,73.166733,158200,0,1,104.581376
2017-09-26,91.4800,73.166733,255800,0,1,104.581376
2017-09-27,91.4800,73.166733,229300,0,1,104.581376
2017-09-28,91.4600,73.150734,76550,0,1,104.558512
2017-09-29,91.5000,73.182709,173100,0,1,104.604241
2017-10-02,91.4400,73.185944,158800,0.064,1,104.608814
2017-10-03,91.4400,73.185944,429250,0,1,104.608814
2017-10-04,91.4200,73.169930,1119400,0,1,104.585933
2017-10-05,91.4400,73.185944,186250,0,1,104.608814
2017-10-06,91.4200,73.169930,205400,0,1,104.585933
2017-10-09,91.4200,73.169930,141250,0,1,104.585933
2017-10-10,91.4200,73.169930,264050,0,1,104.585933
2017-10-11,91.4200,73.169930,148300,0,1,104.585933
2017-10-12,91.4600,73.201935,244300,0,1,104.631694
2017-10-13,91.4600,73.201935,78450,0,1,104.631694
2017-10-16,91.4400,73.185944,189900,0,1,104.608814
2017-10-17,91.4600,73.201935,227500,0,1,104.631694
2017-10-18,91.4600,73.201935,64150,0,1,104.631694
2017-10-19,91.4600,73.201935,199850,0,1,104.631694
2017-10-20,91.4800,73.217972,57150,0,1,104.654574
2017-10-23,91.4600,73.201935,136250,0,1,104.631694
2017-10-24,91.5000,73.233978,157350,0,1,104.677454
2017-10-25,91.5000,73.233978,293900,0,1,104.677454
2017-10-26,91.5000,73.233978,301050,0,1,104.677454
2017-10-27,91.5000,73.233978,1063500,0,1,104.677454
2017-10-30,91.4800,73.217972,286950,0,1,104.654574
2017-10-31,91.5000,73.233978,430350,0,1,104.677454
2017-11-01,91.4400,73.241989,586100,0.07,1,104.688895
2017-11-02,91.4200,73.225960,137250,0,1,104.665997
2017-11-03,91.4200,73.225960,222550,0,1,104.665997
2017-11-06,91.4400,73.241989,95200,0,1,104.688895
2017-11-07,91.4400,73.241989,89950,0,1,104.688895
2017-11-08,91.4400,73.241989,238750,0,1,104.688895
2017-11-09,91.4200,73.225960,518050,0,1,104.665997
2017-11-10,91.4400,73.241989,278000,0,1,104.688895
2017-11-13,91.4400,73.241989,229800,0,1,104.688895
2017-11-14,91.4400,73.241989,119450,0,1,104.688895
2017-11-15,91.4400,73.241989,278750,0,1,104.688895
2017-11-16,91.4600,73.257988,232900,0,1,104.711792
2017-11-17,91.4400,73.241989,164550,0,1,104.688895
2017-11-20,91.4600,73.257988,372450,0,1,104.711792
2017-11-21,91.4800,73.274025,259000,0,1,104.734690
2017-11-22,91.4800,73.274025,153600,0,1,104.734690
2017-11-24,91.4600,73.257988,577050,0,1,104.711792
2017-11-27,91.4600,73.257988,373900,0,1,104.711792
2017-11-28,91.5000,73.290031,244700,0,1,104.757588
2017-11-29,91.4800,73.274025,366300,0,1,104.734690
2017-11-30,91.4800,73.274025,288000,0,0.5,104.734690
2017-12-01,91.4200,73.278839,283200,0.066,1,104.741560
2017-12-04,91.4300,73.286858,142700,0,1,104.753017
2017-12-05,91.4400,73.294868,532500,0,1,104.764474
2017-12-06,91.4300,73.286858,544900,0,1,104.753017
2017-12-07,91.4400,73.294868,145100,0,1,104.764474
2017-12-08,91.4500,73.302856,196100,0,1,104.775931
2017-12-11,91.4400,73.294868,138900,0,1,104.764474
2017-12-12,91.4500,73.302856,184900,0,1,104.775931
2017-12-13,91.4400,73.294868,375100,0,1,104.764474
2017-12-14,91.4500,73.302856,143000,0,1,104.775931
2017-12-15,91.4600,73.310875,389600,0,1,104.787388
2017-12-18,91.4700,73.318909,288500,0,1,104.798846
2017-12-19,91.3900,73.320511,287600,0.082,1,104.801137
2017-12-20,91.3900,73.320511,614200,0,1,104.801137
2017-12-21,91.3900,73.320511,233500,0,1,104.801137
2017-12-22,91.4100,73.336563,1997600,0,1,104.824072
2017-12-26,91.4000,73.328522,498300,0,1,104.812604
2017-12-27,91.4200,73.344597,320100,0,1,104.835539
2017-12-28,91.4200,73.344597,366100,0,1,104.835539
2017-12-29,91.4000,73.328522,414600,0,1,104.812604
2018-01-02,91.4100,73.336563,790000,0,1,104.824072
2018-01-03,91.4300,73.352623,218300,0,1,104.847007
2018-01-04,91.4400,73.360634,1098100,0,1,104.858474
2018-01-05,91.4400,73.360634,247600,0,1,104.858474
2018-01-08,91.4500,73.368622,199800,0,1,104.869942
2018-01-09,91.4500,73.368622,185900,0,1,104.869942
2018-01-10,91.4500,73.368622,222400,0,1,104.869942
2018-01-11,91.4400,73.360634,163800,0,1,104.858474
2018-01-12,91.4700,73.384689,531300,0,1,104.892877
2018-01-16,91.4500,73.368622,280200,0,1,104.869942
2018-01-17,91.4700,73.384689,229000,0,1,104.892877
2018-01-18,91.4700,73.384689,238900,0,1,104.892877
2018-01-19,91.4800,73.392708,273300,0,1,104.904344
2018-01-22,91.4900,73.400757,285200,0,1,104.915812
2018-01-23,91.4900,73.400757,706900,0,1,104.915812
2018-01-24,91.5000,73.408775,214600,0,1,104.927279
2018-01-25,91.5000,73.408775,493200,0,1,104.927279
2018-01-26,91.5200,73.424782,430600,0,1,104.950214
2018-01-29,91.5000,73.408775,696400,0,1,104.927279
2018-01-30,91.5100,73.416779,581300,0,1,104.938747
2018-01-31,91.5200,73.424782,258900,0,1,104.950214
2018-02-01,91.4300,73.421608,1016400,0.086,1,104.945627
2018-02-02,91.4400,73.429619,459100,0,1,104.957105
2018-02-05,91.4300,73.421608,757000,0,1,104.945627
2018-02-06,91.4400,73.429619,1558600,0,1,104.957105
2018-02-07,91.4500,73.437637,1294900,0,1,104.968584
2018-02-08,91.4400,73.429619,1547200,0,1,104.957105
2018-02-09,91.4600,73.445656,2932600,0,1,104.980062
2018-02-12,91.4600,73.445656,2039300,0,1,104.980062
2018-02-13,91.4600,73.445656,4352400,0,1,104.980062
2018-02-14,91.4600,73.445656,549700,0,1,104.980062
2018-02-15,91.4700,73.453697,924900,0,1,104.991540
2018-02-16,91.4800,73.461754,920500,0,1,105.003018
2018-02-20,91.4800,73.461754,590100,0,1,105.003018
2018-02-21,91.4700,73.453697,1012400,0,1,104.991540
2018-02-22,91.4800,73.461754,468700,0,1,105.003018
2018-02-23,91.5000,73.477798,2653500,0,1,105.025975
2018-02-26,91.4800,73.461754,2981600,0,1,105.003018
2018-02-27,91.5000,73.477798,373600,0,1,105.025975
2018-02-28,91.5100,73.485840,882200,0,1,105.037453
2018-03-01,91.4400,73.493065,1260500,0.079,1,105.047783
2018-03-02,91.4500,73.501106,1353900,0,1,105.059272
2018-03-05,91.4500,73.501106,849200,0,1,105.059272
2018-03-06,91.4500,73.501106,232700,0,1,105.059272
2018-03-07,91.4500,73.501106,978700,0,1,105.059272
2018-03-08,91.4400,73.493065,257400,0,1,105.047783
2018-03-09,91.4600,73.509109,596500,0,1,105.070760
2018-03-12,91.4700,73.517212,506300,0,1,105.082248
2018-03-13,91.4700,73.517212,469400,0,1,105.082248
2018-03-14,91.4700,73.517212,245000,0,1,105.082248
2018-03-15,91.4600,73.509109,863800,0,1,105.070760
2018-03-16,91.4800,73.525208,1216900,0,1,105.093736
2018-03-19,91.4800,73.525208,466100,0,1,105.093736
2018-03-20,91.4700,73.517212,444500,0,1,105.082248
2018-03-21,91.4900,73.533257,336300,0,1,105.105224
2018-03-22,91.5000,73.541275,305600,0,1,105.116712
2018-03-23,91.5100,73.549347,633100,0,1,105.128201
2018-03-26,91.5000,73.541275,451300,0,1,105.116712
2018-03-27,91.5200,73.557373,1357300,0,1,105.139689
2018-03-28,91.5300,73.565407,3030200,0,1,105.151177
2018-03-29,91.5500,73.581482,737400,0,1,105.174153
2018-04-02,91.4400,73.577454,1681600,0.105,1,105.168409
2018-04-03,91.4300,73.569405,1893300,0,1,105.156908
2018-04-04,91.4500,73.585487,3535400,0,1,105.179911
2018-04-05,91.4600,73.593529,2245800,0,1,105.191412
2018-04-06,91.4600,73.593529,310400,0,1,105.191412
2018-04-09,91.4700,73.601624,238500,0,1,105.202913
2018-04-10,91.4600,73.593529,491300,0,1,105.191412
2018-04-11,91.4800,73.609673,249300,0,1,105.214415
2018-04-12,91.4800,73.609673,8103700,0,1,105.214415
2018-04-13,91.4800,73.609673,287900,0,1,105.214415
2018-04-16,91.5000,73.625702,321100,0,1,105.237417
2018-04-17,91.5000,73.625702,3475000,0,1,105.237417
2018-04-18,91.4900,73.617699,277900,0,1,105.225916
2018-04-19,91.5100,73.633781,473200,0,1,105.248919
2018-04-20,91.5100,73.633781,264000,0,1,105.248919
2018-04-23,91.5100,73.633781,1125900,0,1,105.248919
2018-04-24,91.5200,73.641853,1031600,0,1,105.260420
2018-04-25,91.5300,73.649857,1001600,0,1,105.271921
2018-04-26,91.5400,73.657890,1484300,0,1,105.283423
2018-04-27,91.5500,73.665977,295500,0,1,105.294924
2018-04-30,91.5400,73.657890,325900,0,1,105.283423
2018-05-01,91.4400,73.663551,1429800,0.107,1,105.291474
2018-05-02,91.4500,73.671600,398200,0,1,105.302989
2018-05-03,91.4500,73.671600,3642700,0,1,105.302989
2018-05-04,91.4700,73.687752,1208100,0,1,105.326018
2018-05-07,91.4700,73.687752,365500,0,1,105.326018
2018-05-08,91.4800,73.695808,432900,0,1,105.337533
2018-05-09,91.4800,73.695808,807900,0,1,105.337533
2018-05-10,91.4800,73.695808,4673600,0,1,105.337533
2018-05-11,91.4800,73.695808,348900,0,1,105.337533
2018-05-14,91.4800,73.695808,897600,0,1,105.337533
2018-05-15,91.5000,73.711891,1825800,0,1,105.360563
2018-05-16,91.5100,73.719933,1147500,0,1,105.372077
2018-05-17,91.5100,73.719933,2799200,0,1,105.372077
2018-05-18,91.5200,73.728004,1550100,0,1,105.383592
2018-05-21,91.5200,73.728004,509500,0,1,105.383592
2018-05-22,91.5200,73.728004,587800,0,1,105.383592
2018-05-23,91.5300,73.736069,244900,0,1,105.395107
2018-05-24,91.5500,73.752220,260000,0,1,105.418137
2018-05-25,91.5600,73.760216,479400,0,1,105.429651
2018-05-29,91.5600,73.760216,845400,0,1,105.429651
2018-05-30,91.5500,73.752220,450400,0,1,105.418137
2018-05-31,91.5700,73.768280,901800,0,1,105.441166
2018-06-01,91.4500,73.773140,707400,0.126,1,105.448075
2018-06-04,91.4600,73.781174,1174100,0,1,105.459606
2018-06-05,91.4600,73.781174,726900,0,1,105.459606
2018-06-06,91.4500,73.773140,594200,0,1,105.448075
2018-06-07,91.4600,73.781174,1595100,0,1,105.459606
2018-06-08,91.4800,73.797340,323200,0,1,105.482667
2018-06-11,91.4900,73.805420,871700,0,1,105.494198
2018-06-12,91.4900,73.805420,1142100,0,1,105.494198
2018-06-13,91.4800,73.797340,244100,0,1,105.482667
2018-06-14,91.5100,73.821526,440900,0,1,105.517259
2018-06-15,91.5100,73.821526,255400,0,1,105.517259
2018-06-18,91.5000,73.813454,1502900,0,1,105.505729
2018-06-19,91.5200,73.829605,207800,0,1,105.528790
2018-06-20,91.5100,73.821526,616100,0,1,105.517259
2018-06-21,91.5200,73.829605,782600,0,1,105.528790
2018-06-22,91.5300,73.837677,289400,0,1,105.540321
2018-06-25,91.5500,73.853828,1069700,0,1,105.563382
2018-06-26,91.5400,73.845726,908600,0,1,105.551851
2018-06-27,91.5600,73.861847,326100,0,1,105.574913
2018-06-28,91.5600,73.861847,467100,0,1,105.574913
2018-06-29,91.5800,73.877983,811600,0,1,105.597974
2018-07-02,91.4400,73.867462,1826900,0.127,1,105.582984
2018-07-03,91.4600,73.883644,1022400,0,1,105.606078
2018-07-05,91.4600,73.883644,1033600,0,1,105.606078
2018-07-06,91.4800,73.899803,1050600,0,1,105.629171
2018-07-09,91.4800,73.899803,388200,0,1,105.629171
2018-07-10,91.4900,73.907883,468100,0,1,105.640718
2018-07-11,91.4900,73.907883,960700,0,1,105.640718
2018-07-12,91.4900,73.907883,639200,0,1,105.640718
2018-07-13,91.5000,73.915947,628900,0,1,105.652264
2018-07-16,91.5100,73.924042,377800,0,1,105.663811
2018-07-17,91.5100,73.924042,862800,0,1,105.663811
2018-07-18,91.5200,73.932137,437400,0,1,105.675358
2018-07-19,91.5300,73.940208,352200,0,1,105.686904
2018-07-20,91.5400,73.948296,1845000,0,1,105.698451
2018-07-23,91.5300,73.940208,293200,0,1,105.686904
2018-07-24,91.5500,73.956367,450100,0,1,105.709998
2018-07-25,91.5400,73.948296,316000,0,1,105.698451
2018-07-26,91.5500,73.956367,269600,0,1,105.709998
2018-07-27,91.5700,73.972481,457400,0,1,105.733091
2018-07-30,91.5600,73.964401,377100,0,1,105.721544
2018-07-31,91.5800,73.980576,778700,0,1,105.744638
2018-08-01,91.4500,73.984619,1117200,0.135,1,105.750411
2018-08-02,91.4600,73.992714,691800,0,1,105.761975
2018-08-03,91.4600,73.992714,353500,0,1,105.761975
2018-08-06,91.4700,74.000816,710200,0,1,105.773539
2018-08-07,91.4800,74.008911,660800,0,1,105.785102
2018-08-08,91.4700,74.000816,741400,0,1,105.773539
2018-08-09,91.4800,74.008911,340500,0,1,105.785102
2018-08-10,91.5000,74.025093,287400,0,1,105.808230
2018-08-13,91.5100,74.033173,664500,0,1,105.819794
2018-08-14,91.4900,74.017021,339800,0,1,105.796666
2018-08-15,91.5100,74.033173,533000,0,1,105.819794
2018-08-16,91.5100,74.033173,539800,0,1,105.819794
2018-08-17,91.5200,74.041237,656600,0,1,105.831357
2018-08-20,91.5200,74.041237,600900,0,1,105.831357
2018-08-21,91.5300,74.049362,354100,0,1,105.842921
2018-08-22,91.5300,74.049362,735700,0,1,105.842921
2018-08-23,91.5600,74.073593,1007000,0,1,105.877612
2018-08-24,91.5600,74.073593,229800,0,1,105.877612
2018-08-27,91.5700,74.081718,323800,0,1,105.889176
2018-08-28,91.5700,74.081718,610700,0,1,105.889176
2018-08-29,91.5600,74.073593,908800,0,1,105.877612
2018-08-30,91.6000,74.106003,748500,0,1,105.923867
2018-08-31,91.5900,74.097855,494800,0,1,105.912304
2018-09-04,91.4600,74.104347,973900,0.138,1,105.921555
2018-09-05,91.4500,74.096283,883300,0,1,105.909973
2018-09-06,91.4700,74.112488,1809500,0,1,105.933136
2018-09-07,91.4900,74.128716,472300,0,1,105.956298
2018-09-10,91.4900,74.128716,593200,0,1,105.956298
2018-09-11,91.5000,74.136787,1580300,0,1,105.967879
2018-09-12,91.5000,74.136787,757500,0,1,105.967879
2018-09-13,91.5000,74.136787,458700,0,1,105.967879
2018-09-14,91.5100,74.144897,1126400,0,1,105.979461
2018-09-17,91.5300,74.161102,639100,0,1,106.002623
2018-09-18,91.5300,74.161102,457500,0,1,106.002623
2018-09-19,91.5300,74.161102,942300,0,1,106.002623
2018-09-20,91.5500,74.177330,448700,0,1,106.025785
2018-09-21,91.5500,74.177330,274400,0,1,106.025785
2018-09-24,91.5600,74.185379,1329600,0,1,106.037366
2018-09-25,91.5600,74.185379,662400,0,1,106.037366
2018-09-26,91.5600,74.185379,256900,0,1,106.037366
2018-09-27,91.5800,74.201591,343000,0,1,106.060529
2018-09-28,91.5800,74.201591,409800,0,1,106.060529
2018-10-01,91.4400,74.206474,3788900,0.146,1,106.067478
2018-10-02,91.4500,74.214600,584800,0,1,106.079077
2018-10-03,91.4500,74.214600,380100,0,1,106.079077
2018-10-04,91.4700,74.230827,1154500,0,1,106.102277
2018-10-05,91.4800,74.238922,4664400,0,1,106.113876
2018-10-08,91.4800,74.238922,638800,0,1,106.113876
2018-10-09,91.4700,74.230827,506400,0,1,106.102277
2018-10-10,91.4900,74.247078,2091100,0,1,106.125476
2018-10-11,91.5000,74.255157,1687600,0,1,106.137076
2018-10-12,91.5000,74.255157,741500,0,1,106.137076
2018-10-15,91.5100,74.263313,4029300,0,1,106.148675
2018-10-16,91.5200,74.271400,1265500,0,1,106.160275
2018-10-17,91.5200,74.271400,6981000,0,1,106.160275
2018-10-18,91.5200,74.271400,733900,0,1,106.160275
2018-10-19,91.5300,74.279526,693400,0,1,106.171875
2018-10-22,91.5500,74.295761,746900,0,1,106.195074
2018-10-23,91.5500,74.295761,1982600,0,1,106.195074
2018-10-24,91.5600,74.303825,1071600,0,1,106.206674
2018-10-25,91.5700,74.311981,3574800,0,1,106.218273
2018-10-26,91.5800,74.320084,6698900,0,1,106.229873
2018-10-29,91.5800,74.320084,1477400,0,1,106.229873
2018-10-30,91.5800,74.320084,1303100,0,1,106.229873
2018-10-31,91.5900,74.328201,2389400,0,1,106.241473
2018-11-01,91.4600,74.344444,2666600,0.15,1,106.264672
2018-11-02,91.4600,74.344444,2036700,0,1,106.264672
2018-11-05,91.4700,74.352570,2684100,0,1,106.276291
2018-11-06,91.4700,74.352570,1105200,0,1,106.276291
2018-11-07,91.4800,74.360733,1135100,0,1,106.287910
2018-11-08,91.4900,74.368881,1624800,0,1,106.299528
2018-11-09,91.5100,74.385101,3348300,0,1,106.322766
2018-11-12,91.5000,74.376984,601500,0,1,106.311147
2018-11-13,91.5100,74.385101,802200,0,1,106.322766
2018-11-14,91.5000,74.376984,2459500,0,1,106.311147
2018-11-15,91.5300,74.401344,1448300,0,1,106.346003
2018-11-16,91.5400,74.409500,7584300,0,1,106.357622
2018-11-19,91.5300,74.401344,1754300,0,1,106.346003
2018-11-20,91.5500,74.417641,5355400,0,1,106.369240
2018-11-21,91.5700,74.433884,1683200,0,1,106.392478
2018-11-23,91.5700,74.433884,544500,0,1,106.392478
2018-11-26,91.5800,74.441978,945300,0,1,106.404097
2018-11-27,91.5800,74.441978,701300,0,1,106.404097
2018-11-28,91.5900,74.450127,1463800,0,1,106.415715
2018-11-29,91.6000,74.458282,5720200,0,1,106.427334
2018-11-30,91.6100,74.466393,1795600,0,1,106.438953
2018-12-03,91.4500,74.463974,2369700,0.157,1,106.435467
2018-12-04,91.4600,74.472076,1610600,0,1,106.447106
2018-12-06,91.4800,74.488373,4606200,0,1,106.470383
2018-12-07,91.4900,74.496559,1924600,0,1,106.482022
2018-12-10,91.5000,74.504692,1474800,0,1,106.493660
2018-12-11,91.4900,74.496559,1734600,0,1,106.482022
2018-12-12,91.5100,74.512787,959200,0,1,106.505299
2018-12-13,91.5200,74.520966,1410000,0,1,106.516938
2018-12-14,91.5300,74.529106,939300,0,1,106.528576
2018-12-17,91.5400,74.537239,3563400,0,1,106.540215
2018-12-18,91.5400,74.537239,2394700,0,1,106.540215
2018-12-19,91.3700,74.529068,2636300,0.16,1,106.528576
2018-12-20,91.3900,74.545403,2938700,0,1,106.551894
2018-12-21,91.4100,74.561707,2612300,0,1,106.575212
2018-12-24,91.4200,74.569855,2979200,0,1,106.586871
2018-12-26,91.4100,74.561707,2751600,0,1,106.575212
2018-12-27,91.4400,74.586159,3096100,0,1,106.610190
2018-12-28,91.4500,74.594353,1835800,0,1,106.621849
2018-12-31,91.4600,74.602478,3490000,0,1,106.633508
2019-01-02,91.4500,74.594353,15671600,0,1,106.621849
2019-01-03,91.4800,74.618805,3316200,0,1,106.656826
2019-01-04,91.4900,74.626991,5483000,0,1,106.668485
2019-01-07,91.4900,74.626991,2840200,0,1,106.668485
2019-01-08,91.4900,74.626991,1923100,0,1,106.668485
2019-01-09,91.4900,74.626991,1486900,0,1,106.668485
2019-01-10,91.5000,74.635132,1865800,0,1,106.680144
2019-01-11,91.5200,74.651436,1329200,0,1,106.703462
2019-01-14,91.5100,74.643242,1986900,0,1,106.691803
2019-01-15,91.5300,74.659599,1177800,0,1,106.715121
2019-01-16,91.5400,74.667747,1310100,0,1,106.726780
2019-01-17,91.5600,74.684029,809400,0,1,106.750098
2019-01-18,91.5600,74.684029,1950700,0,1,106.750098
2019-01-22,91.5700,74.692230,1930700,0,1,106.761757
2019-01-23,91.5700,74.692230,1637700,0,1,106.761757
2019-01-24,91.6000,74.716698,1200800,0,1,106.796734
2019-01-25,91.5900,74.708519,2123700,0,1,106.785075
2019-01-28,91.6000,74.716698,1286100,0,1,106.796734
2019-01-29,91.6000,74.716698,965000,0,1,106.796734
2019-01-30,91.6200,74.733009,1784900,0,1,106.820052
2019-01-31,91.6200,74.733009,4576700,0,1,106.820052
2019-02-01,91.4500,74.740364,2534500,0.179,1,106.830545
2019-02-04,91.4600,74.748520,3375400,0,1,106.842227
2019-02-05,91.4600,74.748520,2471300,0,1,106.842227
2019-02-06,91.4800,74.764870,2135400,0,1,106.865591
2019-02-07,91.4800,74.764870,1894000,0,1,106.865591
2019-02-08,91.5000,74.781227,584400,0,1,106.888955
2019-02-11,91.4900,74.773048,1328200,0,1,106.877273
2019-02-12,91.5100,74.789375,986400,0,1,106.900636
2019-02-13,91.5100,74.789375,818800,0,1,106.900636
2019-02-14,91.5300,74.805756,2038600,0,1,106.924000
2019-02-15,91.5300,74.805756,1547700,0,1,106.924000
2019-02-19,91.5500,74.822098,1858700,0,1,106.947364
2019-02-20,91.5500,74.822098,4086700,0,1,106.947364
2019-02-21,91.5600,74.830223,1288200,0,1,106.959046
2019-02-22,91.5800,74.846558,3265500,0,1,106.982409
2019-02-25,91.5700,74.838432,1026500,0,1,106.970727
2019-02-26,91.5800,74.846558,1202400,0,1,106.982409
2019-02-27,91.5900,74.854782,1260300,0,1,106.994091
2019-02-28,91.6100,74.871124,1073800,0,1,107.017455
2019-03-01,91.4500,74.879318,2044200,0.17,1,107.029137
2019-03-04,91.4400,74.871124,1554500,0,1,107.017433
2019-03-05,91.4500,74.879318,2614100,0,1,107.029137
2019-03-06,91.4600,74.887497,706100,0,1,107.040840
2019-03-07,91.4800,74.903862,1106400,0,1,107.064247
2019-03-08,91.4900,74.912064,1061100,0,1,107.075951
2019-03-11,91.4900,74.912064,861100,0,1,107.075951
2019-03-12,91.5000,74.920250,938300,0,1,107.087655
2019-03-13,91.5100,74.928413,1796500,0,1,107.099358
2019-03-14,91.5100,74.928413,520100,0,1,107.099358
2019-03-15,91.5200,74.936630,1115400,0,1,107.111062
2019-03-18,91.5300,74.944824,1144100,0,1,107.122765
2019-03-19,91.5300,74.944824,3794400,0,1,107.122765
2019-03-20,91.5300,74.944824,1988500,0,1,107.122765
2019-03-21,91.5600,74.969337,1957600,0,1,107.157876
2019-03-22,91.5600,74.969337,2049600,0,1,107.157876
2019-03-25,91.5600,74.969337,1231800,0,1,107.157876
2019-03-26,91.5700,74.977570,661600,0,1,107.169580
2019-03-27,91.5800,74.985703,2214100,0,1,107.181283
2019-03-28,91.6000,75.002129,924100,0,1,107.204690
2019-03-29,91.6000,75.002129,1576100,0,1,107.204690
2019-04-01,91.4400,75.015251,2419200,0.176,1,107.223416
2019-04-02,91.4300,75.007027,1138800,0,1,107.211690
2019-04-03,91.4400,75.015251,1422400,0,1,107.223416
2019-04-04,91.4700,75.039833,1208000,0,1,107.258594
2019-04-05,91.4700,75.039833,655700,0,1,107.258594
2019-04-08,91.4700,75.039833,1349200,0,1,107.258594
2019-04-09,91.4800,75.048065,1438000,0,1,107.270320
2019-04-10,91.4800,75.048065,2261600,0,1,107.270320
2019-04-11,91.5100,75.072662,674900,0,1,107.305499
2019-04-12,91.5100,75.072662,890600,0,1,107.305499
2019-04-15,91.5200,75.080894,1087900,0,1,107.317225
2019-04-16,91.5200,75.080894,767900,0,1,107.317225
2019-04-17,91.5400,75.097305,691500,0,1,107.340677
2019-04-18,91.5500,75.105522,2976400,0,1,107.352403
2019-04-22,91.5500,75.105522,1171400,0,1,107.352403
2019-04-23,91.5500,75.105522,912100,0,1,107.352403
2019-04-24,91.5700,75.121918,1103500,0,1,107.375855
2019-04-25,91.5900,75.138313,1838500,0,1,107.399307
2019-04-26,91.5800,75.130058,2449400,0,1,107.387581
2019-04-29,91.5900,75.138313,667700,0,1,107.399307
2019-04-30,91.6000,75.146515,1161400,0,1,107.411034
2019-05-01,91.4300,75.149834,1237600,0.174,1,107.415724
2019-05-02,91.4400,75.158028,856100,0,1,107.427472
2019-05-03,91.4500,75.166252,1443500,0,1,107.439221
2019-05-06,91.4600,75.174461,879800,0,1,107.450969
2019-05-07,91.4700,75.182671,1217900,0,1,107.462718
2019-05-08,91.4700,75.182671,980900,0,1,107.462718
2019-05-09,91.4800,75.190887,2029800,0,1,107.474466
2019-05-10,91.5000,75.207321,966600,0,1,107.497963
2019-05-13,91.4900,75.199097,1953000,0,1,107.486214
2019-05-14,91.5000,75.207321,1097000,0,1,107.497963
2019-05-15,91.5100,75.215584,1061900,0,1,107.509711
2019-05-16,91.5200,75.223778,1681600,0,1,107.521460
2019-05-17,91.5300,75.231979,339300,0,1,107.533208
2019-05-20,91.5400,75.240219,524300,0,1,107.544956
2019-05-21,91.5400,75.240219,673700,0,1,107.544956
2019-05-22,91.5600,75.256607,1218500,0,1,107.568453
2019-05-23,91.5800,75.273087,1198800,0,1,107.591950
2019-05-24,91.5800,75.273087,1337100,0,1,107.591950
2019-05-28,91.5900,75.281319,981000,0,1,107.603699
2019-05-29,91.5900,75.281319,4239400,0,1,107.603699
2019-05-30,91.6200,75.305977,1223300,0,1,107.638944
2019-05-31,91.6200,75.305977,2770300,0,1,107.638944
2019-06-03,91.4400,75.302658,3486900,0.176,1,107.634244
2019-06-04,91.4600,75.319138,9008800,0,1,107.657786
2019-06-05,91.4600,75.319138,2028500,0,1,107.657786
2019-06-06,91.4900,75.343826,7013200,0,1,107.693100
2019-06-07,91.4800,75.335625,2299000,0,1,107.681328
2019-06-10,91.5000,75.352119,2795300,0,1,107.704871
2019-06-11,91.4900,75.343826,1563700,0,1,107.693100
2019-06-12,91.5000,75.352119,2308800,0,1,107.704871
2019-06-13,91.5300,75.376793,4044200,0,1,107.740184
2019-06-14,91.5400,75.385040,601300,0,1,107.751955
2019-06-17,91.5400,75.385040,3386000,0,1,107.751955
2019-06-18,91.5400,75.385040,3183100,0,1,107.751955
2019-06-19,91.5600,75.401428,521300,0,1,107.775497
2019-06-20,91.5700,75.409706,2524000,0,1,107.787268
2019-06-21,91.5700,75.409706,2016700,0,1,107.787268
2019-06-24,91.5800,75.417961,1223700,0,1,107.799039
2019-06-25,91.5800,75.417961,826600,0,1,107.799039
2019-06-26,91.6000,75.434448,1006400,0,1,107.822581
2019-06-27,91.6000,75.434448,615800,0,1,107.822581
2019-06-28,91.6100,75.442688,1112800,0,1,107.834352
2019-07-01,91.4400,75.438553,3984100,0.165,1,107.828466
2019-07-02,91.4500,75.446800,5031700,0,1,107.840259
2019-07-03,91.4800,75.471565,1988600,0,1,107.875635
2019-07-05,91.4700,75.463287,1294500,0,1,107.863843
2019-07-08,91.4700,75.463287,3557000,0,1,107.863843
2019-07-09,91.4800,75.471565,1612400,0,1,107.875635
2019-07-10,91.4900,75.479790,1257200,0,1,107.887428
2019-07-11,91.5100,75.496307,1230400,0,1,107.911012
2019-07-12,91.5200,75.504547,792900,0,1,107.922804
2019-07-15,91.5200,75.504547,521000,0,1,107.922804
2019-07-16,91.5300,75.512810,731500,0,1,107.934597
2019-07-17,91.5300,75.512810,650700,0,1,107.934597
2019-07-18,91.5600,75.537529,1130400,0,1,107.969973
2019-07-19,91.5600,75.537529,1509200,0,1,107.969973
2019-07-22,91.5600,75.537529,524400,0,1,107.969973
2019-07-23,91.5500,75.529312,1703300,0,1,107.958181
2019-07-24,91.5700,75.545799,793900,0,1,107.981766
2019-07-25,91.5900,75.562271,1428400,0,1,108.005350
2019-07-26,91.5800,75.554016,1202800,0,1,107.993558
2019-07-29,91.6000,75.570557,871300,0,1,108.017143
2019-07-30,91.6000,75.570557,2294000,0,1,108.017143
2019-07-31,91.6100,75.578812,3291100,0,1,108.028935
2019-08-01,91.4800,75.599480,5657100,0.155,1,108.058415
2019-08-02,91.4800,75.599480,5480500,0,1,108.058415
2019-08-05,91.4700,75.591187,2182900,0,1,108.046603
2019-08-06,91.4800,75.599480,4955000,0,1,108.058415
2019-08-07,91.5000,75.615982,2365100,0,1,108.082040
2019-08-08,91.5100,75.624222,1279000,0,1,108.093852
2019-08-09,91.5000,75.615982,2542200,0,1,108.082040
2019-08-12,91.5200,75.632530,2547400,0,1,108.105664
2019-08-13,91.5300,75.640762,904300,0,1,108.117477
2019-08-14,91.5200,75.632530,1988000,0,1,108.105664
2019-08-15,91.5600,75.665535,2998300,0,1,108.152913
2019-08-16,91.5500,75.657295,2471500,0,1,108.141101
2019-08-19,91.5500,75.657295,4949900,0,1,108.141101
2019-08-20,91.5600,75.665535,1675500,0,1,108.152913
2019-08-21,91.5500,75.657295,1433700,0,1,108.141101
2019-08-22,91.5800,75.682098,1162700,0,1,108.176538
2019-08-23,91.5700,75.673882,10788500,0,1,108.164726
2019-08-26,91.5800,75.682098,2234600,0,1,108.176538
2019-08-27,91.5900,75.690361,1616900,0,1,108.188350
2019-08-28,91.5800,75.682098,3861800,0,1,108.176538
2019-08-29,91.6000,75.698616,2276800,0,1,108.200162
2019-08-30,91.6100,75.706886,3418100,0,1,108.211975
2019-09-03,91.4600,75.721809,4842500,0.168,1,108.233237
2019-09-04,91.4500,75.713516,1895600,0,1,108.221403
2019-09-05,91.4600,75.721809,4888800,0,1,108.233237
2019-09-06,91.4700,75.730049,2094700,0,1,108.245071
2019-09-09,91.4700,75.730049,1064400,0,1,108.245071
2019-09-10,91.4900,75.746620,2325200,0,1,108.268739
2019-09-11,91.4800,75.738350,1437400,0,1,108.256905
2019-09-12,91.5000,75.754913,1867500,0,1,108.280572
2019-09-13,91.5000,75.754913,1638200,0,1,108.280572
2019-09-16,91.5000,75.754913,1119300,0,1,108.280572
2019-09-17,91.5100,75.763206,1032800,0,1,108.292406
2019-09-18,91.5300,75.779755,1094500,0,1,108.316074
2019-09-19,91.5300,75.779755,1980600,0,1,108.316074
2019-09-20,91.5400,75.788040,2298500,0,1,108.327908
2019-09-23,91.5600,75.804573,1669600,0,1,108.351576
2019-09-24,91.5600,75.804573,1661700,0,1,108.351576
2019-09-25,91.5600,75.804573,1362600,0,1,108.351576
2019-09-26,91.5800,75.821167,1741100,0,1,108.375244
2019-09-27,91.5800,75.821167,1033000,0,1,108.375244
2019-09-30,91.5900,75.829437,3144600,0,1,108.387078
2019-10-01,91.4500,75.826920,2016800,0.137,1,108.383528
2019-10-02,91.4500,75.826920,2410000,0,1,108.383528
2019-10-03,91.4800,75.851830,1101300,0,1,108.419083
2019-10-04,91.4800,75.851830,924300,0,1,108.419083
2019-10-07,91.4900,75.860092,686900,0,1,108.430934
2019-10-08,91.4900,75.860092,1207500,0,1,108.430934
2019-10-09,91.4900,75.860092,1714000,0,1,108.430934
2019-10-10,91.5100,75.876656,1404600,0,1,108.454638
2019-10-11,91.5200,75.884972,1446100,0,1,108.466489
2019-10-14,91.5100,75.876656,2720500,0,1,108.454638
2019-10-15,91.5200,75.884972,1621300,0,1,108.466489
2019-10-16,91.5300,75.893272,1620400,0,1,108.478341
2019-10-17,91.5400,75.901558,1350600,0,1,108.490193
2019-10-18,91.5400,75.901558,3141500,0,1,108.490193
2019-10-21,91.5500,75.909836,820500,0,1,108.502044
2019-10-22,91.5500,75.909836,1818900,0,1,108.502044
2019-10-23,91.5500,75.909836,707600,0,1,108.502044
2019-10-24,91.5700,75.926437,734400,0,1,108.525748
2019-10-25,91.5700,75.926437,857300,0,1,108.525748
2019-10-28,91.5600,75.918106,1936500,0,1,108.513896
2019-10-29,91.5800,75.934738,486100,0,1,108.537599
2019-10-30,91.5900,75.943024,1025500,0,1,108.549451
2019-10-31,91.6000,75.951347,1240700,0,1,108.561303
2019-11-01,91.4600,75.950478,5615400,0.139,1,108.560118
2019-11-04,91.4700,75.958748,2305900,0,1,108.571987
2019-11-05,91.4600,75.950478,1253400,0,1,108.560118
2019-11-06,91.4700,75.958748,1095800,0,1,108.571987
2019-11-07,91.4900,75.975380,1334700,0,1,108.595727
2019-11-08,91.4900,75.975380,727700,0,1,108.595727
2019-11-11,91.4900,75.975380,464600,0,1,108.595727
2019-11-12,91.5000,75.983719,1818400,0,1,108.607596
2019-11-13,91.5000,75.983719,1170700,0,1,108.607596
2019-11-14,91.5100,75.991997,3100000,0,1,108.619466
2019-11-15,91.5000,75.983719,2225800,0,1,108.607596
2019-11-18,91.5200,76.000298,1610600,0,1,108.631336
2019-11-19,91.5100,75.991997,928000,0,1,108.619466
2019-11-20,91.5200,76.000298,2396400,0,1,108.631336
2019-11-21,91.5200,76.000298,975300,0,1,108.631336
2019-11-22,91.5300,76.008636,1197900,0,1,108.643205
2019-11-25,91.5300,76.008636,955100,0,1,108.643205
2019-11-26,91.5400,76.016907,952000,0,1,108.655075
2019-11-27,91.5600,76.033493,775900,0,1,108.678814
2019-11-29,91.5600,76.033493,687500,0,1,108.678814
2019-12-02,91.4500,76.039337,985300,0.117,1,108.687123
2019-12-03,91.4400,76.031029,2002400,0,1,108.675238
2019-12-04,91.4500,76.039337,1008000,0,1,108.687123
2019-12-05,91.4700,76.055969,866100,0,1,108.710893
2019-12-06,91.4700,76.055969,1171300,0,1,108.710893
2019-12-09,91.4800,76.064278,776200,0,1,108.722778
2019-12-10,91.4800,76.064278,1040700,0,1,108.722778
2019-12-11,91.4800,76.064278,1288600,0,1,108.722778
2019-12-12,91.5000,76.080910,601800,0,1,108.746548
2019-12-13,91.4800,76.064278,753100,0,1,108.722778
2019-12-16,91.5000,76.080910,702700,0,1,108.746548
2019-12-17,91.4900,76.072571,2353000,0,1,108.734663
2019-12-18,91.5100,76.089233,1059900,0,1,108.758432
2019-12-19,91.5200,76.097542,1412900,0,1,108.770317
2019-12-20,91.4100,76.101738,1375800,0.115,1,108.776260
2019-12-23,91.4100,76.101738,2846500,0,1,108.776260
2019-12-24,91.4200,76.110046,1042700,0,1,108.788160
2019-12-26,91.4300,76.118347,956200,0,1,108.800059
2019-12-27,91.4200,76.110046,1325600,0,1,108.788160
2019-12-30,91.4300,76.118347,1381300,0,1,108.800059
2019-12-31,91.4300,76.118347,1406200,0,1,108.800059
2020-01-02,91.4600,76.143341,3167200,0,1,108.835759
2020-01-03,91.4600,76.143341,853200,0,1,108.835759
2020-01-06,91.4500,76.135010,2471900,0,1,108.823859
2020-01-07,91.4500,76.135010,1267300,0,1,108.823859
2020-01-08,91.4700,76.151634,1286100,0,1,108.847659
2020-01-09,91.4800,76.159996,984300,0,1,108.859558
2020-01-10,91.4800,76.159996,1137100,0,1,108.859558
2020-01-13,91.4800,76.159996,1459100,0,1,108.859558
2020-01-14,91.4800,76.159996,1055400,0,1,108.859558
2020-01-15,91.4900,76.168304,862300,0,1,108.871458
2020-01-16,91.5100,76.184967,1104100,0,1,108.895258
2020-01-17,91.5000,76.176643,1323200,0,1,108.883358
2020-01-21,91.5100,76.184967,3170700,0,1,108.895258
2020-01-22,91.5100,76.184967,1156800,0,1,108.895258
2020-01-23,91.5200,76.193283,893000,0,1,108.907158
2020-01-24,91.5200,76.193283,1243700,0,1,108.907158
2020-01-27,91.5300,76.201614,1463500,0,1,108.919058
2020-01-28,91.5300,76.201614,1708000,0,1,108.919058
2020-01-29,91.5400,76.209946,845200,0,1,108.930957
2020-01-30,91.5400,76.209946,787300,0,1,108.930957
2020-01-31,91.5400,76.209946,1760700,0,1,108.930957
2020-02-03,91.4400,76.216637,1826500,0.108,1,108.940477
2020-02-04,91.4400,76.216637,1013700,0,1,108.940477
2020-02-05,91.4600,76.233284,1015900,0,1,108.964305
2020-02-06,91.4700,76.241615,1156000,0,1,108.976219
2020-02-07,91.4700,76.241615,873000,0,1,108.976219
2020-02-10,91.4600,76.233284,635800,0,1,108.964305
2020-02-11,91.4700,76.241615,1152900,0,1,108.976219
2020-02-12,91.4800,76.249947,823600,0,1,108.988133
2020-02-13,91.4900,76.258278,1231100,0,1,109.000047
2020-02-14,91.4900,76.258278,1200800,0,1,109.000047
2020-02-18,91.5000,76.266624,894900,0,1,109.011961
2020-02-19,91.5000,76.266624,1327300,0,1,109.011961
2020-02-20,91.5000,76.266624,2327900,0,1,109.011961
2020-02-21,91.5200,76.283310,865100,0,1,109.035788
2020-02-24,91.5100,76.274933,3162600,0,1,109.023874
2020-02-25,91.5100,76.274933,4337200,0,1,109.023874
2020-02-26,91.5300,76.291634,4843100,0,1,109.047702
2020-02-27,91.5500,76.308289,7014300,0,1,109.071530
2020-02-28,91.5400,76.299965,10079400,0,1,109.059616
2020-03-02,91.4700,76.322495,8320700,0.097,1,109.091783
2020-03-03,91.4900,76.339180,6196300,0,1,109.115637
2020-03-04,91.5300,76.372551,7400300,0,1,109.163343
2020-03-05,91.5500,76.389229,4722200,0,1,109.187196
2020-03-06,91.5500,76.389229,4562200,0,1,109.187196
2020-03-09,91.5900,76.422592,14089900,0,1,109.234902
2020-03-10,91.5700,76.405937,10764300,0,1,109.211049
2020-03-11,91.5900,76.422592,19939900,0,1,109.234902
2020-03-12,91.6000,76.430954,20352200,0,1,109.246828
2020-03-13,91.6200,76.447670,11069000,0,1,109.270681
2020-03-16,91.6300,76.455986,11009100,0,1,109.282608
2020-03-17,91.6300,76.455986,10016900,0,1,109.282608
2020-03-18,91.6500,76.472702,11352300,0,1,109.306461
2020-03-19,91.6300,76.455986,10002900,0,1,109.282608
2020-03-20,91.6600,76.481049,14884700,0,1,109.318387
2020-03-23,91.6400,76.464348,7880900,0,1,109.294534
2020-03-24,91.6400,76.464348,7108400,0,1,109.294534
2020-03-25,91.6400,76.464348,6265900,0,1,109.294534
2020-03-26,91.6400,76.464348,5907600,0,1,109.294534
2020-03-27,91.6200,76.447670,5413800,0,1,109.270681
2020-03-30,91.6200,76.447670,4208600,0,1,109.270681
2020-03-31,91.6300,76.455986,6837900,0,1,109.282608
2020-04-01,91.5700,76.449318,3865800,0.052,1,109.273066
2020-04-02,91.5800,76.457664,4489300,0,1,109.285000
2020-04-03,91.5500,76.432625,4371000,0,1,109.249200
2020-04-06,91.5600,76.440948,3804200,0,1,109.261133
2020-04-07,91.5400,76.424263,4866200,0,1,109.237267
2020-04-08,91.5500,76.432625,3326600,0,1,109.249200
2020-04-09,91.5300,76.415916,7432700,0,1,109.225333
2020-04-13,91.5500,76.432625,4806700,0,1,109.249200
2020-04-14,91.5600,76.440948,7368800,0,1,109.261133
2020-04-15,91.5500,76.432625,5840100,0,1,109.249200
2020-04-16,91.5400,76.424263,5563300,0,1,109.237267
2020-04-17,91.5600,76.440948,4217400,0,1,109.261133
2020-04-20,91.5500,76.432625,5258700,0,1,109.249200
2020-04-21,91.5500,76.432625,3527200,0,1,109.249200
2020-04-22,91.5500,76.432625,2065200,0,1,109.249200
2020-04-23,91.5600,76.440948,1928700,0,1,109.261133
2020-04-24,91.5500,76.432625,1618100,0,1,109.249200
2020-04-27,91.5500,76.432625,2244700,0,1,109.249200
2020-04-28,91.5500,76.432625,2744800,0,1,109.249200
2020-04-29,91.5400,76.424263,5313500,0,1,109.237267
2020-04-30,91.5600,76.440948,7305600,0,1,109.261133
2020-05-01,91.5300,76.427612,3710300,0.014,1,109.242040
2020-05-04,91.5300,76.427612,5973500,0,1,109.242040
2020-05-05,91.5300,76.427612,2949300,0,1,109.242040
2020-05-06,91.5400,76.435951,1716300,0,1,109.253975
2020-05-07,91.5300,76.427612,2271200,0,1,109.242040
2020-05-08,91.5300,76.427612,3100700,0,1,109.242040
2020-05-11,91.5400,76.435951,3903700,0,1,109.253975
2020-05-12,91.5400,76.435951,3110500,0,1,109.253975
2020-05-13,91.5400,76.435951,3524800,0,1,109.253975
2020-05-14,91.5500,76.444321,4505200,0,1,109.265910
2020-05-15,91.5300,76.427612,2361800,0,1,109.242040
2020-05-18,91.5300,76.427612,2297500,0,1,109.242040
2020-05-19,91.5300,76.427612,6505800,0,1,109.242040
2020-05-20,91.5300,76.427612,1722400,0,1,109.242040
2020-05-21,91.5400,76.435951,2400900,0,1,109.253975
2020-05-22,91.5300,76.427612,1935600,0,1,109.242040
2020-05-26,91.5400,76.435951,4214200,0,1,109.253975
2020-05-27,91.5300,76.427612,3887400,0,1,109.242040
2020-05-28,91.5300,76.427612,5061200,0,1,109.242040
2020-05-29,91.5300,76.427612,3714600,0,1,109.242040
2020-06-01,91.5400,76.435951,2919600,0,1,109.253975
2020-06-02,91.5400,76.435951,4644600,0,1,109.253975
2020-06-03,91.5400,76.435951,5447700,0,1,109.253975
2020-06-04,91.5400,76.435951,3574600,0,1,109.253975
2020-06-05,91.5200,76.419243,4808800,0,1,109.230105
2020-06-08,91.5300,76.427612,3937200,0,1,109.242040
2020-06-09,91.5300,76.427612,8989100,0,1,109.242040
2020-06-10,91.5400,76.435951,3090200,0,1,109.253975
2020-06-11,91.5200,76.419243,10544900,0,1,109.230105
2020-06-12,91.5400,76.435951,8819400,0,1,109.253975
2020-06-15,91.5400,76.435951,3391500,0,1,109.253975
2020-06-16,91.5400,76.435951,2413600,0,1,109.253975
2020-06-17,91.5400,76.435951,3992000,0,1,109.253975
2020-06-18,91.5300,76.427612,1837800,0,1,109.242040
2020-06-19,91.5300,76.427612,3115500,0,1,109.242040
2020-06-22,91.5300,76.427612,3091900,0,1,109.242040
2020-06-23,91.5300,76.427612,2898000,0,1,109.242040
2020-06-24,91.5300,76.427612,3779000,0,1,109.242040
2020-06-25,91.5400,76.435951,1767500,0,1,109.253975
2020-06-26,91.5300,76.427612,1350100,0,1,109.242040
2020-06-29,91.5300,76.427612,2431500,0,1,109.242040
2020-06-30,91.5300,76.427612,3381100,0,1,109.242040
2020-07-01,91.5300,76.427612,3160000,0,1,109.242040
2020-07-02,91.5400,76.435951,2639700,0,1,109.253975
2020-07-06,91.5300,76.427612,4064700,0,1,109.242040
2020-07-07,91.5300,76.427612,2092700,0,1,109.242040
2020-07-08,91.5300,76.427612,4376800,0,1,109.242040
2020-07-09,91.5300,76.427612,1516600,0,1,109.242040
2020-07-10,91.5400,76.435951,1241800,0,1,109.253975
2020-07-13,91.5400,76.435951,2126500,0,1,109.253975
2020-07-14,91.5400,76.435951,1326000,0,1,109.253975
2020-07-15,91.5400,76.435951,2793100,0,1,109.253975
2020-07-16,91.5300,76.427612,2395500,0,1,109.242040
2020-07-17,91.5400,76.435951,2551400,0,1,109.253975
2020-07-20,91.5400,76.435951,1276700,0,1,109.253975
2020-07-21,91.5400,76.435951,1882700,0,1,109.253975
2020-07-22,91.5300,76.427612,1479200,0,1,109.242040
2020-07-23,91.5400,76.435951,1118300,0,1,109.253975
2020-07-24,91.5300,76.427612,1009900,0,1,109.242040
2020-07-27,91.5300,76.427612,1412400,0,1,109.242040
2020-07-28,91.5400,76.435951,2012800,0,1,109.253975
2020-07-29,91.5400,76.435951,1418100,0,1,109.253975
2020-07-30,91.5300,76.427612,2403300,0,1,109.242040
2020-07-31,91.5400,76.435951,1099800,0,1,109.253975
2020-08-03,91.5300,76.427612,1564800,0,1,109.242040
2020-08-04,91.5400,76.435951,1654700,0,1,109.253975
2020-08-05,91.5300,76.427612,1980000,0,1,109.242040
2020-08-06,91.5300,76.427612,1591300,0,1,109.242040
2020-08-07,91.5400,76.435951,2105100,0,1,109.253975
2020-08-10,91.5400,76.435951,887500,0,1,109.253975
2020-08-11,91.5300,76.427612,1734100,0,1,109.242040
2020-08-12,91.5300,76.427612,2876300,0,1,109.242040
2020-08-13,91.5400,76.435951,2350800,0,1,109.253975
2020-08-14,91.5300,76.427612,1206000,0,1,109.242040
2020-08-17,91.5300,76.427612,2250100,0,1,109.242040
2020-08-18,91.5400,76.435951,3536200,0,1,109.253975
2020-08-19,91.5400,76.435951,1785500,0,1,109.253975
2020-08-20,91.5400,76.435951,1091000,0,1,109.253975
2020-08-21,91.5400,76.435951,1877100,0,1,109.253975
2020-08-24,91.5400,76.435951,1276800,0,1,109.253975
2020-08-25,91.5300,76.427612,1318300,0,1,109.242040
2020-08-26,91.5300,76.427612,1058400,0,1,109.242040
2020-08-27,91.5300,76.427612,1314500,0,1,109.242040
2020-08-28,91.5400,76.435951,1023000,0,1,109.253975
2020-08-31,91.5400,76.435951,1467200,0,1,109.253975
2020-09-01,91.5400,76.435951,1091500,0,1,109.253975
2020-09-02,91.5400,76.435951,1550000,0,1,109.253975
2020-09-03,91.5300,76.427612,1942600,0,1,109.242040
2020-09-04,91.5400,76.435951,1946100,0,1,109.253975
2020-09-08,91.5400,76.435951,3647900,0,1,109.253975
2020-09-09,91.5300,76.427612,2260900,0,1,109.242040
2020-09-10,91.5300,76.427612,1667000,0,1,109.242040
2020-09-11,91.5200,76.419243,1213400,0,1,109.230105
2020-09-14,91.5400,76.435951,2103900,0,1,109.253975
2020-09-15,91.5200,76.419243,1512900,0,1,109.230105
2020-09-16,91.5400,76.435951,1248300,0,1,109.253975
2020-09-17,91.5400,76.435951,2402500,0,1,109.253975
2020-09-18,91.5200,76.419243,841400,0,1,109.230105
2020-09-21,91.5200,76.419243,1605700,0,1,109.230105
2020-09-22,91.5200,76.419243,1571600,0,1,109.230105
2020-09-23,91.5200,76.419243,2503300,0,1,109.230105
2020-09-24,91.5300,76.427612,2325600,0,1,109.242040
2020-09-25,91.5200,76.419243,1971200,0,1,109.230105
2020-09-28,91.5300,76.427612,4095200,0,1,109.242040
2020-09-29,91.5300,76.427612,2004100,0,1,109.242040
2020-09-30,91.5200,76.419243,2507800,0,1,109.230105
2020-10-01,91.5200,76.419243,1030700,0,1,109.230105
2020-10-02,91.5200,76.419243,2053700,0,1,109.230105
2020-10-05,91.5200,76.419243,1286100,0,1,109.230105
2020-10-06,91.5300,76.427612,2457600,0,1,109.242040
2020-10-07,91.5200,76.419243,945100,0,1,109.230105
2020-10-08,91.5200,76.419243,832100,0,1,109.230105
2020-10-09,91.5200,76.419243,965400,0,1,109.230105
2020-10-12,91.5300,76.427612,2242500,0,1,109.242040
2020-10-13,91.5200,76.419243,1903900,0,1,109.230105
2020-10-14,91.5200,76.419243,1505200,0,1,109.230105
2020-10-15,91.5200,76.419243,1188800,0,1,109.230105
2020-10-16,91.5300,76.427612,1251400,0,1,109.242040
2020-10-19,91.5300,76.427612,788900,0,1,109.242040
2020-10-20,91.5200,76.419243,1401400,0,1,109.230105
2020-10-21,91.5200,76.419243,1065100,0,1,109.230105
2020-10-22,91.5300,76.427612,926900,0,1,109.242040
2020-10-23,91.5300,76.427612,995700,0,1,109.242040
2020-10-26,91.5300,76.427612,3162400,0,1,109.242040
2020-10-27,91.5200,76.419243,1034700,0,1,109.230105
2020-10-28,91.5200,76.419243,2147600,0,1,109.230105
2020-10-29,91.5300,76.427612,2664200,0,1,109.242040
2020-10-30,91.5300,76.427612,2486300,0,1,109.242040
2020-11-02,91.5300,76.427612,1380500,0,1,109.242040
2020-11-03,91.5300,76.427612,920100,0,1,109.242040
2020-11-04,91.5200,76.419243,2331100,0,1,109.230105
2020-11-05,91.5300,76.427612,2171400,0,1,109.242040
2020-11-06,91.5200,76.419243,1638900,0,1,109.230105
2020-11-09,91.5300,76.427612,3195700,0,1,109.242040
2020-11-10,91.5200,76.419243,2775700,0,1,109.230105
2020-11-11,91.5200,76.419243,960500,0,1,109.230105
2020-11-12,91.5200,76.419243,1124800,0,1,109.230105
2020-11-13,91.5300,76.427612,1039100,0,1,109.242040
2020-11-16,91.5300,76.427612,1092400,0,1,109.242040
2020-11-17,91.5300,76.427612,1679100,0,1,109.242040
2020-11-18,91.5300,76.427612,2600200,0,1,109.242040
2020-11-19,91.5300,76.427612,1110400,0,1,109.242040
2020-11-20,91.5300,76.427612,896200,0,1,109.242040
2020-11-23,91.5300,76.427612,1082400,0,1,109.242040
2020-11-24,91.5300,76.427612,2147000,0,1,109.242040
2020-11-25,91.5200,76.419243,991600,0,1,109.230105
2020-11-27,91.5300,76.427612,525100,0,1,109.242040
2020-11-30,91.5200,76.419243,1224500,0,1,109.230105
2020-12-01,91.5100,76.413460,2887900,0.003,1,109.221750
2020-12-02,91.5200,76.421761,3397400,0,1,109.233686
2020-12-03,91.5200,76.421761,1342700,0,1,109.233686
2020-12-04,91.5300,76.430138,1283000,0,1,109.245621
2020-12-07,91.5100,76.413460,1714900,0,1,109.221750
2020-12-08,91.5100,76.413460,2136200,0,1,109.221750
2020-12-09,91.5100,76.413460,2411300,0,1,109.221750
2020-12-10,91.5100,76.413460,802800,0,1,109.221750
2020-12-11,91.5200,76.421761,807400,0,1,109.233686
2020-12-14,91.5100,76.413460,1270300,0,1,109.221750
2020-12-15,91.5100,76.413460,1235300,0,1,109.221750
2020-12-16,91.5200,76.421761,1036600,0,1,109.233686
2020-12-17,91.5200,76.421761,1051500,0,1,109.233686
2020-12-18,91.5200,76.421761,1041400,0,1,109.233686
2020-12-21,91.5200,76.421761,1352900,0,1,109.233686
2020-12-22,91.5200,76.421761,1140800,0,1,109.233686
2020-12-23,91.5100,76.413460,1066100,0,1,109.221750
2020-12-24,91.5200,76.421761,580500,0,1,109.233686
2020-12-28,91.5200,76.421761,794600,0,1,109.233686
2020-12-29,91.5200,76.421761,1590400,0,1,109.233686
2020-12-30,91.5100,76.413460,1219400,0,1,109.221750
2020-12-31,91.5200,76.421761,1343900,0,1,109.233686
2021-01-04,91.5200,76.421761,1588000,0,1,109.233686
2021-01-05,91.5100,76.413460,940300,0,1,109.221750
2021-01-06,91.5200,76.421761,1710800,0,1,109.233686
2021-01-07,91.5200,76.421761,1249400,0,1,109.233686
2021-01-08,91.5100,76.413460,1767600,0,1,109.221750
2021-01-11,91.5200,76.421761,1128800,0,1,109.233686
2021-01-12,91.5100,76.413460,6770200,0,1,109.221750
2021-01-13,91.5100,76.413460,3257300,0,1,109.221750
2021-01-14,91.5200,76.421761,2009300,0,1,109.233686
2021-01-15,91.5200,76.421761,2250400,0,1,109.233686
2021-01-19,91.5200,76.421761,1974300,0,1,109.233686
2021-01-20,91.5200,76.421761,641900,0,1,109.233686
2021-01-21,91.5200,76.421761,867000,0,1,109.233686
2021-01-22,91.5100,76.413460,780900,0,1,109.221750
2021-01-25,91.5200,76.421761,921400,0,1,109.233686
2021-01-26,91.5100,76.413460,1878400,0,1,109.221750
2021-01-27,91.5100,76.413460,1615100,0,1,109.221750
2021-01-28,91.5200,76.421761,1965600,0,1,109.233686
2021-01-29,91.5200,76.421761,3702300,0,1,109.233686
2021-02-01,91.5200,76.421761,1563000,0,1,109.233686
2021-02-02,91.5100,76.413460,1099500,0,1,109.221750
2021-02-03,91.5100,76.413460,1207900,0,1,109.221750
2021-02-04,91.5200,76.421761,944000,0,1,109.233686
2021-02-05,91.5200,76.421761,726400,0,1,109.233686
2021-02-08,91.5200,76.421761,1505100,0,1,109.233686
2021-02-09,91.5200,76.421761,1270000,0,1,109.233686
2021-02-10,91.5100,76.413460,1424400,0,1,109.221750
2021-02-11,91.5200,76.421761,696900,0,1,109.233686
2021-02-12,91.5100,76.413460,900900,0,1,109.221750
2021-02-16,91.5200,76.421761,1026200,0,1,109.233686
2021-02-17,91.5200,76.421761,781400,0,1,109.233686
2021-02-18,91.5100,76.413460,1406500,0,1,109.221750
2021-02-19,91.5200,76.421761,805200,0,1,109.233686
2021-02-22,91.5100,76.413460,1284500,0,1,109.221750
2021-02-23,91.5100,76.413460,1169800,0,1,109.221750
2021-02-24,91.5000,76.405022,861500,0,1,109.209815
2021-02-25,91.5100,76.413460,1371000,0,1,109.221750
2021-02-26,91.5100,76.413460,1971100,0,1,109.221750
2021-03-01,91.5000,76.405022,1287100,0,1,109.209815
2021-03-02,91.5000,76.405022,1588400,0,1,109.209815
2021-03-03,91.5100,76.413460,1801400,0,1,109.221750
2021-03-04,91.5100,76.413460,1452400,0,1,109.221750
2021-03-05,91.5100,76.413460,1249000,0,1,109.221750
2021-03-08,91.5000,76.405022,1075500,0,1,109.209815
2021-03-09,91.5000,76.405022,1518600,0,1,109.209815
2021-03-10,91.5000,76.405022,1100600,0,1,109.209815
2021-03-11,91.5100,76.413460,659400,0,1,109.221750
2021-03-12,91.5000,76.405022,737700,0,1,109.209815
2021-03-15,91.5000,76.405022,976300,0,1,109.209815
2021-03-16,91.5000,76.405022,1145000,0,1,109.209815
2021-03-17,91.5100,76.413460,1021500,0,1,109.221750
2021-03-18,91.5000,76.405022,955600,0,1,109.209815
2021-03-19,91.5000,76.405022,704300,0,1,109.209815
2021-03-22,91.5000,76.405022,676600,0,1,109.209815
2021-03-23,91.5100,76.413460,1691300,0,1,109.221750
2021-03-24,91.5000,76.405022,510200,0,1,109.209815
2021-03-25,91.5000,76.405022,1224000,0,1,109.209815
2021-03-26,91.5000,76.405022,797900,0,1,109.209815
2021-03-29,91.5000,76.405022,925500,0,1,109.209815
2021-03-30,91.5100,76.413460,606500,0,1,109.221750
2021-03-31,91.5000,76.405022,882400,0,1,109.209815
2021-04-01,91.5100,76.413460,2289200,0,1,109.221750
2021-04-05,91.5000,76.405022,1014800,0,1,109.209815
2021-04-06,91.4900,76.396706,672100,0,1,109.197879
2021-04-07,91.4900,76.396706,1039700,0,1,109.197879
2021-04-08,91.5000,76.405022,2910500,0,1,109.209815
2021-04-09,91.4900,76.396706,735800,0,1,109.197879
2021-04-12,91.4900,76.396706,866900,0,1,109.197879
2021-04-13,91.4900,76.396706,2840800,0,1,109.197879
2021-04-14,91.4900,76.396706,645200,0,1,109.197879
2021-04-15,91.5000,76.405022,794100,0,1,109.209815
2021-04-16,91.5000,76.405022,2055200,0,1,109.209815
2021-04-19,91.4900,76.396706,754300,0,1,109.197879
2021-04-20,91.4900,76.396706,1548600,0,1,109.197879
2021-04-21,91.4900,76.396706,980000,0,1,109.197879
2021-04-22,91.5000,76.405022,1226600,0,1,109.209815
2021-04-23,91.5000,76.405022,495500,0,1,109.209815
2021-04-26,91.4900,76.396706,1061300,0,1,109.197879
2021-04-27,91.5000,76.405022,787900,0,1,109.209815
2021-04-28,91.4900,76.396706,999200,0,1,109.197879
2021-04-29,91.4900,76.396706,899800,0,1,109.197879
2021-04-30,91.5000,76.405022,1064300,0,1,109.209815
2021-05-03,91.5000,76.405022,1169100,0,1,109.209815
2021-05-04,91.4900,76.396706,2178200,0,1,109.197879
2021-05-05,91.5000,76.405022,553500,0,1,109.209815
2021-05-06,91.5000,76.405022,1066600,0,1,109.209815
2021-05-07,91.4900,76.396706,1829300,0,1,109.197879
2021-05-10,91.4900,76.396706,723700,0,1,109.197879
2021-05-11,91.4900,76.396706,1157100,0,1,109.197879
2021-05-12,91.4800,76.388359,915700,0,1,109.185944
2021-05-13,91.4800,76.388359,5954600,0,1,109.185944
2021-05-14,91.4800,76.388359,1662900,0,1,109.185944
2021-05-17,91.4900,76.396706,867100,0,1,109.197879
2021-05-18,91.4900,76.396706,1047800,0,1,109.197879
2021-05-19,91.4800,76.388359,1675300,0,1,109.185944
2021-05-20,91.4800,76.388359,852400,0,1,109.185944
2021-05-21,91.4900,76.396706,785900,0,1,109.197879
2021-05-24,91.4800,76.388359,1014300,0,1,109.185944
2021-05-25,91.4800,76.388359,686900,0,1,109.185944
2021-05-26,91.4800,76.388359,998100,0,1,109.185944
2021-05-27,91.4900,76.396706,675600,0,1,109.197879
2021-05-28,91.4900,76.396706,927900,0,1,109.197879
2021-06-01,91.4800,76.388359,1121200,0,1,109.185944
2021-06-02,91.4800,76.388359,1752700,0,1,109.185944
2021-06-03,91.4800,76.388359,517400,0,1,109.185944
2021-06-04,91.4900,76.396706,962300,0,1,109.197879
2021-06-07,91.4700,76.380028,983600,0,1,109.174008
2021-06-08,91.4700,76.380028,833500,0,1,109.174008
2021-06-09,91.4700,76.380028,1122600,0,1,109.174008
2021-06-10,91.4700,76.380028,858000,0,1,109.174008
2021-06-11,91.4800,76.388359,732300,0,1,109.185944
2021-06-14,91.4700,76.380028,439100,0,1,109.174008
2021-06-15,91.4700,76.380028,1008600,0,1,109.174008
2021-06-16,91.4800,76.388359,575400,0,1,109.185944
2021-06-17,91.4700,76.380028,1458900,0,1,109.174008
2021-06-18,91.4800,76.388359,885300,0,1,109.185944
2021-06-21,91.4700,76.380028,846700,0,1,109.174008
2021-06-22,91.4700,76.380028,386000,0,1,109.174008
2021-06-23,91.4700,76.380028,651800,0,1,109.174008
2021-06-24,91.4800,76.388359,912400,0,1,109.185944
2021-06-25,91.4800,76.388359,1276500,0,1,109.185944
2021-06-28,91.4700,76.380028,592700,0,1,109.174008
2021-06-29,91.4700,76.380028,887100,0,1,109.174008
2021-06-30,91.4700,76.380028,555300,0,1,109.174008
2021-07-01,91.4800,76.388359,584000,0,1,109.185944
2021-07-02,91.4700,76.380028,638800,0,1,109.174008
2021-07-06,91.4600,76.371658,654200,0,1,109.162073
2021-07-07,91.4600,76.371658,820700,0,1,109.162073
2021-07-08,91.4700,76.380028,934200,0,1,109.174008
2021-07-09,91.4700,76.380028,632900,0,1,109.174008
2021-07-12,91.4700,76.380028,709400,0,1,109.174008
2021-07-13,91.4700,76.380028,1037700,0,1,109.174008
2021-07-14,91.4600,76.371658,583500,0,1,109.162073
2021-07-15,91.4700,76.380028,961800,0,1,109.174008
2021-07-16,91.4700,76.380028,618600,0,1,109.174008
2021-07-19,91.4600,76.371658,2751000,0,1,109.162073
2021-07-20,91.4600,76.371658,1726400,0,1,109.162073
2021-07-21,91.4600,76.371658,1123100,0,1,109.162073
2021-07-22,91.4700,76.380028,680500,0,1,109.174008
2021-07-23,91.4600,76.371658,1078300,0,1,109.162073
2021-07-26,91.4700,76.380028,712500,0,1,109.174008
2021-07-27,91.4600,76.371658,878600,0,1,109.162073
2021-07-28,91.4600,76.371658,1342100,0,1,109.162073
2021-07-29,91.4700,76.380028,903400,0,1,109.174008
2021-07-30,91.4600,76.371658,410800,0,1,109.162073
2021-08-02,91.4600,76.371658,597700,0,1,109.162073
2021-08-03,91.4600,76.371658,745100,0,1,109.162073
2021-08-04,91.4600,76.371658,1067700,0,1,109.162073
2021-08-05,91.4600,76.371658,488300,0,1,109.162073
2021-08-06,91.4700,76.380028,694200,0,1,109.174008
2021-08-09,91.4700,76.380028,1642900,0,1,109.174008
2021-08-10,91.4600,76.371658,937200,0,1,109.162073
2021-08-11,91.4600,76.371658,1080500,0,1,109.162073
2021-08-12,91.4600,76.371658,616500,0,1,109.162073
2021-08-13,91.4700,76.380028,1124700,0,1,109.174008
2021-08-16,91.4500,76.363289,1689700,0,1,109.150137
2021-08-17,91.4500,76.363289,1564100,0,1,109.150137
2021-08-18,91.4500,76.363289,925700,0,1,109.150137
2021-08-19,91.4700,76.380028,1720600,0,1,109.174008
2021-08-20,91.4700,76.380028,796200,0,1,109.174008
2021-08-23,91.4500,76.363289,470700,0,1,109.150137
2021-08-24,91.4500,76.363289,808200,0,1,109.150137
2021-08-25,91.4500,76.363289,555200,0,1,109.150137
2021-08-26,91.4600,76.371658,785600,0,1,109.162073
2021-08-27,91.4600,76.371658,479900,0,1,109.162073
2021-08-30,91.4600,76.371658,617900,0,1,109.162073
2021-08-31,91.4500,76.363289,1021300,0,1,109.150137
2021-09-01,91.4500,76.363289,1076800,0,1,109.150137
2021-09-02,91.4700,76.380028,673800,0,1,109.174008
2021-09-03,91.4500,76.363289,496300,0,1,109.150137
2021-09-07,91.4500,76.363289,1597100,0,1,109.150137
2021-09-08,91.4500,76.363289,1053500,0,1,109.150137
2021-09-09,91.4500,76.363289,735500,0,1,109.150137
2021-09-10,91.4600,76.371658,521700,0,1,109.162073
2021-09-13,91.4600,76.371658,5164600,0,1,109.162073
2021-09-14,91.4500,76.363289,4534300,0,1,109.150137
2021-09-15,91.4500,76.363289,1465500,0,1,109.150137
2021-09-16,91.4600,76.371658,1322600,0,1,109.162073
2021-09-17,91.4500,76.363289,810900,0,1,109.150137
2021-09-20,91.4600,76.371658,1087100,0,1,109.162073
2021-09-21,91.4500,76.363289,1462300,0,1,109.150137
2021-09-22,91.4500,76.363289,1062200,0,1,109.150137
2021-09-23,91.4600,76.371658,1108400,0,1,109.162073
2021-09-24,91.4500,76.363289,1912100,0,1,109.150137
2021-09-27,91.4500,76.363289,2605900,0,1,109.150137
2021-09-28,91.4500,76.363289,978800,0,1,109.150137
2021-09-29,91.4600,76.371658,787600,0,1,109.162073
2021-09-30,91.4600,76.371658,777700,0,1,109.162073
2021-10-01,91.4600,76.371658,1484700,0,1,109.162073
2021-10-04,91.4400,76.354965,757500,0,1,109.138202
2021-10-05,91.4500,76.363289,537800,0,1,109.150137
2021-10-06,91.4500,76.363289,1394800,0,1,109.150137
2021-10-07,91.4500,76.363289,775400,0,1,109.150137
2021-10-08,91.4500,76.363289,487600,0,1,109.150137
2021-10-11,91.4500,76.363289,622200,0,1,109.150137
2021-10-12,91.4500,76.363289,580200,0,1,109.150137
2021-10-13,91.4500,76.363289,934200,0,1,109.150137
2021-10-14,91.4400,76.354965,610500,0,1,109.138202
2021-10-15,91.4500,76.363289,798700,0,1,109.150137
2021-10-18,91.4400,76.354965,650100,0,1,109.138202
2021-10-19,91.4400,76.354965,585400,0,1,109.138202
2021-10-20,91.4400,76.354965,2241500,0,1,109.138202
2021-10-21,91.4400,76.354965,733500,0,1,109.138202
2021-10-22,91.4400,76.354965,721000,0,1,109.138202
2021-10-25,91.4500,76.363289,674100,0,1,109.150137
2021-10-26,91.4300,76.346634,1092600,0,1,109.126266
2021-10-27,91.4300,76.346634,779600,0,1,109.126266
2021-10-28,91.4500,76.363289,663800,0,1,109.150137
2021-10-29,91.4500,76.363289,886900,0,1,109.150137
2021-11-01,91.4500,76.363289,1121800,0,1,109.150137
2021-11-02,91.4300,76.346634,699200,0,1,109.126266
2021-11-03,91.4300,76.346634,1099500,0,1,109.126266
2021-11-04,91.4400,76.354965,791500,0,1,109.138202
2021-11-05,91.4400,76.354965,829100,0,1,109.138202
2021-11-08,91.4500,76.363289,1379300,0,1,109.150137
2021-11-09,91.4300,76.346634,962800,0,1,109.126266
2021-11-10,91.4300,76.346634,1147600,0,1,109.126266
2021-11-11,91.4400,76.354965,789300,0,1,109.138202
2021-11-12,91.4400,76.354965,558600,0,1,109.138202
2021-11-15,91.4400,76.354965,670800,0,1,109.138202
2021-11-16,91.4300,76.346634,1105900,0,1,109.126266
2021-11-17,91.4300,76.346634,1197200,0,1,109.126266
2021-11-18,91.4400,76.354965,801900,0,1,109.138202
2021-11-19,91.4400,76.354965,1430300,0,1,109.138202
2021-11-22,91.4400,76.354965,778900,0,1,109.138202
2021-11-23,91.4300,76.346634,771400,0,1,109.126266
2021-11-24,91.4400,76.354965,677000,0,1,109.138202
2021-11-26,91.4300,76.346634,735800,0,1,109.126266
2021-11-29,91.4400,76.354965,1067100,0,1,109.138202
2021-11-30,91.4300,76.346634,2554800,0,1,109.126266
2021-12-01,91.4400,76.354965,1989400,0,1,109.138202
2021-12-02,91.4400,76.354965,1502400,0,1,109.138202
2021-12-03,91.4300,76.346634,717900,0,1,109.126266
2021-12-06,91.4300,76.346634,796700,0,1,109.126266
2021-12-07,91.4300,76.346634,617900,0,1,109.126266
2021-12-08,91.4400,76.354965,1446600,0,1,109.138202
2021-12-09,91.4300,76.346634,1110700,0,1,109.126266
2021-12-10,91.4400,76.354965,935300,0,1,109.138202
2021-12-13,91.4400,76.354965,462600,0,1,109.138202
2021-12-14,91.4400,76.354965,817200,0,1,109.138202
2021-12-15,91.4400,76.354965,1653900,0,1,109.138202
2021-12-16,91.4300,76.346634,809600,0,1,109.126266
2021-12-17,91.4400,76.354965,1063900,0,1,109.138202
2021-12-20,91.4300,76.346634,2235100,0,1,109.126266
2021-12-21,91.4200,76.338257,2372300,0,1,109.114331
2021-12-22,91.4200,76.338257,1001900,0,1,109.114331
2021-12-23,91.4200,76.338257,571400,0,1,109.114331
2021-12-27,91.4300,76.346634,730400,0,1,109.126266
2021-12-28,91.4200,76.338257,1933000,0,1,109.114331
2021-12-29,91.4200,76.338257,1246300,0,1,109.114331
2021-12-30,91.4300,76.346634,837000,0,1,109.126266
2021-12-31,91.4300,76.346634,871400,0,1,109.126266
2022-01-03,91.4200,76.338257,1764000,0,1,109.114331
2022-01-04,91.4300,76.346634,2511800,0,1,109.126266
2022-01-05,91.4300,76.346634,1637300,0,1,109.126266
2022-01-06,91.4300,76.346634,1077900,0,1,109.126266
2022-01-07,91.4300,76.346634,766900,0,1,109.126266
2022-01-10,91.4200,76.338257,1846800,0,1,109.114331
2022-01-11,91.4100,76.329926,1847500,0,1,109.102395
2022-01-12,91.4200,76.338257,959700,0,1,109.114331
2022-01-13,91.4300,76.346634,1056500,0,1,109.126266
2022-01-14,91.4300,76.346634,564000,0,1,109.126266
2022-01-18,91.4100,76.329926,3068100,0,1,109.102395
2022-01-19,91.4300,76.346634,2074900,0,1,109.126266
2022-01-20,91.4300,76.346634,1628700,0,1,109.126266
2022-01-21,91.4200,76.338257,2937600,0,1,109.114331
2022-01-24,91.4300,76.346634,4854900,0,1,109.126266
2022-01-25,91.4100,76.329926,4776800,0,1,109.102395
2022-01-26,91.4200,76.338257,3694400,0,1,109.114331
2022-01-27,91.4300,76.346634,6218700,0,1,109.126266
2022-01-28,91.4100,76.329926,4811100,0,1,109.102395
2022-01-31,91.4300,76.346634,26333300,0,1,109.126266
2022-02-01,91.4200,76.338257,6452700,0,1,109.114331
2022-02-02,91.4300,76.346634,2119800,0,1,109.126266
2022-02-03,91.4300,76.346634,2323000,0,1,109.126266
2022-02-04,91.4100,76.329926,6726000,0,1,109.102395
2022-02-07,91.4100,76.329926,1667500,0,1,109.102395
2022-02-08,91.4200,76.338257,24173900,0,1,109.114331
2022-02-09,91.4100,76.329926,4386800,0,1,109.102395
2022-02-10,91.4100,76.329926,6107100,0,1,109.102395
2022-02-11,91.4100,76.329926,3164600,0,1,109.102395
2022-02-14,91.4000,76.321571,1876400,0,1,109.090460
2022-02-15,91.4200,76.338257,923100,0,1,109.114331
2022-02-16,91.4200,76.338257,1057500,0,1,109.114331
2022-02-17,91.4100,76.329926,2324900,0,1,109.102395
2022-02-18,91.4200,76.338257,1485300,0,1,109.114331
2022-02-22,91.4200,76.338257,2188500,0,1,109.114331
2022-02-23,91.4100,76.329926,11535000,0,1,109.102395
2022-02-24,91.4100,76.329926,8393400,0,1,109.102395
2022-02-25,91.4100,76.329926,1846500,0,1,109.102395
2022-02-28,91.4100,76.329926,1769300,0,1,109.102395
2022-03-01,91.4100,76.348274,4195900,0.022,1,109.128653
2022-03-02,91.4100,76.348274,2298700,0,1,109.128653
2022-03-03,91.4200,76.356651,2265500,0,1,109.140592
2022-03-04,91.4200,76.356651,1231700,0,1,109.140592
2022-03-07,91.4200,76.356651,15932100,0,1,109.140592
2022-03-08,91.4200,76.356651,7738700,0,1,109.140592
2022-03-09,91.4200,76.356651,2580700,0,1,109.140592
2022-03-10,91.4200,76.356651,2353100,0,1,109.140592
2022-03-11,91.4100,76.348274,805100,0,1,109.128653
2022-03-14,91.4200,76.356651,3886800,0,1,109.140592
2022-03-15,91.4000,76.339912,6259700,0,1,109.116715
2022-03-16,91.4200,76.356651,1773200,0,1,109.140592
2022-03-17,91.4200,76.356651,5463400,0,1,109.140592
2022-03-18,91.4100,76.348274,3115300,0,1,109.128653
2022-03-21,91.4100,76.348274,3961400,0,1,109.128653
2022-03-22,91.4100,76.348274,3440100,0,1,109.128653
2022-03-23,91.4300,76.364998,2205600,0,1,109.152530
2022-03-24,91.4300,76.364998,1749600,0,1,109.152530
2022-03-25,91.4100,76.348274,2840100,0,1,109.128653
2022-03-28,91.4100,76.348274,2839400,0,1,109.128653
2022-03-29,91.4100,76.348274,4356400,0,1,109.128653
2022-03-30,91.4300,76.364998,5278400,0,1,109.152530
2022-03-31,91.4300,76.364998,4311600,0,1,109.152530
2022-04-01,91.4300,76.364998,2302500,0,1,109.152530
2022-04-04,91.4200,76.356651,2478600,0,1,109.140592
2022-04-05,91.4100,76.348274,2060900,0,1,109.128653
2022-04-06,91.4200,76.356651,2698700,0,1,109.140592
2022-04-07,91.4200,76.356651,2615000,0,1,109.140592
2022-04-08,91.4100,76.348274,4726200,0,1,109.128653
2022-04-11,91.4200,76.356651,3597100,0,1,109.140592
2022-04-12,91.4200,76.356651,5780400,0,1,109.140592
2022-04-13,91.4200,76.356651,3719200,0,1,109.140592
2022-04-14,91.4100,76.348274,1612700,0,1,109.128653
2022-04-18,91.4200,76.356651,2689000,0,1,109.140592
2022-04-19,91.4100,76.348274,3194900,0,1,109.128653
2022-04-20,91.4300,76.364998,1901700,0,1,109.152530
2022-04-21,91.4300,76.364998,3573700,0,1,109.152530
2022-04-22,91.4200,76.356651,2183300,0,1,109.140592
2022-04-25,91.4300,76.364998,10561900,0,1,109.152530
2022-04-26,91.4200,76.356651,4266900,0,1,109.140592
2022-04-27,91.4200,76.356651,7534800,0,1,109.140592
2022-04-28,91.4400,76.373344,5876900,0,1,109.164468
2022-04-29,91.4200,76.356651,2678700,0,1,109.140592
2022-05-02,91.4300,76.364998,7420800,0,1,109.152530
2022-05-03,91.4200,76.356651,5964300,0,1,109.140592
2022-05-04,91.4400,76.373344,3019400,0,1,109.164468
2022-05-05,91.4400,76.373344,4886800,0,1,109.164468
2022-05-06,91.4400,76.373344,4785800,0,1,109.164468
2022-05-09,91.4300,76.364998,8826900,0,1,109.152530
2022-05-10,91.4300,76.364998,8261200,0,1,109.152530
2022-05-11,91.4300,76.364998,6387100,0,1,109.152530
2022-05-12,91.4400,76.373344,9010900,0,1,109.164468
2022-05-13,91.4500,76.381699,14920600,0,1,109.176407
2022-05-16,91.4400,76.373344,2700400,0,1,109.164468
2022-05-17,91.4400,76.373344,2456600,0,1,109.164468
2022-05-18,91.4400,76.373344,4456300,0,1,109.164468
2022-05-19,91.4600,76.390015,4009000,0,1,109.188345
2022-05-20,91.4600,76.390015,3051600,0,1,109.188345
2022-05-23,91.4600,76.390015,2073200,0,1,109.188345
2022-05-24,91.4500,76.381699,3355300,0,1,109.176407
2022-05-25,91.4600,76.390015,1700700,0,1,109.188345
2022-05-26,91.4800,76.406754,3220500,0,1,109.212222
2022-05-27,91.4600,76.390015,2958500,0,1,109.188345
2022-05-31,91.4500,76.381699,19779300,0,1,109.176407
2022-06-01,91.4200,76.382530,18526200,0.031,1,109.177601
2022-06-02,91.4400,76.399231,1281900,0,1,109.201485
2022-06-03,91.4200,76.382530,3104000,0,1,109.177601
2022-06-06,91.4300,76.390907,1593400,0,1,109.189543
2022-06-07,91.4200,76.382530,1682100,0,1,109.177601
2022-06-08,91.4300,76.390907,2004600,0,1,109.189543
2022-06-09,91.4400,76.399231,1762500,0,1,109.201485
2022-06-10,91.4200,76.382530,7140300,0,1,109.177601
2022-06-13,91.4300,76.390907,37231500,0,1,109.189543
2022-06-14,91.4200,76.382530,8434200,0,1,109.177601
2022-06-15,91.4300,76.390907,2895100,0,1,109.189543
2022-06-16,91.4500,76.407570,5284100,0,1,109.213428
2022-06-17,91.4400,76.399231,3422300,0,1,109.201485
2022-06-21,91.4600,76.415939,5266300,0,1,109.225370
2022-06-22,91.4700,76.424301,2871200,0,1,109.237313
2022-06-23,91.4700,76.424301,4669500,0,1,109.237313
2022-06-24,91.4500,76.407570,3544200,0,1,109.213428
2022-06-27,91.4500,76.407570,7641900,0,1,109.213428
2022-06-28,91.4700,76.424301,2885300,0,1,109.237313
2022-06-29,91.4800,76.432648,1893500,0,1,109.249255
2022-06-30,91.4900,76.441010,4423500,0,1,109.261198
2022-07-01,91.4300,76.435188,35879400,0.053,1,109.252838
2022-07-05,91.4300,76.435188,9036600,0,1,109.252838
2022-07-06,91.4300,76.435188,3783200,0,1,109.252838
2022-07-07,91.4300,76.435188,1840500,0,1,109.252838
2022-07-08,91.4200,76.426804,1363900,0,1,109.240889
2022-07-11,91.4300,76.435188,2316900,0,1,109.252838
2022-07-12,91.4200,76.426804,15559600,0,1,109.240889
2022-07-13,91.4200,76.426804,12606500,0,1,109.240889
2022-07-14,91.4300,76.435188,5037600,0,1,109.252838
2022-07-15,91.4200,76.426804,6939500,0,1,109.240889
2022-07-18,91.4200,76.426804,3639500,0,1,109.240889
2022-07-19,91.4200,76.426804,6771200,0,1,109.240889
2022-07-20,91.4200,76.426804,4695800,0,1,109.240889
2022-07-21,91.4500,76.451859,3627900,0,1,109.276737
2022-07-22,91.4600,76.460236,3511300,0,1,109.288686
2022-07-25,91.4500,76.451859,3172000,0,1,109.276737
2022-07-26,91.4500,76.451859,1477200,0,1,109.276737
2022-07-27,91.4500,76.451859,2611200,0,1,109.276737
2022-07-28,91.4600,76.460236,7732500,0,1,109.288686
2022-07-29,91.4700,76.468597,6626600,0,1,109.300635
2022-08-01,91.3800,76.474487,10760700,0.097,1,109.309000
2022-08-02,91.3900,76.482811,3115600,0,1,109.320962
2022-08-03,91.3800,76.474487,4216500,0,1,109.309000
2022-08-04,91.4000,76.491188,6491000,0,1,109.332924
2022-08-05,91.4200,76.507927,1852700,0,1,109.356848
2022-08-08,91.4300,76.516327,2745500,0,1,109.368810
2022-08-09,91.4200,76.507927,3834300,0,1,109.356848
2022-08-10,91.4300,76.516327,3782000,0,1,109.368810
2022-08-11,91.4300,76.516327,6543700,0,1,109.368810
2022-08-12,91.4500,76.533028,2110900,0,1,109.392734
2022-08-15,91.4400,76.524666,5605700,0,1,109.380772
2022-08-16,91.4500,76.533028,4336300,0,1,109.392734
2022-08-17,91.4500,76.533028,3673500,0,1,109.392734
2022-08-18,91.4900,76.566521,2227900,0,1,109.440582
2022-08-19,91.4900,76.566521,4136800,0,1,109.440582
2022-08-22,91.5000,76.574860,5597500,0,1,109.452544
2022-08-23,91.4800,76.558151,6860300,0,1,109.428620
2022-08-24,91.5100,76.583252,2585800,0,1,109.464506
2022-08-25,91.5200,76.591599,3997700,0,1,109.476468
2022-08-26,91.5200,76.591599,5442900,0,1,109.476468
2022-08-29,91.5200,76.591599,7337600,0,1,109.476468
2022-08-30,91.5300,76.599991,32133200,0,1,109.488430
2022-08-31,91.5500,76.616730,9405200,0,1,109.512354
2022-09-01,91.4300,76.632668,8174900,0.139,1,109.535082
2022-09-02,91.4400,76.641052,5871700,0,1,109.547062
2022-09-06,91.4400,76.641052,7990900,0,1,109.547062
2022-09-07,91.4500,76.649422,5180700,0,1,109.559043
2022-09-08,91.4700,76.666168,4564500,0,1,109.583003
2022-09-09,91.4700,76.666168,1905300,0,1,109.583003
2022-09-12,91.4600,76.657799,5377000,0,1,109.571023
2022-09-13,91.4800,76.674576,6223300,0,1,109.594983
2022-09-14,91.4800,76.674576,4226700,0,1,109.594983
2022-09-15,91.5100,76.699730,5787100,0,1,109.630924
2022-09-16,91.5100,76.699730,3512300,0,1,109.630924
2022-09-19,91.5100,76.699730,5158100,0,1,109.630924
2022-09-20,91.5000,76.691330,3792700,0,1,109.618944
2022-09-21,91.5200,76.708069,3739800,0,1,109.642904
2022-09-22,91.5600,76.741608,10975000,0,1,109.690825
2022-09-23,91.5600,76.741608,15103200,0,1,109.690825
2022-09-26,91.5400,76.724854,7695700,0,1,109.666864
2022-09-27,91.5700,76.750000,5871100,0,1,109.702805
2022-09-28,91.5800,76.758362,6709900,0,1,109.714785
2022-09-29,91.6000,76.775116,5973300,0,1,109.738746
2022-09-30,91.6000,76.775116,9858400,0,1,109.738746
2022-10-03,91.4200,76.754150,7300900,0.155,1,109.708795
2022-10-04,91.4500,76.779350,6583100,0,1,109.744797
2022-10-05,91.4500,76.779350,6425800,0,1,109.744797
2022-10-06,91.4700,76.796165,3415600,0,1,109.768798
2022-10-07,91.4700,76.796165,5033700,0,1,109.768798
2022-10-10,91.4800,76.804504,5591100,0,1,109.780798
2022-10-11,91.4800,76.804504,7847100,0,1,109.780798
2022-10-12,91.4800,76.804504,4389200,0,1,109.780798
2022-10-13,91.5100,76.829727,5012800,0,1,109.816800
2022-10-14,91.5100,76.829727,3121700,0,1,109.816800
2022-10-17,91.5100,76.829727,6373200,0,1,109.816800
2022-10-18,91.5100,76.829727,4985900,0,1,109.816800
2022-10-19,91.5100,76.829727,4334600,0,1,109.816800
2022-10-20,91.5500,76.863312,4561800,0,1,109.864802
2022-10-21,91.5600,76.871674,4658600,0,1,109.876803
2022-10-24,91.5500,76.863312,2286700,0,1,109.864802
2022-10-25,91.5500,76.863312,7035300,0,1,109.864802
2022-10-26,91.5700,76.880096,8136300,0,1,109.888803
2022-10-27,91.6000,76.905266,4473800,0,1,109.924805
2022-10-28,91.5900,76.896881,25494400,0,1,109.912804
2022-10-31,91.5900,76.896881,6145800,0,1,109.912804
2022-11-01,91.3900,76.903618,6054500,0.208,1,109.922405
2022-11-02,91.4200,76.928848,3264900,0,1,109.958488
2022-11-03,91.4500,76.954102,8957600,0,1,109.994572
2022-11-04,91.4700,76.970947,9427700,0,1,110.018627
2022-11-07,91.4600,76.962517,6503900,0,1,110.006599
2022-11-08,91.4700,76.970947,5843000,0,1,110.018627
2022-11-09,91.5200,77.013008,3602500,0,1,110.078766
2022-11-10,91.5300,77.021416,5835600,0,1,110.090794
2022-11-11,91.5200,77.013008,6645400,0,1,110.078766
2022-11-14,91.5200,77.013008,10464400,0,1,110.078766
2022-11-15,91.5400,77.029854,9800800,0,1,110.102822
2022-11-16,91.5500,77.038231,7824100,0,1,110.114850
2022-11-17,91.5800,77.063492,4772400,0,1,110.150933
2022-11-18,91.5800,77.063492,7062900,0,1,110.150933
2022-11-21,91.5900,77.071922,3437100,0,1,110.162961
2022-11-22,91.6100,77.088753,5261000,0,1,110.187017
2022-11-23,91.6300,77.105560,4144300,0,1,110.211073
2022-11-25,91.6300,77.105560,2543100,0,1,110.211073
2022-11-28,91.6400,77.113998,4455700,0,1,110.223100
2022-11-29,91.6700,77.139236,3754700,0,1,110.259184
2022-11-30,91.6700,77.139236,5418300,0,1,110.259184
2022-12-01,91.4300,77.156120,10968000,0.26,1,110.283240
2022-12-02,91.4400,77.164558,10316300,0,1,110.295302
2022-12-05,91.4500,77.172989,8943700,0,1,110.307364
2022-12-06,91.4800,77.198334,9646800,0,1,110.343550
2022-12-07,91.4800,77.198334,9798600,0,1,110.343550
2022-12-08,91.5400,77.248940,3855900,0,1,110.415922
2022-12-09,91.5300,77.240517,7718900,0,1,110.403860
2022-12-12,91.5400,77.248940,4383600,0,1,110.415922
2022-12-13,91.5400,77.248940,6645800,0,1,110.415922
2022-12-14,91.5700,77.274254,6898400,0,1,110.452108
2022-12-15,91.5900,77.291138,7768100,0,1,110.476232
2022-12-16,91.5900,77.291138,4121700,0,1,110.476232
2022-12-19,91.3300,77.300438,8627100,0.271,1,110.489501
2022-12-20,91.3400,77.308922,5204300,0,1,110.501598
2022-12-21,91.3500,77.317368,6471800,0,1,110.513696
2022-12-22,91.4100,77.368156,6592400,0,1,110.586283
2022-12-23,91.4100,77.368156,3683100,0,1,110.586283
2022-12-27,91.4100,77.368156,4267900,0,1,110.586283
2022-12-28,91.4400,77.393562,4123200,0,1,110.622577
2022-12-29,91.4800,77.427399,5637400,0,1,110.670968
2022-12-30,91.4700,77.418945,6537000,0,1,110.658870
2023-01-03,91.4800,77.427399,12503100,0,1,110.670968
2023-01-04,91.4700,77.418945,9074500,0,1,110.658870
2023-01-05,91.5000,77.444336,6454100,0,1,110.695164
2023-01-06,91.4900,77.435860,4623500,0,1,110.683066
2023-01-09,91.5100,77.452782,9734500,0,1,110.707262
2023-01-10,91.5000,77.444336,5606700,0,1,110.695164
2023-01-11,91.5000,77.444336,8601300,0,1,110.695164
2023-01-12,91.5700,77.503563,8086900,0,1,110.779849
2023-01-13,91.5800,77.512016,5501700,0,1,110.791946
2023-01-17,91.5800,77.512016,9495400,0,1,110.791946
2023-01-18,91.5900,77.520493,4944800,0,1,110.804044
2023-01-19,91.6300,77.554375,6491300,0,1,110.852436
2023-01-20,91.6400,77.562851,4532400,0,1,110.864533
2023-01-23,91.6400,77.562851,9166400,0,1,110.864533
2023-01-24,91.6500,77.571289,5073700,0,1,110.876631
2023-01-25,91.6600,77.579773,7570300,0,1,110.888729
2023-01-26,91.7100,77.622070,5116500,0,1,110.949218
2023-01-27,91.7200,77.630508,5232100,0,1,110.961316
2023-01-30,91.7200,77.630508,4281500,0,1,110.961316
2023-01-31,91.7300,77.639023,7362600,0,1,110.973414
2023-02-01,91.4000,77.644127,9424000,0.336,1,110.980673
2023-02-02,91.4400,77.678085,11984500,0,1,111.029242
2023-02-03,91.4600,77.695045,8934700,0,1,111.053526
2023-02-06,91.4700,77.703560,5928200,0,1,111.065669
2023-02-07,91.4800,77.712036,4283200,0,1,111.077811
2023-02-08,91.4800,77.712036,4101500,0,1,111.077811
2023-02-09,91.5100,77.737541,4909400,0,1,111.114238
2023-02-10,91.5200,77.746017,4580800,0,1,111.126380
2023-02-13,91.5400,77.763023,8904000,0,1,111.150665
2023-02-14,91.5400,77.763023,4056600,0,1,111.150665
2023-02-15,91.5600,77.780045,4895700,0,1,111.174949
2023-02-16,91.6100,77.822502,5556400,0,1,111.235661
2023-02-17,91.6200,77.830971,4398600,0,1,111.247803
2023-02-21,91.6200,77.830971,17021300,0,1,111.247803
2023-02-22,91.6500,77.856476,18697200,0,1,111.284230
2023-02-23,91.6800,77.881973,4863200,0,1,111.320657
2023-02-24,91.6900,77.890442,7735500,0,1,111.332799
2023-02-27,91.7000,77.898933,7477400,0,1,111.344942
2023-02-28,91.7100,77.907410,8086900,0,1,111.357084
2023-03-01,91.4600,77.911690,11005600,0.255,1,111.363155
2023-03-02,91.4900,77.937233,9631700,0,1,111.399684
2023-03-03,91.5100,77.954277,7068300,0,1,111.424036
2023-03-06,91.5200,77.962814,6131200,0,1,111.436212
2023-03-07,91.5200,77.962814,4330700,0,1,111.436212
2023-03-08,91.5400,77.979851,8207000,0,1,111.460564
2023-03-09,91.5600,77.996895,6450500,0,1,111.484917
2023-03-10,91.5800,78.013924,13475700,0,1,111.509269
2023-03-13,91.6000,78.030952,21685200,0,1,111.533621
2023-03-14,91.6100,78.039459,35715200,0,1,111.545798
2023-03-15,91.6600,78.082077,11411700,0,1,111.606678
2023-03-16,91.7000,78.116142,9320200,0,1,111.655383
2023-03-17,91.7200,78.133179,8580300,0,1,111.679735
2023-03-20,91.7300,78.141685,8169600,0,1,111.691911
2023-03-21,91.7300,78.141685,7888500,0,1,111.691911
2023-03-22,91.7500,78.158722,8202600,0,1,111.716264
2023-03-23,91.7900,78.192810,5769500,0,1,111.764968
2023-03-24,91.8100,78.209862,7374800,0,1,111.789321
2023-03-27,91.8000,78.201340,6188600,0,1,111.777145
2023-03-28,91.8200,78.218384,6215000,0,1,111.801497
2023-03-29,91.8200,78.218384,4705700,0,1,111.801497
2023-03-30,91.8400,78.235397,9284700,0,1,111.825849
2023-03-31,91.8200,78.218384,11615500,0,1,111.801497
2023-04-03,91.4700,78.237167,12494900,0.372,1,111.828284
2023-04-04,91.4800,78.245728,10265800,0,1,111.840510
2023-04-05,91.5300,78.288490,6913900,0,1,111.901639
2023-04-06,91.5400,78.297050,4941400,0,1,111.913864
2023-04-10,91.5500,78.305618,5741900,0,1,111.926090
2023-04-11,91.5600,78.314156,7722600,0,1,111.938316
2023-04-12,91.5800,78.331261,8786200,0,1,111.962767
2023-04-13,91.6300,78.374016,8673900,0,1,112.023895
2023-04-14,91.6300,78.374016,9391100,0,1,112.023895
2023-04-17,91.6500,78.391144,5173800,0,1,112.048347
2023-04-18,91.6600,78.399696,4540700,0,1,112.060572
2023-04-19,91.6700,78.408249,5901900,0,1,112.072798
2023-04-20,91.7400,78.468132,6034400,0,1,112.158378
2023-04-21,91.7300,78.459572,5880900,0,1,112.146152
2023-04-24,91.7400,78.468132,8195900,0,1,112.158378
2023-04-25,91.7300,78.459572,4222500,0,1,112.146152
2023-04-26,91.7500,78.476677,7365200,0,1,112.170603
2023-04-27,91.7800,78.502327,5585400,0,1,112.207280
2023-04-28,91.7800,78.502327,6539100,0,1,112.207280
2023-05-01,91.4300,78.504913,11273300,0.353,1,112.210948
2023-05-02,91.4100,78.487755,5495900,0,1,112.186402
2023-05-03,91.4200,78.496330,5533100,0,1,112.198675
2023-05-04,91.4500,78.522087,8052700,0,1,112.235494
2023-05-05,91.4700,78.539246,7170200,0,1,112.260040
2023-05-08,91.4800,78.547836,5508600,0,1,112.272313
2023-05-09,91.4900,78.556419,6850300,0,1,112.284585
2023-05-10,91.5000,78.565033,4831800,0,1,112.296858
2023-05-11,91.5600,78.616531,6159800,0,1,112.370496
2023-05-12,91.5800,78.633698,4328600,0,1,112.395041
2023-05-15,91.5900,78.642288,4056100,0,1,112.407314
2023-05-16,91.5800,78.633698,8530400,0,1,112.395041
2023-05-17,91.6000,78.650864,5415400,0,1,112.419587
2023-05-18,91.6500,78.693817,6434000,0,1,112.480952
2023-05-19,91.6500,78.693817,6447400,0,1,112.480952
2023-05-22,91.6600,78.702400,8404900,0,1,112.493224
2023-05-23,91.6600,78.702400,5050500,0,1,112.493224
2023-05-24,91.6600,78.702400,4762100,0,1,112.493224
2023-05-25,91.7200,78.753937,5264000,0,1,112.566862
2023-05-26,91.7400,78.771103,5923200,0,1,112.591408
2023-05-30,91.7500,78.779678,11529300,0,1,112.603680
2023-05-31,91.7700,78.796844,9807400,0,1,112.628226
2023-06-01,91.4500,78.840820,10700500,0.371,1,112.690818
2023-06-02,91.4600,78.849434,10257500,0,1,112.703141
2023-06-05,91.4600,78.849434,9596600,0,1,112.703141
2023-06-06,91.4800,78.866676,6120900,0,1,112.727786
2023-06-07,91.4900,78.875282,6483100,0,1,112.740109
2023-06-08,91.5400,78.918404,8802000,0,1,112.801722
2023-06-09,91.5500,78.927040,6452300,0,1,112.814045
2023-06-12,91.5600,78.935646,3776900,0,1,112.826367
2023-06-13,91.5800,78.952873,6784200,0,1,112.851013
2023-06-14,91.6000,78.970116,5756300,0,1,112.875658
2023-06-15,91.6400,79.004616,9827300,0,1,112.924949
2023-06-16,91.6500,79.013252,4765300,0,1,112.937271
2023-06-20,91.6700,79.030487,6174300,0,1,112.961917
2023-06-21,91.6700,79.030487,4945300,0,1,112.961917
2023-06-22,91.7100,79.064964,4698400,0,1,113.011207
2023-06-23,91.7200,79.073593,3851500,0,1,113.023530
2023-06-26,91.7300,79.082214,7241300,0,1,113.035853
2023-06-27,91.7500,79.099442,5476300,0,1,113.060498
2023-06-28,91.7600,79.108070,4486800,0,1,113.072821
2023-06-29,91.7900,79.133942,5728000,0,1,113.109789
2023-06-30,91.8200,79.159782,8054800,0,1,113.146757
2023-07-03,91.4700,79.179710,7158200,0.373,1,113.175099
2023-07-05,91.4800,79.188377,7981500,0,1,113.187472
2023-07-06,91.5100,79.214340,7570000,0,1,113.224590
2023-07-07,91.5200,79.222977,6491000,0,1,113.236963
2023-07-10,91.5400,79.240295,4186000,0,1,113.261709
2023-07-11,91.5500,79.248962,5567400,0,1,113.274082
2023-07-12,91.5700,79.266289,7188100,0,1,113.298828
2023-07-13,91.6100,79.300919,5902600,0,1,113.348320
2023-07-14,91.6200,79.309555,6505800,0,1,113.360693
2023-07-17,91.6300,79.318192,3932600,0,1,113.373065
2023-07-18,91.6300,79.318192,4775800,0,1,113.373065
2023-07-19,91.6500,79.335518,5132100,0,1,113.397811
2023-07-20,91.7000,79.378807,5047600,0,1,113.459676
2023-07-21,91.7000,79.378807,4087100,0,1,113.459676
2023-07-24,91.7100,79.387459,3752400,0,1,113.472049
2023-07-25,91.7200,79.396141,4170500,0,1,113.484422
2023-07-26,91.7300,79.404785,4700000,0,1,113.496795
2023-07-27,91.7800,79.448067,4727800,0,1,113.558659
2023-07-28,91.7900,79.456734,3709200,0,1,113.571032
2023-07-31,91.8000,79.465378,6716600,0,1,113.583405
2023-08-01,91.4300,79.486237,13360200,0.394,1,113.613100
2023-08-02,91.4400,79.494972,8208300,0,1,113.625526
2023-08-03,91.4800,79.529709,5681100,0,1,113.675231
2023-08-04,91.5000,79.547112,6200000,0,1,113.700084
2023-08-07,91.5000,79.547112,5978000,0,1,113.700084
2023-08-08,91.5200,79.564476,6517900,0,1,113.724936
2023-08-09,91.5300,79.573189,4293000,0,1,113.737363
2023-08-10,91.5800,79.616638,5120600,0,1,113.799494
2023-08-11,91.5900,79.625359,3669100,0,1,113.811920
2023-08-14,91.6000,79.634033,6596100,0,1,113.824346
2023-08-15,91.6100,79.642754,4853100,0,1,113.836772
2023-08-16,91.6300,79.660095,7890300,0,1,113.861625
2023-08-17,91.6700,79.694893,5621700,0,1,113.911330
2023-08-18,91.6800,79.703613,6774400,0,1,113.923756
2023-08-21,91.6900,79.712273,5959700,0,1,113.936182
2023-08-22,91.7000,79.720993,5775600,0,1,113.948609
2023-08-23,91.7200,79.738358,9529300,0,1,113.973461
2023-08-24,91.7500,79.764450,6746700,0,1,114.010740
2023-08-25,91.7700,79.781815,4883000,0,1,114.035592
2023-08-28,91.7900,79.799210,4264100,0,1,114.060445
2023-08-29,91.7800,79.790489,9168200,0,1,114.048018
2023-08-30,91.8000,79.807899,6427000,0,1,114.072871
2023-08-31,91.8600,79.860062,7771500,0,1,114.147428
2023-09-01,91.4700,79.873177,21540500,0.405,1,114.166068
2023-09-05,91.4900,79.890648,8316300,0,1,114.191030
2023-09-06,91.4900,79.890648,6524800,0,1,114.191030
2023-09-07,91.5400,79.934296,6808100,0,1,114.253437
2023-09-08,91.5500,79.943047,6393300,0,1,114.265918
2023-09-11,91.5500,79.943047,8027100,0,1,114.265918
2023-09-12,91.5800,79.969208,9948400,0,1,114.303362
2023-09-13,91.5900,79.977951,4696200,0,1,114.315843
2023-09-14,91.6200,80.004158,4214800,0,1,114.353287
2023-09-15,91.6400,80.021599,4688800,0,1,114.378249
2023-09-18,91.6500,80.030342,7376200,0,1,114.390730
2023-09-19,91.6600,80.039062,4357400,0,1,114.403212
2023-09-20,91.6700,80.047806,5946200,0,1,114.415693
2023-09-21,91.7200,80.091469,7522700,0,1,114.478099
2023-09-22,91.7300,80.100212,15684400,0,1,114.490580
2023-09-25,91.7400,80.108940,7492000,0,1,114.503062
2023-09-26,91.7500,80.117676,7130600,0,1,114.515543
2023-09-27,91.7800,80.143852,7669700,0,1,114.552987
2023-09-28,91.8100,80.170059,8426400,0,1,114.590431
2023-09-29,91.8200,80.178795,9081500,0,1,114.602912
2023-10-02,91.4400,80.191078,22550400,0.394,1,114.620386
2023-10-03,91.4600,80.208603,10648800,0,1,114.645456
2023-10-04,91.4700,80.217400,26575700,0,1,114.657991
2023-10-05,91.5300,80.269997,8295300,0,1,114.733201
2023-10-06,91.5300,80.269997,9856100,0,1,114.733201
2023-10-09,91.5400,80.278763,5972300,0,1,114.745736
2023-10-10,91.5400,80.278763,8463700,0,1,114.745736
2023-10-11,91.5600,80.296303,6839400,0,1,114.770806
2023-10-12,91.6000,80.331398,7528700,0,1,114.820946
2023-10-13,91.6200,80.348930,15013900,0,1,114.846016
2023-10-16,91.6300,80.357719,8181800,0,1,114.858551
2023-10-17,91.6400,80.366463,5363200,0,1,114.871086
2023-10-18,91.6500,80.375229,6069500,0,1,114.883621
2023-10-19,91.6900,80.410332,4551500,0,1,114.933761
2023-10-20,91.7100,80.427849,4887100,0,1,114.958832
2023-10-23,91.7200,80.436623,14352700,0,1,114.971367
2023-10-24,91.7300,80.445396,12544200,0,1,114.983902
2023-10-25,91.7400,80.454163,12376000,0,1,114.996437
2023-10-26,91.7800,80.489243,9920000,0,1,115.046577
2023-10-27,91.8100,80.515541,28351200,0,1,115.084182
2023-10-30,91.8200,80.524307,25136900,0,1,115.096717
2023-10-31,91.8200,80.524307,16748400,0,1,115.096717
2023-11-01,91.4400,80.549004,25791900,0.408,1,115.131815
2023-11-02,91.4700,80.575424,11970800,0,1,115.169588
2023-11-03,91.4800,80.584221,13721100,0,1,115.182179
2023-11-06,91.4900,80.593025,28039200,0,1,115.194770
2023-11-07,91.5100,80.610657,6951000,0,1,115.219952
2023-11-08,91.5200,80.619461,9180800,0,1,115.232543
2023-11-09,91.5700,80.663506,11886800,0,1,115.295498
2023-11-10,91.5800,80.672333,5556400,0,1,115.308089
2023-11-13,91.5900,80.681107,6166700,0,1,115.320680
2023-11-14,91.6000,80.689934,11126500,0,1,115.333271
2023-11-15,91.6200,80.707550,10552700,0,1,115.358453
2023-11-16,91.6600,80.742775,7802900,0,1,115.408816
2023-11-17,91.6800,80.760399,6783200,0,1,115.433998
2023-11-20,91.6800,80.760399,8494100,0,1,115.433998
2023-11-21,91.7100,80.786827,13067100,0,1,115.471771
2023-11-22,91.7500,80.822067,7626700,0,1,115.522135
2023-11-24,91.7600,80.830872,2839000,0,1,115.534726
2023-11-27,91.7700,80.839684,9166000,0,1,115.547317
2023-11-28,91.7900,80.857300,7244700,0,1,115.572499
2023-11-29,91.8000,80.866104,6942200,0,1,115.585090
2023-11-30,91.8400,80.901337,18629900,0,1,115.635454
2023-12-01,91.4400,80.918159,21247800,0.419,1,115.659377
2023-12-04,91.4400,80.918159,15503000,0,1,115.659377
2023-12-05,91.4600,80.935837,6463400,0,1,115.684674
2023-12-06,91.4700,80.944702,6941700,0,1,115.697323
2023-12-07,91.5100,80.980118,7369300,0,1,115.747917
2023-12-08,91.5300,80.997803,5730100,0,1,115.773215
2023-12-11,91.5500,81.015488,5613500,0,1,115.798512
2023-12-12,91.5500,81.015488,7885900,0,1,115.798512
2023-12-13,91.5600,81.024345,6781800,0,1,115.811161
2023-12-14,91.6000,81.059738,13475400,0,1,115.861755
2023-12-15,91.6300,81.086288,6917600,0,1,115.899701
2023-12-18,91.2200,81.096077,8910900,0.421,1,115.913615
2023-12-19,91.2200,81.096077,6977300,0,1,115.913615
2023-12-20,91.2400,81.113838,8098700,0,1,115.939029
2023-12-21,91.3000,81.167198,5055200,0,1,116.015271
2023-12-22,91.3100,81.176086,7471600,0,1,116.027978
2023-12-26,91.3300,81.193840,4638800,0,1,116.053392
2023-12-27,91.3300,81.193840,4717700,0,1,116.053392
2023-12-28,91.3900,81.247208,5605100,0,1,116.129634
2023-12-29,91.3900,81.247208,5588600,0,1,116.129634
2024-01-02,91.4000,81.256104,9445500,0,1,116.142342
2024-01-03,91.4300,81.282784,6793500,0,1,116.180463
2024-01-04,91.4600,81.309425,5840200,0,1,116.218584
2024-01-05,91.4700,81.318352,4991800,0,1,116.231291
2024-01-08,91.4800,81.327217,4889900,0,1,116.243998
2024-01-09,91.4900,81.336090,5080800,0,1,116.256705
2024-01-10,91.5100,81.353905,8798600,0,1,116.282119
2024-01-11,91.5600,81.398338,5947100,0,1,116.345654
2024-01-12,91.5800,81.416122,5049200,0,1,116.371068
2024-01-16,91.5900,81.424995,6485200,0,1,116.383775
2024-01-17,91.6100,81.442787,5915700,0,1,116.409189
2024-01-18,91.6500,81.478348,5270500,0,1,116.460017
2024-01-19,91.6600,81.487251,5444600,0,1,116.472725
2024-01-22,91.6700,81.496117,6114000,0,1,116.485432
2024-01-23,91.6800,81.505013,4961800,0,1,116.498139
2024-01-24,91.6900,81.513931,6486100,0,1,116.510846
2024-01-25,91.7400,81.558372,6059500,0,1,116.574381
2024-01-26,91.7500,81.567238,5612900,0,1,116.587088
2024-01-29,91.7600,81.576134,5646100,0,1,116.599795
2024-01-30,91.7700,81.585037,30704200,0,1,116.612502
2024-01-31,91.7800,81.593918,10964400,0,1,116.625209
2024-02-01,91.4200,81.634987,14759200,0.406,1,116.683661
2024-02-02,91.4400,81.652847,8157700,0,1,116.709188
2024-02-05,91.4400,81.652847,6923400,0,1,116.709188
2024-02-06,91.4600,81.670723,5037900,0,1,116.734715
2024-02-07,91.4700,81.679642,8475400,0,1,116.747479
2024-02-08,91.5100,81.715370,5406300,0,1,116.798533
2024-02-09,91.5200,81.724312,5087000,0,1,116.811296
2024-02-12,91.5400,81.742172,7216800,0,1,116.836823
2024-02-13,91.5400,81.742172,7655100,0,1,116.836823
2024-02-14,91.5600,81.760017,6028000,0,1,116.862350
2024-02-15,91.6100,81.804665,4800600,0,1,116.926167
2024-02-16,91.6300,81.822525,6052600,0,1,116.951694
2024-02-20,91.6400,81.831444,4841100,0,1,116.964458
2024-02-21,91.6500,81.840370,5127600,0,1,116.977221
2024-02-22,91.7000,81.885033,7474000,0,1,117.041039
2024-02-23,91.7100,81.893936,5608600,0,1,117.053802
2024-02-26,91.7100,81.893936,4644800,0,1,117.053802
2024-02-27,91.7300,81.911819,6027500,0,1,117.079329
2024-02-28,91.7400,81.920731,3917600,0,1,117.092093
2024-02-29,91.7800,81.956444,13028900,0,1,117.143146
2024-03-01,91.4500,81.978874,13095400,0.355,1,117.175055
2024-03-04,91.4600,81.987862,8628300,0,1,117.187868
2024-03-05,91.4600,81.987862,10329500,0,1,117.187868
2024-03-06,91.4800,82.005775,6752000,0,1,117.213494
2024-03-07,91.5200,82.041641,4388600,0,1,117.264746
2024-03-08,91.5300,82.050575,4298900,0,1,117.277559
2024-03-11,91.5400,82.059555,5117900,0,1,117.290372
2024-03-12,91.5700,82.086433,4136600,0,1,117.328811
2024-03-13,91.5700,82.086433,4478400,0,1,117.328811
2024-03-14,91.6100,82.122307,4603000,0,1,117.380063
2024-03-15,91.6300,82.140228,4445600,0,1,117.405689
2024-03-18,91.6400,82.149193,5594400,0,1,117.418502
2024-03-19,91.6600,82.167130,5681900,0,1,117.444128
2024-03-20,91.6700,82.176094,4398200,0,1,117.456941
2024-03-21,91.7000,82.202995,7534900,0,1,117.495381
2024-03-22,91.7100,82.211929,4686400,0,1,117.508194
2024-03-25,91.7300,82.229858,4050000,0,1,117.533820
2024-03-26,91.7400,82.238838,4276000,0,1,117.546633
2024-03-27,91.8000,82.292641,5350700,0,1,117.623511
2024-03-28,91.8000,82.292641,10199200,0,1,117.623511
2024-04-01,91.4200,82.315125,14208200,0.405,1,117.655543
2024-04-02,91.4400,82.333153,8902500,0,1,117.681283
2024-04-03,91.4400,82.333153,8433900,0,1,117.681283
2024-04-04,91.4800,82.369156,6620400,0,1,117.732762
2024-04-05,91.5000,82.387161,5463200,0,1,117.758502
2024-04-08,91.5100,82.396179,4983800,0,1,117.771371
2024-04-09,91.5200,82.405197,5562500,0,1,117.784241
2024-04-10,91.5400,82.423187,4799700,0,1,117.809981
2024-04-11,91.5700,82.450180,5081500,0,1,117.848590
2024-04-12,91.5800,82.459213,7030200,0,1,117.861460
2024-04-15,91.6000,82.477211,7376700,0,1,117.887199
2024-04-16,91.6100,82.486221,8427000,0,1,117.900069
2024-04-17,91.6200,82.495224,10975300,0,1,117.912939
2024-04-18,91.6700,82.540245,7379200,0,1,117.977288
2024-04-19,91.6800,82.549248,6855100,0,1,117.990158
2024-04-22,91.7000,82.567268,6628400,0,1,118.015897
2024-04-23,91.7100,82.576241,5991900,0,1,118.028767
2024-04-24,91.7100,82.576241,7103500,0,1,118.028767
2024-04-25,91.7600,82.621277,5351100,0,1,118.093116
2024-04-26,91.7600,82.621277,6842800,0,1,118.093116
2024-04-29,91.7800,82.639259,7880000,0,1,118.118855
2024-04-30,91.7900,82.648277,13723600,0,1,118.131725
2024-05-01,91.4200,82.664574,13814700,0.388,1,118.154891
2024-05-02,91.4700,82.709785,8928200,0,1,118.219513
2024-05-03,91.4800,82.718796,7417900,0,1,118.232437
2024-05-06,91.4800,82.718796,8051000,0,1,118.232437
2024-05-07,91.4900,82.727852,5471700,0,1,118.245362
2024-05-08,91.5100,82.745941,4992500,0,1,118.271210
2024-05-09,91.5600,82.791138,5300400,0,1,118.335832
2024-05-10,91.5600,82.791138,4157600,0,1,118.335832
2024-05-13,91.5800,82.809242,4583700,0,1,118.361681
2024-05-14,91.5900,82.818253,6834400,0,1,118.374606
2024-05-15,91.6000,82.827354,6416100,0,1,118.387530
2024-05-16,91.6400,82.863487,8627400,0,1,118.439228
2024-05-17,91.6500,82.872536,4260500,0,1,118.452152
2024-05-20,91.6700,82.890610,4460500,0,1,118.478001
2024-05-21,91.6800,82.899666,3358400,0,1,118.490925
2024-05-22,91.7000,82.917770,5629600,0,1,118.516774
2024-05-23,91.7600,82.972015,5210000,0,1,118.594320
2024-05-24,91.7700,82.981026,4187400,0,1,118.607245
2024-05-28,91.7600,82.972015,4940900,0,1,118.594320
2024-05-29,91.7800,82.990074,4961200,0,1,118.620169
2024-05-30,91.8000,83.008156,5711700,0,1,118.646018
2024-05-31,91.8200,83.026253,12454800,0,1,118.671867
2024-06-03,91.4300,83.039886,15275200,0.405,1,118.691254
2024-06-04,91.4500,83.058052,8302300,0,1,118.717217
2024-06-05,91.4600,83.067131,8099300,0,1,118.730198
2024-06-06,91.4700,83.076218,4720800,0,1,118.743180
2024-06-07,91.5100,83.112541,5032600,0,1,118.795107
2024-06-10,91.5300,83.130684,4087500,0,1,118.821070
2024-06-11,91.5400,83.139801,4831700,0,1,118.834052
2024-06-12,91.5600,83.157936,6373600,0,1,118.860015
2024-06-13,91.5700,83.167023,5132600,0,1,118.872997
2024-06-14,91.6200,83.212425,5226500,0,1,118.937905
2024-06-17,91.6300,83.221527,5347500,0,1,118.950887
2024-06-18,91.6500,83.239693,6273200,0,1,118.976850
2024-06-20,91.6700,83.257835,5238800,0,1,119.002813
2024-06-21,91.7000,83.285118,5343800,0,1,119.041758
2024-06-24,91.7200,83.303276,5280400,0,1,119.067721
2024-06-25,91.7200,83.303276,3518000,0,1,119.067721
2024-06-26,91.7300,83.312347,4098100,0,1,119.080703
2024-06-27,91.7500,83.330490,4487200,0,1,119.106666
2024-06-28,91.7800,83.357742,10410800,0,1,119.145611
2024-07-01,91.4200,83.386948,11882700,0.392,1,119.187153
2024-07-02,91.4300,83.396080,8228100,0,1,119.200190
2024-07-03,91.4600,83.423439,4240100,0,1,119.239302
2024-07-05,91.4900,83.450783,4316500,0,1,119.278414
2024-07-08,91.5100,83.469040,4748100,0,1,119.304489
2024-07-09,91.5100,83.469040,4311500,0,1,119.304489
2024-07-10,91.5300,83.487274,4653500,0,1,119.330563
2024-07-11,91.5400,83.496422,5960300,0,1,119.343600
2024-07-12,91.5800,83.532890,5872000,0,1,119.395750
2024-07-15,91.6000,83.551163,6130500,0,1,119.421824
2024-07-16,91.6000,83.551163,5457000,0,1,119.421824
2024-07-17,91.6300,83.578506,7883400,0,1,119.460936
2024-07-18,91.6400,83.587616,5746000,0,1,119.473974
2024-07-19,91.6700,83.614967,4604900,0,1,119.513086
2024-07-22,91.6900,83.633224,6777700,0,1,119.539160
2024-07-23,91.6900,83.633224,8687900,0,1,119.539160
2024-07-24,91.7200,83.660599,5548000,0,1,119.578272
2024-07-25,91.7200,83.660599,5926500,0,1,119.578272
2024-07-26,91.7700,83.706184,4299300,0,1,119.643459
2024-07-29,91.7700,83.706184,4097400,0,1,119.643459
2024-07-30,91.7800,83.715309,6748000,0,1,119.656496
2024-07-31,91.8000,83.733559,12395000,0,1,119.682571
2024-08-01,91.4200,83.753708,18244900,0.402,1,119.711253
2024-08-02,91.4700,83.799530,14492000,0,1,119.776726
2024-08-05,91.4700,83.799530,21054200,0,1,119.776726
2024-08-06,91.4900,83.817833,9774300,0,1,119.802915
2024-08-07,91.5100,83.836166,14277100,0,1,119.829105
2024-08-08,91.5200,83.845314,6946000,0,1,119.842199
2024-08-09,91.5400,83.863663,7714500,0,1,119.868389
2024-08-12,91.5700,83.891144,6167100,0,1,119.907672
2024-08-13,91.5800,83.900314,7486700,0,1,119.920767
2024-08-14,91.5900,83.909454,5103800,0,1,119.933862
2024-08-15,91.6000,83.918625,6865000,0,1,119.946956
2024-08-16,91.6500,83.964447,8828900,0,1,120.012430
2024-08-19,91.6500,83.964447,5960000,0,1,120.012430
2024-08-20,91.6700,83.982735,5868900,0,1,120.038619
2024-08-21,91.6900,84.001076,4315700,0,1,120.064808
2024-08-22,91.6900,84.001076,5644000,0,1,120.064808
2024-08-23,91.7300,84.037712,6458000,0,1,120.117187
2024-08-26,91.7400,84.046860,6712300,0,1,120.130281
2024-08-27,91.7600,84.065201,6549600,0,1,120.156471
2024-08-28,91.7700,84.074364,6373600,0,1,120.169565
2024-08-29,91.7700,84.074364,4766800,0,1,120.169565
2024-08-30,91.8200,84.120186,12422200,0,1,120.235039
2024-09-03,91.4600,84.153297,18003300,0.396,1,120.282179
2024-09-04,91.4700,84.162506,6427400,0,1,120.295331
2024-09-05,91.4800,84.171700,7293000,0,1,120.308482
2024-09-06,91.5300,84.217697,7105200,0,1,120.374239
2024-09-09,91.5300,84.217697,5391800,0,1,120.374239
2024-09-10,91.5600,84.245300,4815300,0,1,120.413693
2024-09-11,91.5600,84.245300,7429500,0,1,120.413693
2024-09-12,91.5700,84.254509,5170200,0,1,120.426844
2024-09-13,91.6200,84.300522,8183500,0,1,120.492601
2024-09-16,91.6400,84.318909,6037400,0,1,120.518904
2024-09-17,91.6500,84.328117,9658200,0,1,120.532055
2024-09-18,91.6700,84.346527,7621200,0,1,120.558358
2024-09-19,91.6900,84.364922,8001100,0,1,120.584660
2024-09-20,91.7300,84.401726,6438700,0,1,120.637266
2024-09-23,91.7400,84.410919,6998800,0,1,120.650417
2024-09-24,91.7500,84.420128,11580200,0,1,120.663568
2024-09-25,91.7700,84.438530,5875800,0,1,120.689871
2024-09-26,91.7700,84.438530,4937700,0,1,120.689871
2024-09-27,91.8000,84.466125,8616700,0,1,120.729325
2024-09-30,91.8100,84.475327,11327400,0,1,120.742476
2024-10-01,91.4600,84.494713,13695700,0.371,1,120.770094
2024-10-02,91.4700,84.503975,7391800,0,1,120.783299
2024-10-03,91.4900,84.522438,5394900,0,1,120.809708
2024-10-04,91.5100,84.540932,6208000,0,1,120.836118
2024-10-07,91.5300,84.559395,6735500,0,1,120.862527
2024-10-08,91.5300,84.559395,5266500,0,1,120.862527
2024-10-09,91.5400,84.568649,6200800,0,1,120.875732
2024-10-10,91.5500,84.577881,4717800,0,1,120.888936
2024-10-11,91.6000,84.624069,6011000,0,1,120.954960
2024-10-14,91.5900,84.614830,4174900,0,1,120.941755
2024-10-15,91.6200,84.642555,5906400,0,1,120.981369
2024-10-16,91.6200,84.642555,5757300,0,1,120.981369
2024-10-17,91.6400,84.661026,4395800,0,1,121.007779
2024-10-18,91.6700,84.688751,5286800,0,1,121.047393
2024-10-21,91.6900,84.707237,5874700,0,1,121.073802
2024-10-22,91.7000,84.716446,4191500,0,1,121.087007
2024-10-23,91.7000,84.716446,5462300,0,1,121.087007
2024-10-24,91.7100,84.725693,4689000,0,1,121.100211
2024-10-25,91.7500,84.762642,6048400,0,1,121.153030
2024-10-28,91.7500,84.762642,5718600,0,1,121.153030
2024-10-29,91.7700,84.781128,4704800,0,1,121.179440
2024-10-30,91.7800,84.790367,4965800,0,1,121.192644
2024-10-31,91.8000,84.808853,12141700,0,1,121.219054
2024-11-01,91.4800,84.845016,15201500,0.359,1,121.270552
2024-11-04,91.5000,84.863548,9477100,0,1,121.297065
2024-11-05,91.5000,84.863548,4689500,0,1,121.297065
2024-11-06,91.5200,84.882111,9978200,0,1,121.323578
2024-11-07,91.5300,84.891388,7827900,0,1,121.336834
2024-11-08,91.5800,84.937767,8280900,0,1,121.403117
2024-11-11,91.5700,84.928482,8165700,0,1,121.389861
2024-11-12,91.5800,84.937767,5526300,0,1,121.403117
2024-11-13,91.6000,84.956322,4860500,0,1,121.429630
2024-11-14,91.6000,84.956322,6138400,0,1,121.429630
2024-11-15,91.6300,84.984123,9715700,0,1,121.469400
2024-11-18,91.6400,84.993401,7387900,0,1,121.482656
2024-11-19,91.6700,85.021210,7470700,0,1,121.522426
2024-11-20,91.6800,85.030510,5538200,0,1,121.535682
2024-11-21,91.6900,85.039787,5889700,0,1,121.548939
2024-11-22,91.7200,85.067612,6694300,0,1,121.588708
2024-11-25,91.7300,85.076897,5107700,0,1,121.601965
2024-11-26,91.7300,85.076897,6692000,0,1,121.601965
2024-11-27,91.7600,85.104698,6120700,0,1,121.641734
2024-11-29,91.7800,85.123260,9410500,0,1,121.668247
2024-12-02,91.4700,85.146515,12973900,0.335,1,121.701388
2024-12-03,91.4900,85.165146,5673500,0,1,121.727999
2024-12-04,91.5000,85.174438,5963400,0,1,121.741304
2024-12-05,91.5100,85.183762,5880200,0,1,121.754609
2024-12-06,91.5500,85.220985,5706600,0,1,121.807829
2024-12-09,91.5600,85.230324,8793100,0,1,121.821134
2024-12-10,91.5800,85.248924,5400300,0,1,121.847744
2024-12-11,91.5900,85.258232,5845900,0,1,121.861049
2024-12-12,91.6100,85.276848,4770200,0,1,121.887659
2024-12-13,91.6400,85.304764,6271900,0,1,121.927575
2024-12-16,91.6500,85.314072,6761700,0,1,121.940880
2024-12-17,91.6600,85.323387,5827400,0,1,121.954185
2024-12-18,91.6600,85.323387,9268200,0,1,121.954185
2024-12-19,91.2900,85.335541,13876400,0.383,1,121.971481
2024-12-20,91.3300,85.372940,12690000,0,1,122.024925
2024-12-23,91.3300,85.372940,6572800,0,1,122.024925
2024-12-24,91.3500,85.391609,4145600,0,1,122.051647
2024-12-26,91.3700,85.410316,6192000,0,1,122.078368
2024-12-27,91.4100,85.447731,6143500,0,1,122.131812
2024-12-30,91.4100,85.447731,8990100,0,1,122.131812
2024-12-31,91.4300,85.466408,7301500,0,1,122.158534
2025-01-02,91.4500,85.485085,10756900,0,1,122.185255
2025-01-03,91.4600,85.494461,7837900,0,1,122.198616
2025-01-06,91.4700,85.503799,7827100,0,1,122.211977
2025-01-07,91.4900,85.522499,6956800,0,1,122.238699
2025-01-08,91.5100,85.541206,6673100,0,1,122.265421
2025-01-10,91.5400,85.569229,10112200,0,1,122.305503
2025-01-13,91.5500,85.578568,7854400,0,1,122.318864
2025-01-14,91.5700,85.597252,6078300,0,1,122.345586
2025-01-15,91.5800,85.606644,7253800,0,1,122.358947
2025-01-16,91.5800,85.606644,6997800,0,1,122.358947
2025-01-17,91.6300,85.653351,7745500,0,1,122.425751
2025-01-21,91.6300,85.653351,10266200,0,1,122.425751
2025-01-22,91.6500,85.672066,6019200,0,1,122.452473
2025-01-23,91.6500,85.672066,6561500,0,1,122.452473
2025-01-24,91.6900,85.709457,7242200,0,1,122.505916
2025-01-27,91.7000,85.718803,7909600,0,1,122.519277
2025-01-28,91.7000,85.718803,6485500,0,1,122.519277
2025-01-29,91.7100,85.728142,5688800,0,1,122.532638
2025-01-30,91.7200,85.737488,7369900,0,1,122.545999
2025-01-31,91.7500,85.765526,13634400,0,1,122.586082
2025-02-03,91.4500,85.789917,17508900,0.326,1,122.620820
2025-02-04,91.4500,85.789917,9295900,0,1,122.620820
2025-02-05,91.4600,85.799309,6249600,0,1,122.634229
2025-02-06,91.4800,85.818069,8308300,0,1,122.661046
2025-02-07,91.5000,85.836830,6391100,0,1,122.687863
2025-02-10,91.5100,85.846222,5466500,0,1,122.701271
2025-02-11,91.5200,85.855598,6959400,0,1,122.714680
2025-02-12,91.5300,85.864967,6275700,0,1,122.728088
2025-02-13,91.5500,85.883728,6340500,0,1,122.754905
2025-02-14,91.5800,85.911888,6058900,0,1,122.795131
2025-02-18,91.6000,85.930649,8777200,0,1,122.821948
2025-02-19,91.6100,85.940033,5685800,0,1,122.835356
2025-02-20,91.6300,85.958778,5454900,0,1,122.862173
2025-02-21,91.6600,85.986938,7185900,0,1,122.902399
2025-02-24,91.6700,85.996292,9061400,0,1,122.915807
2025-02-25,91.6700,85.996292,8348300,0,1,122.915807
2025-02-26,91.6900,86.015083,8610600,0,1,122.942624
2025-02-27,91.7000,86.024460,6620600,0,1,122.956033
2025-02-28,91.7200,86.043221,13721500,0,1,122.982850
2025-03-03,91.4500,86.061089,17874400,0.289,1,123.008326
2025-03-04,91.4500,86.061089,12187400,0,1,123.008326
2025-03-05,91.4600,86.070503,11850800,0,1,123.021777
2025-03-06,91.4700,86.079910,10301700,0,1,123.035228
2025-03-07,91.5100,86.117561,10375700,0,1,123.089031
2025-03-10,91.5200,86.126976,29759000,0,1,123.102482
2025-03-11,91.5300,86.136368,19163000,0,1,123.115933
2025-03-12,91.5400,86.145790,20095800,0,1,123.129384
2025-03-13,91.5600,86.164619,14549100,0,1,123.156286
2025-03-14,91.5800,86.183434,15909000,0,1,123.183187
2025-03-17,91.6000,86.202263,9386400,0,1,123.210089
2025-03-18,91.6000,86.202263,8773100,0,1,123.210089
2025-03-19,91.6100,86.211678,8833200,0,1,123.223540
2025-03-20,91.6300,86.230469,8491000,0,1,123.250442
2025-03-21,91.6600,86.258720,6544300,0,1,123.290794
2025-03-24,91.6600,86.258720,8056300,0,1,123.290794
2025-03-25,91.6700,86.268120,18837100,0,1,123.304245
2025-03-26,91.6800,86.277534,7171300,0,1,123.317696
2025-03-27,91.7000,86.296379,8399300,0,1,123.344598
2025-03-28,91.7300,86.324593,10052200,0,1,123.384951
2025-03-31,91.7300,86.324593,22045800,0,1,123.384951
2025-04-01,91.4300,86.344437,19110200,0.321,1,123.413198
2025-04-02,91.4400,86.353867,9035500,0,1,123.426696
2025-04-03,91.4500,86.363304,24029500,0,1,123.440194
2025-04-04,91.4800,86.391647,33920200,0,1,123.480688
2025-04-07,91.4900,86.401070,37206000,0,1,123.494186
2025-04-08,91.5100,86.419991,21800900,0,1,123.521182
2025-04-09,91.5100,86.419991,22907000,0,1,123.521182
2025-04-10,91.5200,86.429413,23678100,0,1,123.534681
2025-04-11,91.5600,86.467201,34807600,0,1,123.588673
2025-04-14,91.5600,86.467201,18027100,0,1,123.588673
2025-04-15,91.5800,86.486092,10082100,0,1,123.615669
2025-04-16,91.5900,86.495529,12016200,0,1,123.629167
2025-04-17,91.6300,86.533310,8243800,0,1,123.683160
2025-04-21,91.6400,86.542740,10032200,0,1,123.696658
2025-04-22,91.6400,86.542740,9201200,0,1,123.696658
2025-04-23,91.6600,86.561638,8478500,0,1,123.723654
2025-04-24,91.6600,86.561638,20381700,0,1,123.723654
2025-04-25,91.7000,86.599411,11894100,0,1,123.777646
2025-04-28,91.7100,86.608856,9934400,0,1,123.791145
2025-04-29,91.7100,86.608856,19478900,0,1,123.791145
2025-04-30,91.7200,86.618301,17498400,0,1,123.804643
2025-05-01,91.4300,86.639145,15747600,0.312,1,123.834338
2025-05-02,91.4600,86.667564,14267400,0,1,123.874971
2025-05-05,91.4600,86.667564,26580800,0,1,123.874971
2025-05-06,91.4800,86.686523,8429300,0,1,123.902059
2025-05-07,91.4800,86.686523,6212900,0,1,123.902059
2025-05-08,91.5000,86.705482,9354600,0,1,123.929148
2025-05-09,91.5300,86.733887,9062400,0,1,123.969780
2025-05-12,91.5300,86.733887,14492000,0,1,123.969780
2025-05-13,91.5500,86.752853,23455700,0,1,123.996869
2025-05-14,91.5500,86.752853,9141900,0,1,123.996869
2025-05-15,91.5600,86.762329,6657100,0,1,124.010413
2025-05-16,91.6000,86.800232,8756000,0,1,124.064589
2025-05-19,91.6000,86.800232,7618200,0,1,124.064589
2025-05-20,91.6200,86.819183,7925400,0,1,124.091678
2025-05-21,91.6300,86.828674,12007400,0,1,124.105222
2025-05-22,91.6500,86.847610,7876500,0,1,124.132310
2025-05-23,91.6900,86.885521,14805900,0,1,124.186487
2025-05-27,91.6900,86.885521,8996500,0,1,124.186487
2025-05-28,91.7000,86.894997,9887600,0,1,124.200031
2025-05-29,91.7100,86.904480,7477700,0,1,124.213575
2025-05-30,91.7400,86.932892,19202100,0,1,124.254208
2025-06-02,91.4400,86.948105,17013900,0.316,1,124.275878
2025-06-03,91.4600,86.967125,8454700,0,1,124.303060
2025-06-04,91.4600,86.967125,14872200,0,1,124.303060
2025-06-05,91.4700,86.976646,7780200,0,1,124.316651
2025-06-06,91.5000,87.005173,7582100,0,1,124.357424
2025-06-09,91.5200,87.024178,8128000,0,1,124.384606
2025-06-10,91.5300,87.033669,9514600,0,1,124.398197
2025-06-11,91.5300,87.033669,7435700,0,1,124.398197
2025-06-12,91.5400,87.043205,5315900,0,1,124.411788
2025-06-13,91.5800,87.081238,6221300,0,1,124.466152
2025-06-16,91.5800,87.081238,8456900,0,1,124.466152
2025-06-17,91.6000,87.100250,5518300,0,1,124.493334
2025-06-18,91.6200,87.119270,5063800,0,1,124.520516
2025-06-20,91.6400,87.138275,6516900,0,1,124.547698
2025-06-23,91.6600,87.157303,6474200,0,1,124.574880
2025-06-24,91.6600,87.157303,16266600,0,1,124.574880
2025-06-25,91.6700,87.166817,7119500,0,1,124.588471
2025-06-26,91.6800,87.176331,7976100,0,1,124.602062
2025-06-27,91.7200,87.214355,6878900,0,1,124.656426
2025-06-30,91.7300,87.223877,16763400,0,1,124.670017
2025-07-01,91.4400,87.239136,18374200,0.306,1,124.691762
2025-07-02,91.4500,87.248665,6569200,0,1,124.705399
2025-07-03,91.5000,87.296387,4860800,0,1,124.773581
2025-07-07,91.5100,87.305931,11518400,0,1,124.787217
2025-07-08,91.5100,87.305931,10532400,0,1,124.787217
2025-07-09,91.5200,87.315445,10322900,0,1,124.800854
2025-07-10,91.5400,87.334549,9514400,0,1,124.828127
2025-07-11,91.5600,87.353615,5713900,0,1,124.855400
2025-07-14,91.5700,87.363159,6587100,0,1,124.869036
2025-07-15,91.5800,87.372711,6166500,0,1,124.882673
2025-07-16,91.6000,87.391777,6745200,0,1,124.909946
2025-07-17,91.6000,87.391777,6559900,0,1,124.909946
2025-07-18,91.6400,87.429947,6681400,0,1,124.964491
2025-07-21,91.6600,87.449028,6678700,0,1,124.991764
2025-07-22,91.6700,87.458565,4792100,0,1,125.005401
2025-07-23,91.6800,87.468109,6437300,0,1,125.019037
2025-07-24,91.6800,87.468109,4807700,0,1,125.019037
2025-07-25,91.7100,87.496742,5153900,0,1,125.059947
2025-07-28,91.7200,87.506264,6305300,0,1,125.073583
2025-07-29,91.7300,87.515816,7664300,0,1,125.087220
2025-07-30,91.7400,87.525345,6895100,0,1,125.100856
2025-07-31,91.7500,87.534897,11795100,0,1,125.114492
2025-08-01,91.4700,87.572227,20144800,0.319,1,125.167675
2025-08-04,91.4800,87.581802,20328000,0,1,125.181359
2025-08-05,91.4800,87.581802,8588400,0,1,125.181359
2025-08-06,91.5100,87.610535,7208800,0,1,125.222411
2025-08-07,91.5100,87.610535,7157900,0,1,125.222411
2025-08-08,91.5400,87.639236,6243500,0,1,125.263463
2025-08-11,91.5500,87.648819,8361400,0,1,125.277147
2025-08-12,91.5600,87.658394,6571900,0,1,125.290831
2025-08-13,91.5700,87.667953,6791500,0,1,125.304515
2025-08-14,91.5800,87.677544,6475800,0,1,125.318199
2025-08-15,91.6200,87.715843,5354600,0,1,125.372935
2025-08-18,91.6200,87.715843,15606200,0,1,125.372935
2025-08-19,91.6400,87.734978,11862700,0,1,125.400303
2025-08-20,91.6600,87.754128,6916000,0,1,125.427671
2025-08-21,91.6600,87.754128,4656000,0,1,125.427671
2025-08-22,91.6900,87.782860,7468100,0,1,125.468723
2025-08-25,91.7000,87.792435,7319800,0,1,125.482407
2025-08-26,91.7100,87.802002,8729600,0,1,125.496091
2025-08-27,91.7200,87.811569,4919400,0,1,125.509775
2025-08-28,91.7300,87.821144,5490300,0,1,125.523459
2025-08-29,91.7700,87.859444,11546500,0,1,125.578195
2025-09-02,91.4700,87.880577,13477100,0.322,1,125.608300
2025-09-03,91.4800,87.890190,7040700,0,1,125.622032
2025-09-04,91.5000,87.909393,9180600,0,1,125.649496
2025-09-05,91.5300,87.938225,10223000,0,1,125.690693
2025-09-08,91.5400,87.947823,9201200,0,1,125.704425
2025-09-09,91.5500,87.957436,8740800,0,1,125.718157
2025-09-10,91.5600,87.967049,9027200,0,1,125.731890
2025-09-11,91.5700,87.976639,9714300,0,1,125.745622
2025-09-12,91.6000,88.005493,7154200,0,1,125.786818
2025-09-15,91.6100,88.015083,8876200,0,1,125.800550
2025-09-16,91.6200,88.024696,7036400,0,1,125.814283
2025-09-17,91.6300,88.034294,5395900,0,1,125.828015
2025-09-18,91.6400,88.043900,6032900,0,1,125.841747
2025-09-19,91.6800,88.082344,6689800,0,1,125.896676
2025-09-22,91.6900,88.091949,6255200,0,1,125.910408
2025-09-23,91.6900,88.091949,7854700,0,1,125.910408
2025-09-24,91.7100,88.111160,6711500,0,1,125.937872
2025-09-25,91.7100,88.111160,11455100,0,1,125.937872
2025-09-26,91.7400,88.139977,7888800,0,1,125.979069
2025-09-29,91.7500,88.149590,6928500,0,1,125.992801
2025-09-30,91.7500,88.149590,14165800,0,1,125.992801
2025-10-01,91.4600,88.169838,15501400,0.311,1,126.021639
2025-10-02,91.4700,88.179474,7225200,0,1,126.035418
2025-10-03,91.4900,88.198753,6177600,0,1,126.062975
2025-10-06,91.5100,88.218048,7041200,0,1,126.090533
2025-10-07,91.5100,88.218048,7071900,0,1,126.090533
2025-10-08,91.5300,88.237320,7236300,0,1,126.118091
2025-10-09,91.5300,88.237320,9389800,0,1,126.118091
2025-10-10,91.5700,88.275879,14648000,0,1,126.173206
2025-10-13,91.5800,88.285522,13286000,0,1,126.186985
2025-10-14,91.5800,88.285522,8281800,0,1,126.186985
2025-10-15,91.5900,88.295166,11747900,0,1,126.200764
2025-10-16,91.6000,88.304794,7811800,0,1,126.214543
2025-10-17,91.6200,88.324066,10183500,0,1,126.242101
2025-10-20,91.6400,88.343369,8215400,0,1,126.269658
2025-10-21,91.6400,88.343369,6989600,0,1,126.269658
2025-10-22,91.6600,88.362648,13191400,0,1,126.297216
2025-10-23,91.6700,88.372276,7399500,0,1,126.310995
2025-10-24,91.7000,88.401207,8743100,0,1,126.352332
2025-10-27,91.7000,88.401207,11472400,0,1,126.352332
2025-10-28,91.7100,88.410835,13039400,0,1,126.366111
2025-10-29,91.7400,88.439766,13416300,0,1,126.407447
2025-10-30,91.7400,88.439766,7897200,0,1,126.407447
2025-10-31,91.7600,88.459053,14371000,0,1,126.435005
2025-11-03,91.4700,88.471611,17922800,0.303,1,126.452918
2025-11-04,91.4800,88.481293,12162100,0,1,126.466742
2025-11-05,91.4900,88.490952,7973200,0,1,126.480567
2025-11-06,91.5000,88.500633,15915800,0,1,126.494391
2025-11-07,91.5300,88.529655,11525000,0,1,126.535865
2025-11-10,91.5500,88.548996,13043700,0,1,126.563514
2025-11-11,91.5400,88.539322,6181200,0,1,126.549689
2025-11-12,91.5500,88.548996,6371200,0,1,126.563514
2025-11-13,91.5600,88.558655,6625900,0,1,126.577338
2025-11-14,91.6000,88.597351,10192200,0,1,126.632636
2025-11-17,91.6000,88.597351,9767000,0,1,126.632636
2025-11-18,91.6200,88.616699,9642600,0,1,126.660285
2025-11-19,91.6200,88.616699,6206200,0,1,126.660285
2025-11-20,91.6400,88.636055,10933900,0,1,126.687934
2025-11-21,91.6600,88.655396,9431800,0,1,126.715584
2025-11-24,91.6600,88.655396,7347100,0,1,126.715584
2025-11-25,91.6800,88.674736,8992400,0,1,126.743233
2025-11-26,91.6900,88.684402,6749500,0,1,126.757057
2025-11-28,91.7200,88.713425,10775200,0,1,126.798531
2025-12-01,91.4500,88.724083,16856800,0.281,1,126.813738
2025-12-02,91.4800,88.753204,7403400,0,1,126.855339
2025-12-03,91.4900,88.762894,6530900,0,1,126.869206
2025-12-04,91.5000,88.772606,7236700,0,1,126.883073
2025-12-05,91.5200,88.792015,7308400,0,1,126.910807
2025-12-08,91.5300,88.801712,7579000,0,1,126.924674
2025-12-09,91.5500,88.821114,9285600,0,1,126.952408
2025-12-10,91.5500,88.821114,6974200,0,1,126.952408
2025-12-11,91.5600,88.830803,7144500,0,1,126.966275
2025-12-12,91.6000,88.869621,6040700,0,1,127.021743
2025-12-15,91.6000,88.869621,6058100,0,1,127.021743
2025-12-16,91.6100,88.879326,7212200,0,1,127.035610
2025-12-17,91.6200,88.889030,9641200,0,1,127.049477
2025-12-18,91.2700,88.903625,10277300,0.365,1,127.070277
2025-12-19,91.3000,88.932869,7581800,0,1,127.112045
2025-12-22,91.3000,88.932869,11026900,0,1,127.112045
2025-12-23,91.3000,88.932869,7111200,0,1,127.112045
2025-12-24,91.3300,88.962090,5073500,0,1,127.153812
2025-12-26,91.3600,88.991302,5588900,0,1,127.195579
2025-12-29,91.3600,88.991302,7988900,0,1,127.195579
2025-12-30,91.3700,89.001053,7852900,0,1,127.209502
2025-12-31,91.3800,89.010780,11225900,0,1,127.223424
2026-01-02,91.4200,89.049751,8517900,0,1,127.279114
2026-01-05,91.4200,89.049751,11770200,0,1,127.279114
2026-01-06,91.4300,89.059502,9135800,0,1,127.293037
2026-01-07,91.4500,89.078972,8767200,0,1,127.320881
2026-01-08,91.4500,89.078972,7116500,0,1,127.320881
2026-01-09,91.4700,89.098442,7776600,0,1,127.348726
2026-01-12,91.4800,89.108200,6189700,0,1,127.362649
2026-01-13,91.4900,89.117935,7777400,0,1,127.376571
2026-01-14,91.5000,89.127678,8005900,0,1,127.390494
2026-01-15,91.5000,89.127678,8938400,0,1,127.390494
2026-01-16,91.5400,89.166634,7648200,0,1,127.446184
2026-01-20,91.5400,89.166634,9335100,0,1,127.446184
2026-01-21,91.5500,89.176384,8153800,0,1,127.460106
2026-01-22,91.5600,89.186111,7679200,0,1,127.474028
2026-01-23,91.5900,89.215347,8147700,0,1,127.515796
2026-01-26,91.5900,89.215347,10052800,0,1,127.515796
2026-01-27,91.6000,89.225075,8178400,0,1,127.529718
2026-01-28,91.6100,89.234825,6265500,0,1,127.543641
2026-01-29,91.6300,89.254311,10237300,0,1,127.571486
2026-01-30,91.6500,89.273788,14545800,0,1,127.599331
2026-02-02,91.3900,89.287483,21391700,0.274,1,127.618822
2026-02-03,91.3900,89.287483,11836100,0,1,127.618822
2026-02-04,91.4100,89.307014,9216600,0,1,127.646750
2026-02-05,91.4100,89.307014,9393900,0,1,127.646750
2026-02-06,91.4400,89.336319,12369800,0,1,127.688643
2026-02-09,91.4400,89.336319,9180300,0,1,127.688643
2026-02-10,91.4500,89.346085,7085300,0,1,127.702607
2026-02-11,91.4700,89.365616,5732300,0,1,127.730536
2026-02-12,91.4700,89.365616,6366300,0,1,127.730536
2026-02-13,91.5100,89.404709,9832500,0,1,127.786392
2026-02-17,91.5200,89.414474,6710000,0,1,127.800357
2026-02-18,91.5300,89.424248,8752800,0,1,127.814321
2026-02-19,91.5300,89.424248,4941800,0,1,127.814321
2026-02-20,91.5600,89.453545,6518200,0,1,127.856213
2026-02-23,91.5600,89.453545,7714900,0,1,127.856213
2026-02-24,91.5800,89.473114,5476100,0,1,127.884142
2026-02-25,91.5900,89.482872,6009100,0,1,127.898106
2026-02-26,91.6000,89.492630,6447700,0,1,127.912070
2026-02-27,91.6200,89.512177,11530600,0,1,127.939999
2026-03-02,91.3900,89.524925,15489300,0.243,1,127.958152
2026-03-03,91.4000,89.534721,11602900,0,1,127.972153
2026-03-04,91.4100,89.544518,9932500,0,1,127.986155
2026-03-05,91.4200,89.554298,9249000,0,1,128.000156
2026-03-06,91.4400,89.573906,8733200,0,1,128.028159
2026-03-09,91.4500,89.583687,13422900,0,1,128.042160
2026-03-10,91.4600,89.593483,9226800,0,1,128.056161
2026-03-11,91.4600,89.593483,6613400,0,1,128.056161
2026-03-12,91.4800,89.613083,10138900,0,1,128.084164
2026-03-13,91.5100,89.642464,11182000,0,1,128.126168
2026-03-16,91.5100,89.642464,8509100,0,1,128.126168
2026-03-17,91.5200,89.652260,7548300,0,1,128.140169
2026-03-18,91.5400,89.671860,15874000,0,1,128.168172
2026-03-19,91.5400,89.671860,14921000,0,1,128.168172
2026-03-20,91.5700,89.701241,14839100,0,1,128.210176
2026-03-23,91.5800,89.711044,30253900,0,1,128.224177
2026-03-24,91.5900,89.720833,17380200,0,1,128.238179
2026-03-25,91.5800,89.711044,16949500,0,1,128.224177
2026-03-26,91.6000,89.730621,13198900,0,1,128.252180
2026-03-27,91.6300,89.760002,11244000,0,1,128.294184
2026-03-30,91.6400,89.769814,12480000,0,1,128.308185
2026-03-31,91.6400,89.769814,20279800,0,1,128.308185
2026-04-01,91.4000,89.793388,22095200,0.264,1,128.341789
2026-04-02,91.4200,89.813034,11510300,0,1,128.369872
2026-04-06,91.4400,89.832687,17291500,0,1,128.397956
2026-04-07,91.4500,89.842499,9231600,0,1,128.411997
2026-04-08,91.4500,89.842499,13839400,0,1,128.411997
2026-04-09,91.4600,89.852333,15586500,0,1,128.426039
2026-04-10,91.4900,89.881805,10595200,0,1,128.468164
2026-04-13,91.4900,89.881805,9906200,0,1,128.468164
2026-04-14,91.5000,89.891632,21667600,0,1,128.482206
2026-04-15,91.5100,89.901459,18583600,0,1,128.496248
2026-04-16,91.5200,89.911278,17779800,0,1,128.510290
2026-04-17,91.5500,89.940750,13604100,0,1,128.552415
2026-04-20,91.5600,89.950562,7961400,0,1,128.566457
2026-04-21,91.5700,89.960411,8177600,0,1,128.580499
2026-04-22,91.5700,89.960411,9669300,0,1,128.580499
2026-04-23,91.5900,89.980042,6741000,0,1,128.608582
2026-04-24,91.6100,89.999695,7270200,0,1,128.636666
2026-04-27,91.6200,90.009529,8616000,0,1,128.650708
2026-04-28,91.6300,90.019341,6500500,0,1,128.664749
2026-04-29,91.6300,90.019341,9227100,0,1,128.664749
2026-04-30,91.6400,90.029167,14975100,0,1,128.678791
2026-05-01,91.4000,90.058731,14126100,0.27,1,128.720916
2026-05-04,91.4200,90.078430,10297700,0,1,128.749083
2026-05-05,91.4300,90.088280,9783300,0,1,128.763166
2026-05-06,91.4200,90.078430,8293500,0,1,128.749083
2026-05-07,91.4400,90.098145,8040800,0,1,128.777249
2026-05-08,91.4600,90.117844,8043400,0,1,128.805416
2026-05-11,91.4800,90.137558,6150400,0,1,128.833582
2026-05-12,91.4900,90.147408,7332100,0,1,128.847666
2026-05-13,91.4900,90.147408,7467300,0,1,128.847666
2026-05-14,91.5100,90.167114,6764000,0,1,128.875832
2026-05-15,91.5300,90.186813,9441200,0,1,128.903999
2026-05-18,91.5300,90.186813,7274100,0,1,128.903999
2026-05-19,91.5500,90.206528,9718100,0,1,128.932165
2026-05-20,91.5700,90.226227,8725700,0,1,128.960332
2026-05-21,91.5700,90.226227,7791400,0,1,128.960332
2026-05-22,91.5900,90.245941,10871600,0,1,128.988498
2026-05-26,91.6100,90.265648,9903700,0,1,129.016665
2026-05-27,91.6200,90.275497,6672200,0,1,129.030748
2026-05-28,91.6300,90.285347,10206000,0,1,129.044831
2026-05-29,91.6600,90.314911,16056500,0,1,129.087081
2026-06-01,91.4000,90.323814,17997300,0.269,1,129.099756
2026-06-02,91.3900,90.313919,9532600,0,1,129.085631
2026-06-03,91.4100,90.333694,14556600,0,1,129.113881
2026-06-04,91.4100,90.333694,7054600,0,1,129.113881
2026-06-05,91.4500,90.373215,12908000,0,1,129.170379
2026-06-08,91.4600,90.383095,11085900,0,1,129.184504
2026-06-09,91.4600,90.383095,10442600,0,1,129.184504
2026-06-10,91.4700,90.392990,8003200,0,1,129.198629
2026-06-11,91.4800,90.402870,8700900,0,1,129.212753
2026-06-12,91.5100,90.432518,18789500,0,1,129.255128
2026-06-15,91.5100,90.432518,11772000,0,1,129.255128
2026-06-16,91.5200,90.442390,10456500,0,1,129.269252
2026-06-17,91.5300,90.452271,8300100,0,1,129.283377
2026-06-18,91.5700,90.491806,7807800,0,1,129.339876
2026-06-22,91.5700,90.491806,10548900,0,1,129.339876
2026-06-23,91.5800,90.501694,10017000,0,1,129.354000
2026-06-24,91.5900,90.511566,10144800,0,1,129.368125
2026-06-25,91.6000,90.521446,8417600,0,1,129.382250
2026-06-26,91.6300,90.551094,7481100,0,1,129.424624
2026-06-29,91.6400,90.560974,11999700,0,1,129.438749
2026-06-30,91.6400,90.560974,15835700,0,1,129.438749
2026-07-01,91.4000,90.588737,17069100,0.268,1,129.478298
2026-07-02,91.4400,90.628380,10375000,0,1,129.534962
2026-07-06,91.4300,90.618462,14905000,0,1,129.520796
2026-07-07,91.4500,90.638283,9221700,0,1,129.549128
2026-07-08,91.4500,90.638283,8696000,0,1,129.549128
2026-07-09,91.4600,90.648193,6627200,0,1,129.563294
2026-07-10,91.5000,90.687843,8434300,0,1,129.619959
2026-07-13,91.5000,90.687843,6733000,0,1,129.619959
2026-07-14,91.5100,90.697762,6089100,0,1,129.634125
2026-07-15,91.5200,90.707664,11497200,0,1,129.648291
2026-07-16,91.5300,90.717575,9655200,0,1,129.662457
2026-07-17,91.5500,90.737404,15104600,0,1,129.690790
2026-07-20,91.5600,90.747307,7275600,0,1,129.704956
2026-07-21,91.5600,90.747307,6698400,0,1,129.704956
2026-07-22,91.5800,90.767136,6641700,0,1,129.733288
2026-07-23,91.5800,90.767136,8378500,0,1,129.733288
2026-07-24,91.6100,90.796867,6415000,0,1,129.775786
2026-07-27,91.6200,90.806778,9280900,0,1,129.789952
2026-07-28,91.6300,90.816689,8817000,0,1,129.804118
2026-07-29,91.6400,90.826599,6755100,0,1,129.818285
2026-07-30,91.6500,90.836510,10448400,0,1,129.832451
2026-07-31,91.6800,90.866249,14721100,0,1,129.874949
2026-08-03,91.4200,90.879166,21920400,0.273,1,129.893365
2026-08-04,91.4200,90.879166,12643800,0,1,129.893365
2026-08-05,91.4300,90.889107,10380600,0,1,129.907573
2026-08-06,91.4500,90.908989,7547300,0,1,129.935990
2026-08-07,91.4800,90.938820,8262900,0,1,129.978615
2026-08-10,91.4800,90.938820,7700400,0,1,129.978615
2026-08-11,91.4900,90.948753,7396000,0,1,129.992824
2026-08-12,91.5100,90.968636,8753600,0,1,130.021241
2026-08-13,91.5100,90.968636,6803700,0,1,130.021241
2026-08-14,91.5300,90.988518,6063300,0,1,130.049658
2026-08-17,91.5500,91.008400,7166600,0,1,130.078074
2026-08-18,91.5600,91.018341,8747400,0,1,130.092283
2026-08-19,91.5700,91.028282,8441000,0,1,130.106491
2026-08-20,91.5700,91.028282,6654700,0,1,130.106491
2026-08-21,91.6000,91.058105,7324100,0,1,130.149116
2026-08-24,91.6100,91.068047,6038500,0,1,130.163325
2026-08-25,91.6200,91.077988,7515700,0,1,130.177533
2026-08-26,91.6300,91.087921,7363500,0,1,130.191742
2026-08-27,91.6300,91.087921,7762000,0,1,130.191742
2026-08-28,91.6500,91.107811,7214300,0,1,130.220159
2026-08-31,91.6600,91.117752,13829300,0,1,130.234367
2026-09-01,91.3900,91.127716,15247200,0.28,1,130.248575
2026-09-02,91.4000,91.137695,8971300,0,1,130.262827
2026-09-03,91.4200,91.157631,10052400,0,1,130.291331
2026-09-04,91.4500,91.187546,7382600,0,1,130.334087
2026-09-08,91.4600,91.197517,7759600,0,1,130.348339
2026-09-09,91.4600,91.197517,7588600,0,1,130.348339
2026-09-10,91.4700,91.207489,8363300,0,1,130.362591
2026-09-11,91.5000,91.237404,13945300,0,1,130.405347
2026-09-14,91.5000,91.237404,12227800,0,1,130.405347
2026-09-15,91.5100,91.247375,8746300,0,1,130.419599
2026-09-16,91.5100,91.247375,8273800,0,1,130.419599
2026-09-17,91.5300,91.267319,11014900,0,1,130.448103
2026-09-18,91.5500,91.287262,11328700,0,1,130.476607
2026-09-21,91.5700,91.307205,9437800,0,1,130.505111
2026-09-22,91.5700,91.307205,14463700,0,1,130.505111
2026-09-23,91.5900,91.327141,10056200,0,1,130.533614
2026-09-24,91.5800,91.317177,11046400,0,1,130.519362
2026-09-25,91.6200,91.357063,7758000,0,1,130.576370
2026-09-28,91.6300,91.367027,11688900,0,1,130.590622
2026-09-29,91.6500,91.386978,30621800,0,1,130.619126
2026-09-30,91.6400,91.376999,18277500,0,1,130.604874
2026-10-01,91.4100,91.410004,21016700,0.263,1,130.651906
2026-10-02,91.4300,91.430000,11879100,0,1,130.680492
2026-10-05,91.4400,91.440002,8528400,0,1,130.694784
2026-10-06,91.4500,91.449997,7786912,0,1,130.709077
