date,close,adj_close,volume,dividend,split,tr_index
1998-01-20,78.8125,43.353188,1744600,0,1,100.000000
1998-01-21,77.8438,42.820297,1839600,0,1,98.770880
1998-01-22,77.1875,42.459316,1662600,0,1,97.938144
1998-01-23,77.0000,42.356220,1693700,0,1,97.700238
1998-01-26,77.3125,42.528122,1172800,0,1,98.096749
1998-01-27,78.2188,43.026566,1454500,0,1,99.246693
1998-01-28,79.1250,43.525124,1181200,0,1,100.396511
1998-01-29,79.4062,43.679810,1468500,0,1,100.753307
1998-01-30,79.2344,43.585228,1095600,0,1,100.535321
1998-02-02,81.0156,44.565041,955600,0,1,102.795369
1998-02-03,81.6562,44.917500,619400,0,1,103.608184
1998-02-04,81.2188,44.676834,753200,0,1,103.053196
1998-02-05,81.2344,44.685402,1067600,0,1,103.072990
1998-02-06,82.1094,45.166721,1069700,0,1,104.183220
1998-02-09,81.7812,44.986279,515900,0,1,103.766788
1998-02-10,83.1562,45.742592,892100,0,1,105.511435
1998-02-11,83.1562,45.742592,515000,0,1,105.511435
1998-02-12,83.6875,46.034874,1065000,0,1,106.185567
1998-02-13,83.6406,46.009029,596700,0,1,106.126059
1998-02-17,84.0625,46.241096,840600,0,1,106.661380
1998-02-18,84.6250,46.550507,773000,0,1,107.375099
1998-02-19,83.8281,46.112186,804800,0,1,106.363965
1998-02-20,84.2812,46.361462,540600,0,1,106.938874
1998-02-23,84.2500,46.344242,639200,0,1,106.899286
1998-02-24,84.0000,46.206745,702700,0,1,106.582078
1998-02-25,84.6875,46.584923,687400,0,1,107.454401
1998-02-26,85.1562,46.842785,439800,0,1,108.049104
1998-02-27,85.5938,47.083408,451300,0,1,108.604346
1998-03-02,85.7188,47.152195,1062800,0,1,108.762950
1998-03-03,86.1094,47.367031,596600,0,1,109.258557
1998-03-04,85.5312,47.049007,691700,0,1,108.524917
1998-03-05,84.7812,46.636471,778300,0,1,107.573291
1998-03-06,86.0312,47.324062,933100,0,1,109.159334
1998-03-09,85.8750,47.238152,685300,0,1,108.961142
1998-03-10,86.7188,47.702271,563700,0,1,110.031784
1998-03-11,87.0000,47.856972,406600,0,1,110.388580
1998-03-12,86.8906,47.796810,576700,0,1,110.249770
1998-03-13,86.1562,47.392834,458900,0,1,109.317938
1998-03-16,87.4688,48.114807,733000,0,1,110.983410
1998-03-17,87.7656,48.278141,499900,0,1,111.360000
1998-03-18,87.9844,48.398449,410900,0,1,111.637621
1998-03-19,88.2344,48.535965,730000,0,1,111.954830
1998-03-20,89.1562,49.043079,754300,0,1,113.124441
1998-03-23,88.4844,48.673519,551600,0,1,112.272038
1998-03-24,89.4375,49.197781,470300,0,1,113.481364
1998-03-25,88.8750,48.888378,966200,0,1,112.767645
1998-03-26,88.6250,48.750843,412800,0,1,112.450436
1998-03-27,88.2656,48.553112,584100,0,1,111.994417
1998-03-30,88.1562,48.493008,562400,0,1,111.855607
1998-03-31,88.1875,48.510178,620000,0,1,111.895321
1998-04-01,88.9375,48.922798,373700,0,1,112.846947
1998-04-02,90.1562,49.593163,440600,0,1,114.393275
1998-04-03,90.0938,49.558777,493300,0,1,114.314100
1998-04-06,90.3750,49.713493,610500,0,1,114.670896
1998-04-07,89.8906,49.447090,707300,0,1,114.056273
1998-04-08,89.2812,49.111851,949500,0,1,113.283045
1998-04-09,90.3750,49.713493,451700,0,1,114.670896
1998-04-13,90.3438,49.696304,337900,0,1,114.631308
1998-04-14,91.4375,50.297955,451500,0,1,116.019033
1998-04-15,92.0156,50.615997,261800,0,1,116.752546
1998-04-16,91.0625,50.091690,232800,0,1,115.543220
1998-04-17,91.7031,50.633106,382900,0.34,1,116.787439
1998-04-20,91.2969,50.408810,299400,0,1,116.270127
1998-04-21,91.9062,50.745255,372000,0,1,117.046094
1998-04-22,91.8438,50.710758,503400,0,1,116.966625
1998-04-23,91.3125,50.417427,597700,0,1,116.289994
1998-04-24,90.5469,49.994762,820200,0,1,115.314973
1998-04-27,89.2500,49.278664,1916800,0,1,113.663321
1998-04-28,88.9844,49.132008,437200,0,1,113.325069
1998-04-29,89.4219,49.373543,298700,0,1,113.882242
1998-04-30,90.8750,50.175861,443100,0,1,115.732821
1998-05-01,91.6562,50.607239,338300,0,1,116.727710
1998-05-04,91.8125,50.693539,542500,0,1,116.926764
1998-05-05,91.4844,50.512367,325600,0,1,116.508916
1998-05-06,90.2812,49.848049,665500,0,1,114.976594
1998-05-07,89.7344,49.546104,593100,0,1,114.280223
1998-05-08,90.9375,50.210381,638100,0,1,115.812417
1998-05-11,90.9219,50.201839,703100,0,1,115.792550
1998-05-12,91.9219,50.753906,479000,0,1,117.066089
1998-05-13,92.2500,50.935093,399400,0,1,117.483937
1998-05-14,91.8125,50.693539,622900,0,1,116.926764
1998-05-15,90.7969,50.181965,280900,0.09,1,115.747976
1998-05-18,90.5312,50.035168,249200,0,1,115.409262
1998-05-19,90.5625,50.052380,482100,0,1,115.449163
1998-05-20,91.7812,50.725964,304400,0,1,117.002763
1998-05-21,91.3750,50.501465,530600,0,1,116.484939
1998-05-22,91.2344,50.423740,219000,0,1,116.305702
1998-05-26,89.6562,49.551556,561300,0,1,114.293811
1998-05-27,89.6562,49.551556,1041100,0,1,114.293811
1998-05-28,89.9844,49.732868,367700,0,1,114.712201
1998-05-29,88.8438,49.102470,232400,0,1,113.258163
1998-06-01,89.4062,49.413383,445800,0,1,113.975111
1998-06-02,88.9531,49.162937,391600,0,1,113.397498
1998-06-03,87.8438,48.549767,473100,0,1,111.983362
1998-06-04,88.8906,49.128342,636200,0,1,113.317823
1998-06-05,90.8594,50.216488,1014000,0,1,115.827651
1998-06-08,90.9219,50.251095,467900,0,1,115.907326
1998-06-09,90.7344,50.147388,180100,0,1,115.668301
1998-06-10,89.7500,49.603352,531300,0,1,114.413387
1998-06-11,88.1250,48.705265,529200,0,1,112.341836
1998-06-12,88.5625,48.947002,909200,0,1,112.899561
1998-06-15,86.0000,47.530796,617400,0,1,109.632884
1998-06-16,86.7969,47.971203,796500,0,1,110.648772
1998-06-17,88.6562,48.998848,895100,0,1,113.019010
1998-06-18,88.3125,48.808849,219000,0,1,112.580861
1998-06-19,87.0781,48.230442,506100,0.19,1,111.249459
1998-06-22,87.1719,48.282318,161500,0,1,111.369296
1998-06-23,88.3750,48.948742,201600,0,1,112.906355
1998-06-24,89.2969,49.459335,353100,0,1,114.084159
1998-06-25,89.6875,49.675686,420200,0,1,114.583182
1998-06-26,89.6875,49.675686,150400,0,1,114.583182
1998-06-29,90.1250,49.917965,297700,0,1,115.142125
1998-06-30,89.6875,49.675686,395600,0,1,114.583182
1998-07-01,90.5938,50.177620,347100,0,1,115.741056
1998-07-02,90.2969,50.013214,263900,0,1,115.361741
1998-07-06,91.2500,50.541115,166500,0,1,116.579405
1998-07-07,91.1094,50.463207,155700,0,1,116.399777
1998-07-08,91.9531,50.930569,146900,0,1,117.477673
1998-07-09,90.8750,50.333359,151500,0,1,116.100312
1998-07-10,91.2344,50.532402,127800,0,1,116.559475
1998-07-13,90.9844,50.394028,164400,0,1,116.240079
1998-07-14,92.4375,51.198872,276000,0,1,118.096534
1998-07-15,92.5000,51.233418,367900,0,1,118.176383
1998-07-16,93.2656,51.657509,356100,0,1,119.154501
1998-07-17,93.3281,51.692104,222100,0,1,119.234349
1998-07-20,93.1250,51.579624,234900,0,1,118.974872
1998-07-21,91.7500,50.818012,389800,0,1,117.218196
1998-07-22,91.4062,50.627674,229900,0,1,116.778964
1998-07-23,89.3594,49.493893,297000,0,1,114.164008
1998-07-24,89.4375,49.537228,424800,0,1,114.263787
1998-07-27,90.2500,49.987244,382900,0,1,115.301823
1998-07-28,89.2188,49.416065,557300,0,1,113.984380
1998-07-29,89.0156,49.303555,330400,0,1,113.724775
1998-07-30,90.2344,49.978558,533300,0,1,115.281892
1998-07-31,88.5312,49.035244,234400,0,1,113.105914
1998-08-03,87.8125,48.637138,429300,0,1,112.187715
1998-08-04,84.9375,47.044781,947200,0,1,108.514666
1998-08-05,85.6562,47.442886,1456000,0,1,109.432864
1998-08-06,85.6562,47.442886,571600,0,1,109.432864
1998-08-07,86.1562,47.719810,698900,0,1,110.071655
1998-08-10,85.7812,47.512115,233900,0,1,109.592562
1998-08-11,84.3750,46.733212,1034100,0,1,107.796025
1998-08-12,85.6875,47.460209,592000,0,1,109.472852
1998-08-13,84.2812,46.681305,651900,0,1,107.676188
1998-08-14,84.3125,46.698574,731000,0,1,107.716176
1998-08-17,85.7500,47.494774,948800,0,1,109.552701
1998-08-18,87.3750,48.394840,566000,0,1,111.628773
1998-08-19,86.9688,48.169868,324700,0,1,111.109819
1998-08-20,86.2500,47.771759,536300,0,1,110.191493
1998-08-21,85.5938,47.516754,1184400,0.197,1,109.604827
1998-08-24,85.6250,47.534111,292300,0,1,109.644779
1998-08-25,85.9062,47.690258,309400,0,1,110.004862
1998-08-26,85.3906,47.403988,653200,0,1,109.344624
1998-08-27,81.0469,44.992603,1887300,0,1,103.782417
1998-08-28,80.7812,44.845154,1225000,0,1,103.442182
1998-08-31,74.8750,41.566330,1284000,0,1,95.879157
1998-09-01,78.5312,43.596058,1760300,0,1,100.561005
1998-09-02,77.7812,43.179691,551100,0,1,99.600613
1998-09-03,77.0312,42.763329,806800,0,1,98.640221
1998-09-04,76.8750,42.676617,578100,0,1,98.440203
1998-09-08,80.5938,44.741055,1187900,0,1,103.202212
1998-09-09,78.4062,43.526669,879200,0,1,100.400940
1998-09-10,75.7500,42.052071,1292900,0,1,96.999615
1998-09-11,78.7188,43.700161,1086900,0,1,100.801231
1998-09-14,79.4062,44.081833,627700,0,1,101.681463
1998-09-15,80.2812,44.567589,418000,0,1,102.801920
1998-09-16,81.1250,45.035976,495200,0,1,103.882426
1998-09-17,78.7812,43.734848,681100,0,1,100.881136
1998-09-18,78.8125,43.812847,309400,0.109,1,101.060793
1998-09-21,79.2500,44.056061,562200,0,1,101.621797
1998-09-22,78.8594,43.838886,431900,0,1,101.120933
1998-09-23,81.8750,45.515293,680200,0,1,104.987819
1998-09-24,79.7656,44.342690,568800,0,1,102.282948
1998-09-25,80.1250,44.542450,422200,0,1,102.743804
1998-09-28,81.2812,45.185230,678800,0,1,104.226392
1998-09-29,80.6875,44.855133,1089600,0,1,103.465094
1998-09-30,78.1875,43.465408,673200,0,1,100.259360
1998-10-01,76.2188,42.370941,1107600,0,1,97.734907
1998-10-02,78.1562,43.448040,971800,0,1,100.219224
1998-10-05,77.2188,42.926830,728800,0,1,99.017201
1998-10-06,77.1875,42.909451,806100,0,1,98.977066
1998-10-07,77.3438,42.996365,1280800,0,1,99.177488
1998-10-08,77.3125,42.979012,2218200,0,1,99.137352
1998-10-09,79.1875,44.021271,1196900,0,1,101.541654
1998-10-12,79.7812,44.351387,630700,0,1,102.302951
1998-10-13,79.1719,44.012596,288500,0,1,101.521650
1998-10-14,79.6875,44.299271,939700,0,1,102.182801
1998-10-15,83.8750,46.627140,1219200,0,1,107.552406
1998-10-16,84.1875,46.800880,694800,0,1,107.953123
1998-10-19,84.6250,47.044071,423800,0,1,108.514127
1998-10-20,84.8906,47.191696,959800,0,1,108.854704
1998-10-21,85.0625,47.287289,599800,0,1,109.075131
1998-10-22,85.5625,47.565243,574800,0,1,109.716278
1998-10-23,84.3125,46.870327,463400,0,1,108.113410
1998-10-26,84.3750,46.905083,381100,0,1,108.193553
1998-10-27,83.7188,46.540264,915900,0,1,107.352112
1998-10-28,83.4531,46.392578,355200,0,1,107.011407
1998-10-29,85.4375,47.495777,413600,0,1,109.555991
1998-10-30,86.0312,47.825836,678700,0,1,110.317289
1998-11-02,87.4688,48.624935,598900,0,1,112.160715
1998-11-03,87.0000,48.364330,731200,0,1,111.559575
1998-11-04,88.2344,49.050541,706600,0,1,113.142439
1998-11-05,89.5000,49.754185,462600,0,1,114.765310
1998-11-06,89.8750,49.962631,400000,0,1,115.246170
1998-11-09,89.0156,49.484886,325700,0,1,114.144167
1998-11-10,88.6250,49.267731,345400,0,1,113.643303
1998-11-11,88.3594,49.120075,365000,0,1,113.302726
1998-11-12,88.6250,49.267731,354400,0,1,113.643303
1998-11-13,89.5000,49.754185,408300,0,1,114.765310
1998-11-16,90.3438,50.223217,273700,0,1,115.847310
1998-11-17,89.9688,50.014732,618700,0,1,115.366449
1998-11-18,90.6719,50.405609,249600,0,1,116.268030
1998-11-19,90.7500,50.449055,270800,0,1,116.368178
1998-11-20,91.7188,51.071987,331900,0.15,1,117.802808
1998-11-23,94.0938,52.394463,530600,0,1,120.853237
1998-11-24,93.0938,51.837627,503700,0,1,119.568846
1998-11-25,93.1250,51.855087,155300,0,1,119.608919
1998-11-27,93.2500,51.924671,71000,0,1,119.769468
1998-11-30,90.8125,50.567417,527600,0,1,116.638764
1998-12-01,91.2656,50.819691,379800,0,1,117.220722
1998-12-02,90.7500,50.532555,317600,0,1,116.558490
1998-12-03,88.8281,49.462387,638700,0,1,114.090019
1998-12-04,90.5000,50.393364,1230600,0,1,116.237392
1998-12-07,90.7500,50.532555,522900,0,1,116.558490
1998-12-08,90.3125,50.288998,405500,0,1,115.996569
1998-12-09,90.0625,50.149704,310100,0,1,115.675471
1998-12-10,88.2812,49.157852,422700,0,1,113.387585
1998-12-11,87.9688,48.983822,548700,0,1,112.986341
1998-12-14,86.5156,48.174709,393500,0,1,111.119864
1998-12-15,88.2188,49.123055,637200,0,1,113.307439
1998-12-16,87.8750,48.931694,537800,0,1,112.865866
1998-12-17,88.7188,49.401501,1114300,0,1,113.949635
1998-12-18,88.7188,49.485107,289100,0.15,1,114.142293
1998-12-21,89.8125,50.095165,483500,0,1,115.549407
1998-12-22,90.3438,50.391560,317700,0,1,116.232958
1998-12-23,92.0625,51.350231,657600,0,1,118.444173
1998-12-24,92.0938,51.367645,346900,0,1,118.484442
1998-12-28,91.9375,51.280514,274000,0,1,118.283353
1998-12-29,93.4844,52.143330,598800,0,1,120.273536
1998-12-30,92.6250,51.664009,202600,0,1,119.167864
1998-12-31,91.5312,51.053921,870300,0,1,117.760622
1999-01-04,91.9531,51.289242,490200,0,1,118.303423
1999-01-05,93.2188,51.995171,473000,0,1,119.931825
1999-01-06,95.6562,53.354721,701400,0,1,123.067693
1999-01-07,95.2500,53.128170,450300,0,1,122.545091
1999-01-08,96.5156,53.834026,446300,0,1,124.173365
1999-01-11,96.3438,53.738213,603000,0,1,123.952334
1999-01-12,94.5312,52.727203,539600,0,1,121.620310
1999-01-13,93.3438,52.064869,1082800,0,1,120.092646
1999-01-14,90.8750,50.687843,604100,0,1,116.916380
1999-01-15,93.4688,52.220814,470100,0.15,1,120.446450
1999-01-19,93.0625,51.993801,1505900,0,1,119.922881
1999-01-20,93.6250,52.308064,687500,0,1,120.647734
1999-01-21,92.1250,51.470070,944500,0,1,118.714793
1999-01-22,91.3125,51.016075,550700,0,1,117.667783
1999-01-25,92.2812,51.557327,608400,0,1,118.916077
1999-01-26,93.7188,52.360420,459600,0,1,120.768607
1999-01-27,91.6875,51.225594,487100,0,1,118.151019
1999-01-28,92.4688,51.662079,268200,0,1,119.157823
1999-01-29,93.2812,52.116020,306900,0,1,120.204704
1999-02-01,93.3438,52.150925,191400,0,1,120.285372
1999-02-02,92.6562,51.766830,473600,0,1,119.399312
1999-02-03,93.8750,52.447777,238100,0,1,120.969891
1999-02-04,93.5000,52.238258,442800,0,1,120.486656
1999-02-05,93.0625,51.993801,438700,0,1,119.922881
1999-02-08,92.8125,51.854168,335500,0,1,119.600724
1999-02-09,91.3750,51.050995,341700,0,1,117.748322
1999-02-10,91.6250,51.190727,751900,0,1,118.070479
1999-02-11,94.0000,52.517597,687700,0,1,121.130969
1999-02-12,92.9062,51.906536,410400,0,1,119.721469
1999-02-16,92.7031,51.793045,728100,0,1,119.459748
1999-02-17,92.4375,51.644650,466000,0,1,119.117489
1999-02-18,93.0312,51.976372,589200,0,1,119.882547
1999-02-19,93.5312,52.340092,382200,0.15,1,120.720155
1999-02-22,95.6875,53.546745,418500,0,1,123.503278
1999-02-23,95.5625,53.476814,632800,0,1,123.341941
1999-02-24,93.8750,52.532475,695600,0,1,121.163895
1999-02-25,93.1875,52.147713,1438600,0,1,120.276543
1999-02-26,92.8906,51.981628,356200,0,1,119.893336
1999-03-01,93.0625,52.077789,336900,0,1,120.115207
1999-03-02,93.2812,52.200180,242000,0,1,120.397481
1999-03-03,92.8438,51.955349,201200,0,1,119.832932
1999-03-04,94.9688,53.144531,584900,0,1,122.575656
1999-03-05,97.6250,54.630997,1525300,0,1,126.003998
1999-03-08,97.4688,54.543518,298300,0,1,125.802391
1999-03-09,96.9375,54.246212,848200,0,1,125.116646
1999-03-10,97.9375,54.805893,180300,0,1,126.407340
1999-03-11,99.3125,55.575298,758500,0,1,128.182044
1999-03-12,98.6406,55.199333,411300,0,1,127.314827
1999-03-15,99.7344,55.811367,204000,0,1,128.726588
1999-03-16,99.4375,55.645260,644400,0,1,128.343381
1999-03-17,98.9219,55.356735,608100,0,1,127.677899
1999-03-18,100.3125,56.134903,399800,0,1,129.472738
1999-03-19,98.5625,55.238213,501000,0.15,1,127.407627
1999-03-22,99.1250,55.553421,118500,0,1,128.134748
1999-03-23,96.6250,54.152294,824500,0,1,124.903102
1999-03-24,96.8438,54.274937,253600,0,1,125.185936
1999-03-25,98.6250,55.273186,385500,0,1,127.488419
1999-03-26,98.2812,55.080551,258900,0,1,127.044003
1999-03-29,99.8750,55.973778,441200,0,1,129.104241
1999-03-30,99.2812,55.641018,552000,0,1,128.336661
1999-03-31,97.7500,54.782814,452900,0,1,126.357343
1999-04-01,98.2656,55.071812,267500,0,1,127.023837
1999-04-05,100.1250,56.113861,457400,0,1,129.427406
1999-04-06,99.6250,55.833675,231600,0,1,128.781077
1999-04-07,101.0000,56.604244,313900,0,1,130.558482
1999-04-08,102.0625,57.199715,362600,0,1,131.931931
1999-04-09,101.8750,57.094631,402300,0,1,131.689558
1999-04-12,103.5156,58.014091,900800,0,1,133.810293
1999-04-13,104.1250,58.355621,1310900,0,1,134.598039
1999-04-14,104.3438,58.478188,1553700,0,1,134.880873
1999-04-15,104.8438,58.758430,1917400,0,1,135.527202
1999-04-16,104.5312,58.593361,2050400,0.018,1,135.146385
1999-04-19,104.3750,58.505764,5045900,0,1,134.944437
1999-04-20,104.4688,58.558315,4491000,0,1,135.065709
1999-04-21,106.5000,59.696892,2419100,0,1,137.691808
1999-04-22,107.4688,60.239948,1891000,0,1,138.944351
1999-04-23,107.0938,60.029736,942000,0,1,138.459521
1999-04-26,107.2500,60.117329,629400,0,1,138.661469
1999-04-27,108.3750,60.747871,2460600,0,1,140.115960
1999-04-28,108.2656,60.686596,2919100,0,1,139.974519
1999-04-29,108.7812,60.975620,1922000,0,1,140.641128
1999-04-30,107.6250,60.327526,3761500,0,1,139.146299
1999-05-03,110.2188,61.781445,1834900,0,1,142.499774
1999-05-04,109.2500,61.238373,2046600,0,1,141.247231
1999-05-05,109.3750,61.308422,2827000,0,1,141.408841
1999-05-06,109.5000,61.378536,2659100,0,1,141.570451
1999-05-07,110.4375,61.904022,1749800,0,1,142.782527
1999-05-10,110.0000,61.658791,1598000,0,1,142.216891
1999-05-11,110.2188,61.781445,1519200,0,1,142.499774
1999-05-12,110.1562,61.746380,3325500,0,1,142.418839
1999-05-13,111.2500,62.359501,1390300,0,1,143.832992
1999-05-14,109.1250,61.168285,2026200,0,1,141.085620
1999-05-17,108.7500,60.958107,1204800,0,1,140.600790
1999-05-18,108.8281,61.001820,1152500,0,1,140.701764
1999-05-19,109.0625,61.133282,679000,0,1,141.004815
1999-05-20,108.8125,60.993114,1410900,0,1,140.681595
1999-05-21,108.2500,60.805813,747200,0.229,1,140.250419
1999-05-24,106.3750,59.752583,1241800,0,1,137.821140
1999-05-25,105.0625,59.015354,1253300,0,1,136.120644
1999-05-26,107.0000,60.103645,1336500,0,1,138.630900
1999-05-27,104.8750,58.910015,1617700,0,1,135.877716
1999-05-28,105.1406,59.059269,702700,0,1,136.221831
1999-06-01,106.0938,59.594639,1968500,0,1,137.456812
1999-06-02,105.9219,59.498066,1111500,0,1,137.234096
1999-06-03,106.7500,59.963238,583900,0,1,138.306996
1999-06-04,108.2188,60.788227,632300,0,1,140.209996
1999-06-07,108.9688,61.209606,651700,0,1,141.181708
1999-06-08,107.7500,60.524986,574000,0,1,139.602611
1999-06-09,107.1250,60.173851,395400,0,1,138.792852
1999-06-10,106.2188,59.664837,750600,0,1,137.618764
1999-06-11,104.9688,58.962704,1043900,0,1,135.999245
1999-06-14,105.6875,59.366398,589100,0,1,136.930404
1999-06-15,106.3438,59.735081,697300,0,1,137.780716
1999-06-16,107.7812,60.542534,773500,0,1,139.643035
1999-06-17,108.7188,61.069191,632500,0,1,140.857804
1999-06-18,108.4688,60.994286,264300,0.117,1,140.685487
1999-06-21,108.1250,60.801022,309700,0,1,140.239574
1999-06-22,107.1562,60.256248,398800,0,1,138.983027
1999-06-23,106.5000,59.887215,493800,0,1,138.131927
1999-06-24,105.6250,59.395241,603500,0,1,136.997041
1999-06-25,105.7344,59.456772,297600,0,1,137.138934
1999-06-28,106.6875,59.992722,522300,0,1,138.375117
1999-06-29,107.6250,60.519848,308300,0,1,139.591067
1999-06-30,109.3750,61.503906,1151100,0,1,141.860841
1999-07-01,110.7188,62.259575,1408100,0,1,143.603767
1999-07-02,111.6562,62.786667,393900,0,1,144.819588
1999-07-06,111.4062,62.646172,548000,0,1,144.495334
1999-07-07,111.5625,62.733963,563100,0,1,144.698058
1999-07-08,111.1562,62.505569,430000,0,1,144.171081
1999-07-09,112.0625,63.015202,323300,0,1,145.346564
1999-07-12,111.8438,62.892128,414200,0,1,145.062907
1999-07-13,111.9062,62.927303,341900,0,1,145.143841
1999-07-14,111.6562,62.786667,354100,0,1,144.819588
1999-07-15,111.7031,62.813099,287100,0,1,144.880418
1999-07-16,112.0312,63.016186,226300,0.033,1,145.348769
1999-07-19,111.7656,62.866783,290700,0,1,145.004181
1999-07-20,109.6562,61.680351,816500,0,1,142.267455
1999-07-21,109.9375,61.838501,534900,0,1,142.632412
1999-07-22,109.4375,61.557262,1008500,0,1,141.983715
1999-07-23,109.0625,61.346359,541700,0,1,141.497191
1999-07-26,108.4375,60.994774,377600,0,1,140.686319
1999-07-27,109.6250,61.662735,1080200,0,1,142.226976
1999-07-28,109.4375,61.557262,459100,0,1,141.983715
1999-07-29,107.7812,60.625595,1201800,0,1,139.834839
1999-07-30,106.3438,59.817089,788700,0,1,137.969962
1999-08-02,106.5625,59.940113,673700,0,1,138.253703
1999-08-03,106.7188,60.027996,1141400,0,1,138.456486
1999-08-04,106.6562,59.992851,1571300,0,1,138.375269
1999-08-05,108.3438,60.942070,1613300,0,1,140.564753
1999-08-06,107.0938,60.238926,800600,0,1,138.943009
1999-08-09,107.1250,60.256489,634100,0,1,138.983488
1999-08-10,106.7500,60.045609,2335100,0,1,138.496964
1999-08-11,108.0000,60.748657,716300,0,1,140.118709
1999-08-12,107.9062,60.695923,595100,0,1,139.997013
1999-08-13,110.0000,61.873672,567200,0,1,142.713500
1999-08-16,110.6562,62.242786,663300,0,1,143.564850
1999-08-17,111.2500,62.576839,625600,0,1,144.335244
1999-08-18,109.8906,61.812157,776200,0,1,142.571565
1999-08-19,109.7500,61.733086,732600,0,1,142.389151
1999-08-20,111.1562,62.654774,688300,0.229,1,144.510652
1999-08-23,113.2969,63.861404,1016900,0,1,147.293708
1999-08-24,112.9375,63.658791,1476300,0,1,146.826463
1999-08-25,113.6250,64.046364,864200,0,1,147.720260
1999-08-26,112.0625,63.165581,749500,0,1,145.688904
1999-08-27,111.0000,62.566704,656000,0,1,144.307581
1999-08-30,109.0625,61.474625,789600,0,1,141.788699
1999-08-31,108.2500,61.016628,1038800,0,1,140.732393
1999-09-01,109.5625,61.756424,1136500,0,1,142.438733
1999-09-02,108.4062,61.104713,1048200,0,1,140.935464
1999-09-03,111.3125,62.742783,709500,0,1,144.713852
1999-09-07,110.2500,62.143932,423700,0,1,143.332530
1999-09-08,110.3125,62.179207,773400,0,1,143.413784
1999-09-09,110.5625,62.320049,554800,0,1,143.738801
1999-09-10,110.3125,62.179207,660100,0,1,143.413784
1999-09-13,110.3125,62.179207,518700,0,1,143.413784
1999-09-14,109.3438,61.633133,806700,0,1,142.154408
1999-09-15,107.8750,60.805325,1055000,0,1,140.244868
1999-09-16,107.5312,60.611462,1439300,0,1,139.797904
1999-09-17,108.3750,61.161610,580400,0.131,1,141.065211
1999-09-20,108.0312,60.967606,341300,0,1,140.617707
1999-09-21,105.8438,59.733170,1491900,0,1,137.770500
1999-09-22,105.1406,59.336304,1561300,0,1,136.855187
1999-09-23,102.6875,57.951836,2152200,0,1,133.662135
1999-09-24,102.6406,57.925415,1745100,0,1,133.601088
1999-09-27,103.0938,58.181107,1184200,0,1,134.190991
1999-09-28,102.7500,57.987114,2126400,0,1,133.743487
1999-09-29,102.0000,57.563904,1055300,0,1,132.767257
1999-09-30,103.6250,58.480881,1157000,0,1,134.882422
1999-10-01,102.5938,57.898903,1263800,0,1,133.540171
1999-10-04,104.4062,58.921864,655500,0,1,135.899263
1999-10-05,104.0156,58.701374,2400000,0,1,135.390842
1999-10-06,105.8750,59.750675,856900,0,1,137.811111
1999-10-07,105.2656,59.406845,529900,0,1,137.017892
1999-10-08,106.5938,60.156311,924000,0,1,138.746730
1999-10-11,106.3750,60.032898,209600,0,1,138.461931
1999-10-12,104.2188,58.815998,1083900,0,1,135.655336
1999-10-13,102.0625,57.599174,1821400,0,1,132.848610
1999-10-14,102.6250,57.916611,1619400,0,1,133.580782
1999-10-15,100.0000,56.453846,2300500,0.034,1,130.208233
1999-10-18,101.1250,57.088913,2019900,0,1,131.673076
1999-10-19,102.1875,57.688793,1207500,0,1,133.056539
1999-10-20,103.7188,58.553200,1329300,0,1,135.050417
1999-10-21,103.4375,58.394440,993200,0,1,134.684141
1999-10-22,104.5000,58.994267,1149700,0,1,136.067604
1999-10-25,103.3750,58.359142,619500,0,1,134.602761
1999-10-26,102.6875,57.971062,1208500,0,1,133.707580
1999-10-27,104.2500,58.853107,791800,0,1,135.742083
1999-10-28,106.5625,60.158646,1030400,0,1,138.753149
1999-10-29,107.5625,60.723183,2217100,0,1,140.055231
1999-11-01,106.5000,60.123337,559800,0,1,138.671769
1999-11-02,105.6875,59.664688,975300,0,1,137.613827
1999-11-03,106.2188,59.964565,1025500,0,1,138.305623
1999-11-04,106.6250,60.193890,578600,0,1,138.834529
1999-11-05,107.5312,60.705555,1139100,0,1,140.014476
1999-11-08,107.3750,60.617352,628600,0,1,139.811091
1999-11-09,106.3125,60.017555,668000,0,1,138.427628
1999-11-10,106.0000,59.841110,825600,0,1,138.020727
1999-11-11,106.0938,59.894016,727400,0,1,138.142863
1999-11-12,108.0625,61.005512,818200,0,1,140.706272
1999-11-15,107.8125,60.864330,573400,0,1,140.380752
1999-11-16,109.9219,62.055096,1382000,0,1,143.127364
1999-11-17,109.2188,61.658184,433900,0,1,142.211870
1999-11-18,110.5156,62.390335,645300,0,1,143.900410
1999-11-19,110.0156,62.214989,327800,0.19,1,143.496765
1999-11-22,111.1250,62.842400,324000,0,1,144.943790
1999-11-23,110.0938,62.259205,362000,0,1,143.598764
1999-11-24,110.1406,62.285675,251600,0,1,143.659806
1999-11-26,109.4375,61.888092,165100,0,1,142.742731
1999-11-29,109.5469,61.950012,390700,0,1,142.885425
1999-11-30,108.6875,61.463943,620000,0,1,141.764483
1999-12-01,110.0938,62.259205,435500,0,1,143.598764
1999-12-02,110.6094,62.550823,266100,0,1,144.271277
1999-12-03,112.9531,63.876183,862700,0,1,147.328237
1999-12-06,112.2500,63.478577,304000,0,1,146.411162
1999-12-07,111.2031,62.886578,505300,0,1,145.045658
1999-12-08,110.4688,62.471310,454800,0,1,144.087888
1999-12-09,111.3750,62.983772,832800,0,1,145.269873
1999-12-10,112.4688,63.602367,472000,0,1,146.696550
1999-12-13,112.2188,63.460903,570900,0,1,146.370467
1999-12-14,111.8125,63.231136,536300,0,1,145.840517
1999-12-15,112.2656,63.487469,465700,0,1,146.431510
1999-12-16,112.4062,63.566940,623500,0,1,146.614899
1999-12-17,112.8125,63.858040,472700,0.108,1,147.285716
1999-12-20,111.4375,63.079700,521700,0,1,145.490544
1999-12-21,112.0625,63.433464,773700,0,1,146.306531
1999-12-22,112.1875,63.504261,407800,0,1,146.469729
1999-12-23,114.4844,64.804443,524600,0,1,149.468515
1999-12-27,114.1250,64.600914,450400,0,1,148.999290
1999-12-28,115.0625,65.131653,769600,0,1,150.223271
1999-12-29,114.8750,65.025566,273900,0,1,149.978474
1999-12-30,114.4531,64.786751,494700,0,1,149.427650
1999-12-31,115.1875,65.202423,549000,0,1,150.386468
2000-01-03,113.5000,64.247185,1278800,0,1,148.183302
2000-01-04,109.7656,62.133324,1535700,0,1,143.307745
2000-01-05,111.1875,62.938301,2007000,0,1,145.164149
2000-01-06,111.7500,63.256584,2639500,0,1,145.898538
2000-01-07,115.5000,65.379288,3767400,0,1,150.794462
2000-01-10,116.0000,65.662346,762900,0,1,151.447252
2000-01-11,115.1406,65.175949,1658700,0,1,150.325236
2000-01-12,115.4375,65.343956,813300,0,1,150.712863
2000-01-13,115.8750,65.591606,1192200,0,1,151.284054
2000-01-14,117.5000,66.511452,1935500,0,1,153.405621
2000-01-18,115.7188,65.503136,656500,0,1,151.080123
2000-01-19,115.5625,65.414642,1003400,0,1,150.876061
2000-01-20,113.7344,64.379845,887000,0,1,148.489330
2000-01-21,112.8125,63.900185,783200,0.075,1,147.383635
2000-01-24,110.0000,62.307011,2066100,0,1,143.709250
2000-01-25,110.3438,62.501816,1728200,0,1,144.158407
2000-01-26,110.4688,62.572556,1001400,0,1,144.321713
2000-01-27,110.4688,62.572556,853900,0,1,144.321713
2000-01-28,107.4062,60.837986,1253300,0,1,140.320586
2000-01-31,109.5000,62.023842,996600,0,1,143.056027
2000-02-01,110.2812,62.466438,786500,0,1,144.076624
2000-02-02,109.6875,62.130123,618100,0,1,143.300986
2000-02-03,110.5000,62.590332,863300,0,1,144.362474
2000-02-04,109.7500,62.165482,474000,0,1,143.382638
2000-02-07,108.7500,61.599037,718900,0,1,142.076191
2000-02-08,109.3125,61.917694,993100,0,1,142.811068
2000-02-09,106.9062,60.554703,819900,0,1,139.667362
2000-02-10,107.0000,60.607880,1263500,0,1,139.789907
2000-02-11,104.5000,59.191727,2148400,0,1,136.523788
2000-02-14,105.5000,59.758148,1300800,0,1,137.830236
2000-02-15,107.4375,60.855652,1360000,0,1,140.361478
2000-02-16,105.8125,59.935223,725800,0,1,138.238501
2000-02-17,104.7812,59.351063,1164100,0,1,136.891161
2000-02-18,102.2500,57.988659,1526700,0.129,1,133.752812
2000-02-22,102.8125,58.307667,1518800,0,1,134.488616
2000-02-23,102.2500,57.988659,1558900,0,1,133.752812
2000-02-24,102.0000,57.846916,4518700,0,1,133.425788
2000-02-25,98.5625,55.897354,3316900,0,1,128.929208
2000-02-28,100.1406,56.792374,3068300,0,1,130.993515
2000-02-29,101.5625,57.598736,1205000,0,1,132.853496
2000-03-01,101.6250,57.634197,1136200,0,1,132.935252
2000-03-02,101.6875,57.669651,576000,0,1,133.017008
2000-03-03,103.8750,58.910236,1678200,0,1,135.878468
2000-03-06,101.7188,57.687420,1220500,0,1,133.057952
2000-03-07,98.0000,55.578438,3745500,0,1,128.193404
2000-03-08,98.4688,55.844162,2618900,0,1,128.806640
2000-03-09,100.3281,56.898731,1715100,0,1,131.238783
2000-03-10,99.5625,56.464565,1352600,0,1,130.237304
2000-03-13,99.6250,56.500008,1506500,0,1,130.319060
2000-03-14,98.4688,55.844162,854300,0,1,128.806640
2000-03-15,101.6250,57.634197,2040200,0,1,132.935252
2000-03-16,106.7812,60.558475,4857700,0,1,139.680057
2000-03-17,106.1250,60.275471,3710500,0.158,1,139.028363
2000-03-20,106.8125,60.665966,1812000,0,1,139.929018
2000-03-21,109.1250,61.979393,2310300,0,1,142.958494
2000-03-22,108.5781,61.668743,2434800,0,1,142.242031
2000-03-23,111.1250,63.115299,1894400,0,1,145.578581
2000-03-24,111.1250,63.115299,1903400,0,1,145.578581
2000-03-27,109.8125,62.369862,1431300,0,1,143.859149
2000-03-28,109.3750,62.121330,1575100,0,1,143.286005
2000-03-29,110.7500,62.902309,1426600,0,1,145.087314
2000-03-30,110.0625,62.511780,3573300,0,1,144.186659
2000-03-31,109.4375,62.156837,1103400,0,1,143.367882
2000-04-03,112.6875,64.002731,1411100,0,1,147.625524
2000-04-04,111.6875,63.434769,6635600,0,1,146.315480
2000-04-05,110.3750,62.689301,3400700,0,1,144.596048
2000-04-06,111.4219,63.283913,2279700,0,1,145.967533
2000-04-07,110.9062,62.991051,1027100,0,1,145.291943
2000-04-10,112.0625,63.647781,1833500,0,1,146.806746
2000-04-11,113.2500,64.322212,3624800,0,1,148.362423
2000-04-12,110.5156,62.769192,3620700,0,1,144.780240
2000-04-13,109.0312,61.926155,4333100,0,1,142.835612
2000-04-14,102.5156,58.225460,4518600,0,1,134.299892
2000-04-17,106.0000,60.204445,5978400,0,1,138.864608
2000-04-18,107.0625,60.808006,1576900,0,1,140.256529
2000-04-19,106.8125,60.665966,1536500,0,1,139.929018
2000-04-20,108.7812,61.810181,1886300,0.045,1,142.567053
2000-04-24,108.8750,61.863476,1714200,0,1,142.689986
2000-04-25,111.2812,63.230679,2798800,0,1,145.843516
2000-04-26,109.0000,61.934467,2051700,0,1,142.853809
2000-04-27,108.3750,61.579357,1656700,0,1,142.034693
2000-04-28,107.5625,61.117649,1166000,0,1,140.969842
2000-05-01,108.1250,61.437344,1385800,0,1,141.707047
2000-05-02,107.0625,60.833637,705000,0,1,140.314550
2000-05-03,104.8125,59.555122,2333500,0,1,137.365732
2000-05-04,104.3125,59.270992,1154900,0,1,136.710440
2000-05-05,105.8438,60.141064,1352100,0,1,138.717339
2000-05-08,105.9375,60.194351,665500,0,1,138.840141
2000-05-09,105.3750,59.874783,1194600,0,1,138.102937
2000-05-10,103.3125,58.702789,1832600,0,1,135.399854
2000-05-11,105.7500,60.087852,1342700,0,1,138.594406
2000-05-12,106.2500,60.371880,999400,0,1,139.249699
2000-05-15,108.2031,61.481678,721400,0,1,141.809403
2000-05-16,109.3125,62.112057,1155300,0,1,143.263367
2000-05-17,107.7500,61.224155,896000,0,1,141.215577
2000-05-18,107.4375,61.046658,931300,0,1,140.806019
2000-05-19,106.5625,60.644848,1394200,0.169,1,139.880746
2000-05-22,105.5312,60.058029,1233400,0,1,138.526996
2000-05-23,104.4375,59.435516,715700,0,1,137.091335
2000-05-24,105.4375,60.004604,1256700,0,1,138.403999
2000-05-25,103.5000,58.901981,1199600,0,1,135.860713
2000-05-26,103.1250,58.688560,918800,0,1,135.368464
2000-05-30,105.4375,60.004604,822500,0,1,138.403999
2000-05-31,105.3125,59.933529,476100,0,1,138.239916
2000-06-01,106.5000,60.609348,791900,0,1,139.798704
2000-06-02,107.5156,61.187321,751000,0,1,141.131846
2000-06-05,108.2500,61.605209,750600,0,1,142.095866
2000-06-06,107.6406,61.258411,392700,0,1,141.295929
2000-06-07,108.3438,61.658550,895300,0,1,142.218994
2000-06-08,106.7812,60.769367,847900,0,1,140.167825
2000-06-09,106.2656,60.475903,818500,0,1,139.491016
2000-06-12,105.7188,60.164688,429700,0,1,138.773251
2000-06-13,106.5000,60.609348,954000,0,1,139.798704
2000-06-14,107.2500,61.036091,614900,0,1,140.783202
2000-06-15,106.8438,60.804871,647700,0,1,140.249998
2000-06-16,104.5156,59.512295,3000700,0.058,1,137.269989
2000-06-19,105.5938,60.126160,930300,0,1,138.686088
2000-06-20,104.7500,59.645760,1360800,0,1,137.577848
2000-06-21,104.9375,59.752502,599800,0,1,137.824109
2000-06-22,104.0000,59.218697,888200,0,1,136.592804
2000-06-23,104.4375,59.467800,726800,0,1,137.167413
2000-06-26,105.9688,60.339756,1014800,0,1,139.178610
2000-06-27,105.3750,60.001663,415600,0,1,138.398718
2000-06-28,105.3750,60.001663,516900,0,1,138.398718
2000-06-29,104.2500,59.361038,444300,0,1,136.921152
2000-06-30,104.3750,59.432259,655200,0,1,137.085326
2000-07-03,105.9688,60.339756,267700,0,1,139.178610
2000-07-05,105.0000,59.788116,785200,0,1,137.906196
2000-07-06,105.0938,59.841442,330700,0,1,138.029392
2000-07-07,106.3281,60.544327,634500,0,1,139.650512
2000-07-10,106.5000,60.642262,387500,0,1,139.876284
2000-07-11,107.2500,61.069252,1001400,0,1,140.861329
2000-07-12,107.8125,61.389553,977100,0,1,141.600112
2000-07-13,108.0000,61.496284,1176200,0,1,141.846373
2000-07-14,108.2500,61.638680,551300,0,1,142.174721
2000-07-17,108.0000,61.496284,690600,0,1,141.846373
2000-07-18,107.6250,61.282787,347600,0,1,141.353851
2000-07-19,107.1875,61.033699,764300,0,1,140.779242
2000-07-20,109.0938,62.119099,657900,0,1,143.282961
2000-07-21,107.0000,61.013088,471000,0.154,1,140.735243
2000-07-24,106.8125,60.906166,414300,0,1,140.488627
2000-07-25,106.7812,60.888283,275600,0,1,140.447459
2000-07-26,105.5000,60.157753,406500,0,1,138.762319
2000-07-27,106.0312,60.460636,804400,0,1,139.460997
2000-07-28,105.0000,59.872631,523100,0,1,138.104678
2000-07-31,105.0000,59.872631,352300,0,1,138.104678
2000-08-01,106.0000,60.442810,385600,0,1,139.419960
2000-08-02,107.0000,61.013088,724600,0,1,140.735243
2000-08-03,106.9375,60.977394,658400,0,1,140.653038
2000-08-04,107.5000,61.298168,880100,0,1,141.392884
2000-08-07,108.6250,61.939598,1176900,0,1,142.872577
2000-08-08,109.6562,62.527699,807200,0,1,144.228897
2000-08-09,109.1250,62.224762,1227000,0,1,143.530219
2000-08-10,109.2188,62.278179,429800,0,1,143.653592
2000-08-11,110.3438,62.919743,1093800,0,1,145.133285
2000-08-14,111.7188,63.703762,1212700,0,1,146.941799
2000-08-15,110.9375,63.258251,1258400,0,1,145.914168
2000-08-16,111.0625,63.329544,1050000,0,1,146.078579
2000-08-17,110.8438,63.204739,590600,0,1,145.790926
2000-08-18,110.4375,63.042564,349000,0.122,1,145.416992
2000-08-21,111.1250,63.434990,755100,0,1,146.322247
2000-08-22,111.5469,63.675804,1054000,0,1,146.877778
2000-08-23,111.5000,63.649086,602900,0,1,146.816023
2000-08-24,112.0312,63.952347,408400,0,1,147.515473
2000-08-25,112.2344,64.068291,134900,0,1,147.783034
2000-08-28,112.6875,64.326942,531700,0,1,148.379647
2000-08-29,112.5312,64.237762,327200,0,1,148.173841
2000-08-30,111.1562,63.452831,357300,0,1,146.363329
2000-08-31,112.4688,64.202065,889600,0,1,148.091677
2000-09-01,112.5312,64.237762,302000,0,1,148.173841
2000-09-05,112.8594,64.425064,375700,0,1,148.605994
2000-09-06,113.1875,64.612389,715300,0,1,149.038015
2000-09-07,112.7812,64.380516,650300,0,1,148.503025
2000-09-08,112.0938,63.988049,419300,0,1,147.597901
2000-09-11,112.1250,64.005836,765600,0,1,147.638983
2000-09-12,112.9062,64.451859,617600,0,1,148.667617
2000-09-13,112.0625,63.970161,353400,0,1,147.556687
2000-09-14,111.0156,63.453468,663000,0.143,1,146.366490
2000-09-15,109.0000,62.301468,460400,0,1,143.709059
2000-09-18,108.2500,61.872826,1033800,0,1,142.720235
2000-09-19,107.9688,61.712074,714100,0,1,142.349492
2000-09-20,106.9375,61.122559,3727200,0,1,140.989793
2000-09-21,106.2500,60.729652,1943500,0,1,140.083371
2000-09-22,108.7500,62.158604,1539300,0,1,143.379451
2000-09-25,108.0938,61.783485,552100,0,1,142.514296
2000-09-26,106.1562,60.675999,711500,0,1,139.959702
2000-09-27,106.5156,60.881458,612500,0,1,140.433547
2000-09-28,108.3438,61.926346,1042400,0,1,142.843904
2000-09-29,106.6250,60.943932,780400,0,1,140.577783
2000-10-02,107.0938,61.211880,481400,0,1,141.195864
2000-10-03,107.0312,61.176159,2242400,0,1,141.113330
2000-10-04,107.8906,61.667358,1312100,0,1,142.246390
2000-10-05,107.4688,61.426231,652100,0,1,141.690276
2000-10-06,106.1875,60.693878,1306700,0,1,140.000969
2000-10-09,105.7969,60.470619,555100,0,1,139.485990
2000-10-10,104.9062,59.961624,565500,0,1,138.311663
2000-10-11,104.4062,59.675838,1241600,0,1,137.652447
2000-10-12,100.3750,57.371586,2638900,0,1,132.337585
2000-10-13,101.8750,58.229023,1456700,0,1,134.315233
2000-10-16,102.7031,58.702351,566400,0,1,135.407026
2000-10-17,100.5938,57.496681,906200,0,1,132.626058
2000-10-18,99.7812,57.032272,3011000,0,1,131.554700
2000-10-19,101.8438,58.211174,1539600,0,1,134.274097
2000-10-20,102.3750,58.591301,1682500,0.133,1,135.149800
2000-10-23,103.1406,59.029404,866900,0,1,136.160502
2000-10-24,103.4375,59.199368,1545400,0,1,136.552453
2000-10-25,102.8906,58.886375,1586400,0,1,135.830466
2000-10-26,103.6875,59.342442,2003600,0,1,136.882490
2000-10-27,106.1875,60.773293,1576000,0,1,140.182851
2000-10-30,108.1875,61.917953,4240300,0,1,142.823140
2000-10-31,109.4062,62.615471,4993400,0,1,144.432000
2000-11-01,109.1562,62.472305,3410300,0,1,144.101964
2000-11-02,108.6406,62.177265,1556300,0,1,143.421298
2000-11-03,108.2188,61.935844,1663700,0,1,142.864461
2000-11-06,110.0312,62.973148,2280300,0,1,145.257091
2000-11-07,109.7500,62.812172,1136900,0,1,144.885866
2000-11-08,108.7656,62.248775,1464300,0,1,143.586316
2000-11-09,108.2188,61.935844,3839200,0,1,142.864461
2000-11-10,106.1250,60.737511,1602200,0,1,140.100342
2000-11-13,105.4375,60.344002,3009800,0,1,139.192743
2000-11-14,107.3125,61.417133,1831200,0,1,141.668014
2000-11-15,107.3125,61.417133,626600,0,1,141.668014
2000-11-16,106.6250,61.023647,908100,0,1,140.760414
2000-11-17,106.2344,60.877773,1289700,0.136,1,140.424305
2000-11-20,104.6875,59.991318,1087400,0,1,138.379559
2000-11-21,105.3750,60.385303,814700,0,1,139.288321
2000-11-22,103.8750,59.525745,1096100,0,1,137.305569
2000-11-24,105.0625,60.206234,535800,0,1,138.875247
2000-11-27,105.8750,60.671848,777600,0,1,139.949238
2000-11-28,105.2812,60.331562,1055900,0,1,139.164333
2000-11-29,105.9688,60.725510,1399600,0,1,140.073226
2000-11-30,104.4062,59.830116,1858100,0,1,138.007727
2000-12-01,103.8125,59.489925,2277400,0,1,137.222954
2000-12-04,105.9688,60.725510,1971400,0,1,140.073226
2000-12-05,108.9375,62.426804,2005200,0,1,143.997356
2000-12-06,106.7188,61.155296,1846600,0,1,141.064602
2000-12-07,105.9844,60.734493,895600,0,1,140.093847
2000-12-08,104.5312,59.901760,1716200,0,1,138.172957
2000-12-11,107.5938,61.656788,1062600,0,1,142.221207
2000-12-12,108.1250,61.961208,679100,0,1,142.923366
2000-12-13,108.0625,61.925365,813200,0,1,142.840751
2000-12-14,106.6719,61.128429,1241700,0,1,141.002608
2000-12-15,103.7656,59.529465,2231500,0.119,1,137.318258
2000-12-18,106.6406,61.178818,2611500,0,1,141.122891
2000-12-19,105.6094,60.587173,1554800,0,1,139.758252
2000-12-20,102.9531,59.063366,2413500,0,1,136.243036
2000-12-21,104.9375,60.201756,2508500,0,1,138.869093
2000-12-22,106.9688,61.367077,1895200,0,1,141.557215
2000-12-26,107.5000,61.671848,933900,0,1,142.260179
2000-12-27,108.4375,62.209690,1769600,0,1,143.500820
2000-12-28,108.7500,62.388950,1100100,0,1,143.914367
2000-12-29,106.7812,61.259468,1552800,0,1,141.308954
2001-01-02,106.4062,61.044346,1468300,0,1,140.812698
2001-01-03,109.5312,62.837147,4409300,0,1,144.948168
2001-01-04,109.2344,62.666805,1516600,0,1,144.555398
2001-01-05,106.2812,60.972679,1633900,0,1,140.647279
2001-01-08,106.3125,60.990620,1450200,0,1,140.688700
2001-01-09,105.4375,60.488522,1313100,0,1,139.530768
2001-01-10,106.5938,61.151886,1700300,0,1,141.060958
2001-01-11,105.9375,60.775410,1605100,0,1,140.192443
2001-01-12,105.3438,60.434818,1645800,0,1,139.406770
2001-01-16,106.4375,61.062275,1052400,0,1,140.854119
2001-01-17,105.9688,60.793331,2434700,0,1,140.233864
2001-01-18,106.7188,61.223698,1189400,0,1,141.226377
2001-01-19,105.5625,60.627888,1057700,0.119,1,139.853666
2001-01-22,106.1250,60.950951,851400,0,1,140.598889
2001-01-23,106.5000,61.166321,1362700,0,1,141.095705
2001-01-24,106.3438,61.076630,634400,0,1,140.888765
2001-01-25,107.3125,61.632969,1228900,0,1,142.172140
2001-01-26,106.6250,61.238136,1536000,0,1,141.261311
2001-01-29,107.1000,61.510883,613500,0,1,141.890611
2001-01-30,108.7300,62.447083,1213200,0,1,144.050104
2001-01-31,108.6700,62.412624,1740200,0,1,143.970613
2001-02-01,110.0200,63.187958,1743700,0,1,145.759150
2001-02-02,108.6300,62.389637,1936700,0,1,143.917619
2001-02-05,109.8000,63.061642,1516200,0,1,145.467685
2001-02-06,109.5800,62.935265,1184400,0,1,145.176220
2001-02-07,109.6200,62.958229,1712100,0,1,145.229213
2001-02-08,108.7300,62.447083,1213800,0,1,144.050104
2001-02-09,108.0200,62.039268,1531700,0,1,143.109466
2001-02-12,109.6300,62.964001,1267200,0,1,145.242462
2001-02-13,109.2800,62.763039,2354500,0,1,144.778767
2001-02-14,108.2800,62.188663,1814400,0,1,143.453925
2001-02-15,109.3400,62.797447,925400,0,1,144.858257
2001-02-16,108.1500,62.207840,1561500,0.165,1,143.500294
2001-02-20,107.4500,61.805206,1179800,0,1,142.571490
2001-02-21,105.3000,60.568535,1815400,0,1,139.718733
2001-02-22,105.6500,60.769825,2671700,0,1,140.183135
2001-02-23,104.5500,60.137188,2489200,0,1,138.723585
2001-02-26,106.7000,61.373764,1267800,0,1,141.576342
2001-02-27,106.6000,61.316307,2046300,0,1,141.443656
2001-02-28,105.0000,60.396008,2859200,0,1,139.320674
2001-03-01,104.6800,60.211929,2547100,0,1,138.896078
2001-03-02,104.8000,60.280968,2799900,0,1,139.055301
2001-03-05,105.5700,60.723839,1067900,0,1,140.076986
2001-03-06,106.1500,61.057453,1794900,0,1,140.846567
2001-03-07,107.4500,61.805206,2587600,0,1,142.571490
2001-03-08,108.6100,62.472458,2447400,0,1,144.110651
2001-03-09,106.1500,61.057453,3106100,0,1,140.846567
2001-03-12,101.9000,58.612873,4689200,0,1,135.207397
2001-03-13,102.8600,59.165039,6299600,0,1,136.481186
2001-03-14,100.1900,57.629276,9402900,0,1,132.938460
2001-03-15,100.4000,57.750053,3576900,0,1,133.217102
2001-03-16,98.3800,56.673374,4029600,0.151,1,130.737194
2001-03-19,99.7500,57.462608,4135000,0,1,132.557787
2001-03-20,96.9600,55.855412,4743300,0,1,128.850155
2001-03-21,94.8000,54.611099,7788600,0,1,125.979731
2001-03-22,93.4500,53.833363,12445300,0,1,124.185716
2001-03-23,95.3000,54.899158,6343300,0,1,126.644181
2001-03-26,97.2000,55.993618,5740500,0,1,129.169091
2001-03-27,99.1900,57.140011,7042500,0,1,131.813603
2001-03-28,97.6600,56.258591,5380800,0,1,129.780385
2001-03-29,98.1400,56.535183,5104700,0,1,130.418257
2001-03-30,99.1400,57.111244,5053600,0,1,131.747158
2001-04-02,97.3900,56.103058,8406800,0,1,129.421582
2001-04-03,94.3000,54.323017,6530700,0,1,125.315281
2001-04-04,95.3100,54.904831,5376800,0,1,126.657470
2001-04-05,99.3900,57.255230,5670100,0,1,132.079383
2001-04-06,98.2000,56.569687,5727900,0,1,130.497991
2001-04-09,98.8200,56.926865,3701300,0,1,131.321910
2001-04-10,100.9700,58.165405,8755900,0,1,134.179045
2001-04-11,100.1800,57.710304,4623500,0,1,133.129214
2001-04-12,101.7000,58.585930,3777300,0,1,135.149142
2001-04-16,100.9800,58.171223,2164100,0,1,134.192334
2001-04-17,102.2500,58.902771,3424200,0,1,135.880037
2001-04-18,106.4200,61.304947,8816500,0,1,141.421550
2001-04-19,107.1800,61.742764,3677200,0,1,142.431515
2001-04-20,105.9500,61.082684,2753000,0.085,1,140.909924
2001-04-23,105.1500,60.621498,2296500,0,1,139.845951
2001-04-24,104.8000,60.419655,2812900,0,1,139.380463
2001-04-25,106.4600,61.376648,2232600,0,1,141.588207
2001-04-26,107.0200,61.699501,2626400,0,1,142.332988
2001-04-27,108.2300,62.397118,3045100,0,1,143.942247
2001-04-30,107.2200,61.814877,3978100,0,1,142.598981
2001-05-01,109.0000,62.841030,3892600,0,1,144.966321
2001-05-02,108.6900,62.662312,4863600,0,1,144.554031
2001-05-03,108.1400,62.345219,3190400,0,1,143.822550
2001-05-04,109.8000,63.302269,5031000,0,1,146.030294
2001-05-07,109.2200,62.967857,2489400,0,1,145.258914
2001-05-08,108.8100,62.731514,3099900,0,1,144.713627
2001-05-09,108.6100,62.616192,2595900,0,1,144.447634
2001-05-10,109.2600,62.990932,2157800,0,1,145.312112
2001-05-11,108.5300,62.570087,3418400,0,1,144.341237
2001-05-14,108.9900,62.835239,2258600,0,1,144.953021
2001-05-15,109.2200,62.967857,3467400,0,1,145.258914
2001-05-16,112.4600,64.835838,8124000,0,1,149.568004
2001-05-17,112.8800,65.077919,5072100,0,1,150.126590
2001-05-18,113.1500,65.337234,3790100,0.179,1,150.723745
2001-05-21,113.3000,65.423866,4280900,0,1,150.923555
2001-05-22,112.6700,65.060074,3840800,0,1,150.084351
2001-05-23,111.1000,64.153450,3897400,0,1,147.993001
2001-05-24,111.2800,64.257393,2439600,0,1,148.232774
2001-05-25,110.1500,63.604923,2465700,0,1,146.727534
2001-05-29,110.4100,63.755043,2103400,0,1,147.073872
2001-05-30,109.0000,62.940884,3908700,0,1,145.195653
2001-05-31,109.0800,62.987095,2087200,0,1,145.302219
2001-06-01,110.4500,63.778179,2390100,0,1,147.127155
2001-06-04,110.6700,63.905182,1067100,0,1,147.420211
2001-06-05,111.9600,64.650101,1919600,0,1,149.138581
2001-06-06,111.0500,64.124611,2137400,0,1,147.926397
2001-06-07,110.9100,64.043816,2334000,0,1,147.739908
2001-06-08,109.7500,63.373928,1405600,0,1,146.194706
2001-06-11,109.3500,63.142986,2264700,0,1,145.661878
2001-06-12,109.5300,63.246883,2369500,0,1,145.901651
2001-06-13,108.8100,62.831142,2241600,0,1,144.942560
2001-06-14,106.6000,61.554981,3475600,0,1,141.998685
2001-06-15,106.7000,61.676414,4091800,0.11,1,142.278420
2001-06-18,107.0000,61.849792,2400000,0,1,142.678453
2001-06-19,106.1800,61.375805,4168800,0,1,141.585029
2001-06-20,106.7300,61.693760,3386000,0,1,142.318423
2001-06-21,107.1400,61.930721,3673100,0,1,142.865135
2001-06-22,106.2400,61.410503,1695900,0,1,141.665036
2001-06-25,105.0600,60.728405,2237400,0,1,140.091572
2001-06-26,104.6200,60.474106,2550400,0,1,139.504857
2001-06-27,104.5000,60.404686,1937200,0,1,139.344844
2001-06-28,105.6900,61.092556,2888600,0,1,140.931642
2001-06-29,105.2400,60.832443,1571400,0,1,140.331592
2001-07-02,106.2100,61.393162,1604000,0,1,141.625032
2001-07-03,106.0500,61.300751,642500,0,1,141.411681
2001-07-05,104.6500,60.491398,1072000,0,1,139.544861
2001-07-06,102.5600,59.283352,2707600,0,1,136.757964
2001-07-09,102.8500,59.450935,2770800,0,1,137.144662
2001-07-10,101.7700,58.826698,2083100,0,1,135.704543
2001-07-11,102.5500,59.277573,3559600,0,1,136.744629
2001-07-12,105.1500,60.780472,3186600,0,1,140.211582
2001-07-13,105.6800,61.086796,1200700,0,1,140.918307
2001-07-16,105.0500,60.722633,912400,0,1,140.078238
2001-07-17,106.1500,61.358482,1513100,0,1,141.545026
2001-07-18,105.6000,61.040569,2256500,0,1,140.811632
2001-07-19,106.4000,61.503006,1638000,0,1,141.878387
2001-07-20,105.8000,61.221725,1203300,0.114,1,141.230333
2001-07-23,103.9000,60.122314,1805900,0,1,138.694061
2001-07-24,102.6500,59.399021,2675700,0,1,137.025460
2001-07-25,103.9500,60.151257,2227400,0,1,138.760805
2001-07-26,104.6400,60.550533,2436500,0,1,139.681872
2001-07-27,104.3500,60.382668,1409500,0,1,139.294757
2001-07-30,104.0700,60.220688,824500,0,1,138.920990
2001-07-31,105.0300,60.776180,2736600,0,1,140.202475
2001-08-01,105.2900,60.926666,2099400,0,1,140.549544
2001-08-02,105.6000,61.106033,1675000,0,1,140.963357
2001-08-03,105.3800,60.978752,1950900,0,1,140.669683
2001-08-06,103.9400,60.145504,1552700,0,1,138.747456
2001-08-07,104.5600,60.504208,2502500,0,1,139.575082
2001-08-08,102.9600,59.578339,4010000,0,1,137.439273
2001-08-09,103.1500,59.688374,5422800,0,1,137.692900
2001-08-10,104.2300,60.313251,4504000,0,1,139.134571
2001-08-13,104.1900,60.290131,2801800,0,1,139.081176
2001-08-14,104.3100,60.359573,1329100,0,1,139.241362
2001-08-15,103.5700,59.931385,2354500,0,1,138.253550
2001-08-16,104.2500,60.324814,3778100,0,1,139.161269
2001-08-17,102.5000,59.379375,3423400,0.118,1,136.982744
2001-08-20,103.5800,60.005035,2005200,0,1,138.426074
2001-08-21,101.5000,58.800106,3860600,0,1,135.646327
2001-08-22,102.8800,59.599522,5700500,0,1,137.490583
2001-08-23,102.4500,59.350449,2266300,0,1,136.915923
2001-08-24,104.6300,60.613331,2789300,0,1,139.829312
2001-08-27,103.9100,60.196239,2574400,0,1,138.867092
2001-08-28,102.3200,59.275143,2799200,0,1,136.742189
2001-08-29,101.1900,58.620483,3113300,0,1,135.232038
2001-08-30,99.2600,57.502438,5706100,0,1,132.652753
2001-08-31,99.8800,57.861576,3670700,0,1,133.481331
2001-09-04,99.9700,57.913715,8618800,0,1,133.601609
2001-09-05,100.5600,58.255539,7027300,0,1,134.390095
2001-09-06,98.3500,56.975288,5873600,0,1,131.436613
2001-09-07,95.8500,55.526966,10479200,0,1,128.095571
2001-09-10,96.4500,55.874577,8726900,0,1,128.897421
2001-09-17,89.1000,51.616619,13237400,0,1,119.074756
2001-09-18,89.4000,51.790455,6816000,0,1,119.475681
2001-09-19,87.4700,50.672367,9969500,0,1,116.896396
2001-09-20,83.6500,48.459393,10182100,0,1,111.791283
2001-09-21,82.8000,48.076172,12533400,0.19,1,110.909248
2001-09-24,86.2000,50.050316,7953200,0,1,115.463493
2001-09-25,86.9000,50.456753,7317500,0,1,116.401131
2001-09-26,86.0500,49.963230,3981600,0,1,115.262570
2001-09-27,86.7500,50.369648,4621500,0,1,116.200209
2001-09-28,88.3500,51.298691,8187100,0,1,118.343382
2001-10-01,88.6800,51.490273,5514500,0,1,118.785412
2001-10-02,89.7000,52.082561,4845300,0,1,120.151685
2001-10-03,91.2000,52.953423,7744300,0,1,122.160911
2001-10-04,90.9000,52.779289,8186900,0,1,121.759066
2001-10-05,91.1200,52.907013,8074100,0,1,122.053752
2001-10-08,90.7000,52.663139,4774300,0,1,121.491169
2001-10-09,90.6300,52.622505,2580500,0,1,121.397405
2001-10-10,92.5500,53.737331,6862500,0,1,123.969214
2001-10-11,94.2000,54.695374,14720200,0,1,126.179362
2001-10-12,93.5900,54.341206,6561400,0,1,125.362277
2001-10-15,93.5700,54.329544,3774700,0,1,125.335487
2001-10-16,93.9500,54.550190,4445000,0,1,125.844491
2001-10-17,92.0100,53.423748,14080700,0,1,123.245893
2001-10-18,91.9900,53.412189,2821400,0,1,123.219103
2001-10-19,91.9000,53.417389,3465800,0.099,1,123.231158
2001-10-22,94.0500,54.667088,3788200,0,1,126.114151
2001-10-23,93.6000,54.405499,3764900,0,1,125.510734
2001-10-24,93.4500,54.318310,2824200,0,1,125.309595
2001-10-25,94.9800,55.207661,3775300,0,1,127.361212
2001-10-26,95.2400,55.358803,3639300,0,1,127.709853
2001-10-29,93.0600,54.091690,3040800,0,1,124.786633
2001-10-30,91.1500,52.981430,4090800,0,1,122.225463
2001-10-31,90.6800,52.708294,4741700,0,1,121.595228
2001-11-01,92.5000,53.766171,3984800,0,1,124.035714
2001-11-02,93.4100,54.295109,2647400,0,1,125.255958
2001-11-05,94.5000,54.928593,2273500,0,1,126.717568
2001-11-06,96.1500,55.887768,3113200,0,1,128.930097
2001-11-07,95.7500,55.655247,2955300,0,1,128.393726
2001-11-08,96.2300,55.934254,3953300,0,1,129.037371
2001-11-09,96.3100,55.980762,2739100,0,1,129.144645
2001-11-12,95.5300,55.527321,4122500,0,1,128.098722
2001-11-13,97.8000,56.846821,4026000,0,1,131.142626
2001-11-14,98.5500,57.282772,2772100,0,1,132.148321
2001-11-15,99.1400,57.625668,3540500,0,1,132.939467
2001-11-16,98.8700,57.548275,3945800,0.137,1,132.761124
2001-11-19,100.1000,58.264221,2794300,0,1,134.412749
2001-11-20,99.1300,57.699608,3313500,0,1,133.110248
2001-11-21,98.4000,57.274715,3219200,0,1,132.130015
2001-11-23,99.9000,58.147755,873900,0,1,134.144192
2001-11-26,99.8000,58.089588,2250800,0,1,134.009914
2001-11-27,98.9200,57.577377,5033100,0,1,132.828263
2001-11-28,97.3000,56.634457,3206200,0,1,130.652952
2001-11-29,98.8000,57.507500,2597100,0,1,132.667129
2001-11-30,98.5900,57.385273,3416100,0,1,132.385144
2001-12-03,97.8000,56.925453,1779200,0,1,131.324344
2001-12-04,99.4500,57.885891,2617500,0,1,133.539939
2001-12-05,101.2000,58.904434,2938700,0,1,135.889812
2001-12-06,101.3000,58.962685,3566000,0,1,136.024091
2001-12-07,100.9000,58.729862,3954900,0,1,135.486977
2001-12-10,99.4000,57.856766,2329700,0,1,133.472800
2001-12-11,99.0500,57.653072,3352000,0,1,133.002825
2001-12-12,99.2300,57.757812,3120800,0,1,133.244527
2001-12-13,97.6000,56.809029,2976500,0,1,131.055787
2001-12-14,98.6000,57.391163,3638200,0,1,132.398572
2001-12-17,99.3000,57.798569,2430900,0,1,133.338521
2001-12-18,100.4000,58.438789,1557500,0,1,134.815585
2001-12-19,101.1600,58.881172,2250900,0,1,135.836101
2001-12-20,100.2100,58.328239,2260600,0,1,134.560456
2001-12-21,100.5000,58.621639,2951100,0.213,1,135.235876
2001-12-24,100.4900,58.615780,372500,0,1,135.222420
2001-12-26,101.1300,58.989113,1462000,0,1,136.083624
2001-12-27,101.4900,59.199097,1850300,0,1,136.568051
2001-12-28,101.1600,59.006599,1401100,0,1,136.123992
2001-12-31,99.8000,58.213322,1706300,0,1,134.293935
2002-01-02,100.8500,58.825798,2843500,0,1,135.706847
2002-01-03,101.9500,59.467384,1465800,0,1,137.187041
2002-01-04,102.8200,59.974880,2288900,0,1,138.357739
2002-01-07,102.1400,59.578209,2485200,0,1,137.442710
2002-01-08,101.7400,59.344925,5034200,0,1,136.904458
2002-01-09,100.8600,58.831623,3587500,0,1,135.720303
2002-01-10,100.9000,58.854942,2766300,0,1,135.774129
2002-01-11,100.0700,58.370834,2473600,0,1,134.657255
2002-01-14,99.1500,57.834160,3472000,0,1,133.419275
2002-01-15,99.5000,58.038357,2979800,0,1,133.890246
2002-01-16,97.1400,56.661705,5160600,0,1,130.714557
2002-01-17,98.2300,57.297527,3493700,0,1,132.181295
2002-01-18,97.9000,57.156830,3446800,0.089,1,131.856998
2002-01-22,97.2800,56.794891,1951100,0,1,131.021948
2002-01-23,97.4000,56.864910,3672900,0,1,131.183571
2002-01-24,98.0800,57.261967,3954400,0,1,132.099432
2002-01-25,98.4800,57.495514,3244800,0,1,132.638173
2002-01-28,98.8800,57.729015,1713400,0,1,133.176915
2002-01-29,96.1900,56.158455,4651500,0,1,129.553878
2002-01-30,97.8400,57.121838,6106800,0,1,131.776187
2002-01-31,99.2400,57.939156,3945600,0,1,133.661782
2002-02-01,99.2800,57.962490,3651500,0,1,133.715656
2002-02-04,97.0000,56.631363,6935100,0,1,130.644829
2002-02-05,96.8000,56.514610,5755800,0,1,130.375459
2002-02-06,96.6300,56.415359,4384700,0,1,130.146493
2002-02-07,96.1700,56.146812,2955200,0,1,129.526941
2002-02-08,97.6200,56.993332,4380000,0,1,131.479879
2002-02-11,98.8500,57.711483,2169100,0,1,133.136509
2002-02-12,98.7900,57.676460,1341100,0,1,133.055698
2002-02-13,100.0500,58.412060,3350100,0,1,134.752734
2002-02-14,100.3000,58.557983,6434900,0,1,135.089447
2002-02-15,99.1500,57.964645,3838800,0.135,1,133.722390
2002-02-19,97.5200,57.011677,3716300,0,1,131.524029
2002-02-20,99.8200,58.356335,7177100,0,1,134.626011
2002-02-21,98.3800,57.514450,10841000,0,1,132.683901
2002-02-22,99.9800,58.449867,8244600,0,1,134.841801
2002-02-25,101.6100,59.402771,8931500,0,1,137.040162
2002-02-26,101.1200,59.116329,12740300,0,1,136.379305
2002-02-27,101.6500,59.426224,7881200,0,1,137.094110
2002-02-28,101.1000,59.104702,5257900,0,1,136.352332
2002-03-01,103.8400,60.706493,8306600,0,1,140.047736
2002-03-04,105.9200,61.922504,8199400,0,1,142.853007
2002-03-05,104.7800,61.256012,10708700,0,1,141.315503
2002-03-06,105.9300,61.928310,7636800,0,1,142.866493
2002-03-07,105.6200,61.747105,7721200,0,1,142.448400
2002-03-08,105.9900,61.963402,6329100,0,1,142.947415
2002-03-11,106.1100,62.033577,4433500,0,1,143.109257
2002-03-12,106.6300,62.337608,7747000,0,1,143.810575
2002-03-13,105.3200,61.571709,9755000,0,1,142.043794
2002-03-14,105.3800,61.606796,5410700,0,1,142.124715
2002-03-15,106.1500,62.150719,9864800,0.159,1,143.377646
2002-03-18,105.6500,61.857922,4856100,0,1,142.702292
2002-03-19,106.6900,62.466908,9935600,0,1,144.107028
2002-03-20,104.9400,61.442287,5363300,0,1,141.743289
2002-03-21,104.5700,61.225567,10270300,0,1,141.243528
2002-03-22,104.2300,61.026550,4597900,0,1,140.784287
2002-03-25,103.0000,60.306396,5864700,0,1,139.122916
2002-03-26,103.7700,60.757252,4583800,0,1,140.162961
2002-03-27,104.3000,61.067570,5929100,0,1,140.878836
2002-03-28,103.7100,60.722115,4062300,0,1,140.081919
2002-04-01,103.3600,60.517178,6331300,0,1,139.609171
2002-04-02,103.1600,60.400112,3131400,0,1,139.339029
2002-04-03,102.3400,59.919960,7807100,0,1,138.231449
2002-04-04,102.2300,59.855492,9099300,0,1,138.082871
2002-04-05,102.9400,60.271255,7602400,0,1,139.041874
2002-04-08,102.7000,60.130772,4378600,0,1,138.717704
2002-04-09,102.2700,59.878994,7859700,0,1,138.136899
2002-04-10,103.9000,60.833363,7545100,0,1,140.338553
2002-04-11,101.7500,59.574535,4403800,0,1,137.434531
2002-04-12,101.9900,59.715096,5885900,0,1,137.758701
2002-04-15,101.0200,59.147137,5137300,0,1,136.448514
2002-04-16,103.1400,60.388428,2597200,0,1,139.312015
2002-04-17,102.4100,59.960960,2513800,0,1,138.325998
2002-04-18,101.9800,59.709248,5819200,0,1,137.745194
2002-04-19,102.6000,60.124084,2323900,0.088,1,138.701495
2002-04-22,101.3800,59.409122,3830300,0,1,137.052218
2002-04-23,101.1200,59.256767,4236100,0,1,136.700733
2002-04-24,100.2500,58.746948,2849700,0,1,135.524609
2002-04-25,100.5000,58.893475,4995700,0,1,135.862576
2002-04-26,98.8400,57.920708,4240300,0,1,133.618477
2002-04-29,98.2000,57.545647,4587300,0,1,132.753283
2002-04-30,99.4900,58.301575,3800000,0,1,134.497191
2002-05-01,100.9400,59.151367,8628400,0,1,136.457397
2002-05-02,101.0600,59.221661,2519700,0,1,136.619621
2002-05-03,99.9600,58.577007,4595200,0,1,135.132568
2002-05-06,98.1000,57.487022,4666600,0,1,132.618096
2002-05-07,98.2000,57.545647,5486400,0,1,132.753283
2002-05-08,101.2800,59.350559,4824500,0,1,136.917032
2002-05-09,100.5000,58.893475,3601000,0,1,135.862576
2002-05-10,99.4900,58.301575,4668600,0,1,134.497191
2002-05-13,101.2400,59.327106,4081200,0,1,136.862957
2002-05-14,103.1000,60.417160,4455500,0,1,139.377428
2002-05-15,102.9300,60.317501,3680200,0,1,139.147611
2002-05-16,103.1800,60.464005,2364100,0,1,139.485578
2002-05-17,103.4300,60.691067,2310500,0.137,1,140.008750
2002-05-20,102.4900,60.139462,2868700,0,1,138.736312
2002-05-21,101.3800,59.488144,2206600,0,1,137.233753
2002-05-22,101.5900,59.611378,2705500,0,1,137.518021
2002-05-23,102.2600,60.004490,2511400,0,1,138.424971
2002-05-24,101.0200,59.276878,1944000,0,1,136.746437
2002-05-28,100.1400,58.760555,2558300,0,1,135.555218
2002-05-29,99.3500,58.296986,2816200,0,1,134.485829
2002-05-30,99.3400,58.291138,5263000,0,1,134.472293
2002-05-31,99.2500,58.238277,4762200,0,1,134.350464
2002-06-03,96.9500,56.888702,5602000,0,1,131.237052
2002-06-04,97.1100,56.982597,5598900,0,1,131.453637
2002-06-05,98.2300,57.639767,3750000,0,1,132.969733
2002-06-06,96.5300,56.642277,4875100,0,1,130.668516
2002-06-07,96.2200,56.460388,5917100,0,1,130.248883
2002-06-10,96.6900,56.736134,3823400,0,1,130.885101
2002-06-11,95.3700,55.961529,4207100,0,1,129.098274
2002-06-12,96.4900,56.618744,4807200,0,1,130.614370
2002-06-13,95.3800,55.967419,3775900,0,1,129.111811
2002-06-14,95.0000,55.744473,7309400,0,1,128.597421
2002-06-17,97.0700,56.959091,3785900,0,1,131.399491
2002-06-18,97.9000,57.446152,2704200,0,1,132.523027
2002-06-19,95.8100,56.219727,6932900,0,1,129.693883
2002-06-20,94.4700,55.433472,5505800,0,1,127.879983
2002-06-21,92.8200,54.564651,4570700,0.172,1,125.879278
2002-06-24,93.1500,54.758606,6756700,0,1,126.326812
2002-06-25,91.1700,53.594666,7920100,0,1,123.641605
2002-06-26,91.2300,53.629913,7571300,0,1,123.722975
2002-06-27,92.8600,54.588123,6814900,0,1,125.933524
2002-06-28,92.5300,54.394135,5059200,0,1,125.485990
2002-07-01,91.0600,53.529995,4088300,0,1,123.492426
2002-07-02,90.2500,53.053883,8246300,0,1,122.393932
2002-07-03,90.6300,53.277214,7801400,0,1,122.909275
2002-07-05,94.1700,55.358215,3042400,0,1,127.710101
2002-07-08,92.9600,54.646935,4144900,0,1,126.069141
2002-07-09,91.1900,53.606388,5230600,0,1,123.668728
2002-07-10,88.3000,51.907520,8988300,0,1,119.749410
2002-07-11,88.1400,51.813477,10064900,0,1,119.532423
2002-07-12,86.6500,50.937538,8371300,0,1,117.511737
2002-07-15,86.7900,51.019863,19684400,0,1,117.701600
2002-07-16,85.0500,49.997021,11732600,0,1,115.341872
2002-07-17,85.4600,50.238018,9671900,0,1,115.897900
2002-07-18,83.8500,49.291569,8068300,0,1,113.714474
2002-07-19,80.0000,47.108665,16165500,0.143,1,108.687168
2002-07-22,78.0600,45.966301,24645000,0,1,106.051504
2002-07-23,77.1700,45.442177,21734000,0,1,104.842360
2002-07-24,82.1000,48.345276,24784000,0,1,111.540206
2002-07-25,81.7800,48.156868,20978400,0,1,111.105458
2002-07-26,82.8500,48.786915,9383300,0,1,112.559149
2002-07-29,86.7200,51.065804,14891900,0,1,117.816890
2002-07-30,87.0500,51.260109,15083800,0,1,118.265225
2002-07-31,87.1500,51.319008,10756000,0,1,118.401084
2002-08-01,84.8700,49.976429,12715600,0,1,115.303500
2002-08-02,83.2000,48.993031,12992600,0,1,113.034655
2002-08-05,80.4700,47.385441,8641400,0,1,109.325705
2002-08-06,83.0000,48.875256,12131400,0,1,112.762937
2002-08-07,84.6500,49.846848,12801400,0,1,115.004610
2002-08-08,87.2500,51.377857,14268400,0,1,118.536943
2002-08-09,87.6000,51.584015,12693100,0,1,119.012449
2002-08-12,86.9900,51.224804,8905500,0,1,118.183709
2002-08-13,84.9500,50.023552,12022300,0,1,115.412187
2002-08-14,87.4700,51.507439,15180300,0,1,118.835832
2002-08-15,88.3300,52.013901,15213000,0,1,120.004220
2002-08-16,87.7300,51.724960,8888600,0.11,1,119.338511
2002-08-19,89.9200,53.016209,9593900,0,1,122.317552
2002-08-20,89.0000,52.473728,10107600,0,1,121.066083
2002-08-21,89.9500,53.033859,12027700,0,1,122.358361
2002-08-22,90.6300,53.434753,9013200,0,1,123.283361
2002-08-23,88.7200,52.308693,8041900,0,1,120.685201
2002-08-26,89.3300,52.668354,8066100,0,1,121.514980
2002-08-27,88.5000,52.178940,9351100,0,1,120.385936
2002-08-28,87.0800,51.341740,8161100,0,1,118.454320
2002-08-29,86.7500,51.147182,9045200,0,1,118.005423
2002-08-30,86.5200,51.011559,9528400,0,1,117.692556
2002-09-03,83.1600,49.030510,12002400,0,1,113.121971
2002-09-04,84.1400,49.608288,11734700,0,1,114.455059
2002-09-05,83.4000,49.172016,13496700,0,1,113.448442
2002-09-06,84.5200,49.832394,9178300,0,1,114.971970
2002-09-09,85.1800,50.221512,8296800,0,1,115.869763
2002-09-10,86.4900,50.993866,8951200,0,1,117.651747
2002-09-11,85.6800,50.516300,6677700,0,1,116.549910
2002-09-12,84.1400,49.608288,7140200,0,1,114.455059
2002-09-13,83.5300,49.248665,9613400,0,1,113.625280
2002-09-16,84.1500,49.614201,5978000,0,1,114.468661
2002-09-17,82.1600,48.440941,13073100,0,1,111.761678
2002-09-18,81.4200,48.004669,11649100,0,1,110.755061
2002-09-19,79.6400,46.955147,12834900,0,1,108.333740
2002-09-20,79.6700,47.083401,9374000,0.187,1,108.628923
2002-09-23,78.8000,46.569271,9102200,0,1,107.442691
2002-09-24,77.0700,45.546841,15202100,0,1,105.083860
2002-09-25,78.6600,46.486477,11780000,0,1,107.251803
2002-09-26,79.8100,47.166130,11281800,0,1,108.819811
2002-09-27,76.8500,45.416832,10727500,0,1,104.783893
2002-09-30,76.0000,44.914505,17215400,0,1,103.624930
2002-10-01,80.0000,47.278423,15772300,0,1,109.078874
2002-10-02,77.9200,46.049198,13694600,0,1,106.242823
2002-10-03,77.3800,45.730045,13741400,0,1,105.506541
2002-10-04,75.9600,44.890884,16881400,0,1,103.570391
2002-10-07,74.7400,44.169880,13419900,0,1,101.906938
2002-10-08,75.3900,44.554001,21139100,0,1,102.793204
2002-10-09,73.1200,43.212479,20801400,0,1,99.698091
2002-10-10,75.4200,44.571735,21248700,0,1,102.834108
2002-10-11,78.9900,46.681545,23525600,0,1,107.701753
2002-10-14,78.9400,46.652012,12540500,0,1,107.633579
2002-10-15,82.8000,48.933186,17099700,0,1,112.896634
2002-10-16,80.8000,47.751232,17516400,0,1,110.169662
2002-10-17,82.8400,48.956779,13087900,0,1,112.951174
2002-10-18,83.1000,49.172775,10921300,0.105,1,113.448846
2002-10-21,85.4200,50.545582,14045400,0,1,116.616130
2002-10-22,84.7300,50.137344,10740000,0,1,115.674136
2002-10-23,85.2300,50.433193,12054500,0,1,116.356741
2002-10-24,83.0300,49.131393,12298300,0,1,113.353281
2002-10-25,84.6300,50.078136,12061600,0,1,115.537615
2002-10-28,84.0300,49.723114,8822300,0,1,114.718490
2002-10-29,83.7100,49.533710,13946200,0,1,114.281623
2002-10-30,84.3500,49.912426,9937800,0,1,115.155357
2002-10-31,83.7500,49.557426,10202300,0,1,114.336232
2002-11-01,85.3000,50.474602,9539200,0,1,116.452305
2002-11-04,85.7000,50.711288,12260600,0,1,116.998389
2002-11-05,86.9000,51.421352,10785400,0,1,118.636639
2002-11-06,88.0500,52.101852,17454500,0,1,120.206629
2002-11-07,86.0500,50.918407,9715600,0,1,117.476212
2002-11-08,85.2800,50.462738,9416900,0,1,116.425001
2002-11-11,83.9600,49.681667,7270300,0,1,114.622926
2002-11-12,84.3000,49.882889,9213000,0,1,115.087097
2002-11-13,84.6000,50.060390,16988200,0,1,115.496659
2002-11-14,85.6500,50.681713,8668000,0,1,116.930128
2002-11-15,85.8500,50.922531,7217000,0.206,1,117.484403
2002-11-18,84.9100,50.364986,5612900,0,1,116.198028
2002-11-19,85.0600,50.453941,6069700,0,1,116.403300
2002-11-20,86.9300,51.563118,8535000,0,1,118.962366
2002-11-21,88.7400,52.636742,9367500,0,1,121.439324
2002-11-22,88.1900,52.310474,7770100,0,1,120.686657
2002-11-25,88.4800,52.482521,6356500,0,1,121.083518
2002-11-26,86.9000,51.545334,5853600,0,1,118.921312
2002-11-27,89.5300,53.105343,8264700,0,1,122.520426
2002-11-29,88.9000,52.731663,3058100,0,1,121.658281
2002-12-02,88.8700,52.713886,8928700,0,1,121.617227
2002-12-03,87.9300,52.156288,7011500,0,1,120.330851
2002-12-04,87.7500,52.049534,9947600,0,1,120.084524
2002-12-05,86.6200,51.379269,6918800,0,1,118.538136
2002-12-06,86.8300,51.503803,9463600,0,1,118.825518
2002-12-09,84.7600,50.275997,5605500,0,1,115.992755
2002-12-10,85.7500,50.863197,6091300,0,1,117.347555
2002-12-11,85.9900,51.005543,5671900,0,1,117.675991
2002-12-12,85.6500,50.803905,5282100,0,1,117.210706
2002-12-13,84.3700,50.044682,6491200,0,1,115.459046
2002-12-16,86.7000,51.426693,5622800,0,1,118.647615
2002-12-17,85.5700,50.756416,4202300,0,1,117.101227
2002-12-18,84.8000,50.299725,6711400,0,1,116.047494
2002-12-19,84.0100,49.831135,7277200,0,1,114.966391
2002-12-20,85.3500,50.752789,4713900,0.21,1,117.087543
2002-12-23,85.1400,50.627953,4688300,0,1,116.799454
2002-12-24,84.6300,50.324665,1449500,0,1,116.099809
2002-12-26,84.5500,50.277096,2966200,0,1,115.990061
2002-12-27,82.9600,49.331600,5971500,0,1,113.808817
2002-12-30,83.3500,49.563526,5939300,0,1,114.343839
2002-12-31,83.5100,49.658684,5609400,0,1,114.563335
2003-01-02,86.1800,51.246407,7451400,0,1,118.226179
2003-01-03,86.3600,51.353405,4608500,0,1,118.473113
2003-01-06,87.6700,52.132381,5957000,0,1,120.270239
2003-01-07,87.7200,52.162106,6756000,0,1,120.338831
2003-01-08,86.1700,51.240417,9215000,0,1,118.212461
2003-01-09,87.7800,52.197849,8806000,0,1,120.421142
2003-01-10,87.9900,52.322678,7426900,0,1,120.709231
2003-01-13,88.0900,52.382118,6227800,0,1,120.846416
2003-01-14,88.4400,52.590260,4361500,0,1,121.326564
2003-01-15,87.6800,52.138332,5521600,0,1,120.283957
2003-01-16,87.3000,51.912373,6486800,0,1,119.762653
2003-01-17,86.1100,51.239407,6485200,0.059,1,118.211089
2003-01-21,84.6800,50.388439,6430900,0,1,116.247997
2003-01-22,83.3600,49.602985,8249100,0,1,114.435912
2003-01-23,83.4400,49.650558,9120000,0,1,114.545735
2003-01-24,81.4000,48.436684,10175000,0,1,111.745240
2003-01-27,80.1500,47.692852,10515700,0,1,110.029251
2003-01-28,80.7600,48.055851,7463000,0,1,110.866654
2003-01-29,81.0800,48.246269,12052000,0,1,111.305947
2003-01-30,79.3000,47.187122,10124300,0,1,108.862378
2003-01-31,80.8400,48.103458,10294800,0,1,110.976477
2003-02-03,81.1200,48.270100,5464800,0,1,111.360859
2003-02-04,80.4800,47.889275,6720200,0,1,110.482272
2003-02-05,80.1200,47.675053,9330800,0,1,109.988067
2003-02-06,79.6700,47.407288,8836300,0,1,109.370311
2003-02-07,78.8500,46.919312,7624500,0,1,108.244622
2003-02-10,79.4300,47.264465,7264700,0,1,109.040841
2003-02-11,78.7000,46.830093,7894600,0,1,108.038703
2003-02-12,77.7300,46.252865,6864700,0,1,106.707095
2003-02-13,78.0200,46.425423,8574200,0,1,107.105205
2003-02-14,79.6000,47.365620,10643900,0,1,109.274215
2003-02-18,80.8500,48.109447,8393400,0,1,110.990205
2003-02-19,80.5400,47.925007,5357700,0,1,110.564640
2003-02-20,79.6200,47.377552,5209100,0,1,109.301671
2003-02-21,80.2400,47.896248,7826700,0.249,1,110.494627
2003-02-24,78.7100,46.982944,6710800,0,1,108.387738
2003-02-25,79.3300,47.353050,8146000,0,1,109.241510
2003-02-26,78.2600,46.714394,6351600,0,1,107.768065
2003-02-27,79.0400,47.179970,9911300,0,1,108.842165
2003-02-28,79.3100,47.341064,9119400,0,1,109.213969
2003-03-03,78.5900,46.911373,7116100,0,1,108.222492
2003-03-04,77.2600,46.117424,5168800,0,1,106.391013
2003-03-05,77.8400,46.463688,7606000,0,1,107.189703
2003-03-06,76.8700,45.884663,8054100,0,1,105.853963
2003-03-07,77.5500,46.290573,11889500,0,1,106.790358
2003-03-10,75.7800,45.234009,7240100,0,1,104.352977
2003-03-11,75.3500,44.977306,8543500,0,1,103.760844
2003-03-12,75.7500,45.216095,10315700,0,1,104.311665
2003-03-13,78.4400,46.821812,12660000,0,1,108.015934
2003-03-14,78.9600,47.132217,12985500,0,1,108.732001
2003-03-17,81.4600,48.624466,14688600,0,1,112.174630
2003-03-18,82.1400,49.030376,11246200,0,1,113.111025
2003-03-19,82.9200,49.495979,9366300,0,1,114.185126
2003-03-20,83.1200,49.615383,14858500,0,1,114.460536
2003-03-21,85.1300,50.878784,17259100,0.104,1,117.371623
2003-03-24,82.2400,49.151539,16257600,0,1,113.387082
2003-03-25,82.8100,49.492249,12104400,0,1,114.172961
2003-03-26,82.3800,49.235241,9405800,0,1,113.580105
2003-03-27,82.0300,49.026066,9004000,0,1,113.097548
2003-03-28,81.5700,48.751095,6382700,0,1,112.463330
2003-03-31,79.8200,47.705204,13382600,0,1,110.050546
2003-04-01,80.7900,48.284954,9551100,0,1,111.387918
2003-04-02,82.7500,49.456360,11873600,0,1,114.090236
2003-04-03,82.3700,49.229290,9865400,0,1,113.566318
2003-04-04,82.8900,49.540028,7441300,0,1,114.283259
2003-04-07,82.9300,49.563927,11794900,0,1,114.338409
2003-04-08,83.2000,49.725330,7796500,0,1,114.710667
2003-04-09,83.6000,49.964386,11033600,0,1,115.262160
2003-04-10,82.4600,49.283066,6487000,0,1,113.690404
2003-04-11,82.2000,49.127636,8296700,0,1,113.331933
2003-04-14,83.8400,50.107826,6729600,0,1,115.593057
2003-04-15,84.4000,50.442570,6764500,0,1,116.365148
2003-04-16,82.7000,49.426498,9548800,0,1,114.021300
2003-04-17,83.4800,49.957905,8768400,0.108,1,115.245616
2003-04-21,83.5300,49.987831,6019200,0,1,115.314641
2003-04-22,84.9200,50.819656,9069700,0,1,117.233561
2003-04-23,85.2200,50.999203,6881800,0,1,117.647716
2003-04-24,84.4400,50.532417,8655300,0,1,116.570913
2003-04-25,83.1600,49.766354,7864500,0,1,114.803850
2003-04-28,84.7900,50.741867,7362400,0,1,117.054094
2003-04-29,85.1100,50.933334,11257300,0,1,117.495859
2003-04-30,84.8600,50.783756,10009100,0,1,117.150730
2003-05-01,84.6100,50.634155,11239800,0,1,116.805601
2003-05-02,85.8100,51.352257,10966000,0,1,118.462222
2003-05-05,85.5000,51.166710,8211300,0,1,118.034261
2003-05-06,85.9900,51.459984,9820100,0,1,118.710715
2003-05-07,85.8600,51.382179,8495000,0,1,118.531248
2003-05-08,85.1300,50.945305,8723100,0,1,117.523470
2003-05-09,86.1700,51.567719,6890700,0,1,118.959208
2003-05-12,87.3400,52.267929,8109500,0,1,120.574414
2003-05-13,87.0400,52.088398,6891200,0,1,120.160258
2003-05-14,86.8400,51.968685,7835600,0,1,119.884155
2003-05-15,87.3200,52.255909,7470100,0,1,120.546803
2003-05-16,86.9900,52.137829,7413900,0.133,1,120.274841
2003-05-19,85.1700,51.047047,9799700,0,1,117.758458
2003-05-20,85.0700,50.987049,10805100,0,1,117.620195
2003-05-21,85.2000,51.065029,8288500,0,1,117.799937
2003-05-22,86.0400,51.568481,6992800,0,1,118.961345
2003-05-23,86.2300,51.682308,4639700,0,1,119.224044
2003-05-27,87.8700,52.665318,10004400,0,1,121.491554
2003-05-28,88.0000,52.743202,6343200,0,1,121.671296
2003-05-29,87.4000,52.383602,8634400,0,1,120.841719
2003-05-30,88.8400,53.246651,7883900,0,1,122.832704
2003-06-02,89.3400,53.546360,9531700,0,1,123.524018
2003-06-03,89.5500,53.672180,7868800,0,1,123.814370
2003-06-04,90.7100,54.367428,8728600,0,1,125.418219
2003-06-05,90.7400,54.385448,7943400,0,1,125.459698
2003-06-06,90.8700,54.463310,10657300,0,1,125.639440
2003-06-09,90.2300,54.079746,7852500,0,1,124.754557
2003-06-10,91.0300,54.559223,6330500,0,1,125.860660
2003-06-11,92.1100,55.206547,8546800,0,1,127.353899
2003-06-12,92.4300,55.398319,8582500,0,1,127.796340
2003-06-13,91.5800,54.888882,6188100,0,1,126.621106
2003-06-16,93.5000,56.039631,8098900,0,1,129.275752
2003-06-17,93.4600,56.015644,7674800,0,1,129.220447
2003-06-18,93.2600,55.895813,7920100,0,1,128.943921
2003-06-19,92.1200,55.212513,9831000,0,1,127.367725
2003-06-20,91.8400,55.190300,8022600,0.243,1,127.316568
2003-06-23,90.9000,54.625385,11290200,0,1,126.013458
2003-06-24,91.1900,54.799667,9751300,0,1,126.415481
2003-06-25,90.0900,54.138660,9713500,0,1,124.890566
2003-06-26,90.8300,54.583351,7084700,0,1,125.916418
2003-06-27,89.8700,54.006504,7029600,0,1,124.585583
2003-06-30,89.9100,54.030487,5865400,0,1,124.641034
2003-07-01,90.5800,54.433140,7580100,0,1,125.569847
2003-07-02,91.6600,55.082111,4518100,0,1,127.067036
2003-07-03,90.7000,54.505234,3271500,0,1,125.736201
2003-07-07,92.3600,55.502846,6733800,0,1,128.037437
2003-07-08,92.4600,55.562912,4683200,0,1,128.176065
2003-07-09,91.8300,55.184307,7519700,0,1,127.302705
2003-07-10,90.5900,54.439110,7534400,0,1,125.583709
2003-07-11,91.3900,54.919857,4634600,0,1,126.692739
2003-07-14,91.8500,55.196293,6303200,0,1,127.330431
2003-07-15,91.5900,55.040100,6847200,0,1,126.969996
2003-07-16,91.2800,54.853809,6340400,0,1,126.540247
2003-07-17,90.7200,54.517258,8581700,0,1,125.763927
2003-07-18,91.8300,55.262280,6411800,0.128,1,127.480150
2003-07-21,91.1500,54.853054,8945900,0,1,126.536161
2003-07-22,91.6600,55.159943,8465700,0,1,127.244152
2003-07-23,92.0600,55.400646,5297200,0,1,127.799440
2003-07-24,91.2400,54.907177,6703400,0,1,126.661100
2003-07-25,92.9100,55.912209,8848600,0,1,128.979426
2003-07-28,92.6600,55.761776,5665800,0,1,128.632371
2003-07-29,92.2700,55.527073,5964800,0,1,128.090966
2003-07-30,92.1600,55.460842,5326400,0,1,127.938262
2003-07-31,92.4700,55.647430,10218800,0,1,128.368610
2003-08-01,91.7900,55.238216,6744800,0,1,127.424621
2003-08-04,91.9400,55.328423,7649300,0,1,127.632854
2003-08-05,90.0300,54.179054,5980900,0,1,124.981355
2003-08-06,90.6600,54.558167,9097500,0,1,125.855933
2003-08-07,91.5500,55.093739,6172200,0,1,127.091448
2003-08-08,92.1900,55.478909,4950100,0,1,127.979908
2003-08-11,92.4400,55.629349,5897700,0,1,128.326963
2003-08-12,93.2500,56.116802,5578600,0,1,129.451421
2003-08-13,93.0300,55.984425,7474500,0,1,129.146012
2003-08-14,93.1000,56.026543,6255900,0,1,129.243188
2003-08-15,93.3300,56.239883,3955800,0.124,1,129.734617
2003-08-18,94.2800,56.812302,5725200,0,1,131.055177
2003-08-19,94.4900,56.938843,7069200,0,1,131.347091
2003-08-20,94.1800,56.752048,5287000,0,1,130.916171
2003-08-21,94.4400,56.908760,6866500,0,1,131.277588
2003-08-22,93.7100,56.468849,5891900,0,1,130.262841
2003-08-25,93.4800,56.330299,4386600,0,1,129.943127
2003-08-26,93.6000,56.402554,5630500,0,1,130.109934
2003-08-27,93.5300,56.360340,3113800,0,1,130.012630
2003-08-28,93.9700,56.625538,5054100,0,1,130.624258
2003-08-29,94.4100,56.890671,4475200,0,1,131.235886
2003-09-02,95.4600,57.523335,6002600,0,1,132.695452
2003-09-03,96.0200,57.860825,5565500,0,1,133.473888
2003-09-04,96.2100,57.975330,4861500,0,1,133.738000
2003-09-05,95.3800,57.475201,7304100,0,1,132.584247
2003-09-08,96.1200,57.921108,3895200,0,1,133.612894
2003-09-09,95.4500,57.517372,4283000,0,1,132.681552
2003-09-10,94.6800,57.053368,7627700,0,1,131.611203
2003-09-11,94.9700,57.228119,6201700,0,1,132.014321
2003-09-12,95.0500,57.276321,5043100,0,1,132.125526
2003-09-15,94.8300,57.143673,3837800,0,1,131.819712
2003-09-16,96.0000,57.848782,4994100,0,1,133.446086
2003-09-17,95.9500,57.818695,4179700,0,1,133.376583
2003-09-18,96.9500,58.421257,5946100,0,1,134.766647
2003-09-19,96.4700,58.249809,4988400,0.196,1,134.371869
2003-09-22,95.5600,57.700317,6260600,0,1,133.104341
2003-09-23,95.7700,57.827076,5297100,0,1,133.396847
2003-09-24,94.4400,57.024036,6193900,0,1,131.544307
2003-09-25,93.2500,56.305412,7249000,0,1,129.886771
2003-09-26,93.3000,56.335644,6563600,0,1,129.956415
2003-09-29,93.9200,56.710056,6895700,0,1,130.820005
2003-09-30,93.1300,56.233009,7710900,0,1,129.719624
2003-10-01,94.8100,57.247429,6855900,0,1,132.059675
2003-10-02,95.1900,57.476929,6458500,0,1,132.588973
2003-10-03,95.9200,57.917671,6949100,0,1,133.605780
2003-10-06,96.2000,58.086727,3654400,0,1,133.995789
2003-10-07,96.6900,58.382637,6654000,0,1,134.678304
2003-10-08,96.7300,58.406765,4543600,0,1,134.734019
2003-10-09,97.1400,58.654297,6368000,0,1,135.305103
2003-10-10,97.2900,58.744904,2693400,0,1,135.514037
2003-10-13,97.9000,59.113232,4450500,0,1,136.363698
2003-10-14,98.3600,59.390957,4614600,0,1,137.004426
2003-10-15,98.2200,59.306438,5040900,0,1,136.809422
2003-10-16,98.1800,59.282249,7649400,0,1,136.753707
2003-10-17,97.3000,58.825191,6300000,0.124,1,135.700683
2003-10-20,97.9700,59.230263,4402000,0,1,136.635108
2003-10-21,97.6000,59.006565,4534400,0,1,136.119082
2003-10-22,96.2100,58.166248,6838900,0,1,134.180501
2003-10-23,95.9500,58.009029,6921600,0,1,133.817889
2003-10-24,96.1800,58.148094,6605300,0,1,134.138661
2003-10-27,96.2900,58.214577,3797100,0,1,134.292074
2003-10-28,97.6300,59.024696,5377400,0,1,136.160922
2003-10-29,97.8700,59.169865,4433100,0,1,136.495641
2003-10-30,98.3000,59.429806,7224500,0,1,137.095346
2003-10-31,98.0300,59.266529,5322700,0,1,136.718787
2003-11-03,98.5100,59.556713,5379000,0,1,137.388225
2003-11-04,98.5800,59.599064,4792700,0,1,137.485852
2003-11-05,98.5600,59.586964,4225700,0,1,137.457959
2003-11-06,98.9300,59.810665,5902800,0,1,137.973984
2003-11-07,98.1100,59.314957,4668600,0,1,136.830360
2003-11-10,97.8100,59.133533,4654200,0,1,136.411961
2003-11-11,97.6200,59.018692,3349600,0,1,136.146976
2003-11-12,98.8000,59.732082,6125700,0,1,137.792678
2003-11-13,98.7200,59.683731,4045600,0,1,137.681105
2003-11-14,97.9700,59.230263,6104900,0,1,136.635108
2003-11-17,97.5400,58.970322,5914800,0,1,136.035403
2003-11-18,96.6000,58.402035,4693200,0,1,134.724420
2003-11-19,97.3800,58.873592,4055300,0,1,135.812256
2003-11-20,96.5400,58.365711,6756700,0,1,134.640740
2003-11-21,96.4900,58.523449,4752900,0.31,1,135.003352
2003-11-24,97.4700,59.117847,4876800,0,1,136.374513
2003-11-25,97.6800,59.245216,5583100,0,1,136.668333
2003-11-26,97.9000,59.378628,4061200,0,1,136.976144
2003-11-28,98.0800,59.487797,864400,0,1,137.227990
2003-12-01,99.1000,60.106468,5854300,0,1,138.655117
2003-12-02,98.7500,59.894127,3578100,0,1,138.165416
2003-12-03,98.9500,60.015507,6231600,0,1,138.445245
2003-12-04,99.4500,60.318787,6236600,0,1,139.144817
2003-12-05,98.8000,59.924507,5430200,0,1,138.235373
2003-12-08,99.8100,60.537086,5192800,0,1,139.648508
2003-12-09,99.4400,60.312645,9541200,0,1,139.130825
2003-12-10,99.6000,60.409767,5558100,0,1,139.354688
2003-12-11,100.3800,60.882809,6778500,0,1,140.446020
2003-12-12,100.6300,61.034401,6134200,0,1,140.795806
2003-12-15,100.4500,60.925232,7563800,0,1,140.543960
2003-12-16,101.5000,61.562107,5991500,0,1,142.013061
2003-12-17,101.8600,61.780506,4867400,0,1,142.516752
2003-12-18,102.8100,62.356644,10491800,0,1,143.845939
2003-12-19,102.7400,62.403427,10810400,0.147,1,143.953673
2003-12-22,103.6100,62.931889,6459300,0,1,145.172669
2003-12-23,103.4600,62.840759,7622800,0,1,144.962497
2003-12-24,103.2000,62.682774,3742600,0,1,144.598200
2003-12-26,103.2700,62.725395,2088500,0,1,144.696280
2003-12-29,104.6800,63.581791,6589900,0,1,146.671895
2003-12-30,104.3300,63.369133,5478200,0,1,146.181494
2003-12-31,104.5700,63.514969,5658100,0,1,146.517769
2004-01-02,104.3700,63.393513,8231300,0,1,146.237540
2004-01-05,105.5800,64.128448,6942600,0,1,147.932926
2004-01-06,105.5000,64.079803,7702700,0,1,147.820834
2004-01-07,105.5500,64.110161,6669400,0,1,147.890891
2004-01-08,106.0100,64.389626,7701000,0,1,148.535418
2004-01-09,104.6900,63.587845,9382200,0,1,146.685906
2004-01-12,105.1700,63.879375,7877100,0,1,147.358456
2004-01-13,104.5000,63.472450,8506600,0,1,146.419689
2004-01-14,105.6700,64.183090,6643000,0,1,148.059029
2004-01-15,105.9600,64.359238,9694800,0,1,148.465361
2004-01-16,106.1200,64.498344,8975200,0.069,1,148.786223
2004-01-20,105.4600,64.097252,8631500,0,1,147.860866
2004-01-21,106.3000,64.607765,9293800,0,1,149.038593
2004-01-22,106.4900,64.723289,6018200,0,1,149.304984
2004-01-23,105.8600,64.340401,6833100,0,1,148.421688
2004-01-26,107.1800,65.142715,7087700,0,1,150.272403
2004-01-27,106.2900,64.601746,5658700,0,1,149.024573
2004-01-28,105.0700,63.860188,7716700,0,1,147.314064
2004-01-29,105.0800,63.866306,12596700,0,1,147.328084
2004-01-30,105.0800,63.866306,8248200,0,1,147.328084
2004-02-02,105.3000,64.000046,6735300,0,1,147.636537
2004-02-03,105.1500,63.908920,3869100,0,1,147.426228
2004-02-04,104.7800,63.683990,8405900,0,1,146.907468
2004-02-05,105.1300,63.896721,5332700,0,1,147.398187
2004-02-06,106.0100,64.431633,6886500,0,1,148.631997
2004-02-09,106.1200,64.498344,3840300,0,1,148.786223
2004-02-10,106.2500,64.577484,3348600,0,1,148.968490
2004-02-11,107.4000,65.276367,6889000,0,1,150.580855
2004-02-12,107.3000,65.215637,3758000,0,1,150.440650
2004-02-13,106.7000,64.850952,4074800,0,1,149.599416
2004-02-17,107.5100,65.343231,2929300,0,1,150.735081
2004-02-18,107.1700,65.136589,4074000,0,1,150.258382
2004-02-19,107.1000,65.094040,6430900,0,1,150.160238
2004-02-20,106.4200,64.842995,9334700,0.268,1,149.582591
2004-02-23,106.2300,64.727226,7350700,0,1,149.315530
2004-02-24,105.8300,64.483505,7973900,0,1,148.753295
2004-02-25,106.1900,64.702827,4212700,0,1,149.259306
2004-02-26,105.9400,64.550522,4878100,0,1,148.907909
2004-02-27,106.0700,64.629730,5151000,0,1,149.090636
2004-03-01,106.9600,65.171989,5244100,0,1,150.341608
2004-03-02,106.1000,64.647987,7420700,0,1,149.132803
2004-03-03,106.0300,64.605400,5421600,0,1,149.034412
2004-03-04,105.8900,64.520073,4216400,0,1,148.837630
2004-03-05,106.2000,64.708946,6828600,0,1,149.273362
2004-03-08,105.1900,64.093491,3972000,0,1,147.853719
2004-03-09,104.6400,63.758419,8046900,0,1,147.080646
2004-03-10,102.8300,62.655540,10163100,0,1,144.536533
2004-03-11,101.5000,61.845173,14357500,0,1,142.667102
2004-03-12,102.5000,62.454498,8724500,0,1,144.072689
2004-03-15,101.4500,61.814739,9750500,0,1,142.596823
2004-03-16,102.1400,62.235123,8644400,0,1,143.566678
2004-03-17,103.2600,62.917595,6934900,0,1,145.140936
2004-03-18,103.3100,62.947990,9918500,0,1,145.211215
2004-03-19,101.9400,62.184326,7337600,0.118,1,143.451420
2004-03-22,100.7200,61.440125,9303500,0,1,141.734618
2004-03-23,100.6500,61.397385,8777700,0,1,141.636113
2004-03-24,100.7100,61.434025,8309600,0,1,141.720546
2004-03-25,102.1600,62.318523,7684300,0,1,143.761007
2004-03-26,102.2000,62.342880,5376500,0,1,143.817295
2004-03-29,103.5200,63.148148,6766500,0,1,145.674818
2004-03-30,104.0000,63.440910,4685000,0,1,146.350281
2004-03-31,103.9200,63.392159,6973100,0,1,146.237704
2004-04-01,104.0800,63.489784,7655300,0,1,146.462858
2004-04-02,104.9600,64.026527,7605000,0,1,147.701207
2004-04-05,105.6600,64.453552,3395500,0,1,148.686257
2004-04-06,105.6400,64.441376,3779800,0,1,148.658112
2004-04-07,105.3000,64.233948,5364600,0,1,148.179660
2004-04-08,104.6900,63.861862,5463200,0,1,147.321259
2004-04-12,105.3100,64.240074,3299300,0,1,148.193732
2004-04-13,103.8400,63.343342,6847900,0,1,146.125127
2004-04-14,104.2200,63.575127,8778900,0,1,146.659868
2004-04-15,103.8800,63.367760,7101300,0,1,146.181415
2004-04-16,104.6600,63.879864,5904400,0.059,1,147.362068
2004-04-19,104.4700,63.763832,3748300,0,1,147.094547
2004-04-20,103.0300,62.884964,6431100,0,1,145.067016
2004-04-21,103.3000,63.049694,8370700,0,1,145.447178
2004-04-22,104.8100,63.971344,9166100,0,1,147.573269
2004-04-23,104.9200,64.038490,4820600,0,1,147.728150
2004-04-26,104.9500,64.056808,3700700,0,1,147.770390
2004-04-27,105.0600,64.123901,5690900,0,1,147.925271
2004-04-28,103.7700,63.336594,8846500,0,1,146.108941
2004-04-29,103.0600,62.903236,11963400,0,1,145.109256
2004-04-30,102.3500,62.469891,6158900,0,1,144.109571
2004-05-03,103.3000,63.049694,6128000,0,1,145.447178
2004-05-04,103.1300,62.945969,7694500,0,1,145.207817
2004-05-05,103.4600,63.147427,3496600,0,1,145.672459
2004-05-06,102.6000,62.622459,9045900,0,1,144.461573
2004-05-07,101.1500,61.737511,8867700,0,1,142.419962
2004-05-10,99.9100,60.980701,17582000,0,1,140.674032
2004-05-11,100.2400,61.182030,8772500,0,1,141.138675
2004-05-12,100.9900,61.639782,16597400,0,1,142.194680
2004-05-13,100.2300,61.175961,10827100,0,1,141.124595
2004-05-14,100.4500,61.310226,8797800,0,1,141.434356
2004-05-17,99.5600,60.766983,6814900,0,1,140.181230
2004-05-18,99.9700,61.017231,6481600,0,1,140.758513
2004-05-19,99.7000,60.852436,8893400,0,1,140.378351
2004-05-20,100.0200,61.047752,8190900,0,1,140.828913
2004-05-21,99.8000,61.095566,6336900,0.298,1,140.938738
2004-05-24,99.8600,61.132282,6829100,0,1,141.023470
2004-05-25,101.2700,61.995392,9302200,0,1,143.014689
2004-05-26,101.3500,62.044373,6353700,0,1,143.127666
2004-05-27,102.3000,62.625950,5972800,0,1,144.469267
2004-05-28,102.1800,62.552452,4535500,0,1,144.299802
2004-06-01,102.1600,62.540245,5099400,0,1,144.271558
2004-06-02,102.8400,62.956532,5817300,0,1,145.231862
2004-06-03,102.1300,62.521919,7500200,0,1,144.229191
2004-06-04,102.6600,62.846371,4636700,0,1,144.977663
2004-06-07,103.9800,63.654350,5772300,0,1,146.841783
2004-06-08,104.4700,63.954376,5393400,0,1,147.533767
2004-06-09,103.9500,63.636063,5151600,0,1,146.799417
2004-06-10,104.2500,63.819729,3496100,0,1,147.223080
2004-06-14,103.6000,63.421795,4341700,0,1,146.305143
2004-06-15,104.1100,63.734009,7290000,0,1,147.025371
2004-06-16,103.9900,63.660542,3838200,0,1,146.855905
2004-06-17,103.9500,63.636063,2779500,0,1,146.799417
2004-06-18,104.2200,63.859684,3919400,0.095,1,147.314874
2004-06-21,103.8100,63.608463,4152200,0,1,146.735339
2004-06-22,104.1700,63.829109,4098600,0,1,147.244199
2004-06-23,104.9300,64.294739,4784400,0,1,148.318458
2004-06-24,104.6100,64.098679,4658200,0,1,147.866139
2004-06-25,104.0500,63.755531,3581100,0,1,147.074579
2004-06-28,103.6200,63.492069,6769100,0,1,146.466775
2004-06-29,104.3000,63.908699,5171000,0,1,147.427954
2004-06-30,104.6300,64.110947,6940800,0,1,147.894409
2004-07-01,103.2600,63.271496,10590600,0,1,145.957915
2004-07-02,103.0300,63.130550,4276300,0,1,145.632810
2004-07-06,102.3400,62.707767,6318600,0,1,144.657496
2004-07-07,102.6000,62.867062,5597800,0,1,145.025005
2004-07-08,102.0700,62.542336,8076400,0,1,144.275851
2004-07-09,102.3700,62.726151,3660200,0,1,144.699901
2004-07-12,102.5700,62.848679,5886500,0,1,144.982601
2004-07-13,102.5700,62.848679,3267000,0,1,144.982601
2004-07-14,102.2800,62.670963,7294700,0,1,144.572686
2004-07-15,101.6100,62.260479,4528300,0,1,143.625641
2004-07-16,101.7000,62.367825,5944900,0.085,1,143.873004
2004-07-19,100.9500,61.907818,9645400,0,1,142.811993
2004-07-20,101.9000,62.490433,5270600,0,1,144.155940
2004-07-21,100.4000,61.570564,9341600,0,1,142.033919
2004-07-22,100.5200,61.644176,11667800,0,1,142.203681
2004-07-23,99.8200,61.214886,6837100,0,1,141.213404
2004-07-26,99.7800,61.190304,8701800,0,1,141.156817
2004-07-27,100.9500,61.907818,7015800,0,1,142.811993
2004-07-28,101.3800,62.171547,9645100,0,1,143.420306
2004-07-29,101.5400,62.269669,7651300,0,1,143.646655
2004-07-30,101.7500,62.398441,3943800,0,1,143.943738
2004-08-02,101.9400,62.514980,6024000,0,1,144.212527
2004-08-03,101.2500,62.091831,5626400,0,1,143.236398
2004-08-04,101.4000,62.183849,5963500,0,1,143.448600
2004-08-05,99.7200,61.153522,8179900,0,1,141.071936
2004-08-06,98.3700,60.325657,9082800,0,1,139.162118
2004-08-09,98.4200,60.356335,5095100,0,1,139.232852
2004-08-10,99.5700,61.061573,7344300,0,1,140.859734
2004-08-11,99.7100,61.147408,6687400,0,1,141.057790
2004-08-12,98.5800,60.454388,6939400,0,1,139.459201
2004-08-13,98.7000,60.528057,4192700,0,1,139.628962
2004-08-16,99.8000,61.202644,5697000,0,1,141.185111
2004-08-17,100.2500,61.478596,5946900,0,1,141.821717
2004-08-18,101.2200,62.073418,6069000,0,1,143.193957
2004-08-19,100.8500,61.846558,5510900,0,1,142.670525
2004-08-20,101.2500,62.273968,5462800,0.295,1,143.653728
2004-08-23,100.9000,62.058704,4521700,0,1,143.157147
2004-08-24,101.2200,62.255543,3746000,0,1,143.611164
2004-08-25,101.8800,62.661457,6232300,0,1,144.547574
2004-08-26,101.8700,62.655315,4238800,0,1,144.533386
2004-08-27,102.1600,62.833668,2971100,0,1,144.944838
2004-08-30,101.4100,62.372379,4482800,0,1,143.880737
2004-08-31,101.8900,62.667641,5158700,0,1,144.561762
2004-09-01,101.8800,62.661457,4624300,0,1,144.547574
2004-09-02,103.0400,63.374935,4906000,0,1,146.193384
2004-09-03,102.8600,63.264278,5160900,0,1,145.938000
2004-09-07,103.6400,63.743938,4500100,0,1,147.044666
2004-09-08,103.4900,63.651684,5085900,0,1,146.831845
2004-09-09,103.0000,63.350380,5990800,0,1,146.136632
2004-09-10,103.2300,63.491768,3670200,0,1,146.462957
2004-09-13,103.5000,63.657871,4570500,0,1,146.846033
2004-09-14,103.5000,63.657871,3690100,0,1,146.846033
2004-09-15,102.5400,63.067448,6374500,0,1,145.483983
2004-09-16,102.7500,63.196548,5572200,0,1,145.781932
2004-09-17,103.0100,63.424385,4894400,0.11,1,146.306888
2004-09-20,102.1500,62.894886,6733300,0,1,145.085416
2004-09-21,102.3700,63.030334,6604900,0,1,145.397885
2004-09-22,101.1000,62.248352,8852700,0,1,143.594082
2004-09-23,100.4500,61.848156,7438900,0,1,142.670876
2004-09-24,100.7200,62.014389,5528200,0,1,143.054362
2004-09-27,100.1600,61.669598,5243000,0,1,142.258984
2004-09-28,100.8900,62.119041,8556800,0,1,143.295816
2004-09-29,101.4700,62.476200,7240800,0,1,144.119600
2004-09-30,100.8700,62.106750,6375100,0,1,143.267409
2004-10-01,102.1600,62.901039,7370500,0,1,145.099619
2004-10-04,102.3100,62.993366,5422400,0,1,145.312666
2004-10-05,102.0400,62.827168,5210500,0,1,144.929181
2004-10-06,102.6400,63.196541,5244700,0,1,145.781371
2004-10-07,101.4400,62.457710,6821900,0,1,144.076990
2004-10-08,100.7000,62.002098,7265900,0,1,143.025955
2004-10-11,101.1400,62.272999,3549500,0,1,143.650895
2004-10-12,101.0500,62.217541,5207100,0,1,143.523067
2004-10-13,100.0800,61.620338,7916000,0,1,142.145359
2004-10-14,99.1800,61.066223,8125100,0,1,140.867073
2004-10-15,99.4700,61.244717,7489800,0,1,141.278965
2004-10-18,99.6300,61.396358,9897800,0.086,1,141.628363
2004-10-19,99.1000,61.069775,9483600,0,1,140.874945
2004-10-20,98.8900,60.940308,9636600,0,1,140.576421
2004-10-21,98.9400,60.971161,12984900,0,1,140.647498
2004-10-22,97.7600,60.244026,10885700,0,1,138.970077
2004-10-25,97.6800,60.194660,8935700,0,1,138.856354
2004-10-26,99.0800,61.057434,8281200,0,1,140.846514
2004-10-27,100.1400,61.710594,10346700,0,1,142.353350
2004-10-28,100.2700,61.790760,7890500,0,1,142.538151
2004-10-29,100.3800,61.858551,5304700,0,1,142.694521
2004-11-01,100.7100,62.061909,6267300,0,1,143.163630
2004-11-02,100.5300,61.951023,7390000,0,1,142.907752
2004-11-03,101.7100,62.678097,10058100,0,1,144.585173
2004-11-04,103.3200,63.670334,9474700,0,1,146.873858
2004-11-05,104.2200,64.224876,8309800,0,1,148.153247
2004-11-08,104.2900,64.268074,5256900,0,1,148.252755
2004-11-09,104.2100,64.218719,6609300,0,1,148.139032
2004-11-10,104.3900,64.329674,5466600,0,1,148.394910
2004-11-11,105.0900,64.761093,4604100,0,1,149.389990
2004-11-12,105.6500,65.106102,4875200,0,1,150.186054
2004-11-15,105.7300,65.292038,4601700,0.221,1,150.613939
2004-11-16,105.1300,64.921501,8043800,0,1,149.759230
2004-11-17,105.9000,65.396973,6900900,0,1,150.856106
2004-11-18,106.0000,65.458740,4714100,0,1,150.998558
2004-11-19,104.5700,64.781075,6968500,0.336,1,149.440139
2004-11-22,104.8000,64.923546,8335900,0,1,149.768830
2004-11-23,104.9900,65.041183,7527500,0,1,150.040357
2004-11-24,105.0300,65.066032,6210400,0,1,150.097521
2004-11-26,104.9200,64.997826,1807300,0,1,149.940321
2004-11-29,104.4700,64.719040,9181300,0,1,149.297229
2004-11-30,104.3300,64.632317,7401100,0,1,149.097157
2004-12-01,105.6700,65.462547,8612600,0,1,151.012140
2004-12-02,105.8400,65.567818,8250700,0,1,151.255085
2004-12-03,105.6900,65.474869,7206400,0,1,151.040721
2004-12-06,105.3500,65.264244,3494200,0,1,150.554830
2004-12-07,104.4100,64.681877,7572700,0,1,149.211484
2004-12-08,105.0100,65.053635,7090100,0,1,150.068939
2004-12-09,105.3800,65.282806,8913400,0,1,150.597703
2004-12-10,105.5000,65.357162,5999500,0,1,150.769194
2004-12-13,106.4500,65.945724,7457100,0,1,152.126831
2004-12-14,106.7600,66.137741,5822400,0,1,152.569850
2004-12-15,106.8500,66.193481,9270700,0,1,152.698468
2004-12-16,107.1600,66.385483,8572800,0,1,153.141487
2004-12-17,106.5300,66.097015,8222200,0.165,1,152.476959
2004-12-20,106.6200,66.152878,6136000,0,1,152.605776
2004-12-21,107.4200,66.649185,8002500,0,1,153.750821
2004-12-22,108.0100,67.015274,6666000,0,1,154.595291
2004-12-23,108.1500,67.102173,3318100,0,1,154.795673
2004-12-27,107.7600,66.860184,5591200,0,1,154.237464
2004-12-28,108.4000,67.257233,3461100,0,1,155.153500
2004-12-29,108.2400,67.157967,4043900,0,1,154.924491
2004-12-30,107.8500,66.916023,2786600,0,1,154.366282
2004-12-31,107.5100,66.705063,4262800,0,1,153.879638
2005-01-03,107.3200,66.587135,11691300,0,1,153.607690
2005-01-04,106.3000,65.954300,10628300,0,1,152.147759
2005-01-05,105.7100,65.588211,10885300,0,1,151.303288
2005-01-06,106.0400,65.792976,8238900,0,1,151.775619
2005-01-07,105.8400,65.668900,8555700,0,1,151.489358
2005-01-10,106.2000,65.892296,6028100,0,1,152.004628
2005-01-11,105.5200,65.470329,7592600,0,1,151.031340
2005-01-12,106.0300,65.786789,10574200,0,1,151.761306
2005-01-13,104.9500,65.116714,7669700,0,1,150.215496
2005-01-14,105.4400,65.420677,5986900,0,1,150.916836
2005-01-18,106.1600,65.867447,6601700,0,1,151.947376
2005-01-19,105.2500,65.302841,6567900,0,1,150.644888
2005-01-20,104.7600,64.998825,8661700,0,1,149.943548
2005-01-21,103.8400,64.488289,7901200,0.098,1,148.767015
2005-01-24,103.7500,64.432396,9877700,0,1,148.638076
2005-01-25,104.5900,64.954071,9751100,0,1,149.841507
2005-01-26,104.7900,65.078270,7851200,0,1,150.128039
2005-01-27,104.5700,64.941650,8393800,0,1,149.812854
2005-01-28,104.4400,64.860893,7791600,0,1,149.626609
2005-01-31,104.8000,65.084488,5333900,0,1,150.142365
2005-02-01,105.4000,65.457108,4800300,0,1,151.001959
2005-02-02,105.8800,65.755264,4660100,0,1,151.689634
2005-02-03,105.9000,65.767677,4818700,0,1,151.718287
2005-02-04,107.0000,66.450783,6413300,0,1,153.294209
2005-02-07,107.0100,66.456985,3710300,0,1,153.308535
2005-02-08,107.2500,66.606056,5046500,0,1,153.652373
2005-02-09,106.7400,66.289360,7444900,0,1,152.921718
2005-02-10,107.5000,66.761307,5221000,0,1,154.010537
2005-02-11,108.0900,67.127693,4722600,0,1,154.855804
2005-02-14,107.9800,67.059410,3689300,0,1,154.698212
2005-02-15,108.4700,67.363701,4711000,0,1,155.400213
2005-02-16,108.4500,67.351280,4285800,0,1,155.371560
2005-02-17,107.7200,66.897934,5746600,0,1,154.325721
2005-02-18,107.8100,67.102051,4906500,0.238,1,154.795632
2005-02-22,106.0100,65.981712,8958900,0,1,152.211158
2005-02-23,106.8300,66.492142,6457800,0,1,153.388530
2005-02-24,107.4100,66.853119,7124200,0,1,154.221305
2005-02-25,108.3600,67.444366,4984900,0,1,155.585333
2005-02-28,107.7000,67.033684,7471500,0,1,154.637692
2005-03-01,108.2300,67.363503,5316000,0,1,155.398676
2005-03-02,108.0700,67.263908,7239700,0,1,155.168945
2005-03-03,108.2500,67.375954,7779800,0,1,155.427393
2005-03-04,109.5400,68.178848,6123100,0,1,157.279599
2005-03-07,109.3300,68.048187,4124200,0,1,156.978077
2005-03-08,109.1600,67.942337,7533400,0,1,156.733988
2005-03-09,108.0100,67.226631,5060900,0,1,155.082796
2005-03-10,108.4700,67.512863,5215200,0,1,155.743273
2005-03-11,107.8400,67.120743,3489300,0,1,154.838707
2005-03-14,108.1400,67.307503,3474500,0,1,155.269453
2005-03-15,107.5700,66.952721,3926400,0,1,154.451036
2005-03-16,106.3500,66.193314,6444500,0,1,152.699337
2005-03-17,106.2900,66.155991,4476200,0,1,152.613188
2005-03-18,105.9600,66.055069,10700300,0.168,1,152.380585
2005-03-21,105.4200,65.718430,7322400,0,1,151.604014
2005-03-22,104.5300,65.163551,7066800,0,1,150.324109
2005-03-23,104.4100,65.088760,7267500,0,1,150.151537
2005-03-24,104.4400,65.107437,5058600,0,1,150.194680
2005-03-28,104.7600,65.306969,4968200,0,1,150.654871
2005-03-29,104.0700,64.876808,7659600,0,1,149.662585
2005-03-30,105.3400,65.668480,5654100,0,1,151.488966
2005-03-31,104.9900,65.450317,7374200,0,1,150.985633
2005-04-01,104.0500,64.864349,7737700,0,1,149.633823
2005-04-04,104.2200,64.970314,11559300,0,1,149.878299
2005-04-05,104.5900,65.201004,4398700,0,1,150.410394
2005-04-06,105.0200,65.469032,4531300,0,1,151.028775
2005-04-07,105.5200,65.780724,3852800,0,1,151.747823
2005-04-08,104.5400,65.169830,3649600,0,1,150.338490
2005-04-11,104.4700,65.126198,3187600,0,1,150.237823
2005-04-12,104.9900,65.450317,9085300,0,1,150.985633
2005-04-13,103.9800,64.820770,8180200,0,1,149.533156
2005-04-14,102.4000,63.835785,10780100,0,1,147.260966
2005-04-15,100.7000,62.821346,12132300,0.074,1,144.922623
2005-04-18,100.5500,62.727764,13000100,0,1,144.706750
2005-04-19,101.2500,63.164429,7633400,0,1,145.714156
2005-04-20,100.1400,62.472069,12009900,0,1,144.116697
2005-04-21,102.1200,63.707272,7323400,0,1,146.966219
2005-04-22,101.8300,63.526314,6159600,0,1,146.548864
2005-04-25,102.4000,63.881912,4631900,0,1,147.369181
2005-04-26,101.5100,63.326660,6071100,0,1,146.088336
2005-04-27,101.9000,63.570019,10413200,0,1,146.649605
2005-04-28,100.5200,62.709053,7083400,0,1,144.663575
2005-04-29,101.8800,63.557522,10176500,0,1,146.620822
2005-05-02,102.5800,63.994167,5349200,0,1,147.628229
2005-05-03,102.8900,64.187584,7114100,0,1,148.074366
2005-05-04,103.7700,64.736572,8803600,0,1,149.340820
2005-05-05,103.5000,64.568123,8842100,0,1,148.952249
2005-05-06,103.4300,64.524445,5379900,0,1,148.851508
2005-05-09,103.7500,64.724091,3912600,0,1,149.312037
2005-05-10,102.7000,64.069084,6964900,0,1,147.800927
2005-05-11,103.0200,64.268730,7684300,0,1,148.261456
2005-05-12,101.9300,63.588699,5534400,0,1,146.692780
2005-05-13,101.6700,63.426502,11750400,0,1,146.318600
2005-05-16,102.6400,64.031654,5840400,0,1,147.714578
2005-05-17,103.4900,64.561928,5973700,0,1,148.937857
2005-05-18,104.8400,65.404083,8503700,0,1,150.880712
2005-05-19,105.1400,65.591278,5010200,0,1,151.312458
2005-05-20,104.6300,65.481743,6342600,0.335,1,151.060607
2005-05-23,105.2200,65.850952,5310900,0,1,151.912425
2005-05-24,104.8300,65.606903,5147900,0,1,151.349359
2005-05-25,104.5900,65.456673,5065900,0,1,151.002856
2005-05-26,105.2700,65.882301,4759800,0,1,151.984613
2005-05-27,105.3700,65.944847,2107100,0,1,152.128989
2005-05-31,104.6300,65.481743,5593300,0,1,151.060607
2005-06-01,105.3300,65.919769,7951400,0,1,152.071238
2005-06-02,105.4700,66.007439,3463700,0,1,152.273365
2005-06-03,104.7200,65.538010,5009600,0,1,151.190545
2005-06-06,104.6300,65.481743,2761400,0,1,151.060607
2005-06-07,104.8800,65.638168,6878900,0,1,151.421547
2005-06-08,104.8000,65.588074,6071000,0,1,151.306046
2005-06-09,104.9800,65.700783,4067300,0,1,151.565922
2005-06-10,105.1700,65.819702,5115500,0,1,151.840237
2005-06-13,105.3400,65.926079,4816100,0,1,152.085676
2005-06-14,105.5700,66.070045,4180400,0,1,152.417741
2005-06-15,105.7400,66.176369,6118100,0,1,152.663180
2005-06-16,105.7800,66.201477,6817800,0,1,152.720930
2005-06-17,106.0400,66.435745,7295800,0.114,1,153.260897
2005-06-20,105.9600,66.385658,3709900,0,1,153.145272
2005-06-21,106.0000,66.410736,3861400,0,1,153.203084
2005-06-22,106.0200,66.423180,3443200,0,1,153.231990
2005-06-23,104.0500,65.188980,12891900,0,1,150.384726
2005-06-24,102.8600,64.443466,9810400,0,1,148.664804
2005-06-27,102.9500,64.499794,9047400,0,1,148.794882
2005-06-28,103.9800,65.145134,6487600,0,1,150.283554
2005-06-29,103.6000,64.907097,5145900,0,1,149.734335
2005-06-30,102.7500,64.374542,9964300,0,1,148.505820
2005-07-01,103.1200,64.606346,6487600,0,1,149.040585
2005-07-05,103.6300,64.925941,4745900,0,1,149.777695
2005-07-06,102.6700,64.324387,8956200,0,1,148.390195
2005-07-07,103.1400,64.618851,13370400,0,1,149.069492
2005-07-08,104.5600,65.508553,8886100,0,1,151.121835
2005-07-11,105.2400,65.934570,6848700,0,1,152.104647
2005-07-12,105.1000,65.846817,6652800,0,1,151.902303
2005-07-13,105.6300,66.178925,6548000,0,1,152.668319
2005-07-14,106.4200,66.673851,10958900,0,1,153.810115
2005-07-15,106.2900,66.651299,4914200,0.094,1,153.758084
2005-07-18,105.9200,66.419189,6084600,0,1,153.222846
2005-07-19,106.5000,66.782959,3829200,0,1,154.061868
2005-07-20,106.6900,66.902115,5790600,0,1,154.336720
2005-07-21,106.1900,66.588554,8750400,0,1,153.613425
2005-07-22,106.4800,66.770386,5836600,0,1,154.032936
2005-07-25,106.1300,66.550972,5809400,0,1,153.526630
2005-07-26,105.8200,66.356529,5627100,0,1,153.078187
2005-07-27,106.3500,66.688881,7002400,0,1,153.844879
2005-07-28,107.0700,67.140388,6609300,0,1,154.886425
2005-07-29,106.6300,66.864464,5551000,0,1,154.249925
2005-08-01,106.1900,66.588554,4700800,0,1,153.613425
2005-08-02,106.7100,66.914619,4396000,0,1,154.365652
2005-08-03,107.0000,67.096481,3290700,0,1,154.785163
2005-08-04,106.1200,66.544662,5165000,0,1,153.512164
2005-08-05,105.6500,66.249954,7191400,0,1,152.832266
2005-08-08,105.5400,66.181000,6558200,0,1,152.673141
2005-08-09,106.2700,66.638741,5427100,0,1,153.729152
2005-08-10,106.2400,66.619850,8485100,0,1,153.685755
2005-08-11,106.8700,67.014977,5800000,0,1,154.597106
2005-08-12,106.0100,66.475685,5361800,0,1,153.353039
2005-08-15,106.6200,66.858261,4665800,0,1,154.235459
2005-08-16,105.4000,66.093140,6792700,0,1,152.470619
2005-08-17,105.6800,66.268776,6394900,0,1,152.875664
2005-08-18,105.7600,66.318916,6723200,0,1,152.991391
2005-08-19,105.7300,66.494370,4033600,0.309,1,153.394990
2005-08-22,105.6600,66.450394,6929700,0,1,153.293433
2005-08-23,105.2800,66.211304,6953900,0,1,152.742122
2005-08-24,104.1800,65.519531,9086400,0,1,151.146222
2005-08-25,104.4600,65.695709,5454900,0,1,151.552451
2005-08-26,103.9000,65.343513,5546700,0,1,150.739993
2005-08-29,104.6400,65.808899,6547200,0,1,151.813598
2005-08-30,104.0000,65.406372,8566800,0,1,150.885075
2005-08-31,104.8900,65.966133,9550100,0,1,152.176303
2005-09-01,104.6000,65.783691,7401300,0,1,151.755566
2005-09-02,104.6000,65.783691,11825500,0,1,151.755566
2005-09-06,105.8300,66.557243,10767100,0,1,153.540072
2005-09-07,106.2300,66.808838,7275000,0,1,154.120399
2005-09-08,105.9100,66.607574,5879000,0,1,153.656137
2005-09-09,106.7600,67.142181,7449900,0,1,154.889332
2005-09-12,106.8100,67.173584,4963100,0,1,154.961873
2005-09-13,106.1100,66.733376,6012100,0,1,153.946301
2005-09-14,105.5700,66.393768,6904700,0,1,153.162859
2005-09-15,105.6600,66.450394,7019500,0,1,153.293433
2005-09-16,106.2300,66.907021,6797100,0.155,1,154.345276
2005-09-19,105.5400,66.472443,8614000,0,1,153.342751
2005-09-20,104.7200,65.955933,11001900,0,1,152.151344
2005-09-21,103.7200,65.326111,10702800,0,1,150.698409
2005-09-22,104.0400,65.527687,7931300,0,1,151.163348
2005-09-23,104.1000,65.565422,4974300,0,1,151.250524
2005-09-26,104.4400,65.779564,6407000,0,1,151.744522
2005-09-27,104.5300,65.836288,8162900,0,1,151.875286
2005-09-28,104.7000,65.943382,6376500,0,1,152.122285
2005-09-29,105.4000,66.384193,9185600,0,1,153.139340
2005-09-30,105.7500,66.604630,4172600,0,1,153.647867
2005-10-03,105.2800,66.308617,5411100,0,1,152.964988
2005-10-04,104.1700,65.609535,6459100,0,1,151.352230
2005-10-05,103.2200,65.011192,8901800,0,1,149.971942
2005-10-06,102.9000,64.809685,11180100,0,1,149.507002
2005-10-07,102.9700,64.853714,6857700,0,1,149.608708
2005-10-10,102.3200,64.444351,5053100,0,1,148.664300
2005-10-11,102.5300,64.576584,7939900,0,1,148.969417
2005-10-12,102.0300,64.261696,16982500,0,1,148.242949
2005-10-13,101.9600,64.217606,8091400,0,1,148.141244
2005-10-14,102.8300,64.765533,8777900,0,1,149.405297
2005-10-17,103.5000,65.187531,10068700,0,1,150.378763
2005-10-18,102.8700,64.790726,4804500,0,1,149.463414
2005-10-19,104.3100,65.697670,12384800,0,1,151.555641
2005-10-20,102.7800,64.734001,10696000,0,1,149.332650
2005-10-21,102.1400,64.417450,10676100,0.138,1,148.603277
2005-10-24,103.7500,65.432869,11279400,0,1,150.945663
2005-10-25,103.7300,65.420265,6667100,0,1,150.916565
2005-10-26,103.5300,65.294136,7512100,0,1,150.625585
2005-10-27,102.3400,64.543579,5411400,0,1,148.894257
2005-10-28,103.8400,65.489563,8511100,0,1,151.076603
2005-10-31,103.9100,65.533775,5342600,0,1,151.178446
2005-11-01,104.1400,65.678864,5384200,0,1,151.513073
2005-11-02,104.7000,66.032005,6249000,0,1,152.327816
2005-11-03,105.2400,66.372574,6455800,0,1,153.113461
2005-11-04,105.1900,66.341072,4155600,0,1,153.040716
2005-11-07,105.6100,66.605919,3314800,0,1,153.651773
2005-11-08,105.6000,66.599625,3077000,0,1,153.637224
2005-11-09,105.6000,66.599625,4387700,0,1,153.637224
2005-11-10,106.5800,67.217712,7604300,0,1,155.063024
2005-11-11,107.0200,67.495209,3297100,0,1,155.703179
2005-11-14,107.2000,67.608681,3607500,0,1,155.965061
2005-11-15,107.1200,67.558197,7408600,0,1,155.848669
2005-11-16,107.0400,67.507843,6907300,0,1,155.732277
2005-11-17,107.3800,67.722237,5314800,0,1,156.226942
2005-11-18,107.5300,67.992844,8014000,0.278,1,156.849639
2005-11-21,108.1600,68.391258,5132900,0,1,157.768594
2005-11-22,108.6400,68.694679,7228500,0,1,158.468750
2005-11-23,109.1800,69.036179,5402800,0,1,159.256426
2005-11-25,109.3300,69.131012,1592000,0,1,159.475225
2005-11-28,109.0400,68.947617,7201700,0,1,159.052214
2005-11-29,108.8900,68.852776,6523900,0,1,158.833415
2005-11-30,108.2200,68.429138,6149900,0,1,157.856113
2005-12-01,109.0600,68.960297,5844300,0,1,159.081387
2005-12-02,108.8200,68.808525,5143600,0,1,158.731309
2005-12-05,108.3900,68.536629,4607400,0,1,158.104086
2005-12-06,108.7000,68.732674,5144600,0,1,158.556270
2005-12-07,108.1000,68.353279,8612400,0,1,157.681074
2005-12-08,107.6400,68.062408,7453200,0,1,157.010091
2005-12-09,107.7400,68.125656,5127800,0,1,157.155957
2005-12-12,107.7200,68.112976,5095700,0,1,157.126784
2005-12-13,108.3900,68.536629,7727900,0,1,158.104086
2005-12-14,109.0000,68.922386,7047400,0,1,158.993868
2005-12-15,108.7700,68.776939,8461600,0,1,158.658376
2005-12-16,108.5100,68.766754,4573100,0.244,1,158.635038
2005-12-19,108.2100,68.576668,7584100,0,1,158.196456
2005-12-20,107.8900,68.373833,5050500,0,1,157.728635
2005-12-21,108.1500,68.538628,5923100,0,1,158.108739
2005-12-22,108.7100,68.893501,4253800,0,1,158.927425
2005-12-23,108.7500,68.918892,1906900,0,1,158.985903
2005-12-27,107.7500,68.285110,8654300,0,1,157.523964
2005-12-28,107.8500,68.348503,4159700,0,1,157.670158
2005-12-29,107.6800,68.240799,2907700,0,1,157.421628
2005-12-30,106.9500,67.778130,5063100,0,1,156.354412
2006-01-03,108.3300,68.652733,9761900,0,1,158.371888
2006-01-04,108.7400,68.912567,5844500,0,1,158.971284
2006-01-05,108.8800,69.001259,4843600,0,1,159.175955
2006-01-06,109.5200,69.406876,9017800,0,1,160.111596
2006-01-09,109.9800,69.698402,10420700,0,1,160.784088
2006-01-10,110.0800,69.761726,6390700,0,1,160.930282
2006-01-11,110.4300,69.983543,4388600,0,1,161.441961
2006-01-12,109.7700,69.565262,6331700,0,1,160.477081
2006-01-13,109.5400,69.419579,3712200,0,1,160.140835
2006-01-17,109.0100,69.083641,3914400,0,1,159.366007
2006-01-18,108.6000,68.823837,4962200,0,1,158.766612
2006-01-19,108.7300,68.906197,4596400,0,1,158.956664
2006-01-20,106.4700,67.548500,16440200,0.12,1,155.828114
2006-01-23,106.8600,67.795990,7596300,0,1,156.398913
2006-01-24,106.9400,67.846725,7147800,0,1,156.516000
2006-01-25,107.1500,67.979973,9525900,0,1,156.823353
2006-01-26,108.0100,68.525581,8234300,0,1,158.082038
2006-01-27,109.1100,69.223396,7922800,0,1,159.691984
2006-01-30,108.9100,69.096565,4822900,0,1,159.399266
2006-01-31,108.2700,68.690483,5224700,0,1,158.462571
2006-02-01,109.5700,69.515221,7068500,0,1,160.365234
2006-02-02,108.3000,68.709518,7334800,0,1,158.506478
2006-02-03,107.7900,68.385933,5108600,0,1,157.760049
2006-02-06,108.0200,68.531883,3454100,0,1,158.096674
2006-02-07,107.4800,68.189270,11363000,0,1,157.306337
2006-02-08,108.5900,68.893456,5261200,0,1,158.930919
2006-02-09,108.8400,69.052124,7852600,0,1,159.296815
2006-02-10,109.1300,69.236122,7640600,0,1,159.721256
2006-02-13,109.0500,69.185326,10955500,0,1,159.604169
2006-02-14,110.4000,70.041870,13191000,0,1,161.580011
2006-02-15,110.7000,70.232170,9483800,0,1,162.019087
2006-02-16,111.2700,70.593834,5659100,0,1,162.853332
2006-02-17,111.0200,70.564606,3941800,0.204,1,162.786007
2006-02-21,110.5700,70.278564,9063600,0,1,162.126183
2006-02-22,111.1000,70.615425,5032100,0,1,162.903309
2006-02-23,110.7400,70.386620,9454300,0,1,162.375450
2006-02-24,110.7600,70.399323,5469600,0,1,162.404775
2006-02-27,110.8500,70.456482,2547500,0,1,162.536740
2006-02-28,109.9000,69.852669,6669100,0,1,161.143777
2006-03-01,110.4600,70.208649,4725400,0,1,161.964892
2006-03-02,110.3800,70.157768,5008800,0,1,161.847590
2006-03-03,110.0700,69.960739,6315000,0,1,161.393044
2006-03-06,109.6300,69.681091,5497300,0,1,160.747883
2006-03-07,109.8500,69.820946,6271500,0,1,161.070464
2006-03-08,110.1000,69.979774,6353000,0,1,161.437033
2006-03-09,109.7100,69.731926,6042400,0,1,160.865185
2006-03-10,110.8500,70.456482,8351400,0,1,162.536740
2006-03-13,111.0100,70.558220,5690200,0,1,162.771344
2006-03-14,111.6200,70.945923,4981700,0,1,163.665773
2006-03-15,112.3300,71.397186,5835200,0,1,164.706829
2006-03-16,112.7700,71.676895,6334700,0,1,165.351991
2006-03-17,112.7000,71.790886,5742800,0.249,1,165.614454
2006-03-20,112.6900,71.784538,6846500,0,1,165.599759
2006-03-21,112.3100,71.542458,8855200,0,1,165.041343
2006-03-22,113.0600,72.020195,7281700,0,1,166.143480
2006-03-23,112.7800,71.841850,6603900,0,1,165.732015
2006-03-24,112.7500,71.822739,4651600,0,1,165.687930
2006-03-27,112.4500,71.631645,3459600,0,1,165.247075
2006-03-28,111.4300,70.981880,8467700,0,1,163.748169
2006-03-29,111.9700,71.325882,7838700,0,1,164.541707
2006-03-30,111.4200,70.975540,8894100,0,1,163.733474
2006-03-31,111.3100,70.905434,6037000,0,1,163.571827
2006-04-03,111.3100,70.905434,7856300,0,1,163.571827
2006-04-04,112.0000,71.345032,6192100,0,1,164.585793
2006-04-05,112.3600,71.574333,7691900,0,1,165.114819
2006-04-06,112.1700,71.453316,5248200,0,1,164.835611
2006-04-07,111.2400,70.860855,7292800,0,1,163.468961
2006-04-10,111.5100,71.032822,5947700,0,1,163.865730
2006-04-11,110.9300,70.663368,7484400,0,1,163.013411
2006-04-12,111.2900,70.892723,3721200,0,1,163.542437
2006-04-13,111.2800,70.886345,4230500,0,1,163.527741
2006-04-17,110.8300,70.599709,5455900,0,1,162.866459
2006-04-18,112.6400,71.752663,10870700,0,1,165.526283
2006-04-19,112.8600,71.892838,6002100,0,1,165.849577
2006-04-20,113.4900,72.294174,10126900,0,1,166.775372
2006-04-21,113.4000,72.313866,6997100,0.121,1,166.820927
2006-04-24,113.3500,72.281982,5136000,0,1,166.747373
2006-04-25,112.8400,71.956795,8235400,0,1,165.997120
2006-04-26,113.3900,72.307549,6018800,0,1,166.806216
2006-04-27,113.7700,72.549843,14549000,0,1,167.365228
2006-04-28,113.8800,72.620003,4110100,0,1,167.527047
2006-05-01,113.3000,72.250175,5649300,0,1,166.673818
2006-05-02,114.1500,72.792122,6042300,0,1,167.924240
2006-05-03,113.9600,72.670944,4748300,0,1,167.644734
2006-05-04,114.3300,72.906906,4126700,0,1,168.189035
2006-05-05,115.6300,73.735947,6889900,0,1,170.101444
2006-05-08,115.7500,73.812523,3502300,0,1,170.277974
2006-05-09,116.3400,74.188705,3952400,0,1,171.145914
2006-05-10,116.5600,74.328964,8291900,0,1,171.469552
2006-05-11,115.1900,73.455330,9635700,0,1,169.454167
2006-05-12,113.8700,72.613602,9974000,0,1,167.512336
2006-05-15,114.3200,72.900589,7380100,0,1,168.174324
2006-05-16,114.3000,72.887794,6972200,0,1,168.144902
2006-05-17,111.9900,71.414749,17248200,0,1,164.746698
2006-05-18,111.4200,71.051292,10613500,0,1,163.908180
2006-05-19,111.4700,71.261612,22180500,0.279,1,164.392167
2006-05-22,110.9700,70.941940,16605100,0,1,163.654784
2006-05-23,110.3700,70.558372,9473200,0,1,162.769924
2006-05-24,111.1300,71.044281,15372400,0,1,163.890747
2006-05-25,112.0500,71.632393,8585700,0,1,165.247531
2006-05-26,112.7800,72.099052,5280200,0,1,166.324111
2006-05-30,110.8300,70.852470,8299800,0,1,163.448317
2006-05-31,111.7300,71.427803,7130200,0,1,164.775606
2006-06-01,112.4000,71.856155,5982200,0,1,165.763699
2006-06-02,112.3600,71.830589,6554400,0,1,165.704709
2006-06-05,110.6900,70.762970,9940600,0,1,163.241850
2006-06-06,109.9900,70.315491,15140100,0,1,162.209513
2006-06-07,109.1900,69.804001,9062900,0,1,161.029701
2006-06-08,109.0000,69.682579,26005000,0,1,160.749495
2006-06-09,108.8300,69.573914,7295800,0,1,160.498785
2006-06-12,107.9500,69.011330,9054200,0,1,159.200991
2006-06-13,106.9700,68.384796,13085700,0,1,157.755720
2006-06-14,108.3300,69.254234,10351500,0,1,159.761402
2006-06-15,110.3500,70.545624,11215100,0,1,162.740429
2006-06-16,109.9800,70.413689,5751300,0.164,1,162.436627
2006-06-19,109.1700,69.895157,7078800,0,1,161.240286
2006-06-20,109.8600,70.336884,7217400,0,1,162.259392
2006-06-21,110.7100,70.881134,9160600,0,1,163.514812
2006-06-22,110.2000,70.554581,4818100,0,1,162.761560
2006-06-23,109.9700,70.407257,6711600,0,1,162.421858
2006-06-26,110.4000,70.682602,4298800,0,1,163.056953
2006-06-27,109.2600,69.952721,6514800,0,1,161.373212
2006-06-28,109.8200,70.311287,3983900,0,1,162.200313
2006-06-29,111.8000,71.578964,8164300,0,1,165.124704
2006-06-30,111.7900,71.572517,3904500,0,1,165.109934
2006-07-03,112.2000,71.835022,1052200,0,1,165.715490
2006-07-05,111.4700,71.367676,3459400,0,1,164.637305
2006-07-06,112.1900,71.828621,9406000,0,1,165.700720
2006-07-07,110.9600,71.041122,7181800,0,1,163.884053
2006-07-10,111.1500,71.162773,4375500,0,1,164.164677
2006-07-11,111.4700,71.367676,5236100,0,1,164.637305
2006-07-12,110.3300,70.637779,4850200,0,1,162.953565
2006-07-13,108.3000,69.338112,16123600,0,1,159.955326
2006-07-14,107.3200,68.710663,8206500,0,1,158.507900
2006-07-17,107.5200,68.838730,8335300,0,1,158.803293
2006-07-18,108.1900,69.267647,11280500,0,1,159.792860
2006-07-19,110.0400,70.452133,11503300,0,1,162.525245
2006-07-20,109.4200,70.055168,7764700,0,1,161.609527
2006-07-21,108.5600,69.599342,9159500,0.149,1,160.559405
2006-07-24,110.5000,70.843124,9628100,0,1,163.428650
2006-07-25,110.7900,71.029053,8120800,0,1,163.857557
2006-07-26,110.9100,71.105965,6206200,0,1,164.035037
2006-07-27,111.2700,71.336739,9135400,0,1,164.567474
2006-07-28,112.0700,71.849594,11306000,0,1,165.750668
2006-07-31,111.9000,71.740669,3906800,0,1,165.499239
2006-08-01,111.2200,71.304710,5439000,0,1,164.493524
2006-08-02,111.9800,71.791969,3929700,0,1,165.617558
2006-08-03,112.5900,72.183067,6181100,0,1,166.519744
2006-08-04,112.4800,72.112495,7698000,0,1,166.357054
2006-08-07,112.3400,72.022713,3623200,0,1,166.149996
2006-08-08,111.8400,71.702141,9064600,0,1,165.410499
2006-08-09,110.9500,71.131599,8368700,0,1,164.094196
2006-08-10,111.3000,71.355980,7656700,0,1,164.611844
2006-08-11,111.0500,71.195702,5275000,0,1,164.242095
2006-08-14,111.1500,71.259766,7949500,0,1,164.389995
2006-08-15,112.2600,71.971481,4695800,0,1,166.031676
2006-08-16,113.3800,72.689491,6681000,0,1,167.688148
2006-08-17,113.4600,72.740822,5959600,0,1,167.806467
2006-08-18,113.8000,73.117310,3983200,0.246,1,168.673156
2006-08-21,113.5000,72.924553,5056000,0,1,168.228500
2006-08-22,113.2800,72.783203,3930800,0,1,167.902418
2006-08-23,113.1100,72.673981,7033800,0,1,167.650446
2006-08-24,112.8000,72.474808,4049000,0,1,167.190967
2006-08-25,112.8400,72.500465,3559800,0,1,167.250255
2006-08-28,113.4400,72.886002,3875800,0,1,168.139568
2006-08-29,113.5100,72.931030,4967000,0,1,168.243321
2006-08-30,113.7600,73.091629,4297200,0,1,168.613869
2006-08-31,113.8100,73.123680,3894800,0,1,168.687978
2006-09-01,114.7000,73.695602,4494400,0,1,170.007127
2006-09-05,114.7300,73.714844,5085300,0,1,170.051593
2006-09-06,114.1400,73.335808,4347600,0,1,169.177101
2006-09-07,113.5600,72.963089,7050000,0,1,168.317431
2006-09-08,113.8700,73.162254,3220000,0,1,168.776910
2006-09-11,113.9600,73.220139,5681400,0,1,168.910307
2006-09-12,114.9800,73.875412,9111200,0,1,170.422140
2006-09-13,115.4700,74.190277,4674000,0,1,171.148413
2006-09-14,115.5100,74.215988,4182000,0,1,171.207700
2006-09-15,115.5900,74.400734,7672200,0.207,1,171.633089
2006-09-18,115.5200,74.355713,7036500,0,1,171.529150
2006-09-19,115.3400,74.239799,8697300,0,1,171.261878
2006-09-20,116.0800,74.716095,8912900,0,1,172.360662
2006-09-21,115.3700,74.259148,8600800,0,1,171.306423
2006-09-22,115.0100,74.027435,5824500,0,1,170.771879
2006-09-25,115.6000,74.407173,7954400,0,1,171.647937
2006-09-26,116.5900,75.044418,5624600,0,1,173.117932
2006-09-27,116.9800,75.295334,13105000,0,1,173.697021
2006-09-28,116.9000,75.243935,11939700,0,1,173.578234
2006-09-29,116.7400,75.140923,6476600,0,1,173.340659
2006-10-02,116.6200,75.063713,7034700,0,1,173.162478
2006-10-03,117.1400,75.398453,8935000,0,1,173.934596
2006-10-04,118.3900,76.202965,9500700,0,1,175.790651
2006-10-05,118.6200,76.350960,7159600,0,1,176.132165
2006-10-06,118.5200,76.286659,8877700,0,1,175.983681
2006-10-09,118.6200,76.350960,3432300,0,1,176.132165
2006-10-10,118.5600,76.312454,6717700,0,1,176.043075
2006-10-11,118.5800,76.325294,8384200,0,1,176.072771
2006-10-12,119.4600,76.891708,5467800,0,1,177.379434
2006-10-13,119.6400,77.007515,5290000,0,1,177.646706
2006-10-16,119.7700,77.091232,6899400,0,1,177.839736
2006-10-17,119.5700,76.962563,9414600,0,1,177.542767
2006-10-18,119.9000,77.174934,8739600,0,1,178.032765
2006-10-19,120.1500,77.335800,6592000,0,1,178.403976
2006-10-20,119.9300,77.288773,8226900,0.147,1,178.295583
2006-10-23,120.8700,77.894531,9888200,0,1,179.693046
2006-10-24,121.2100,78.113655,7025100,0,1,180.198512
2006-10-25,121.3900,78.229698,8617200,0,1,180.466112
2006-10-26,121.4300,78.255463,6657000,0,1,180.525578
2006-10-27,120.8600,77.888077,8672500,0,1,179.678180
2006-10-30,120.7700,77.830086,5699600,0,1,179.544380
2006-10-31,120.7300,77.804321,8360000,0,1,179.484914
2006-11-01,120.2600,77.501480,7596000,0,1,178.786182
2006-11-02,120.0000,77.333900,6938800,0,1,178.399649
2006-11-03,119.7800,77.192108,6840900,0,1,178.072583
2006-11-06,121.0100,77.984787,7444400,0,1,179.901179
2006-11-07,121.5500,78.332787,9506400,0,1,180.703978
2006-11-08,121.8300,78.513206,9262100,0,1,181.120244
2006-11-09,121.1600,78.081421,5962600,0,1,180.124179
2006-11-10,121.1100,78.049202,3718400,0,1,180.049846
2006-11-13,121.3500,78.203903,5695200,0,1,180.406645
2006-11-14,122.3200,78.828964,7650200,0,1,181.848709
2006-11-15,122.6900,79.067429,8817400,0,1,182.398775
2006-11-16,123.3600,79.499245,6310100,0,1,183.394839
2006-11-17,123.2600,79.640755,6493600,0.319,1,183.720419
2006-11-20,123.1300,79.556725,5772200,0,1,183.526652
2006-11-21,123.1500,79.569687,5692600,0,1,183.556462
2006-11-22,123.2500,79.634270,3947300,0,1,183.705513
2006-11-24,122.6800,79.265961,2480000,0,1,182.855922
2006-11-27,121.1100,78.251541,9329500,0,1,180.515819
2006-11-28,121.2600,78.348518,8415800,0,1,180.739396
2006-11-29,122.3300,79.039871,9318400,0,1,182.334243
2006-11-30,122.2800,79.007515,12809400,0,1,182.259718
2006-12-01,122.0500,78.858948,14513700,0,1,181.916900
2006-12-04,122.8000,79.343544,6279300,0,1,183.034783
2006-12-05,123.3600,79.705383,6599200,0,1,183.869470
2006-12-06,123.1500,79.569687,4234800,0,1,183.556462
2006-12-07,122.7600,79.317665,6432500,0,1,182.975163
2006-12-08,123.0000,79.472778,7319600,0,1,183.332886
2006-12-11,123.3400,79.692451,3908400,0,1,183.839659
2006-12-12,123.1900,79.595490,8976800,0,1,183.616083
2006-12-13,123.3500,79.698944,4444800,0,1,183.854565
2006-12-14,124.2300,80.267487,6851000,0,1,185.166214
2006-12-15,124.1500,80.429398,9366400,0.33,1,185.538842
2006-12-18,124.2200,80.474785,6767800,0,1,185.643455
2006-12-19,124.3800,80.578384,6186200,0,1,185.882571
2006-12-20,124.4200,80.604370,4705700,0,1,185.942350
2006-12-21,123.9900,80.325775,5991800,0,1,185.299727
2006-12-22,123.1800,79.801018,6811000,0,1,184.089203
2006-12-26,123.9700,80.312836,4076200,0,1,185.269837
2006-12-27,124.9300,80.934738,5714600,0,1,186.704531
2006-12-28,124.8000,80.850533,6691600,0,1,186.510250
2006-12-29,124.4100,80.597847,4935800,0,1,185.927405
2007-01-03,124.4700,80.636734,11525000,0,1,186.017074
2007-01-04,124.6800,80.772812,10318700,0,1,186.330913
2007-01-05,123.7400,80.163857,9389000,0,1,184.926108
2007-01-08,124.1400,80.422951,8092400,0,1,185.523898
2007-01-09,124.0700,80.377617,7438700,0,1,185.419284
2007-01-10,124.4300,80.610847,8961200,0,1,185.957295
2007-01-11,124.9900,80.973671,7467000,0,1,186.794200
2007-01-12,125.6600,81.407692,5995700,0,1,187.795497
2007-01-16,125.7000,81.433578,7052400,0,1,187.855276
2007-01-17,125.7500,81.465973,8768600,0,1,187.929999
2007-01-18,125.5100,81.310509,10423800,0,1,187.571326
2007-01-19,125.5500,81.388329,10946400,0.08,1,187.750663
2007-01-22,124.7500,80.869682,10233200,0,1,186.554322
2007-01-23,125.3300,81.245682,6596600,0,1,187.421669
2007-01-24,126.0700,81.725365,10118500,0,1,188.528284
2007-01-25,124.9700,81.012276,8768800,0,1,186.883316
2007-01-26,124.7700,80.882668,9675900,0,1,186.584231
2007-01-29,124.8200,80.915070,6681200,0,1,186.659002
2007-01-30,125.1600,81.135483,7639900,0,1,187.167447
2007-01-31,126.2400,81.835602,9790200,0,1,188.782506
2007-02-01,126.7400,82.159744,8707400,0,1,189.530219
2007-02-02,126.5300,82.023514,5961000,0,1,189.216180
2007-02-05,126.6800,82.120819,4625000,0,1,189.440493
2007-02-06,126.6500,82.101357,7254800,0,1,189.395631
2007-02-07,126.7900,82.192093,5930400,0,1,189.604990
2007-02-08,126.4700,81.984657,6289600,0,1,189.126454
2007-02-09,125.8800,81.602257,6601100,0,1,188.244153
2007-02-12,125.5900,81.414207,9208000,0,1,187.810480
2007-02-13,126.6300,82.088394,6416000,0,1,189.365722
2007-02-14,127.4800,82.639374,7395600,0,1,190.636834
2007-02-15,127.7700,82.827423,6077800,0,1,191.070507
2007-02-16,127.5700,82.846893,5813600,0.23,1,191.115370
2007-02-20,127.6600,82.905273,5611900,0,1,191.250201
2007-02-21,127.3700,82.716972,5303800,0,1,190.815745
2007-02-22,126.7900,82.340340,7221000,0,1,189.946835
2007-02-23,126.4100,82.093536,5916600,0,1,189.377549
2007-02-26,126.3400,82.048088,7599500,0,1,189.272680
2007-02-27,121.6000,78.969841,32106200,0,1,182.171584
2007-02-28,122.6600,79.658257,19617800,0,1,183.759593
2007-03-01,122.4400,79.515312,24877800,0,1,183.430006
2007-03-02,120.9600,78.554245,17515400,0,1,181.212786
2007-03-05,120.3000,78.125641,15602600,0,1,180.224026
2007-03-06,122.0600,79.268608,9048100,0,1,182.860720
2007-03-07,122.0000,79.229622,6965700,0,1,182.770833
2007-03-08,122.8000,79.749115,7570300,0,1,183.969330
2007-03-09,122.9900,79.872528,9315800,0,1,184.253973
2007-03-12,123.1500,79.976463,6396100,0,1,184.493672
2007-03-13,121.0200,78.593132,13714600,0,1,181.302673
2007-03-14,121.6600,79.008812,22827500,0,1,182.261471
2007-03-15,121.7900,79.093246,7905600,0,1,182.456227
2007-03-16,121.0500,78.791855,8491600,0.277,1,181.762597
2007-03-19,122.2800,79.592445,6829200,0,1,183.609503
2007-03-20,122.8200,79.943939,7412600,0,1,184.420340
2007-03-21,124.2900,80.900780,9723600,0,1,186.627618
2007-03-22,124.4500,81.004929,6477800,0,1,186.867866
2007-03-23,124.6900,81.161156,5276200,0,1,187.228238
2007-03-26,124.3600,80.946350,7972500,0,1,186.732726
2007-03-27,123.8900,80.640457,7691500,0,1,186.026998
2007-03-28,123.0000,80.061142,13868800,0,1,184.690619
2007-03-29,123.3000,80.256393,9107700,0,1,185.141084
2007-03-30,123.5900,80.445213,9827200,0,1,185.576533
2007-04-02,123.6500,80.484177,6195200,0,1,185.666626
2007-04-03,124.9900,81.356369,7328400,0,1,187.678703
2007-04-04,125.1800,81.480034,4879800,0,1,187.963997
2007-04-05,125.4600,81.662354,4046000,0,1,188.384431
2007-04-09,125.6500,81.785980,3529200,0,1,188.669726
2007-04-10,125.5900,81.746971,5668800,0,1,188.579633
2007-04-11,124.9000,81.297844,9250600,0,1,187.543563
2007-04-12,125.4100,81.629829,5984200,0,1,188.309354
2007-04-13,126.1500,82.111473,5935800,0,1,189.420500
2007-04-16,127.0400,82.690758,7969000,0,1,190.756880
2007-04-17,127.7500,83.152985,7932200,0,1,191.822980
2007-04-18,128.0400,83.341698,9222000,0,1,192.258430
2007-04-19,128.2300,83.465324,8618600,0,1,192.543724
2007-04-20,129.5700,84.407310,10280800,0.106,1,194.714965
2007-04-23,129.1700,84.146759,7509000,0,1,194.113854
2007-04-24,129.4800,84.348709,10591300,0,1,194.579715
2007-04-25,130.6200,85.091301,12649900,0,1,196.292882
2007-04-26,131.2000,85.469147,9708800,0,1,197.164493
2007-04-27,131.2300,85.488701,7526200,0,1,197.209577
2007-04-30,130.6700,85.123871,10288000,0,1,196.368021
2007-05-01,131.2900,85.527824,21228200,0,1,197.299743
2007-05-02,132.1400,86.081497,9341000,0,1,198.577105
2007-05-03,132.3900,86.244415,9363700,0,1,198.952799
2007-05-04,132.7400,86.472351,10687600,0,1,199.478772
2007-05-07,133.0400,86.667839,10477600,0,1,199.929605
2007-05-08,133.1200,86.719986,9462600,0,1,200.049827
2007-05-09,133.5700,87.013107,9628000,0,1,200.726077
2007-05-10,132.5000,86.316032,14855800,0,1,199.118105
2007-05-11,133.5600,87.006584,10151200,0,1,200.711050
2007-05-14,133.7200,87.110840,10734000,0,1,200.951494
2007-05-15,134.1200,87.371414,21494200,0,1,201.552605
2007-05-16,135.1200,88.022797,14911200,0,1,203.055384
2007-05-17,134.9300,87.899078,12408200,0,1,202.769856
2007-05-18,135.5000,88.502617,9481600,0.354,1,204.158423
2007-05-21,135.2000,88.306679,12668600,0,1,203.706412
2007-05-22,135.1600,88.280533,11193000,0,1,203.646143
2007-05-23,135.2000,88.306679,10997000,0,1,203.706412
2007-05-24,134.3900,87.777573,28156800,0,1,202.485981
2007-05-25,134.8900,88.104141,10227600,0,1,203.239333
2007-05-29,135.2200,88.319763,12177200,0,1,203.736546
2007-05-30,136.2800,89.012039,14456600,0,1,205.333652
2007-05-31,136.2900,89.018555,8996400,0,1,205.348719
2007-06-01,136.6100,89.227585,9593200,0,1,205.830864
2007-06-04,136.5600,89.194908,7430400,0,1,205.755529
2007-06-05,135.9800,88.816109,13404800,0,1,204.881641
2007-06-06,134.4900,87.842873,15041600,0,1,202.636652
2007-06-07,132.5300,86.562759,26022900,0,1,199.683511
2007-06-08,134.1000,87.588097,19097800,0,1,202.049037
2007-06-11,134.2400,87.679588,10273100,0,1,202.259975
2007-06-12,132.9200,86.817459,19846200,0,1,200.271126
2007-06-13,134.8000,88.045418,17254900,0,1,203.103730
2007-06-14,135.7000,88.633202,12749000,0,1,204.459764
2007-06-15,136.1900,89.064178,10995200,0.169,1,205.452682
2007-06-18,135.9400,88.900703,10175000,0,1,205.075538
2007-06-19,136.2700,89.116470,10656400,0,1,205.573368
2007-06-20,134.8500,88.187851,16986200,0,1,203.431193
2007-06-21,135.3700,88.527931,26946200,0,1,204.215651
2007-06-22,133.9700,87.612320,22142200,0,1,202.103648
2007-06-25,133.6200,87.383461,18960000,0,1,201.575647
2007-06-26,132.8000,86.847198,21826500,0,1,200.338616
2007-06-27,134.1200,87.710472,20981000,0,1,202.329934
2007-06-28,134.0900,87.690826,13935600,0,1,202.284676
2007-06-29,134.2000,87.762787,19466600,0,1,202.450620
2007-07-02,135.2700,88.462486,8861200,0,1,204.064794
2007-07-03,135.6900,88.737228,7521000,0,1,204.698395
2007-07-05,135.5600,88.652130,9392200,0,1,204.502280
2007-07-06,136.1300,89.024971,8218700,0,1,205.362167
2007-07-09,136.4800,89.253822,9688800,0,1,205.890168
2007-07-10,135.0200,88.299019,12622800,0,1,203.687650
2007-07-11,135.9000,88.874489,16698200,0,1,205.015195
2007-07-12,138.3400,90.470230,13518100,0,1,208.696116
2007-07-13,138.9100,90.842995,8507800,0,1,209.556003
2007-07-16,139.4600,91.202621,11637900,0,1,210.385718
2007-07-17,139.8000,91.425034,13299300,0,1,210.898634
2007-07-18,139.3300,91.117653,20804700,0,1,210.189604
2007-07-19,139.8900,91.483833,8731800,0,1,211.034405
2007-07-20,138.5400,90.707336,19277200,0.164,1,209.245237
2007-07-23,139.2100,91.146019,12709000,0,1,210.257178
2007-07-24,137.2700,89.875893,20848000,0,1,207.327080
2007-07-25,137.5000,90.026421,22438800,0,1,207.674462
2007-07-26,134.7100,88.199722,46788100,0,1,203.460559
2007-07-27,132.1100,86.497330,31428100,0,1,199.533624
2007-07-30,133.5400,87.433647,22838700,0,1,201.693438
2007-07-31,132.1700,86.536644,23253600,0,1,199.624245
2007-08-01,133.4100,87.348587,42193500,0,1,201.497091
2007-08-02,134.7800,88.245514,22635400,0,1,203.566284
2007-08-03,132.1900,86.549789,34061000,0,1,199.654452
2007-08-06,134.2000,87.865807,31192300,0,1,202.690275
2007-08-07,135.0500,88.422310,25705000,0,1,203.974081
2007-08-08,136.5500,89.404388,27549800,0,1,206.239621
2007-08-09,132.7900,86.942604,38884900,0,1,200.560668
2007-08-10,131.9400,86.386032,37277200,0,1,199.276862
2007-08-13,132.1800,86.543182,17085800,0,1,199.639349
2007-08-14,130.4900,85.436707,20864000,0,1,197.086841
2007-08-15,128.8500,84.363007,28964000,0,1,194.609851
2007-08-16,129.1500,84.559372,52563400,0,1,195.062959
2007-08-17,130.5500,85.665070,33292800,0.285,1,197.607915
2007-08-20,130.9600,85.934082,16906000,0,1,198.228514
2007-08-21,130.6800,85.750282,14383300,0,1,197.804690
2007-08-22,132.2900,86.806786,12808700,0,1,200.241678
2007-08-23,132.1700,86.728027,14056300,0,1,200.060039
2007-08-24,133.6400,87.692589,9666100,0,1,202.285115
2007-08-27,133.1200,87.351425,8506400,0,1,201.498013
2007-08-28,130.4900,85.625656,13055600,0,1,197.517095
2007-08-29,132.7400,87.102051,10693800,0,1,200.922824
2007-08-30,132.5700,86.990562,12705200,0,1,200.665502
2007-08-31,133.4000,87.535194,11117600,0,1,201.921837
2007-09-04,134.3400,88.151970,11602900,0,1,203.344675
2007-09-05,133.2200,87.417046,11230800,0,1,201.649379
2007-09-06,133.5300,87.620476,10084000,0,1,202.118613
2007-09-07,131.5200,86.301476,18245400,0,1,199.076162
2007-09-10,131.4300,86.242455,14392100,0,1,198.939933
2007-09-11,133.0800,87.325172,11502400,0,1,201.437467
2007-09-12,133.2500,87.436745,11402900,0,1,201.694789
2007-09-13,134.3000,88.125725,8318400,0,1,203.284128
2007-09-14,134.4600,88.230759,10337200,0,1,203.526314
2007-09-17,134.0600,87.968254,8774100,0,1,202.920851
2007-09-18,137.3500,90.127075,18362400,0,1,207.900782
2007-09-19,138.1600,90.658585,13554200,0,1,209.126844
2007-09-20,137.7000,90.356789,9651600,0,1,208.430562
2007-09-21,137.9000,90.643982,8249600,0.237,1,209.092030
2007-09-24,137.5500,90.413971,9445500,0,1,208.561340
2007-09-25,137.7200,90.525681,13487100,0,1,208.819104
2007-09-26,138.5300,91.058113,8384000,0,1,210.047273
2007-09-27,139.1300,91.452454,8948300,0,1,210.957028
2007-09-28,138.9100,91.307922,10128400,0,1,210.623451
2007-10-01,140.6000,92.418793,10164200,0,1,213.185928
2007-10-02,140.1200,92.103271,12705600,0,1,212.458124
2007-10-03,139.6100,91.768013,7918300,0,1,211.684832
2007-10-04,139.5100,91.702286,7234600,0,1,211.533206
2007-10-05,140.6800,92.471336,9357800,0,1,213.307228
2007-10-08,140.2600,92.195312,5129400,0,1,212.670400
2007-10-09,141.5700,93.056343,9070400,0,1,214.656698
2007-10-10,140.7300,92.504150,9729400,0,1,213.383041
2007-10-11,140.2100,92.162407,21857700,0,1,212.594587
2007-10-12,141.1200,92.760605,7714600,0,1,213.974382
2007-10-15,140.0200,92.037544,12383600,0,1,212.306498
2007-10-16,139.1600,91.472260,13953500,0,1,211.002516
2007-10-17,139.1600,91.472260,20261500,0,1,211.002516
2007-10-18,138.8000,91.235626,11615700,0,1,210.456663
2007-10-19,134.9300,88.789658,33071200,0.153,1,204.820730
2007-10-22,135.4500,89.131836,16391200,0,1,205.610079
2007-10-23,136.4200,89.770157,13325600,0,1,207.082517
2007-10-24,136.5000,89.822784,22583800,0,1,207.203955
2007-10-25,136.9000,90.086052,16618800,0,1,207.811146
2007-10-26,137.9500,90.776924,9929800,0,1,209.405023
2007-10-29,138.6500,91.237602,8663400,0,1,210.467607
2007-10-30,137.8200,90.691429,8531000,0,1,209.207686
2007-10-31,138.9500,91.434998,19378200,0,1,210.923001
2007-11-01,135.8500,89.395065,25301400,0,1,206.217270
2007-11-02,136.0500,89.526649,20988000,0,1,206.520865
2007-11-05,135.2100,88.973923,13954800,0,1,205.245764
2007-11-06,136.5100,89.829330,11092400,0,1,207.219135
2007-11-07,133.3500,87.749954,18182700,0,1,202.422326
2007-11-08,132.4500,87.157722,38375700,0,1,201.056146
2007-11-09,130.3100,85.749496,20911400,0,1,197.807673
2007-11-12,129.7700,85.394135,20703800,0,1,196.987965
2007-11-13,133.1400,87.611763,15043400,0,1,202.103550
2007-11-14,132.7100,87.328812,13708200,0,1,201.450820
2007-11-15,131.4700,86.512779,18693600,0,1,199.568527
2007-11-16,131.4400,86.742477,22485600,0.378,1,200.096784
2007-11-19,129.6000,85.528214,21362600,0,1,197.295672
2007-11-20,130.3300,86.009972,29928200,0,1,198.406983
2007-11-21,127.7900,84.333771,18182400,0,1,194.540231
2007-11-23,129.4200,85.409462,7232400,0,1,197.021651
2007-11-26,127.4600,84.115967,11480600,0,1,194.037858
2007-11-27,129.3200,85.343407,23078300,0,1,196.869416
2007-11-28,132.8300,87.659782,17995800,0,1,202.212841
2007-11-29,133.1700,87.884239,15940400,0,1,202.730437
2007-11-30,134.1600,88.537476,18892200,0,1,204.237557
2007-12-03,133.3100,87.976585,12645700,0,1,202.943565
2007-12-04,132.4300,87.395790,8191700,0,1,201.603903
2007-12-05,134.4500,88.728912,11851000,0,1,204.679037
2007-12-06,136.0800,89.804550,12317200,0,1,207.160456
2007-12-07,136.3900,90.009193,8477600,0,1,207.632382
2007-12-10,137.4000,90.675705,7327600,0,1,209.169949
2007-12-11,134.4000,88.695900,20363200,0,1,204.602919
2007-12-12,135.0000,89.091850,15786800,0,1,205.516325
2007-12-13,135.0000,89.091850,14104200,0,1,205.516325
2007-12-14,133.4500,88.068985,12506900,0,1,203.156693
2007-12-17,131.9300,87.065826,10828800,0,1,200.842732
2007-12-18,132.5500,87.474998,13719100,0,1,201.786585
2007-12-19,132.2700,87.290215,14342800,0,1,201.360329
2007-12-20,132.7100,87.580658,12707000,0,1,202.030159
2007-12-21,134.3400,88.871323,11031800,0.321,1,205.000251
2007-12-24,135.3100,89.512894,3655600,0,1,206.480452
2007-12-26,135.4200,89.585770,5743000,0,1,206.648310
2007-12-27,133.6800,88.434647,8127800,0,1,203.993104
2007-12-28,133.4100,88.256020,7819200,0,1,203.581089
2007-12-31,132.5500,87.687057,6463400,0,1,202.268745
2008-01-02,130.6300,86.416954,14811000,0,1,199.338862
2008-01-03,130.7400,86.489708,8206300,0,1,199.506720
2008-01-04,128.1700,84.789528,15022600,0,1,195.584950
2008-01-07,128.0600,84.716789,19666500,0,1,195.417092
2008-01-08,125.8500,83.254784,21236800,0,1,192.044675
2008-01-09,126.9600,83.989120,24161600,0,1,193.738513
2008-01-10,127.8200,84.558044,25310700,0,1,195.050857
2008-01-11,126.1900,83.479767,22464400,0,1,192.563508
2008-01-14,127.5100,84.353004,7932600,0,1,194.577803
2008-01-15,125.3000,82.890976,19807000,0,1,191.205385
2008-01-16,124.6500,82.460938,25572000,0,1,190.213498
2008-01-17,121.7700,80.555656,30879600,0,1,185.818673
2008-01-18,120.5700,79.853661,35591900,0.14,1,184.201134
2008-01-22,119.2200,78.959587,38318000,0,1,182.138668
2008-01-23,122.7000,81.264412,42838800,0,1,187.455247
2008-01-24,123.4300,81.747849,20563200,0,1,188.570506
2008-01-25,122.1900,80.926666,19580700,0,1,186.676093
2008-01-28,123.5300,81.814072,19403800,0,1,188.723281
2008-01-29,124.5400,82.483017,15255000,0,1,190.266312
2008-01-30,123.7800,81.979614,24848200,0,1,189.105220
2008-01-31,126.0000,83.449989,22253400,0,1,192.496830
2008-02-01,127.4300,84.397064,18098700,0,1,194.681517
2008-02-04,126.0300,83.469841,11722300,0,1,192.542663
2008-02-05,122.9600,81.436592,16359000,0,1,187.852462
2008-02-06,122.2600,80.972931,14255000,0,1,186.783036
2008-02-07,122.7300,81.284302,21041800,0,1,187.501079
2008-02-08,121.7500,80.635216,15522000,0,1,186.003882
2008-02-11,122.3200,81.012741,11659200,0,1,186.874701
2008-02-12,123.7700,81.973038,18453800,0,1,189.089942
2008-02-13,125.2600,82.959885,12484200,0,1,191.366293
2008-02-14,124.0100,82.132027,11294600,0,1,189.456603
2008-02-15,123.3300,81.836723,9758200,0.235,1,188.776753
2008-02-19,123.6800,82.068916,9395500,0,1,189.312485
2008-02-20,124.0900,82.341026,15681700,0,1,189.940057
2008-02-21,123.2000,81.750488,13487600,0,1,188.577766
2008-02-22,123.8000,82.148582,13727300,0,1,189.496165
2008-02-25,125.5700,83.323097,14534100,0,1,192.205439
2008-02-26,126.8100,84.145935,13934400,0,1,194.103462
2008-02-27,126.8300,84.159187,11539600,0,1,194.134076
2008-02-28,125.8400,83.502235,8998300,0,1,192.618719
2008-02-29,123.0100,81.624413,17088200,0,1,188.286940
2008-03-03,122.5000,81.285957,11889700,0,1,187.506302
2008-03-04,122.4000,81.219589,20448800,0,1,187.353236
2008-03-05,122.8700,81.531448,14589300,0,1,188.072647
2008-03-06,120.8000,80.157883,13426700,0,1,184.904174
2008-03-07,118.9300,78.917068,20097400,0,1,182.041833
2008-03-10,117.9800,78.286674,17788000,0,1,180.587702
2008-03-11,122.0600,80.994026,20303000,0,1,186.832810
2008-03-12,121.4000,80.556023,13040900,0,1,185.822572
2008-03-13,121.5100,80.629044,24138600,0,1,185.990945
2008-03-14,120.0200,79.640358,29251700,0,1,183.710256
2008-03-17,120.0900,79.686768,27004300,0,1,183.817402
2008-03-18,124.0500,82.314476,23106900,0,1,189.878831
2008-03-19,121.4400,80.582535,17636700,0,1,185.883798
2008-03-20,123.1100,81.890320,15866800,0.296,1,188.893083
2008-03-24,125.3400,83.373672,15254400,0,1,192.314670
2008-03-25,125.1300,83.233963,12026000,0,1,191.992458
2008-03-26,123.9200,82.429085,12733600,0,1,190.135902
2008-03-27,123.1500,81.916985,17362000,0,1,188.954457
2008-03-28,122.2300,81.304977,11109600,0,1,187.542861
2008-03-31,122.4000,81.418030,11656500,0,1,187.803699
2008-04-01,126.0700,83.859261,21137400,0,1,193.434741
2008-04-02,126.1900,83.939056,13766400,0,1,193.618863
2008-04-03,126.3300,84.032150,11471000,0,1,193.833671
2008-04-04,126.1000,83.879211,12506400,0,1,193.480772
2008-04-07,126.0500,83.845932,12892400,0,1,193.404054
2008-04-08,126.1300,83.899155,12876400,0,1,193.526802
2008-04-09,125.6500,83.579895,15037200,0,1,192.790317
2008-04-10,125.9500,83.779449,14355000,0,1,193.250620
2008-04-11,123.3400,82.043297,16743600,0,1,189.245982
2008-04-14,123.1700,81.930252,11704000,0,1,188.985144
2008-04-15,123.4800,82.136444,12532000,0,1,189.460790
2008-04-16,126.6400,84.238426,16747600,0,1,194.309317
2008-04-17,126.7000,84.278297,13292100,0,1,194.401378
2008-04-18,127.8600,85.154800,16943700,0.156,1,196.420575
2008-04-21,128.0300,85.267990,10797300,0,1,196.681731
2008-04-22,127.3700,84.828407,10086600,0,1,195.667829
2008-04-23,127.3000,84.781853,10443200,0,1,195.560294
2008-04-24,128.1000,85.314598,14614800,0,1,196.789266
2008-04-25,128.8000,85.780807,12363400,0,1,197.864618
2008-04-28,128.7900,85.774155,7899600,0,1,197.849255
2008-04-29,128.1800,85.367912,7316400,0,1,196.912164
2008-04-30,128.1900,85.374565,17717200,0,1,196.927526
2008-05-01,129.9600,86.553391,18314000,0,1,199.646628
2008-05-02,130.7300,87.066162,12615000,0,1,200.829514
2008-05-05,129.6300,86.333603,8222000,0,1,199.139677
2008-05-06,130.2500,86.746559,12113800,0,1,200.092131
2008-05-07,128.4000,85.514420,13406000,0,1,197.250131
2008-05-08,128.2400,85.407883,11522500,0,1,197.004337
2008-05-09,127.5000,84.915009,9167500,0,1,195.867537
2008-05-12,128.7600,85.754181,9112600,0,1,197.803169
2008-05-13,128.4100,85.521057,8277600,0,1,197.265493
2008-05-14,129.0000,85.914040,11792400,0,1,198.171861
2008-05-15,130.0500,86.613365,9122400,0,1,199.784888
2008-05-16,129.6000,86.531906,9774400,0.328,1,199.597469
2008-05-19,130.2300,86.952461,10824800,0,1,200.567735
2008-05-20,128.3100,85.670578,12598800,0,1,197.610735
2008-05-21,126.0600,84.168297,16509500,0,1,194.145501
2008-05-22,126.0200,84.141563,10846800,0,1,194.083897
2008-05-23,124.6100,83.200134,10704000,0,1,191.912351
2008-05-27,125.4300,83.747612,9471600,0,1,193.175236
2008-05-28,125.8400,84.021370,8868400,0,1,193.806678
2008-05-29,126.2300,84.281807,12096800,0,1,194.407319
2008-05-30,126.1300,84.214981,8060400,0,1,194.253309
2008-06-02,125.1600,83.567314,13444200,0,1,192.759408
2008-06-03,123.9600,82.766113,18030600,0,1,190.911283
2008-06-04,123.9900,82.786171,14257600,0,1,190.957486
2008-06-05,126.1100,84.201660,13042000,0,1,194.222507
2008-06-06,122.1200,81.537590,24015200,0,1,188.077492
2008-06-09,122.9600,82.098457,16553700,0,1,189.371179
2008-06-10,122.9600,82.098457,14819800,0,1,189.371179
2008-06-11,121.0500,80.823143,19598200,0,1,186.429581
2008-06-12,121.6300,81.210449,17194500,0,1,187.322841
2008-06-13,123.1000,82.191933,15354800,0,1,189.586794
2008-06-16,122.6600,81.898155,11578600,0,1,188.909148
2008-06-17,121.9300,81.410728,15301000,0,1,187.784872
2008-06-18,120.3300,80.342430,18091600,0,1,185.320706
2008-06-19,120.6300,80.542755,20644400,0,1,185.782737
2008-06-20,118.2400,79.123459,21836600,0.269,1,182.516177
2008-06-23,118.3300,79.183678,13844000,0,1,182.655101
2008-06-24,117.9400,78.922623,19038300,0,1,182.053094
2008-06-25,117.9100,78.902611,18907600,0,1,182.006786
2008-06-26,114.6700,76.734474,28987900,0,1,177.005497
2008-06-27,113.4600,75.924751,25276000,0,1,175.137732
2008-06-30,113.4200,75.897972,21139100,0,1,175.075987
2008-07-01,113.7700,76.132225,32398600,0,1,175.616250
2008-07-02,112.1500,75.048180,24730000,0,1,173.115606
2008-07-03,113.0500,75.650368,20496600,0,1,174.504853
2008-07-07,112.2100,75.088295,27897300,0,1,173.208222
2008-07-08,113.7400,76.112167,31553000,0,1,175.569942
2008-07-09,111.6600,74.720245,24306400,0,1,172.359238
2008-07-10,112.2200,75.094978,32957200,0,1,173.223658
2008-07-11,111.0000,74.278580,35470100,0,1,171.340457
2008-07-14,110.5000,73.944016,26009300,0,1,170.568653
2008-07-15,109.3000,73.140961,41112400,0,1,168.716324
2008-07-16,112.1700,75.061584,31071000,0,1,173.146478
2008-07-17,114.1400,76.379814,36225700,0,1,176.187385
2008-07-18,114.9500,77.033165,21164900,0.165,1,177.692402
2008-07-21,114.6500,76.832130,16267700,0,1,177.228655
2008-07-22,115.7000,77.535767,24757900,0,1,178.851770
2008-07-23,116.2300,77.890953,24761000,0,1,179.671056
2008-07-24,113.6000,76.128494,22459100,0,1,175.605541
2008-07-25,113.1700,75.840332,19459200,0,1,174.940837
2008-07-28,111.3400,74.613960,16089700,0,1,172.111980
2008-07-29,113.8500,76.295998,17201400,0,1,175.991997
2008-07-30,115.8200,77.616219,24422400,0,1,179.037269
2008-07-31,113.7000,76.195480,24805900,0,1,175.760123
2008-08-01,113.1200,75.806870,20547400,0,1,174.863546
2008-08-04,112.7700,75.572304,16207200,0,1,174.322507
2008-08-05,116.0100,77.743546,22997300,0,1,179.330975
2008-08-06,116.4900,78.065216,17770900,0,1,180.072971
2008-08-07,114.5900,76.791924,17902100,0,1,177.135906
2008-08-08,116.9500,78.373428,31279900,0,1,180.784049
2008-08-11,117.8000,78.943085,22528900,0,1,182.097999
2008-08-12,116.5700,78.118835,22492600,0,1,180.196636
2008-08-13,115.4000,77.334801,28250700,0,1,178.388023
2008-08-14,116.4100,78.011581,24661900,0,1,179.949305
2008-08-15,116.5300,78.258118,16610900,0.247,1,180.516622
2008-08-18,114.8600,77.136551,23622600,0,1,177.929625
2008-08-19,113.4900,76.216499,19249200,0,1,175.807358
2008-08-20,114.0400,76.585838,21415300,0,1,176.659363
2008-08-21,114.0500,76.592560,16820600,0,1,176.674854
2008-08-22,116.3200,78.117004,18078800,0,1,180.191311
2008-08-25,113.8500,76.458305,19186300,0,1,176.365034
2008-08-26,114.0700,76.606041,14475400,0,1,176.705836
2008-08-27,115.0000,77.230576,15493000,0,1,178.146499
2008-08-28,117.1300,78.661011,16556500,0,1,181.446082
2008-08-29,115.4500,77.532707,15914200,0,1,178.843594
2008-09-02,115.1600,77.338028,24105000,0,1,178.394355
2008-09-03,115.5100,77.573097,17846600,0,1,178.936540
2008-09-04,112.2000,75.350128,35201900,0,1,173.809019
2008-09-05,112.3500,75.450951,31555500,0,1,174.041384
2008-09-08,115.1600,77.338028,37982500,0,1,178.394355
2008-09-09,112.5300,75.571777,31926100,0,1,174.320222
2008-09-10,113.0000,75.887436,39044100,0,1,175.048299
2008-09-11,114.8600,77.136551,39238000,0,1,177.929625
2008-09-12,114.7900,77.089561,28275000,0,1,177.821188
2008-09-15,109.8000,73.738373,44773800,0,1,170.091179
2008-09-16,110.6600,74.315933,48722600,0,1,171.423405
2008-09-17,106.7600,71.696800,54988700,0,1,165.381915
2008-09-18,109.9700,73.852623,65447400,0,1,170.354526
2008-09-19,113.5700,76.502563,20860900,0.334,1,176.448685
2008-09-22,110.5000,74.434540,21955600,0,1,171.678962
2008-09-23,108.5000,73.087326,25513500,0,1,168.571651
2008-09-24,108.3000,72.952637,20635600,0,1,168.260919
2008-09-25,110.2700,74.279663,27647400,0,1,171.321621
2008-09-26,111.1500,74.872360,22037400,0,1,172.688838
2008-09-29,104.7500,70.561272,36211100,0,1,162.745441
2008-09-30,108.3600,72.993019,24710600,0,1,168.354139
2008-10-01,108.7000,73.222099,22853900,0,1,168.882382
2008-10-02,105.2700,70.911560,19546500,0,1,163.553342
2008-10-03,103.2000,69.517159,30183100,0,1,160.337275
2008-10-06,99.9000,67.294235,49877900,0,1,155.210211
2008-10-07,95.0700,64.040657,38825600,0,1,147.706054
2008-10-08,91.4000,61.568565,53470900,0,1,142.004137
2008-10-09,85.5500,57.627865,44474300,0,1,132.915251
2008-10-10,83.7500,56.415314,73755500,0,1,130.118670
2008-10-13,95.0300,64.013695,44081200,0,1,147.643907
2008-10-14,93.6700,63.097610,58571000,0,1,145.530936
2008-10-15,84.8700,57.169815,36270200,0,1,131.858765
2008-10-16,89.8700,60.537933,60371000,0,1,139.627044
2008-10-17,87.5400,59.070900,44024200,0.156,1,136.249396
2008-10-20,93.2800,62.944164,34524100,0,1,145.183272
2008-10-21,90.3800,60.987286,26527300,0,1,140.669641
2008-10-22,85.5000,57.694336,37459500,0,1,133.074290
2008-10-23,87.9900,59.374550,59594500,0,1,136.949787
2008-10-24,83.0900,56.068077,49331600,0,1,129.323307
2008-10-27,80.2600,54.158421,37137800,0,1,124.918626
2008-10-28,91.1400,61.500111,53376100,0,1,141.852524
2008-10-29,89.1500,60.157314,50631600,0,1,138.755239
2008-10-30,92.5000,62.417843,42806500,0,1,143.969261
2008-10-31,93.5000,63.092632,39474400,0,1,145.525686
2008-11-03,93.4300,63.045341,17957000,0,1,145.416736
2008-11-04,96.2100,64.921318,25723700,0,1,149.743596
2008-11-05,91.8500,61.979218,28970800,0,1,142.957585
2008-11-06,87.1300,58.794243,43601900,0,1,135.611262
2008-11-07,90.1300,60.818554,30916600,0,1,140.280535
2008-11-10,88.9300,60.008801,23695900,0,1,138.412826
2008-11-11,86.7500,58.537811,31463000,0,1,135.019821
2008-11-12,83.0900,56.068077,35844600,0,1,129.323307
2008-11-13,88.7000,59.853588,64432800,0,1,138.054848
2008-11-14,84.2200,56.830578,45085800,0,1,131.082067
2008-11-17,82.9500,55.973618,38157100,0,1,129.105408
2008-11-18,84.3400,56.911549,42201200,0,1,131.268838
2008-11-19,80.3600,54.225883,49759400,0,1,125.074268
2008-11-20,76.0600,51.324329,77925200,0,1,118.381643
2008-11-21,80.5400,54.593594,91695200,0.343,1,125.888278
2008-11-24,83.9000,56.871143,48461300,0,1,131.140136
2008-11-25,84.8100,57.487957,44571400,0,1,132.562514
2008-11-26,87.1800,59.094429,29776700,0,1,136.266950
2008-11-28,88.3000,59.853611,6958800,0,1,138.017569
2008-12-01,81.6600,55.352772,27989600,0,1,127.638898
2008-12-02,84.3600,57.182938,29383100,0,1,131.859140
2008-12-03,86.0400,58.321636,49770900,0,1,134.485069
2008-12-04,83.7400,56.762691,40456000,0,1,130.890048
2008-12-05,86.5900,58.694542,43490800,0,1,135.344748
2008-12-08,89.1200,60.409485,44114800,0,1,139.299272
2008-12-09,87.1100,59.047001,34188200,0,1,136.157536
2008-12-10,87.6400,59.406216,32139600,0,1,136.985954
2008-12-11,85.8600,58.199718,26284500,0,1,134.203720
2008-12-12,86.3600,58.538639,34290400,0,1,134.985246
2008-12-15,85.9900,58.287830,22944700,0,1,134.406917
2008-12-16,89.5700,60.714523,30326100,0,1,140.002646
2008-12-17,88.3500,59.887493,22285800,0,1,138.095721
2008-12-18,86.3600,58.538639,26041600,0,1,134.985246
2008-12-19,85.3600,58.039600,19707600,0.266,1,133.837965
2008-12-22,84.9600,57.767570,20392200,0,1,133.210796
2008-12-23,84.0700,57.162415,17174800,0,1,131.815344
2008-12-24,84.4800,57.441189,4157300,0,1,132.458193
2008-12-26,85.0700,57.842331,5294600,0,1,133.383268
2008-12-29,84.9100,57.733604,10387800,0,1,133.132400
2008-12-30,86.6800,58.937046,17764500,0,1,135.907625
2008-12-31,87.5200,59.508224,18703600,0,1,137.224681
2009-01-02,90.2000,61.330437,24558800,0,1,141.426716
2009-01-05,89.7000,60.990456,25612100,0,1,140.642754
2009-01-06,90.1500,61.296471,37258400,0,1,141.348320
2009-01-07,87.8600,59.739365,33165500,0,1,137.757775
2009-01-08,87.4300,59.447002,23641700,0,1,137.083567
2009-01-09,86.1400,58.569901,24494100,0,1,135.060946
2009-01-12,84.7900,57.651997,22622000,0,1,132.944249
2009-01-13,84.4200,57.400364,29846500,0,1,132.364117
2009-01-14,82.0800,55.809334,38850600,0,1,128.695176
2009-01-15,82.1800,55.877357,44216600,0,1,128.851968
2009-01-16,82.6900,56.320808,37613200,0.141,1,129.872686
2009-01-20,79.4100,54.086704,36892100,0,1,124.721127
2009-01-21,82.2400,56.014221,34826600,0,1,129.165918
2009-01-22,81.1600,55.278637,40157400,0,1,127.469673
2009-01-23,80.5200,54.842735,44701000,0,1,126.464490
2009-01-26,81.0700,55.217365,28917300,0,1,127.328319
2009-01-27,81.5100,55.517021,23352800,0,1,128.019382
2009-01-28,83.6800,56.995022,21080000,0,1,131.427578
2009-01-29,81.5300,55.530674,20825600,0,1,128.050794
2009-01-30,80.0800,54.543064,26172600,0,1,125.773428
2009-02-02,79.3200,54.025394,22968000,0,1,124.579774
2009-02-03,80.6300,54.917652,24065100,0,1,126.637256
2009-02-04,79.6900,54.277401,27506400,0,1,125.160895
2009-02-05,80.5500,54.863174,39865100,0,1,126.511608
2009-02-06,82.8600,56.436531,30049700,0,1,130.139688
2009-02-09,82.7500,56.361618,20793600,0,1,129.966922
2009-02-10,79.1900,53.936863,49006600,0,1,124.375596
2009-02-11,79.5500,54.182064,33244600,0,1,124.941011
2009-02-12,79.5000,54.147999,45482100,0,1,124.862481
2009-02-13,78.5500,53.500965,23850300,0,1,123.370414
2009-02-17,75.7500,51.593838,36731400,0,1,118.972741
2009-02-18,75.7600,51.600681,35793800,0,1,118.988447
2009-02-19,75.0300,51.103477,30933800,0,1,117.841911
2009-02-20,73.7300,50.463482,46343700,0.365,1,116.373403
2009-02-23,71.1500,48.697647,36003600,0,1,112.301202
2009-02-24,73.3800,50.223984,37524300,0,1,115.820973
2009-02-25,72.6700,49.738014,43668900,0,1,114.700328
2009-02-26,71.8400,49.169933,31367300,0,1,113.390279
2009-02-27,70.7600,48.430767,35756000,0,1,111.685637
2009-03-02,67.8300,46.425346,36931600,0,1,107.061005
2009-03-03,67.2100,46.000988,30799800,0,1,106.082414
2009-03-04,68.7700,47.068707,31996400,0,1,108.544676
2009-03-05,66.0700,45.220718,35056100,0,1,104.283070
2009-03-06,66.5000,45.515041,35830500,0,1,104.961770
2009-03-09,65.4400,44.789516,28114400,0,1,103.288695
2009-03-10,69.1400,47.321949,31008100,0,1,109.128673
2009-03-11,69.4800,47.554661,21875300,0,1,109.665320
2009-03-12,71.7700,49.122009,21938300,0,1,113.279793
2009-03-13,72.3200,49.498447,21835800,0,1,114.147898
2009-03-16,72.3100,49.491631,24509000,0,1,114.132114
2009-03-17,74.0800,50.703079,20439900,0,1,116.925833
2009-03-18,74.9700,51.312241,35906600,0,1,118.330585
2009-03-19,74.1100,50.723568,25410900,0,1,116.973185
2009-03-20,72.7400,49.905136,22996500,0.177,1,115.090186
2009-03-23,77.7600,53.349190,25706800,0,1,123.032896
2009-03-24,76.7000,52.621960,20383500,0,1,121.355750
2009-03-25,77.4100,53.109074,30263100,0,1,122.479122
2009-03-26,79.1000,54.268528,29403800,0,1,125.153062
2009-03-27,77.8100,53.383476,19994100,0,1,123.112007
2009-03-30,75.2500,51.627205,25811800,0,1,119.061541
2009-03-31,75.8400,52.031956,28187500,0,1,119.995047
2009-04-01,77.5300,53.191395,25416600,0,1,122.668987
2009-04-02,79.7100,54.687057,30176700,0,1,126.118212
2009-04-03,80.1600,54.995842,20617100,0,1,126.830208
2009-04-06,79.7600,54.721333,17834000,0,1,126.197323
2009-04-07,77.8900,53.438400,17326400,0,1,123.238584
2009-04-08,78.3700,53.767666,15719000,0,1,123.998046
2009-04-09,80.8900,55.496613,19287700,0,1,127.985224
2009-04-13,80.5500,55.263359,11991300,0,1,127.447271
2009-04-14,79.2700,54.385185,18590000,0,1,125.422038
2009-04-15,80.3000,55.091812,18263400,0,1,127.051718
2009-04-16,81.2600,55.750484,19526700,0,1,128.570642
2009-04-17,81.3100,55.876892,16835600,0.134,1,128.861770
2009-04-20,78.5200,53.959587,16640200,0,1,124.440120
2009-04-21,79.5900,54.694912,18051200,0,1,126.135878
2009-04-22,78.8100,54.158882,20467800,0,1,124.899718
2009-04-23,79.6500,54.736179,19521000,0,1,126.230967
2009-04-24,80.7300,55.478359,17662200,0,1,127.942574
2009-04-27,80.2600,55.155373,17582800,0,1,127.197708
2009-04-28,80.1200,55.059151,16457900,0,1,126.975833
2009-04-29,81.7700,56.193024,18084100,0,1,129.590787
2009-04-30,81.6700,56.124348,17496500,0,1,129.432305
2009-05-01,82.1600,56.461025,12356400,0,1,130.208867
2009-05-04,84.2400,57.890442,13866800,0,1,133.505294
2009-05-05,84.1600,57.835487,11985000,0,1,133.378509
2009-05-06,85.2000,58.550152,18357600,0,1,135.026722
2009-05-07,84.1700,57.842293,19835900,0,1,133.394357
2009-05-08,85.7200,58.907543,18463400,0,1,135.850829
2009-05-11,84.4300,58.021011,13335600,0,1,133.806410
2009-05-12,84.7200,58.220284,16819400,0,1,134.266008
2009-05-13,83.1300,57.127640,17683700,0,1,131.746143
2009-05-14,83.3900,57.306328,15029400,0,1,132.158197
2009-05-15,82.7800,57.055420,23137600,0.246,1,131.581322
2009-05-18,85.1200,58.668262,12745200,0,1,135.300823
2009-05-19,84.7400,58.406345,17908900,0,1,134.696801
2009-05-20,84.1900,58.027218,18083800,0,1,133.822560
2009-05-21,83.1000,57.275993,20038800,0,1,132.089972
2009-05-22,82.8700,57.117470,10156800,0,1,131.724380
2009-05-26,84.8500,58.482151,13636800,0,1,134.871650
2009-05-27,83.1600,57.317352,13708200,0,1,132.185343
2009-05-28,84.0200,57.910076,17780200,0,1,133.552340
2009-05-29,85.3900,58.854336,15275000,0,1,135.729996
2009-06-01,87.3500,60.205311,12952000,0,1,138.845476
2009-06-02,87.5000,60.308689,10553900,0,1,139.083905
2009-06-03,86.9500,59.929527,9488600,0,1,138.209664
2009-06-04,87.5100,60.315536,11762200,0,1,139.099801
2009-06-05,87.9100,60.591228,16834300,0,1,139.735613
2009-06-08,87.7400,60.474030,23538400,0,1,139.465392
2009-06-09,87.7400,60.474030,22428400,0,1,139.465392
2009-06-10,87.6500,60.411995,25155700,0,1,139.322335
2009-06-11,87.8600,60.556778,21696400,0,1,139.656136
2009-06-12,88.3100,60.866936,12743500,0,1,140.371425
2009-06-15,86.4900,59.612526,14006100,0,1,137.478480
2009-06-16,85.2600,58.764709,12830900,0,1,135.523357
2009-06-17,85.2300,58.744087,13494000,0,1,135.475671
2009-06-18,85.6200,59.012909,13378600,0,1,136.095588
2009-06-19,85.3100,58.994171,13880400,0.283,1,136.052671
2009-06-22,83.3200,57.618088,20652400,0,1,132.879012
2009-06-23,83.1800,57.521305,12151100,0,1,132.655740
2009-06-24,83.0300,57.417530,15355500,0,1,132.416519
2009-06-25,84.7200,58.586220,13851400,0,1,135.111737
2009-06-26,84.2700,58.275002,7779000,0,1,134.394075
2009-06-29,85.2500,58.952705,7529200,0,1,135.956983
2009-06-30,84.6600,58.544704,13421400,0,1,135.016049
2009-07-01,85.0300,58.800545,9144200,0,1,135.606126
2009-07-02,82.9900,57.389874,16516500,0,1,132.352727
2009-07-06,83.2500,57.569637,12392700,0,1,132.767376
2009-07-07,81.5500,56.394039,15240600,0,1,130.056210
2009-07-08,81.9300,56.656822,17902700,0,1,130.662236
2009-07-09,81.7700,56.546227,11452000,0,1,130.407067
2009-07-10,81.4400,56.317989,16023500,0,1,129.880782
2009-07-13,83.3100,57.611164,14384000,0,1,132.863064
2009-07-14,83.6600,57.853191,10288300,0,1,133.421245
2009-07-15,86.2000,59.609669,11620000,0,1,137.472046
2009-07-16,87.2300,60.321922,11805400,0,1,139.114693
2009-07-17,87.4600,60.568474,9075000,0.126,1,139.682443
2009-07-20,88.3300,61.170998,13142300,0,1,141.071921
2009-07-21,89.1700,61.752724,14599300,0,1,142.413486
2009-07-22,88.8800,61.551865,11857700,0,1,141.950326
2009-07-23,90.6300,62.763802,16519600,0,1,144.745253
2009-07-24,90.9700,62.999290,10895100,0,1,145.288267
2009-07-27,91.1400,63.117008,10045200,0,1,145.559774
2009-07-28,90.9900,63.013115,11700400,0,1,145.320209
2009-07-29,90.6800,62.798389,9063600,0,1,144.825108
2009-07-30,91.4200,63.310913,11659200,0,1,146.006963
2009-07-31,91.6700,63.484024,9151300,0,1,146.406238
2009-08-03,92.8600,64.308113,9843400,0,1,148.306788
2009-08-04,93.1900,64.536652,12338900,0,1,148.833831
2009-08-05,92.8300,64.287346,11396200,0,1,148.258875
2009-08-06,92.6300,64.148834,10482300,0,1,147.939455
2009-08-07,93.7900,64.952133,11813100,0,1,149.792092
2009-08-10,93.5000,64.751282,13051400,0,1,149.328933
2009-08-11,92.5800,64.114197,9305200,0,1,147.859600
2009-08-12,93.7700,64.938354,13586400,0,1,149.760150
2009-08-13,94.1900,65.229164,10209100,0,1,150.430932
2009-08-14,93.4100,64.689026,10846500,0,1,149.185193
2009-08-17,91.6100,63.442497,12121400,0,1,146.310412
2009-08-18,92.3000,63.920334,8539100,0,1,147.412411
2009-08-19,93.1300,64.495094,14296100,0,1,148.738005
2009-08-20,93.7900,64.952133,8271000,0,1,149.792092
2009-08-21,95.0300,66.042572,11866500,0.329,1,152.297943
2009-08-24,95.1300,66.112091,9349100,0,1,152.458206
2009-08-25,95.4800,66.355316,14622300,0,1,153.019127
2009-08-26,95.4600,66.341423,11497200,0,1,152.987074
2009-08-27,95.8200,66.591576,13096800,0,1,153.564021
2009-08-28,95.5800,66.424835,10813900,0,1,153.179390
2009-08-31,95.0500,66.056496,9890500,0,1,152.329996
2009-09-01,93.2100,64.777718,17938600,0,1,149.381156
2009-09-02,92.8300,64.513603,10922400,0,1,148.772157
2009-09-03,93.4500,64.944557,7262500,0,1,149.765787
2009-09-04,94.4500,65.639488,8118600,0,1,151.368418
2009-09-08,95.0600,66.063438,10862500,0,1,152.346022
2009-09-09,95.5300,66.390045,13560500,0,1,153.099258
2009-09-10,96.3400,66.952965,12244800,0,1,154.397389
2009-09-11,96.2200,66.869583,8116500,0,1,154.205073
2009-09-14,96.3200,66.939064,8417900,0,1,154.365336
2009-09-15,96.9000,67.342140,11687700,0,1,155.294861
2009-09-16,98.0800,68.162209,10580800,0,1,157.185965
2009-09-17,98.0600,68.148346,15803800,0,1,157.153912
2009-09-18,98.1100,68.304977,9910900,0.175,1,157.514504
2009-09-21,97.7400,68.047363,7711800,0,1,156.920473
2009-09-22,98.2100,68.374596,8206300,0,1,157.675053
2009-09-23,97.5800,67.935997,13199100,0,1,156.663595
2009-09-24,96.9900,67.525261,16702600,0,1,155.716357
2009-09-25,96.7400,67.351143,13350100,0,1,155.314985
2009-09-28,97.8400,68.116959,6393200,0,1,157.081022
2009-09-29,97.4400,67.838509,8171200,0,1,156.438827
2009-09-30,97.0900,67.594902,15351500,0,1,155.876906
2009-10-01,95.1200,66.223351,15473500,0,1,152.714093
2009-10-02,94.8600,66.042305,15752800,0,1,152.296666
2009-10-05,95.9700,66.815033,8742700,0,1,154.078758
2009-10-06,97.2900,67.734100,12439600,0,1,156.198003
2009-10-07,97.2800,67.727097,10039900,0,1,156.181948
2009-10-08,97.9100,68.165710,9701300,0,1,157.193406
2009-10-09,98.6900,68.708733,6494100,0,1,158.445688
2009-10-12,98.9400,68.882812,5438300,0,1,158.847060
2009-10-13,98.8300,68.806236,6026200,0,1,158.670456
2009-10-14,100.2300,69.780930,9162700,0,1,160.918140
2009-10-15,100.6500,70.073349,7667900,0,1,161.592446
2009-10-16,99.9900,69.678940,13185400,0.094,1,160.683739
2009-10-19,100.8600,70.285179,9772400,0,1,162.081827
2009-10-20,100.3900,69.957642,9387400,0,1,161.326538
2009-10-21,99.4300,69.288666,12893600,0,1,159.783820
2009-10-22,100.7400,70.201569,13423200,0,1,161.888988
2009-10-23,99.8300,69.567406,13214000,0,1,160.426619
2009-10-26,98.8100,68.856613,16109800,0,1,158.787481
2009-10-27,98.8200,68.863594,14503800,0,1,158.803551
2009-10-28,97.6800,68.069183,17191500,0,1,156.971573
2009-10-29,99.5400,69.365311,12927200,0,1,159.960590
2009-10-30,97.0600,67.637108,29751800,0,1,155.975235
2009-11-02,97.8500,68.187637,20615900,0,1,157.244763
2009-11-03,97.8000,68.152802,13945600,0,1,157.164413
2009-11-04,98.1700,68.410622,14714300,0,1,157.759003
2009-11-05,100.1600,69.797363,9811600,0,1,160.956929
2009-11-06,100.3700,69.943695,10786100,0,1,161.294398
2009-11-09,102.4200,71.372261,10959900,0,1,164.588744
2009-11-10,102.6900,71.560486,9959100,0,1,165.022634
2009-11-11,103.1300,71.867081,10532400,0,1,165.729713
2009-11-12,102.1700,71.198051,11966800,0,1,164.186995
2009-11-13,102.9100,71.713791,11677800,0,1,165.376173
2009-11-16,104.2600,72.654541,10497400,0,1,167.545621
2009-11-17,104.5900,72.884560,8398000,0,1,168.075930
2009-11-18,104.5500,72.856606,7773400,0,1,168.011650
2009-11-19,103.6500,72.229439,12739500,0,1,166.565352
2009-11-20,103.2500,72.186104,8680400,0.338,1,166.465718
2009-11-23,104.4600,73.031990,9489200,0,1,168.416551
2009-11-24,104.3600,72.962128,10211800,0,1,168.255325
2009-11-25,104.6300,73.150879,6489600,0,1,168.690635
2009-11-27,103.1800,72.137123,12916100,0,1,166.352860
2009-11-30,103.5800,72.416786,11959000,0,1,166.997764
2009-12-01,104.7300,73.220848,10101300,0,1,168.851861
2009-12-02,104.5800,73.115929,7124600,0,1,168.610022
2009-12-03,103.6900,72.493706,9723500,0,1,167.175112
2009-12-04,103.9900,72.703407,16602800,0,1,167.658790
2009-12-07,104.0500,72.745407,8189500,0,1,167.755525
2009-12-08,102.9400,71.969353,10719700,0,1,165.965918
2009-12-09,103.4500,72.325905,8583800,0,1,166.788170
2009-12-10,104.1800,72.836258,8039500,0,1,167.965119
2009-12-11,104.9200,73.353622,9235500,0,1,169.158190
2009-12-14,105.2000,73.549347,9752400,0,1,169.609623
2009-12-15,104.7400,73.227791,7191500,0,1,168.867984
2009-12-16,104.6700,73.178841,6283400,0,1,168.755126
2009-12-17,103.3800,72.276985,8223700,0,1,166.675312
2009-12-18,103.1400,72.389244,8299800,0.4,1,166.933273
2009-12-21,103.8800,72.908646,5968000,0,1,168.130972
2009-12-22,104.4500,73.308670,6849400,0,1,169.053523
2009-12-23,104.4500,73.308670,4867200,0,1,169.053523
2009-12-24,105.0000,73.694771,3568000,0,1,169.943705
2009-12-28,105.2900,73.898232,8116800,0,1,170.413073
2009-12-29,105.2900,73.898232,3356400,0,1,170.413073
2009-12-30,105.2200,73.849136,3243500,0,1,170.299777
2009-12-31,104.0700,73.041962,5189400,0,1,168.438489
2010-01-04,105.6600,74.157959,8977300,0,1,171.011922
2010-01-05,105.4900,74.038582,6549200,0,1,170.736775
2010-01-06,105.5600,74.087730,6797200,0,1,170.850071
2010-01-07,105.9400,74.354507,6312000,0,1,171.465105
2010-01-08,106.1100,74.473770,4912000,0,1,171.740252
2010-01-11,106.5400,74.775543,6858300,0,1,172.436212
2010-01-12,106.1400,74.494835,8869900,0,1,171.788808
2010-01-13,106.7500,74.922951,8619100,0,1,172.776100
2010-01-14,107.0300,75.119469,7039900,0,1,173.229283
2010-01-15,106.0100,74.403641,14027400,0,1,171.578401
2010-01-19,107.1700,75.217690,10877400,0,1,173.455874
2010-01-20,106.0200,74.410583,11896600,0,1,171.594586
2010-01-21,103.7100,72.789314,22253800,0,1,167.855825
2010-01-22,101.6300,71.329422,24606900,0,1,164.489321
2010-01-25,101.9100,71.526016,18236800,0,1,164.942504
2010-01-26,101.8800,71.504929,18352400,0,1,164.893949
2010-01-27,102.3000,71.799675,16203100,0,1,165.573724
2010-01-28,101.2000,71.027664,13409200,0,1,163.793361
2010-01-29,100.5500,70.571457,14556900,0,1,162.741328
2010-02-01,101.8400,71.476860,9985500,0,1,164.829208
2010-02-02,102.8800,72.206787,8891300,0,1,166.512460
2010-02-03,102.6300,72.031326,6561600,0,1,166.107832
2010-02-04,100.0400,70.213554,16419300,0,1,161.915888
2010-02-05,100.1600,70.297699,28939700,0,1,162.110109
2010-02-08,99.2200,69.637962,10929500,0,1,160.588708
2010-02-09,100.6500,70.641647,19228000,0,1,162.903180
2010-02-10,100.5200,70.550423,11212100,0,1,162.692773
2010-02-11,101.5800,71.294342,9934200,0,1,164.408395
2010-02-12,101.2700,71.076767,13643000,0,1,163.906657
2010-02-16,102.8100,72.157669,8958800,0,1,166.399164
2010-02-17,103.3800,72.557762,8784900,0,1,167.321716
2010-02-18,104.1700,73.112183,8677700,0,1,168.600340
2010-02-19,103.9900,73.172005,9324500,0.265,1,168.737913
2010-02-22,103.8400,73.066460,5285200,0,1,168.494518
2010-02-23,102.8700,72.383911,10810200,0,1,166.920561
2010-02-24,103.7000,72.967926,9658700,0,1,168.267349
2010-02-25,103.3000,72.686440,10052900,0,1,167.618295
2010-02-26,103.3000,72.686440,6961100,0,1,167.618295
2010-03-01,104.0200,73.193039,5818700,0,1,168.786593
2010-03-02,104.0100,73.186058,5673300,0,1,168.770366
2010-03-03,104.0900,73.242355,5891900,0,1,168.900177
2010-03-04,104.5000,73.530830,6168300,0,1,169.565458
2010-03-05,105.7600,74.417450,6753500,0,1,171.609979
2010-03-08,105.5900,74.297813,5728100,0,1,171.334131
2010-03-09,105.7100,74.382271,8672300,0,1,171.528847
2010-03-10,105.7700,74.424454,7325500,0,1,171.626206
2010-03-11,106.2800,74.783310,7739600,0,1,172.453750
2010-03-12,106.4200,74.881836,10139600,0,1,172.680919
2010-03-15,106.5700,74.987396,6760400,0,1,172.924314
2010-03-16,107.0700,75.339241,6848800,0,1,173.735632
2010-03-17,107.5200,75.655823,6989400,0,1,174.465818
2010-03-18,107.9500,75.958450,7495600,0,1,175.163552
2010-03-19,107.3400,75.674248,12068000,0.207,1,174.509630
2010-03-22,107.7900,75.991554,8835200,0,1,175.241224
2010-03-23,108.8700,76.753021,9105900,0,1,176.997050
2010-03-24,108.4000,76.421555,7075900,0,1,176.232941
2010-03-25,108.4400,76.449821,9526500,0,1,176.297971
2010-03-26,108.4300,76.442726,8859800,0,1,176.281714
2010-03-29,108.9200,76.788155,5886300,0,1,177.078339
2010-03-30,109.1300,76.936234,5781300,0,1,177.419749
2010-03-31,108.6100,76.569588,6078200,0,1,176.574351
2010-04-01,109.2800,77.041992,11474400,0,1,177.663614
2010-04-05,109.7300,77.359306,4237800,0,1,178.395208
2010-04-06,109.7200,77.352173,4407600,0,1,178.378951
2010-04-07,109.0500,76.879829,10894000,0,1,177.289688
2010-04-08,109.3700,77.105415,8764300,0,1,177.809933
2010-04-09,110.0600,77.591873,6013100,0,1,178.931711
2010-04-12,110.1800,77.676537,4366500,0,1,179.126803
2010-04-13,110.2500,77.725838,6104100,0,1,179.240606
2010-04-14,111.2900,78.458992,7987400,0,1,180.931402
2010-04-15,111.5600,78.649376,8664000,0,1,181.370358
2010-04-16,110.1800,77.739937,22103600,0.091,1,179.274747
2010-04-19,110.8400,78.205544,10482500,0,1,180.348638
2010-04-20,111.1000,78.389061,8901000,0,1,180.771686
2010-04-21,111.1600,78.431374,9115800,0,1,180.869313
2010-04-22,111.3500,78.565468,9946100,0,1,181.178463
2010-04-23,111.9600,78.995804,13873100,0,1,182.170999
2010-04-26,112.0800,79.080482,8015700,0,1,182.366252
2010-04-27,109.8700,77.521194,19874600,0,1,178.770344
2010-04-28,110.5500,78.000938,14833300,0,1,179.876777
2010-04-29,111.6900,78.805328,7472600,0,1,181.731680
2010-04-30,110.1000,77.683449,14615900,0,1,179.144579
2010-05-03,111.5400,78.699493,8324800,0,1,181.487614
2010-05-04,109.3600,77.161331,19911700,0,1,177.940519
2010-05-05,108.8000,76.766205,18900400,0,1,177.029338
2010-05-06,105.2600,74.268509,34425300,0,1,171.269376
2010-05-07,103.7800,73.224197,33885700,0,1,168.861257
2010-05-10,108.0000,76.201752,20454000,0,1,175.727652
2010-05-11,107.6700,75.968872,16440600,0,1,175.190706
2010-05-12,109.2600,77.090797,12985000,0,1,177.777808
2010-05-13,108.1000,76.272255,11160700,0,1,175.890363
2010-05-14,106.5100,75.150467,17962100,0,1,173.303261
2010-05-17,106.5200,75.157425,17552200,0,1,173.319532
2010-05-18,105.3900,74.360161,19213400,0,1,171.480900
2010-05-19,104.7700,73.922768,24115100,0,1,170.472094
2010-05-20,101.1100,71.340355,28708100,0,1,164.516879
2010-05-21,101.8400,72.127174,30840500,0.381,1,166.324596
2010-05-24,100.6800,71.305656,16537800,0,1,164.430089
2010-05-25,100.4600,71.149864,25166200,0,1,164.070786
2010-05-26,99.6800,70.597443,18499900,0,1,162.796894
2010-05-27,102.7200,72.750458,18333200,0,1,167.761807
2010-05-28,101.4700,71.865234,19442500,0,1,165.720313
2010-06-01,100.3200,71.050690,17009600,0,1,163.842139
2010-06-02,102.6100,72.672615,14879500,0,1,167.582156
2010-06-03,102.6900,72.729202,11856600,0,1,167.712811
2010-06-04,99.4400,70.427444,20047200,0,1,162.404927
2010-06-07,98.2700,69.598846,13694600,0,1,160.494089
2010-06-08,99.4400,70.427444,25086600,0,1,162.404927
2010-06-09,99.1500,70.222023,16076800,0,1,161.931301
2010-06-10,101.8800,72.155540,13825600,0,1,166.389923
2010-06-11,102.3100,72.460106,9066300,0,1,167.092197
2010-06-14,102.1400,72.339661,8995700,0,1,166.814554
2010-06-15,104.1700,73.777367,9402100,0,1,170.129940
2010-06-16,104.2900,73.862381,9602400,0,1,170.325924
2010-06-17,104.5600,74.053642,9742800,0,1,170.766886
2010-06-18,104.4900,74.138748,6890700,0.19,1,170.962870
2010-06-21,104.4500,74.110382,10258800,0,1,170.897423
2010-06-22,102.9300,73.031929,11915600,0,1,168.410453
2010-06-23,102.9900,73.074448,12966900,0,1,168.508622
2010-06-24,101.5600,72.059837,13397700,0,1,166.168907
2010-06-25,101.7200,72.173409,10893500,0,1,166.430693
2010-06-28,101.4400,71.974686,6770700,0,1,165.972567
2010-06-29,98.7300,70.051903,16662900,0,1,161.538560
2010-06-30,97.7300,69.342346,13386200,0,1,159.902395
2010-07-01,97.3400,69.065681,18562200,0,1,159.264291
2010-07-02,96.8700,68.732185,11305700,0,1,158.495293
2010-07-06,97.4500,69.143707,10251400,0,1,159.444269
2010-07-07,100.2900,71.158752,12255100,0,1,164.090977
2010-07-08,101.5100,72.024345,9456500,0,1,166.087098
2010-07-09,102.1100,72.450104,7377600,0,1,167.068797
2010-07-12,102.2500,72.549446,6613100,0,1,167.297860
2010-07-13,103.7300,73.599548,9339100,0,1,169.719384
2010-07-14,103.7500,73.613739,8757900,0,1,169.752108
2010-07-15,103.7000,73.578239,11495700,0,1,169.670300
2010-07-16,101.0100,71.733955,12219700,0.093,1,165.421179
2010-07-19,101.6200,72.167130,7289500,0,1,166.420159
2010-07-20,102.3300,72.671364,9200800,0,1,167.582905
2010-07-21,101.2300,71.890175,10812500,0,1,165.781467
2010-07-22,103.2500,73.324753,10386600,0,1,169.089563
2010-07-23,104.2700,74.049057,13384300,0,1,170.759988
2010-07-26,105.2600,74.752167,9047000,0,1,172.381282
2010-07-27,105.4400,74.879967,10259500,0,1,172.676063
2010-07-28,105.0900,74.631454,7157900,0,1,172.102878
2010-07-29,104.6700,74.333138,11562800,0,1,171.415056
2010-07-30,104.7000,74.354500,11706000,0,1,171.464186
2010-08-02,106.7300,75.796059,6852300,0,1,174.788659
2010-08-03,106.3900,75.554611,5440100,0,1,174.231851
2010-08-04,106.9600,75.959457,7289900,0,1,175.165324
2010-08-05,106.8800,75.902657,3631700,0,1,175.034310
2010-08-06,106.6900,75.767715,7524700,0,1,174.723152
2010-08-09,107.1200,76.073067,3723500,0,1,175.427351
2010-08-10,106.6600,75.746399,8434400,0,1,174.674022
2010-08-11,104.1300,73.949646,9496200,0,1,170.530714
2010-08-12,103.4500,73.466743,14562800,0,1,169.417097
2010-08-13,103.3500,73.395706,6481600,0,1,169.253330
2010-08-16,103.2800,73.346024,5818900,0,1,169.138693
2010-08-17,104.3300,74.091721,5461600,0,1,170.858248
2010-08-18,104.5700,74.262154,6344900,0,1,171.251289
2010-08-19,103.0600,73.189812,8882600,0,1,168.778405
2010-08-20,102.1400,72.807678,8548600,0.384,1,167.900614
2010-08-23,101.7600,72.536804,5552400,0,1,167.275959
2010-08-24,100.4000,71.567413,9543400,0,1,165.040353
2010-08-25,100.6100,71.717110,9732500,0,1,165.385556
2010-08-26,99.9300,71.232437,8258800,0,1,164.267753
2010-08-27,101.5800,72.408463,10431400,0,1,166.980070
2010-08-30,100.1700,71.403465,4731200,0,1,164.662272
2010-08-31,100.2000,71.424820,10523400,0,1,164.711587
2010-09-01,102.8000,73.278206,8511100,0,1,168.985540
2010-09-02,103.2800,73.620316,3782600,0,1,169.774578
2010-09-03,104.5800,74.546997,6280300,0,1,171.911555
2010-09-07,103.5600,73.819901,4206700,0,1,170.234850
2010-09-08,103.9800,74.119286,5742100,0,1,170.925258
2010-09-09,104.2500,74.311729,4396500,0,1,171.369091
2010-09-10,104.7800,74.689537,3521600,0,1,172.240320
2010-09-13,105.6700,75.324059,4944900,0,1,173.703327
2010-09-14,105.4400,75.160027,5077800,0,1,173.325247
2010-09-15,105.9400,75.516411,4374300,0,1,174.147161
2010-09-16,106.1900,75.694633,5449000,0,1,174.558118
2010-09-17,106.0700,75.745308,7777800,0.191,1,174.674830
2010-09-20,107.5200,76.780762,5257500,0,1,177.062673
2010-09-21,107.6200,76.852196,8381800,0,1,177.227352
2010-09-22,107.4000,76.695084,5593500,0,1,176.865058
2010-09-23,106.6700,76.173813,7547400,0,1,175.662903
2010-09-24,108.5700,77.530632,5334900,0,1,178.791800
2010-09-27,108.1900,77.259293,3989800,0,1,178.166021
2010-09-28,108.5600,77.523460,7872700,0,1,178.775332
2010-09-29,108.3100,77.344978,6281000,0,1,178.363635
2010-09-30,107.9100,77.059319,11670500,0,1,177.704920
2010-10-01,108.3200,77.352089,5987600,0,1,178.380103
2010-10-04,107.5700,76.816544,5561600,0,1,177.145012
2010-10-05,109.4000,78.123337,6493200,0,1,180.158635
2010-10-06,109.7700,78.387558,7215600,0,1,180.767946
2010-10-07,109.6000,78.266151,5282200,0,1,180.487992
2010-10-08,110.1600,78.666069,4812900,0,1,181.410194
2010-10-11,110.2600,78.737442,3527300,0,1,181.574872
2010-10-12,110.2600,78.737442,5373500,0,1,181.574872
2010-10-13,111.0600,79.308731,6921600,0,1,182.892303
2010-10-14,111.0700,79.315865,8971700,0,1,182.908771
2010-10-15,110.6800,79.103615,9377400,0.093,1,182.419675
2010-10-18,111.0100,79.339447,4434900,0,1,182.963572
2010-10-19,109.8400,78.503265,9253700,0,1,181.035210
2010-10-20,111.0900,79.396652,7394700,0,1,183.095425
2010-10-21,111.5400,79.718231,6992000,0,1,183.837103
2010-10-22,111.3600,79.589600,3549800,0,1,183.540432
2010-10-25,111.7100,79.839752,6126500,0,1,184.117292
2010-10-26,111.7600,79.875549,5371300,0,1,184.199701
2010-10-27,111.3100,79.553833,7608300,0,1,183.458023
2010-10-28,111.1000,79.403793,5657500,0,1,183.111907
2010-10-29,111.3100,79.553833,5972000,0,1,183.458023
2010-11-01,111.3200,79.561043,9428500,0,1,183.474505
2010-11-02,111.8800,79.961258,4073600,0,1,184.397481
2010-11-03,112.3000,80.261459,10108800,0,1,185.089713
2010-11-04,114.4300,81.783745,9353700,0,1,188.600320
2010-11-05,114.5400,81.862389,6347900,0,1,188.781619
2010-11-08,114.2200,81.633698,4081700,0,1,188.254204
2010-11-09,113.6900,81.254913,5838500,0,1,187.380673
2010-11-10,113.7300,81.283455,9956900,0,1,187.446599
2010-11-11,113.0800,80.818954,5517900,0,1,186.375288
2010-11-12,112.1600,80.161415,8695800,0,1,184.858969
2010-11-15,112.2500,80.225723,6607300,0,1,185.007305
2010-11-16,110.5000,78.975014,9492400,0,1,182.123004
2010-11-17,110.4400,78.932091,5558800,0,1,182.024114
2010-11-18,112.1500,80.154228,7154500,0,1,184.842488
2010-11-19,112.0100,80.312714,4474300,0.361,1,185.206734
2010-11-22,111.8200,80.176414,6814800,0,1,184.892572
2010-11-23,110.3900,79.151161,6615500,0,1,182.528090
2010-11-24,111.8500,80.197975,4288200,0,1,184.942176
2010-11-26,110.6400,79.330345,2330100,0,1,182.941461
2010-11-29,110.6500,79.337524,6040400,0,1,182.957996
2010-11-30,110.1700,78.993347,8055600,0,1,182.164323
2010-12-01,112.6700,80.785942,7312300,0,1,186.298033
2010-12-02,113.7400,81.553169,6146200,0,1,188.067261
2010-12-03,113.9400,81.696533,4550500,0,1,188.397958
2010-12-06,113.7400,81.553169,6181100,0,1,188.067261
2010-12-07,113.7300,81.545952,7617300,0,1,188.050726
2010-12-08,113.8900,81.660667,6518700,0,1,188.315283
2010-12-09,113.9200,81.682159,5237500,0,1,188.364888
2010-12-10,114.2900,81.947464,8294000,0,1,188.976677
2010-12-13,114.4900,82.090828,4756900,0,1,189.307374
2010-12-14,115.0100,82.463768,5212500,0,1,190.167185
2010-12-15,114.8900,82.377670,5851100,0,1,189.968767
2010-12-16,115.2400,82.628609,8109500,0,1,190.547487
2010-12-17,114.9500,82.609268,4621200,0.263,1,190.502843
2010-12-20,114.7500,82.465492,6742100,0,1,190.171389
2010-12-21,115.3100,82.867950,4783100,0,1,191.099459
2010-12-22,115.5800,83.062019,3487300,0,1,191.546921
2010-12-23,115.7300,83.169815,3578800,0,1,191.795511
2010-12-27,115.5400,83.033257,4138600,0,1,191.480630
2010-12-28,115.7900,83.212906,4738400,0,1,191.894947
2010-12-29,115.6500,83.290741,6621900,0.248,1,192.073932
2010-12-30,115.4500,83.146667,6599100,0,1,191.741768
2010-12-31,115.6300,83.276314,3725200,0,1,192.040715
2011-01-03,116.4100,83.838036,9108900,0,1,193.336156
2011-01-04,116.6400,84.003670,9775600,0,1,193.718144
2011-01-05,117.0400,84.291771,7567800,0,1,194.382473
2011-01-06,116.7800,84.104530,7161600,0,1,193.950659
2011-01-07,116.5700,83.953247,9249800,0,1,193.601887
2011-01-10,116.2000,83.686790,6166700,0,1,192.987383
2011-01-11,116.5500,83.938904,5122600,0,1,193.568671
2011-01-12,117.4000,84.551048,5255800,0,1,194.980368
2011-01-13,117.2000,84.407036,6056800,0,1,194.648204
2011-01-14,117.6900,84.759918,5885800,0,1,195.462006
2011-01-18,118.2300,85.148788,4665700,0,1,196.358850
2011-01-19,118.1600,85.098389,9080300,0,1,196.242592
2011-01-20,118.1200,85.069572,10935600,0,1,196.176159
2011-01-21,118.4600,85.418571,9663000,0.144,1,196.979997
2011-01-24,119.5600,86.211777,12299400,0,1,198.809120
2011-01-25,119.4900,86.161263,10474000,0,1,198.692722
2011-01-26,119.6100,86.247818,9154100,0,1,198.892262
2011-01-27,119.6400,86.269470,7393200,0,1,198.942148
2011-01-28,118.0200,85.101288,17156100,0,1,196.248347
2011-01-31,118.6000,85.519547,8965000,0,1,197.212794
2011-02-01,120.0900,86.593910,7626900,0,1,199.690425
2011-02-02,120.1000,86.601143,4231200,0,1,199.707054
2011-02-03,120.3700,86.795837,6338100,0,1,200.156021
2011-02-04,120.6900,87.026535,5191300,0,1,200.688129
2011-02-07,121.3500,87.502502,7317100,0,1,201.785603
2011-02-08,122.1400,88.072151,6032000,0,1,203.099247
2011-02-09,122.2800,88.173126,7682100,0,1,203.332044
2011-02-10,122.1700,88.093773,7202200,0,1,203.149132
2011-02-11,122.6500,88.439934,6887200,0,1,203.947295
2011-02-14,122.6100,88.411011,4093900,0,1,203.880782
2011-02-15,122.2000,88.115425,4854700,0,1,203.199017
2011-02-16,122.8800,88.605759,5680000,0,1,204.329748
2011-02-17,123.1600,88.807610,4856500,0,1,204.795343
2011-02-18,123.6000,89.342537,6320900,0.3,1,206.025845
2011-02-22,121.8900,88.106506,9844300,0,1,203.175487
2011-02-23,120.8500,87.354713,14461100,0,1,201.441936
2011-02-24,120.4200,87.043945,12247300,0,1,200.725180
2011-02-25,121.1400,87.564354,5649800,0,1,201.925330
2011-02-28,122.1500,88.294434,5759600,0,1,203.608875
2011-03-01,120.3700,87.007797,9666700,0,1,200.641836
2011-03-02,120.4500,87.065605,8298400,0,1,200.775186
2011-03-03,122.3600,88.446220,7297200,0,1,203.958919
2011-03-04,121.4700,87.802849,10366700,0,1,202.475399
2011-03-07,120.7100,87.253555,8355500,0,1,201.208574
2011-03-08,121.9900,88.178825,8009200,0,1,203.342175
2011-03-09,122.0100,88.193230,7819900,0,1,203.375512
2011-03-10,119.7300,86.545135,15698000,0,1,199.575036
2011-03-11,120.4200,87.043945,10479900,0,1,200.725180
2011-03-14,119.8500,86.631920,8026700,0,1,199.775061
2011-03-15,118.4300,85.605492,14786600,0,1,197.408097
2011-03-16,116.1600,83.964592,16469000,0,1,193.624289
2011-03-17,117.6900,85.070557,7902300,0,1,196.174609
2011-03-18,118.2700,85.654289,10498900,0.226,1,197.518111
2011-03-21,120.0700,86.957901,7615000,0,1,200.524221
2011-03-22,119.9200,86.849319,6360500,0,1,200.273712
2011-03-23,120.6300,87.363464,6693400,0,1,201.459455
2011-03-24,121.4600,87.964577,4827100,0,1,202.845605
2011-03-25,121.9600,88.326653,6604100,0,1,203.680636
2011-03-28,121.7600,88.181831,2663400,0,1,203.346624
2011-03-29,122.5100,88.725014,6025800,0,1,204.599169
2011-03-30,123.2100,89.231956,4100800,0,1,205.768212
2011-03-31,123.0200,89.094376,4355100,0,1,205.450901
2011-04-01,123.4600,89.412994,5203200,0,1,206.185727
2011-04-04,123.7600,89.630318,6278900,0,1,206.686746
2011-04-05,123.6500,89.550629,8523300,0,1,206.503039
2011-04-06,124.1700,89.927254,4246000,0,1,207.371471
2011-04-07,123.9100,89.738968,6542200,0,1,206.937255
2011-04-08,123.6500,89.550629,6080300,0,1,206.503039
2011-04-11,123.6400,89.543442,5467500,0,1,206.486338
2011-04-12,122.4600,88.688797,5161400,0,1,204.515666
2011-04-13,122.5500,88.753998,4278200,0,1,204.665972
2011-04-14,122.7200,88.877090,4338300,0,1,204.949882
2011-04-15,123.1900,89.299011,5299500,0.112,1,205.921858
2011-04-18,121.7400,88.247932,10033200,0,1,203.498068
2011-04-19,122.3900,88.719078,5007200,0,1,204.584594
2011-04-20,124.3400,90.132584,6708700,0,1,207.844174
2011-04-21,124.7900,90.458824,4019100,0,1,208.596385
2011-04-25,124.5500,90.284836,4441200,0,1,208.195206
2011-04-26,125.7000,91.118515,6200000,0,1,210.117522
2011-04-27,126.6900,91.836052,5703800,0,1,211.772385
2011-04-28,127.4200,92.365288,11788000,0,1,212.992638
2011-04-29,128.0400,92.814713,11425900,0,1,214.029017
2011-05-02,127.8400,92.669731,10518700,0,1,213.694702
2011-05-03,127.8200,92.655266,7708200,0,1,213.661270
2011-05-04,126.9700,92.039093,8253900,0,1,212.240428
2011-05-05,125.6400,91.074966,11362900,0,1,210.017227
2011-05-06,126.2700,91.531624,9866400,0,1,211.070322
2011-05-09,126.7100,91.850624,5464900,0,1,211.805817
2011-05-10,127.4500,92.387001,4179600,0,1,213.042786
2011-05-11,126.3100,91.560684,7813600,0,1,211.137185
2011-05-12,126.9900,92.053596,6684200,0,1,212.273859
2011-05-13,125.9600,91.306953,6677500,0,1,210.552132
2011-05-16,125.4700,90.951767,4399900,0,1,209.733059
2011-05-17,124.8100,90.473320,25391000,0,1,208.629816
2011-05-18,125.7100,91.125740,4534600,0,1,210.134238
2011-05-19,126.1800,91.466393,4714900,0,1,210.919880
2011-05-20,124.8500,90.800941,6881200,0.415,1,209.390385
2011-05-23,123.5200,89.833649,5901700,0,1,207.159794
2011-05-24,123.3000,89.673714,4244400,0,1,206.790825
2011-05-25,123.6500,89.928215,4110900,0,1,207.377822
2011-05-26,123.8000,90.037247,6190400,0,1,207.629392
2011-05-27,124.2300,90.350044,4402800,0,1,208.350561
2011-05-31,125.5000,91.273705,5290000,0,1,210.480523
2011-06-01,122.7000,89.237282,8218900,0,1,205.784543
2011-06-02,122.3000,88.946404,8832200,0,1,205.113689
2011-06-03,121.3200,88.233688,6224000,0,1,203.470096
2011-06-06,120.7300,87.804581,4679000,0,1,202.480586
2011-06-07,120.4900,87.630035,3834600,0,1,202.078073
2011-06-08,120.3000,87.491867,6860100,0,1,201.759418
2011-06-09,121.1200,88.088219,4024900,0,1,203.134669
2011-06-10,119.3700,86.815453,7384800,0,1,200.199682
2011-06-13,119.4600,86.880898,5363200,0,1,200.350624
2011-06-14,120.7000,87.782692,4853100,0,1,202.430272
2011-06-15,118.8800,86.459076,20958800,0,1,199.377885
2011-06-16,119.5300,86.931854,7469900,0,1,200.468023
2011-06-17,119.7400,87.236412,7742000,0.208,1,201.169066
2011-06-20,120.5400,87.819160,5679800,0,1,202.513105
2011-06-21,121.5900,88.584129,4744500,0,1,204.277157
2011-06-22,120.8100,88.015892,4702500,0,1,202.966718
2011-06-23,120.3200,87.658936,9033500,0,1,202.143494
2011-06-24,119.2000,86.842911,6643300,0,1,200.261839
2011-06-27,120.2000,87.571457,4488800,0,1,201.941888
2011-06-28,121.6100,88.598763,4085500,0,1,204.310758
2011-06-29,122.4500,89.210732,5712400,0,1,205.721999
2011-06-30,123.8300,90.216110,4754500,0,1,208.040466
2011-07-01,125.5800,91.491066,8692000,0,1,210.980552
2011-07-05,125.4900,91.425545,5324300,0,1,210.829348
2011-07-06,126.0900,91.862679,9795100,0,1,211.837377
2011-07-07,127.1000,92.598518,4400700,0,1,213.534226
2011-07-08,126.3900,92.081245,5987200,0,1,212.341392
2011-07-11,124.9500,91.032066,6931200,0,1,209.922121
2011-07-12,124.3300,90.580376,12501300,0,1,208.880491
2011-07-13,124.8000,90.922829,7366800,0,1,209.670114
2011-07-14,124.2100,90.492989,6517000,0,1,208.678885
2011-07-15,124.5600,90.829819,7853000,0.112,1,209.455068
2011-07-18,123.6200,90.144402,6150200,0,1,207.874401
2011-07-19,125.6300,91.610107,5848000,0,1,211.254336
2011-07-20,125.4600,91.486130,3291800,0,1,210.968471
2011-07-21,127.0300,92.630997,6881400,0,1,213.608520
2011-07-22,126.6000,92.317413,5848500,0,1,212.885449
2011-07-25,125.7600,91.704880,5236200,0,1,211.472939
2011-07-26,124.8300,91.026718,7202900,0,1,209.909089
2011-07-27,122.8400,89.575607,7558600,0,1,206.562785
2011-07-28,122.2800,89.167259,7454600,0,1,205.621112
2011-07-29,121.1300,88.328667,16015400,0,1,203.687318
2011-08-01,121.1100,88.314102,11630000,0,1,203.653687
2011-08-02,118.4600,86.381699,9644500,0,1,199.197554
2011-08-03,118.8000,86.629623,16594800,0,1,199.769284
2011-08-04,113.7100,82.917992,19368300,0,1,191.210146
2011-08-05,114.2500,83.311745,30450400,0,1,192.118188
2011-08-08,108.0700,78.805237,30395700,0,1,181.726149
2011-08-09,112.3700,81.940842,32097800,0,1,188.956856
2011-08-10,107.1700,78.148949,27711600,0,1,180.212746
2011-08-11,111.2500,81.124062,17393500,0,1,187.073509
2011-08-12,112.8000,82.254410,14097500,0,1,189.679926
2011-08-15,114.8100,83.720070,13586200,0,1,193.059861
2011-08-16,114.0800,83.187759,10846800,0,1,191.832323
2011-08-17,114.2600,83.319061,9350200,0,1,192.135003
2011-08-18,110.0700,80.263695,18143700,0,1,185.089268
2011-08-19,107.9100,78.989265,15277500,0.419,1,182.161673
2011-08-22,108.3000,79.274796,11314800,0,1,182.820028
2011-08-23,111.3700,81.521973,12374800,0,1,188.002461
2011-08-24,112.9500,82.678497,9256900,0,1,190.669641
2011-08-25,111.2600,81.441483,10391700,0,1,187.816771
2011-08-26,112.7000,82.495544,13140300,0,1,190.247619
2011-08-29,115.1400,84.281532,7117800,0,1,194.366556
2011-08-30,115.3500,84.435295,10480300,0,1,194.721055
2011-08-31,115.9500,84.874474,8390900,0,1,195.733908
2011-09-01,114.8700,84.083939,7690900,0,1,193.910772
2011-09-02,112.2800,82.188087,9426300,0,1,189.538622
2011-09-06,111.2100,81.404823,10881100,0,1,187.732367
2011-09-07,113.9400,83.403191,7271500,0,1,192.340849
2011-09-08,112.8700,82.619957,7772800,0,1,190.534594
2011-09-09,109.8200,80.387344,11877700,0,1,185.385923
2011-09-12,110.5100,80.892433,10062000,0,1,186.550704
2011-09-13,110.9200,81.192574,10836700,0,1,187.242821
2011-09-14,112.4000,82.275948,14634500,0,1,189.741192
2011-09-15,114.2600,83.637421,9646000,0,1,192.881038
2011-09-16,114.8600,84.231430,12330800,0.21,1,194.248390
2011-09-19,113.7200,83.395462,9727400,0,1,192.320450
2011-09-20,113.8800,83.512680,8070700,0,1,192.591038
2011-09-21,110.9500,81.364075,14933100,0,1,187.635894
2011-09-22,107.0700,78.518707,19744500,0,1,181.074134
2011-09-23,107.4500,78.797348,12056800,0,1,181.716781
2011-09-26,110.2400,80.843422,11476000,0,1,186.435160
2011-09-27,111.7100,81.921417,13564400,0,1,188.921188
2011-09-28,109.8300,80.542732,11260200,0,1,185.741778
2011-09-29,111.3800,81.679405,13212200,0,1,188.363100
2011-09-30,108.9300,79.882706,10338600,0,1,184.219720
2011-10-03,106.3600,77.998047,13520400,0,1,179.873400
2011-10-04,107.7200,78.995377,18100000,0,1,182.173398
2011-10-05,109.2800,80.139397,9967000,0,1,184.811632
2011-10-06,111.0900,81.466728,8534300,0,1,187.872659
2011-10-07,111.0200,81.415421,10022000,0,1,187.754277
2011-10-10,114.2100,83.754723,7176500,0,1,193.149126
2011-10-11,114.0100,83.608109,7836000,0,1,192.810891
2011-10-12,114.9900,84.326759,7855800,0,1,194.468242
2011-10-13,114.6600,84.084778,5493900,0,1,193.910155
2011-10-14,116.3400,85.316818,5256900,0,1,196.751329
2011-10-17,113.9000,83.527374,8397900,0,1,192.624861
2011-10-18,115.5100,84.708092,11694400,0,1,195.347654
2011-10-19,114.9500,84.297401,15286300,0,1,194.400595
2011-10-20,115.3300,84.576073,7944500,0,1,195.043242
2011-10-21,117.8500,86.562965,13012000,0.185,1,199.617871
2011-10-24,118.8800,87.319542,8407500,0,1,201.362516
2011-10-25,116.7900,85.784355,9405200,0,1,197.822411
2011-10-26,118.4100,86.974312,9938700,0,1,200.566416
2011-10-27,121.9400,89.567162,12948500,0,1,206.545636
2011-10-28,122.0400,89.640587,6666900,0,1,206.715019
2011-10-31,119.3400,87.657394,13398600,0,1,202.141678
2011-11-01,116.3800,85.483231,15120600,0,1,197.127941
2011-11-02,118.1300,86.768623,7605000,0,1,200.092144
2011-11-03,120.1900,88.281738,12007500,0,1,203.581433
2011-11-04,119.6000,87.848366,7021900,0,1,202.582074
2011-11-07,120.4500,88.472740,8694400,0,1,204.021829
2011-11-08,121.5900,89.310074,7383200,0,1,205.952796
2011-11-09,117.6900,86.445465,12096200,0,1,199.346858
2011-11-10,118.8900,87.326851,9960400,0,1,201.379454
2011-11-11,121.5300,89.266029,7260300,0,1,205.851166
2011-11-14,120.7100,88.663689,7391200,0,1,204.462225
2011-11-15,120.8700,88.781273,6467700,0,1,204.733238
2011-11-16,119.1000,87.481133,7142200,0,1,201.735159
2011-11-17,117.8300,86.548279,10984300,0,1,199.583995
2011-11-18,117.7300,86.684525,8307400,0.285,1,199.897353
2011-11-21,115.1600,84.792252,18829600,0,1,195.533672
2011-11-22,114.7400,84.482964,8396900,0,1,194.820541
2011-11-23,112.3300,82.708466,7988400,0,1,190.728529
2011-11-25,112.1400,82.568611,3532100,0,1,190.405922
2011-11-28,115.1000,84.748055,6666100,0,1,195.431796
2011-11-29,115.5600,85.086662,5325400,0,1,196.212844
2011-11-30,120.1900,88.495811,11581500,0,1,204.074262
2011-12-01,120.1300,88.451591,5437700,0,1,203.972386
2011-12-02,120.0600,88.400063,5584400,0,1,203.853531
2011-12-05,120.9500,89.055367,6285400,0,1,205.364689
2011-12-06,121.3900,89.379417,7062300,0,1,206.111779
2011-12-07,122.0700,89.880051,9026700,0,1,207.266371
2011-12-08,119.9400,88.311668,9595600,0,1,203.649779
2011-12-09,121.7800,89.666451,8999200,0,1,206.773971
2011-12-12,120.2400,88.532547,6291500,0,1,204.159159
2011-12-13,119.5100,87.995094,7761800,0,1,202.919669
2011-12-14,118.3200,87.118866,10062700,0,1,200.899132
2011-12-15,118.8100,87.479691,5261400,0,1,201.731118
2011-12-16,118.2200,87.306885,7758400,0.356,1,201.333802
2011-12-19,117.3600,86.671768,7977500,0,1,199.869185
2011-12-20,120.6800,89.123634,7867300,0,1,205.523289
2011-12-21,120.8100,89.219620,6679800,0,1,205.744685
2011-12-22,121.5300,89.751381,4202800,0,1,206.970876
2011-12-23,122.6300,90.563713,2281300,0,1,208.844224
2011-12-27,122.6700,90.593292,3878700,0,1,208.912346
2011-12-28,121.2500,89.544609,3871400,0,1,206.494024
2011-12-29,122.5200,90.482483,5133600,0,1,208.656889
2011-12-30,121.8500,89.987671,4734000,0,1,207.515850
2012-01-03,123.6300,91.302238,7175100,0,1,210.547268
2012-01-04,123.9700,91.553345,7625200,0,1,211.126302
2012-01-05,123.9500,91.538567,8678900,0,1,211.092241
2012-01-06,123.5300,91.228401,7488600,0,1,210.376963
2012-01-09,123.6600,91.324409,5881800,0,1,210.598359
2012-01-10,124.3800,91.856117,5274400,0,1,211.824550
2012-01-11,124.2900,91.789627,4890300,0,1,211.671276
2012-01-12,124.5300,91.966911,5591300,0,1,212.080007
2012-01-13,124.1600,91.693642,6392100,0,1,211.449881
2012-01-17,124.6200,92.033333,5348800,0,1,212.233281
2012-01-18,125.6200,92.771896,6473000,0,1,213.936324
2012-01-19,126.1700,93.178017,8095300,0,1,214.872998
2012-01-20,126.9600,93.885712,6995400,0.167,1,216.502811
2012-01-23,126.8100,93.774849,5166800,0,1,216.247018
2012-01-24,126.4300,93.493820,4798200,0,1,215.599010
2012-01-25,127.2500,94.100204,9642500,0,1,216.997343
2012-01-26,127.0600,93.959709,5902300,0,1,216.673339
2012-01-27,126.4500,93.508621,6136400,0,1,215.633116
2012-01-30,126.2300,93.345932,5910600,0,1,215.257954
2012-01-31,126.0700,93.227600,5951700,0,1,214.985108
2012-02-01,126.9100,93.848785,9891000,0,1,216.417547
2012-02-02,126.8400,93.797020,4531500,0,1,216.298177
2012-02-03,128.3700,94.928406,8654000,0,1,218.907261
2012-02-06,128.1200,94.743538,3852400,0,1,218.480940
2012-02-07,128.5100,95.031952,5739300,0,1,219.146000
2012-02-08,128.7100,95.179848,4884400,0,1,219.487057
2012-02-09,128.7600,95.216858,5416600,0,1,219.572321
2012-02-10,127.8500,94.543900,6380600,0,1,218.020513
2012-02-13,128.5900,95.091095,4654100,0,1,219.282423
2012-02-14,128.6600,95.142876,5608500,0,1,219.401793
2012-02-15,127.8600,94.551292,9589200,0,1,218.037566
2012-02-16,129.0700,95.446098,8699000,0,1,220.100959
2012-02-17,129.2300,95.810852,5765200,0.332,1,220.939959
2012-02-21,129.3500,95.899803,6589200,0,1,221.145118
2012-02-22,129.1400,95.744133,6092200,0,1,220.786089
2012-02-23,129.5800,96.070290,12890500,0,1,221.538341
2012-02-24,129.6200,96.099968,3769100,0,1,221.606728
2012-02-27,129.6600,96.129684,5778600,0,1,221.675115
2012-02-28,129.8600,96.277962,4953700,0,1,222.017047
2012-02-29,129.2900,95.855301,7724200,0,1,221.042539
2012-03-01,129.5700,96.062897,6684300,0,1,221.521245
2012-03-02,129.5500,96.048119,3818700,0,1,221.487051
2012-03-05,129.4200,95.951698,5286400,0,1,221.264795
2012-03-06,127.4500,94.491142,14410100,0,1,217.896756
2012-03-07,128.2300,95.069412,5736200,0,1,219.230294
2012-03-08,128.9200,95.581047,4417000,0,1,220.409963
2012-03-09,129.1500,95.751503,6248400,0,1,220.803186
2012-03-12,129.4600,95.981331,5197000,0,1,221.333182
2012-03-13,131.6800,97.627274,8699500,0,1,225.128637
2012-03-14,131.8800,97.775558,5124600,0,1,225.470570
2012-03-15,132.4100,98.168488,5716900,0,1,226.376692
2012-03-16,132.0500,98.090446,5047200,0.255,1,226.197177
2012-03-19,132.0700,98.105362,4424000,0,1,226.231437
2012-03-20,131.3800,97.592804,5403700,0,1,225.049490
2012-03-21,130.9900,97.303040,5031900,0,1,224.381433
2012-03-22,130.1700,96.693947,6987900,0,1,222.976801
2012-03-23,130.6000,97.013367,4373300,0,1,223.713377
2012-03-26,132.0900,98.120186,4991500,0,1,226.265696
2012-03-27,131.6700,97.808182,5777300,0,1,225.546250
2012-03-28,130.9800,97.295654,5293700,0,1,224.364304
2012-03-29,131.1300,97.407036,4487400,0,1,224.621249
2012-03-30,131.8000,97.904762,4218500,0,1,225.768936
2012-04-02,132.3000,98.276169,8683800,0,1,226.625419
2012-04-03,131.6700,97.808182,6098700,0,1,225.546250
2012-04-04,130.5100,96.946518,10402500,0,1,223.559210
2012-04-05,130.3900,96.857338,4179800,0,1,223.353654
2012-04-09,129.1200,95.913986,5360200,0,1,221.178187
2012-04-10,127.0100,94.346664,12912700,0,1,217.563828
2012-04-11,127.8500,94.970642,5603300,0,1,219.002720
2012-04-12,129.7200,96.359703,7164600,0,1,222.205966
2012-04-13,128.4000,95.379166,8826800,0,1,219.944851
2012-04-16,129.0700,95.876854,7503100,0,1,221.092538
2012-04-17,130.9400,97.265953,6290900,0,1,224.295785
2012-04-18,130.1500,96.679108,5057100,0,1,222.942542
2012-04-19,129.5400,96.225967,8957000,0,1,221.897632
2012-04-20,129.9800,96.664017,5686800,0.149,1,222.906569
2012-04-23,129.0200,95.950127,5180000,0,1,221.260237
2012-04-24,129.7200,96.470673,4418700,0,1,222.460688
2012-04-25,130.6400,97.154823,7342000,0,1,224.038423
2012-04-26,131.8500,98.054749,4577100,0,1,226.113488
2012-04-27,132.0000,98.166245,3969500,0,1,226.370728
2012-04-30,131.8000,98.017494,3670500,0,1,226.027742
2012-05-01,132.5300,98.560417,5453200,0,1,227.279640
2012-05-02,132.4000,98.463722,3746000,0,1,227.056699
2012-05-03,131.8100,98.024918,5043100,0,1,226.044891
2012-05-04,130.0900,96.745811,5934300,0,1,223.095212
2012-05-07,129.8400,96.559891,4040500,0,1,222.666479
2012-05-08,129.0800,95.994682,7641700,0,1,221.363133
2012-05-09,128.3400,95.444351,11921700,0,1,220.094085
2012-05-10,128.4400,95.518723,5325000,0,1,220.265578
2012-05-11,128.1800,95.325378,3673800,0,1,219.819696
2012-05-14,126.9500,94.410660,6069000,0,1,217.710332
2012-05-15,126.3100,93.934685,6713000,0,1,216.612777
2012-05-16,126.1800,93.838036,6043200,0,1,216.389836
2012-05-17,124.5700,92.640678,8985300,0,1,213.628800
2012-05-18,123.3100,92.018333,10861600,0.426,1,212.198548
2012-05-21,124.8100,93.137650,5384900,0,1,214.779830
2012-05-22,124.8300,93.152565,9856100,0,1,214.814247
2012-05-23,124.7100,93.063034,8600000,0,1,214.607744
2012-05-24,125.1200,93.369019,7043000,0,1,215.313294
2012-05-25,124.2600,92.727295,6725100,0,1,213.833360
2012-05-29,125.6000,93.727211,6828700,0,1,216.139305
2012-05-30,123.9900,92.525757,6874300,0,1,213.368729
2012-05-31,123.7000,92.309372,7793500,0,1,212.869681
2012-06-01,121.0100,90.301979,11815100,0,1,208.240583
2012-06-04,120.7800,90.130348,6369000,0,1,207.844787
2012-06-05,121.0900,90.361717,6619900,0,1,208.378251
2012-06-06,123.9300,92.480995,6138400,0,1,213.265478
2012-06-07,124.5200,92.921265,8806300,0,1,214.280782
2012-06-08,125.4300,93.600357,4432700,0,1,215.846759
2012-06-11,123.9800,92.518280,7232100,0,1,213.351521
2012-06-12,125.5900,93.719727,4923700,0,1,216.122096
2012-06-13,124.8900,93.197388,4687100,0,1,214.917498
2012-06-14,126.3700,94.301842,8162700,0,1,217.464362
2012-06-15,127.3400,95.191422,6268400,0.22,1,219.512179
2012-06-18,127.1300,95.034424,4568500,0,1,219.150175
2012-06-19,128.0600,95.729614,3869500,0,1,220.753335
2012-06-20,127.9600,95.654854,9212800,0,1,220.580952
2012-06-21,125.4400,93.771103,7702600,0,1,216.236907
2012-06-22,126.2300,94.361580,5295800,0,1,217.598731
2012-06-25,124.7600,93.262711,5922300,0,1,215.064704
2012-06-26,125.0800,93.501976,7551600,0,1,215.616329
2012-06-27,126.0100,94.197144,3717100,0,1,217.219489
2012-06-28,125.8000,94.040199,6460100,0,1,216.857485
2012-06-29,128.4500,96.021149,5844400,0,1,221.425627
2012-07-02,128.3600,95.953888,3837000,0,1,221.270483
2012-07-03,129.1500,96.544411,2717700,0,1,222.632307
2012-07-05,128.7800,96.267830,6637500,0,1,221.994490
2012-07-06,127.5700,95.363327,4341400,0,1,219.908659
2012-07-09,127.2400,95.116615,4503800,0,1,219.339796
2012-07-10,126.3500,94.451317,6730900,0,1,217.805590
2012-07-11,125.9100,94.122406,6839500,0,1,217.047106
2012-07-12,125.5700,93.868240,4412400,0,1,216.461005
2012-07-13,127.6200,95.400635,3942000,0,1,219.994851
2012-07-16,127.1200,95.026932,1991700,0,1,219.132937
2012-07-17,127.8200,95.550255,3326900,0,1,220.339616
2012-07-18,128.9600,96.402412,3099300,0,1,222.304779
2012-07-19,129.3200,96.671471,3845000,0,1,222.925357
2012-07-20,128.0400,95.870361,7435600,0.21,1,221.080862
2012-07-23,126.9100,95.024284,4647900,0,1,219.129742
2012-07-24,125.8600,94.238060,7077400,0,1,217.316755
2012-07-25,126.5100,94.724762,3872300,0,1,218.439080
2012-07-26,128.5800,96.274643,8074000,0,1,222.013255
2012-07-27,130.5400,97.742188,7463900,0,1,225.397499
2012-07-30,130.4000,97.637352,4235800,0,1,225.155767
2012-07-31,129.6900,97.105782,4783400,0,1,223.929842
2012-08-01,129.4500,96.926094,5770000,0,1,223.515445
2012-08-02,128.5400,96.244713,10915200,0,1,221.944189
2012-08-03,130.7300,97.884445,7768300,0,1,225.725563
2012-08-06,130.9000,98.011765,4572700,0,1,226.019094
2012-08-07,131.3800,98.371185,3584500,0,1,226.847888
2012-08-08,131.5500,98.498451,3003900,0,1,227.141420
2012-08-09,131.5700,98.513474,3355100,0,1,227.175953
2012-08-10,131.9300,98.782967,4410400,0,1,227.797549
2012-08-13,131.6200,98.550896,3986700,0,1,227.262286
2012-08-14,131.6600,98.580849,3421500,0,1,227.331352
2012-08-15,131.7200,98.625725,2834800,0,1,227.434951
2012-08-16,132.5700,99.262184,5340400,0,1,228.902608
2012-08-17,132.4200,99.411560,2484300,0.349,1,229.246212
2012-08-20,132.3800,99.381561,2266700,0,1,229.176964
2012-08-21,131.7700,98.923637,4094500,0,1,228.120928
2012-08-22,131.4700,98.698380,4496200,0,1,227.601567
2012-08-23,130.3800,97.880081,4159600,0,1,225.714553
2012-08-24,131.3800,98.630852,4202400,0,1,227.445758
2012-08-27,131.0600,98.390602,1806500,0,1,226.891773
2012-08-28,130.8600,98.240417,3028000,0,1,226.545531
2012-08-29,130.9200,98.285545,2400400,0,1,226.649404
2012-08-30,129.9200,97.534744,4120700,0,1,224.918198
2012-08-31,130.8800,98.255463,5447700,0,1,226.580156
2012-09-04,130.2300,97.767487,4106900,0,1,225.454872
2012-09-05,130.3700,97.872551,2828800,0,1,225.697241
2012-09-06,132.8200,99.711914,5559400,0,1,229.938694
2012-09-07,132.9400,99.801903,4827700,0,1,230.146439
2012-09-10,132.4800,99.456604,2296800,0,1,229.350084
2012-09-11,133.0900,99.914574,2824400,0,1,230.406119
2012-09-12,133.3700,100.124771,1953900,0,1,230.890857
2012-09-13,135.3900,101.641281,6975700,0,1,234.387892
2012-09-14,135.8600,101.994080,5186100,0,1,235.201558
2012-09-17,135.5300,101.746300,2606500,0,1,234.630260
2012-09-18,135.6100,101.806435,3375400,0,1,234.768757
2012-09-19,135.7300,101.896507,3080800,0,1,234.976501
2012-09-20,135.9500,102.061668,6949700,0,1,235.357367
2012-09-21,135.4700,101.911995,5318100,0.281,1,235.012857
2012-09-24,135.3200,101.799095,2706900,0,1,234.752637
2012-09-25,134.3400,101.061897,6292300,0,1,233.052537
2012-09-26,133.9000,100.730850,5447700,0,1,232.289227
2012-09-27,134.6000,101.257446,4975500,0,1,233.503584
2012-09-28,134.0500,100.843651,4565400,0,1,232.549446
2012-10-01,134.7800,101.392929,4854000,0,1,233.815847
2012-10-02,134.4800,101.167236,6269100,0,1,233.295408
2012-10-03,134.6800,101.317619,3319800,0,1,233.642368
2012-10-04,135.5200,101.949532,3911800,0,1,235.099597
2012-10-05,135.9600,102.280525,4560300,0,1,235.862907
2012-10-08,135.6500,102.047348,2405000,0,1,235.325120
2012-10-09,134.5900,101.249908,6034700,0,1,233.486236
2012-10-10,133.2800,100.264450,10138700,0,1,231.213653
2012-10-11,133.1300,100.151634,3669100,0,1,230.953433
2012-10-12,133.1300,100.151634,3271200,0,1,230.953433
2012-10-15,134.0200,100.821190,2641800,0,1,232.497402
2012-10-16,135.3000,101.784096,5454400,0,1,234.717941
2012-10-17,135.4300,101.881866,3815400,0,1,234.943465
2012-10-18,135.3600,101.829193,6305000,0,1,234.822029
2012-10-19,133.1100,100.275108,10437500,0.187,1,231.243144
2012-10-22,133.1000,100.267563,5591900,0,1,231.225772
2012-10-23,130.7400,98.489754,8962100,0,1,227.125901
2012-10-24,130.5000,98.308899,6097300,0,1,226.708965
2012-10-25,130.7800,98.519875,6313100,0,1,227.195390
2012-10-26,130.7900,98.527367,4182600,0,1,227.212763
2012-10-31,130.6000,98.384254,3939600,0,1,226.882688
2012-11-01,131.9800,99.423775,3807400,0,1,229.280071
2012-11-02,130.6700,98.436981,5141300,0,1,227.004295
2012-11-05,130.8700,98.587646,2710700,0,1,227.351741
2012-11-06,132.0500,99.476562,4408300,0,1,229.401677
2012-11-07,129.2500,97.367287,18648300,0,1,224.537423
2012-11-08,127.9900,96.418045,8427500,0,1,222.348509
2012-11-09,127.9200,96.365273,6571600,0,1,222.226903
2012-11-12,128.0400,96.455727,3758200,0,1,222.435371
2012-11-13,127.5300,96.071533,5407200,0,1,221.549382
2012-11-14,125.7600,94.738159,9479400,0,1,218.474479
2012-11-15,125.5100,94.549782,7658000,0,1,218.040170
2012-11-16,125.6000,94.861717,9350400,0.323,1,218.757648
2012-11-19,127.6300,96.394905,9551500,0,1,222.293301
2012-11-20,127.7100,96.455360,7021800,0,1,222.432637
2012-11-21,128.1500,96.787682,4589400,0,1,223.198985
2012-11-23,129.8900,98.101845,3345800,0,1,226.229545
2012-11-26,129.5200,97.822449,4621000,0,1,225.585116
2012-11-27,128.6800,97.187927,4910000,0,1,224.122087
2012-11-28,129.6400,97.913040,7397000,0,1,225.794120
2012-11-29,130.1400,98.290611,6112800,0,1,226.664970
2012-11-30,130.1000,98.260468,4979600,0,1,226.595302
2012-12-03,129.5500,97.845085,5820800,0,1,225.637367
2012-12-04,129.3900,97.724251,5760400,0,1,225.358694
2012-12-05,130.2400,98.366188,8697300,0,1,226.839140
2012-12-06,130.7400,98.743820,4129400,0,1,227.709991
2012-12-07,131.5600,99.363174,3993200,0,1,229.138186
2012-12-10,131.7400,99.499107,3480900,0,1,229.451692
2012-12-11,132.5000,100.073044,4012700,0,1,230.775385
2012-12-12,132.5100,100.080658,9551800,0,1,230.792802
2012-12-13,131.8200,99.559502,3844500,0,1,229.591028
2012-12-14,131.4600,99.287590,3114300,0,1,228.964016
2012-12-17,132.4400,100.027832,4534100,0,1,230.670883
2012-12-18,133.5500,100.866104,6459500,0,1,232.604171
2012-12-19,132.6200,100.163757,5511500,0,1,230.984389
2012-12-20,133.1900,100.594208,5530500,0,1,231.977158
2012-12-21,131.7900,99.846443,11495800,0.413,1,230.258099
2012-12-24,130.9700,99.225266,1997400,0,1,228.825429
2012-12-26,130.8100,99.103981,3982900,0,1,228.545883
2012-12-27,130.6000,98.944939,8308600,0,1,228.178980
2012-12-28,129.0700,97.785721,8570000,0,1,225.505827
2012-12-31,130.5800,98.929764,12067800,0,1,228.144037
2013-01-02,133.7700,101.346565,9636300,0,1,233.717474
2013-01-03,133.6300,101.240471,8665200,0,1,233.472872
2013-01-04,134.0600,101.566223,4759300,0,1,234.224151
2013-01-07,133.5100,101.149567,6119700,0,1,233.263213
2013-01-08,133.0600,100.808670,4269800,0,1,232.476991
2013-01-09,133.7100,101.301094,3898000,0,1,233.612645
2013-01-10,134.5400,101.929947,6004300,0,1,235.062787
2013-01-11,134.7200,102.066246,4508000,0,1,235.377276
2013-01-14,134.8900,102.195061,4298000,0,1,235.674293
2013-01-15,135.0800,102.339043,2966100,0,1,236.006253
2013-01-16,134.8900,102.195061,3197800,0,1,235.674293
2013-01-17,135.8300,102.907211,6227500,0,1,237.316622
2013-01-18,136.0900,103.214394,4922500,0.145,1,238.024222
2013-01-22,136.7400,103.707359,4544900,0,1,239.161085
2013-01-23,137.4600,104.253456,6397800,0,1,240.420380
2013-01-24,138.0200,104.678162,6288000,0,1,241.399832
2013-01-25,138.6200,105.133209,4461000,0,1,242.449244
2013-01-28,138.6500,105.155975,3167700,0,1,242.501715
2013-01-29,139.2300,105.595856,3946700,0,1,243.516147
2013-01-30,138.7600,105.239365,5496100,0,1,242.694107
2013-01-31,138.4100,104.973930,3935300,0,1,242.081950
2013-02-01,139.7400,105.982674,5234900,0,1,244.408147
2013-02-04,138.5700,105.095375,6536200,0,1,242.361793
2013-02-05,139.3900,105.717255,5819800,0,1,243.795990
2013-02-06,139.5800,105.861290,3113900,0,1,244.128304
2013-02-07,139.2900,105.641365,6637600,0,1,243.621088
2013-02-08,139.7300,105.975090,3573800,0,1,244.390657
2013-02-11,139.5200,105.815804,2542800,0,1,244.023363
2013-02-12,140.0500,106.217766,3498600,0,1,244.950343
2013-02-13,139.8700,106.081314,3387800,0,1,244.635520
2013-02-14,139.8600,106.073692,3048800,0,1,244.618030
2013-02-15,139.4500,106.033371,6111300,0.357,1,244.525331
2013-02-19,139.9700,106.428741,3944000,0,1,245.437151
2013-02-20,138.8800,105.600021,5974200,0,1,243.525837
2013-02-21,138.5100,105.318581,7517900,0,1,242.877043
2013-02-22,139.8100,106.307022,4158500,0,1,245.156591
2013-02-25,137.6600,104.672340,10031600,0,1,241.386570
2013-02-26,138.7800,105.523911,9236100,0,1,243.350488
2013-02-27,140.6000,106.907791,7404500,0,1,246.541854
2013-02-28,140.2800,106.664497,11383200,0,1,245.980735
2013-03-01,140.7400,107.014244,6506400,0,1,246.787344
2013-03-04,141.0700,107.265182,3619700,0,1,247.365999
2013-03-05,142.3400,108.230843,7962300,0,1,249.592941
2013-03-06,142.8400,108.610992,4481000,0,1,250.469691
2013-03-07,143.1400,108.839127,3689100,0,1,250.995740
2013-03-08,143.7600,109.310524,5680700,0,1,252.082909
2013-03-11,144.3600,109.766785,4373000,0,1,253.135008
2013-03-12,144.4000,109.797180,5166400,0,1,253.205148
2013-03-13,144.4600,109.842827,4319500,0,1,253.310358
2013-03-14,145.3300,110.504318,5361200,0,1,254.835901
2013-03-15,144.8200,110.345825,10835400,0.302,1,254.471174
2013-03-18,144.1700,109.850540,5511200,0,1,253.329023
2013-03-19,144.3000,109.949669,9298500,0,1,253.557453
2013-03-20,144.8100,110.338249,5924700,0,1,254.453602
2013-03-21,143.8900,109.637222,6075700,0,1,252.837020
2013-03-22,144.9000,110.406792,5027800,0,1,254.611746
2013-03-25,144.2100,109.881088,9603200,0,1,253.399309
2013-03-26,145.2800,110.696419,4877900,0,1,255.279465
2013-03-27,144.9600,110.452599,4128900,0,1,254.717175
2013-03-28,145.3200,110.726845,4346000,0,1,255.349751
2013-04-01,145.3800,110.772545,8621600,0,1,255.455180
2013-04-02,146.2700,111.450745,5672300,0,1,257.019048
2013-04-03,145.1400,110.589653,7661100,0,1,255.033463
2013-04-04,145.7700,111.069717,7520100,0,1,256.140471
2013-04-05,145.3100,110.719231,7307400,0,1,255.332179
2013-04-08,145.9500,111.206825,3865000,0,1,256.456759
2013-04-09,146.5100,111.633606,5492300,0,1,257.440765
2013-04-10,147.7800,112.601303,7947100,0,1,259.672352
2013-04-11,148.4000,113.073608,6975600,0,1,260.761788
2013-04-12,148.4200,113.088943,8710800,0,1,260.796931
2013-04-15,145.8100,111.100212,14177400,0,1,256.210757
2013-04-16,147.3600,112.281204,6974100,0,1,258.934347
2013-04-17,145.9500,111.206825,10757100,0,1,256.456759
2013-04-18,145.1800,110.620232,8277100,0,1,255.103749
2013-04-19,145.1400,110.697197,6028600,0.141,1,255.281222
2013-04-22,145.3200,110.834480,11711700,0,1,255.597817
2013-04-23,146.8000,111.963264,10435300,0,1,258.200933
2013-04-24,146.4500,111.696350,4963800,0,1,257.585331
2013-04-25,146.7600,111.932777,4160500,0,1,258.130578
2013-04-26,146.8800,112.024261,3242600,0,1,258.341642
2013-04-29,147.8600,112.771683,6132000,0,1,260.065326
2013-04-30,148.0200,112.893806,8065800,0,1,260.346744
2013-05-01,146.7400,111.917503,5372800,0,1,258.095401
2013-05-02,147.9600,112.847939,4340700,0,1,260.241213
2013-05-03,149.3600,113.915771,5929900,0,1,262.703619
2013-05-06,149.4300,113.969154,3110600,0,1,262.826740
2013-05-07,150.2600,114.602280,5361800,0,1,264.286595
2013-05-08,150.9400,115.120819,4087100,0,1,265.482621
2013-05-09,150.8400,115.044518,3948500,0,1,265.306735
2013-05-10,151.0400,115.197075,4138200,0,1,265.658507
2013-05-13,150.8600,115.059753,3841500,0,1,265.341912
2013-05-14,152.1300,116.028389,5551900,0,1,267.575667
2013-05-15,152.7800,116.524246,5770700,0,1,268.718927
2013-05-16,152.4500,116.272476,8194700,0,1,268.138503
2013-05-17,153.1400,117.128342,5503200,0.429,1,270.106669
2013-05-20,153.0400,117.051773,4464700,0,1,269.930290
2013-05-21,153.5100,117.411316,5734900,0,1,270.759271
2013-05-22,152.8400,116.898911,12806500,0,1,269.577533
2013-05-23,152.7700,116.845360,10474400,0,1,269.454067
2013-05-24,152.7700,116.845360,4535300,0,1,269.454067
2013-05-28,153.8800,117.694344,9374100,0,1,271.411873
2013-05-29,152.8400,116.898911,7906200,0,1,269.577533
2013-05-30,153.1000,117.097672,8231800,0,1,270.036118
2013-05-31,151.1000,115.568092,7424700,0,1,266.508539
2013-06-03,152.3100,116.493523,10861300,0,1,268.642724
2013-06-04,151.6400,115.981087,7956400,0,1,267.460986
2013-06-05,149.3100,114.198975,9426900,0,1,263.351357
2013-06-06,150.2500,114.917892,15155100,0,1,265.009319
2013-06-07,152.3200,116.501228,8087900,0,1,268.660362
2013-06-10,152.2100,116.417076,4917900,0,1,268.466345
2013-06-11,151.2000,115.644569,7012500,0,1,266.684918
2013-06-12,149.8600,114.619728,6901000,0,1,264.321441
2013-06-13,151.7600,116.072853,6208200,0,1,267.672640
2013-06-14,150.6600,115.231606,4639300,0,1,265.732472
2013-06-17,151.7800,116.088165,6693100,0,1,267.707916
2013-06-18,153.1000,117.097672,4807900,0,1,270.036118
2013-06-19,151.0900,115.560402,9143700,0,1,266.490902
2013-06-20,147.5800,112.875862,14309900,0,1,260.300002
2013-06-21,147.7300,113.223785,10968600,0.304,1,261.100762
2013-06-24,146.2800,112.112465,14129300,0,1,258.538005
2013-06-25,147.3000,112.894127,7592300,0,1,260.340772
2013-06-26,148.7900,114.036163,6326000,0,1,262.974226
2013-06-27,149.9000,114.886894,6584600,0,1,264.936060
2013-06-28,148.5500,113.852219,6719200,0,1,262.550045
2013-07-01,149.4200,114.519051,4895800,0,1,264.087699
2013-07-02,148.9300,114.143486,4873800,0,1,263.221664
2013-07-03,149.5400,114.610985,2589400,0,1,264.299790
2013-07-05,151.0200,115.745216,5528500,0,1,266.915569
2013-07-08,152.0200,116.511795,4915600,0,1,268.682988
2013-07-09,152.7900,117.101860,5200200,0,1,270.043900
2013-07-10,152.7100,117.040543,6126900,0,1,269.902507
2013-07-11,154.3800,118.320419,5848400,0,1,272.854096
2013-07-12,154.1700,118.159576,6349800,0,1,272.482938
2013-07-15,154.6400,118.519760,2751600,0,1,273.313625
2013-07-16,154.3000,118.259140,3594600,0,1,272.712703
2013-07-17,154.4400,118.366440,6504400,0,1,272.960141
2013-07-18,155.3400,119.056221,6823000,0,1,274.550818
2013-07-19,155.1200,119.045479,4828400,0.206,1,274.526074
2013-07-22,155.1100,119.037827,3165700,0,1,274.508377
2013-07-23,155.3600,119.229713,3394100,0,1,274.950818
2013-07-24,155.1000,119.030151,3894500,0,1,274.490679
2013-07-25,155.1200,119.045479,5483500,0,1,274.526074
2013-07-26,155.1600,119.076180,3859300,0,1,274.596865
2013-07-29,154.9300,118.899712,2592500,0,1,274.189819
2013-07-30,154.9100,118.884445,4211000,0,1,274.154423
2013-07-31,154.8400,118.830635,11784600,0,1,274.030540
2013-08-01,155.8900,119.636345,4872400,0,1,275.888794
2013-08-02,156.2000,119.874344,3620800,0,1,276.437421
2013-08-05,155.7900,119.559708,3077100,0,1,275.711817
2013-08-06,154.8500,118.838295,3582300,0,1,274.048237
2013-08-07,154.5400,118.600304,4341600,0,1,273.499610
2013-08-08,154.6900,118.715500,5071200,0,1,273.765075
2013-08-09,154.1100,118.270386,4550300,0,1,272.738611
2013-08-12,154.0300,118.208916,3697300,0,1,272.597029
2013-08-13,154.4400,118.523605,4752500,0,1,273.322633
2013-08-14,153.3200,117.664230,6372100,0,1,271.340496
2013-08-15,151.1200,115.975700,10021900,0,1,267.447011
2013-08-16,150.5000,115.793465,7035200,0.383,1,267.027576
2013-08-19,149.7400,115.208649,4174100,0,1,265.679132
2013-08-20,149.7500,115.216362,3845900,0,1,265.696874
2013-08-21,148.6400,114.362350,9497100,0,1,263.727435
2013-08-22,149.4000,114.947083,4227000,0,1,265.075880
2013-08-23,149.8300,115.277855,9601600,0,1,265.838816
2013-08-26,149.2100,114.800964,5770200,0,1,264.738769
2013-08-27,147.5000,113.485222,11440200,0,1,261.704768
2013-08-28,148.0400,113.900589,4842500,0,1,262.662873
2013-08-29,148.2500,114.062233,4695500,0,1,263.035470
2013-08-30,147.8500,113.754456,6326800,0,1,262.325762
2013-09-03,148.1100,113.954605,5430300,0,1,262.787072
2013-09-04,149.1800,114.777779,4577700,0,1,264.685541
2013-09-05,149.1200,114.731628,6021300,0,1,264.579084
2013-09-06,149.0900,114.708511,9001900,0,1,264.525856
2013-09-09,150.4700,115.770340,4402500,0,1,266.974348
2013-09-10,151.7900,116.785927,7917100,0,1,269.316384
2013-09-11,153.1500,117.832329,7044000,0,1,271.729391
2013-09-12,153.0300,117.739914,5555700,0,1,271.516479
2013-09-13,153.6900,118.247704,4829600,0,1,272.687496
2013-09-16,154.9400,119.209450,6569000,0,1,274.905334
2013-09-17,155.2900,119.478790,4517600,0,1,275.526328
2013-09-18,156.6900,120.555969,9637300,0,1,278.010305
2013-09-19,156.3200,120.271271,7626600,0,1,277.353826
2013-09-20,154.3000,118.948357,9381000,0.304,1,274.309179
2013-09-23,153.7100,118.493584,8662000,0,1,273.260297
2013-09-24,153.0600,117.992477,5774900,0,1,272.104750
2013-09-25,152.4200,117.499168,7187200,0,1,270.966980
2013-09-26,152.9500,117.907677,5026300,0,1,271.909196
2013-09-27,152.2100,117.337227,6634800,0,1,270.593650
2013-09-30,151.0000,116.404503,9426100,0,1,268.442554
2013-10-01,151.6200,116.882339,8616300,0,1,269.544768
2013-10-02,150.9800,116.389030,8895300,0,1,268.406998
2013-10-03,149.6700,115.379143,10949200,0,1,266.078126
2013-10-04,150.4300,115.965019,6867800,0,1,267.429227
2013-10-07,149.0000,114.862686,6081100,0,1,264.887023
2013-10-08,147.5300,113.729370,10388000,0,1,262.273708
2013-10-09,147.7800,113.922234,11075200,0,1,262.718149
2013-10-10,150.9600,116.373680,12792200,0,1,268.371443
2013-10-11,152.1700,117.306366,8186000,0,1,270.522539
2013-10-14,152.8000,117.792068,6470100,0,1,271.642531
2013-10-15,151.3400,116.666641,8144700,0,1,269.046994
2013-10-16,153.5200,118.347122,8714800,0,1,272.922522
2013-10-17,153.4800,118.316231,9916600,0,1,272.851411
2013-10-18,153.6000,118.540039,7714400,0.17,1,273.366963
2013-10-21,153.5300,118.486092,3588300,0,1,273.242382
2013-10-22,154.2500,119.041679,7501700,0,1,274.523790
2013-10-23,153.8200,118.709808,5428400,0,1,273.758505
2013-10-24,154.8000,119.466164,5182600,0,1,275.502643
2013-10-25,155.4500,119.967781,4565000,0,1,276.659469
2013-10-28,155.3700,119.906036,4968800,0,1,276.517090
2013-10-29,156.5000,120.778038,5779100,0,1,278.528189
2013-10-30,155.8700,120.291916,6100200,0,1,277.406957
2013-10-31,155.2900,119.844360,8157400,0,1,276.374712
2013-11-01,155.8600,120.284225,5909900,0,1,277.389160
2013-11-04,156.0600,120.438560,4042500,0,1,277.745106
2013-11-05,155.8900,120.307335,5442800,0,1,277.442552
2013-11-06,157.2200,121.333717,7548400,0,1,279.809596
2013-11-07,155.8500,120.276443,10211000,0,1,277.371362
2013-11-08,157.4900,121.542236,7594900,0,1,280.290124
2013-11-11,157.6100,121.634819,3795200,0,1,280.503692
2013-11-12,157.3700,121.449593,4094800,0,1,280.076556
2013-11-13,158.0600,121.982010,5062900,0,1,281.304572
2013-11-14,158.7300,122.499107,6931000,0,1,282.496993
2013-11-15,159.3000,123.170258,6529100,0.298,1,284.041801
2013-11-18,159.4400,123.278404,5236000,0,1,284.291430
2013-11-19,159.3300,123.193466,5017300,0,1,284.095293
2013-11-20,158.7700,122.760483,8401100,0,1,283.096778
2013-11-21,159.8600,123.603241,4579900,0,1,285.040316
2013-11-22,160.4000,124.020790,4466400,0,1,286.003169
2013-11-25,160.6100,124.183167,5114400,0,1,286.377612
2013-11-26,160.5000,124.098053,5231300,0,1,286.181475
2013-11-27,160.8500,124.368774,6272800,0,1,286.805547
2013-11-29,160.7200,124.268204,2887900,0,1,286.573749
2013-12-02,159.9200,123.649605,5655700,0,1,285.147299
2013-12-03,158.9900,122.930641,8660700,0,1,283.489052
2013-12-04,158.7600,122.752747,7138200,0,1,283.078947
2013-12-05,158.1200,122.257805,5823000,0,1,281.937788
2013-12-06,160.1600,123.835152,6345300,0,1,285.575234
2013-12-09,160.2300,123.889343,3967700,0,1,285.700049
2013-12-10,159.7200,123.495049,4047600,0,1,284.790687
2013-12-11,158.3100,122.404839,7906700,0,1,282.276569
2013-12-12,157.4700,121.755394,7078700,0,1,280.778797
2013-12-13,157.6500,121.894470,8886500,0,1,281.099748
2013-12-16,158.9000,122.860977,7076500,0,1,283.328576
2013-12-17,158.7800,122.768120,6001100,0,1,283.114609
2013-12-18,161.7600,125.072418,15330700,0,1,288.428134
2013-12-19,161.8800,125.165146,8018300,0,1,288.642101
2013-12-20,162.0100,125.572037,7978200,0.395,1,289.578209
2013-12-23,162.6200,126.044807,4992800,0,1,290.668529
2013-12-24,163.1600,126.463326,2462000,0,1,291.633730
2013-12-26,164.4600,127.471054,4971600,0,1,293.957362
2013-12-27,164.4700,127.478760,6176900,0,1,293.975236
2013-12-30,164.5900,127.571754,4043600,0,1,294.189725
2013-12-31,165.4700,128.253815,5667800,0,1,295.762646
2014-01-02,164.1100,127.199799,9291100,0,1,293.331769
2014-01-03,164.3900,127.416687,6127600,0,1,293.832243
2014-01-06,163.8900,127.029236,7446800,0,1,292.938539
2014-01-07,164.9700,127.866348,5387200,0,1,294.868941
2014-01-08,164.3500,127.385765,9461800,0,1,293.760747
2014-01-09,164.1900,127.261772,8212900,0,1,293.474762
2014-01-10,164.1800,127.253929,7497200,0,1,293.456887
2014-01-13,162.2400,125.750275,10676100,0,1,289.989313
2014-01-14,163.4500,126.688095,7335400,0,1,292.152078
2014-01-15,164.5700,127.556267,7780800,0,1,294.153977
2014-01-16,163.9800,127.098969,5170900,0,1,293.099406
2014-01-17,164.0800,127.279663,8013200,0.133,1,293.515872
2014-01-21,163.7300,127.008240,9675200,0,1,292.889772
2014-01-22,163.4700,126.806427,5418100,0,1,292.424668
2014-01-23,161.7100,125.441338,9456000,0,1,289.276278
2014-01-24,158.4800,122.935715,14663200,0,1,283.498265
2014-01-27,158.0200,122.578903,14215300,0,1,282.675391
2014-01-28,158.9400,123.292587,8308000,0,1,284.321140
2014-01-29,157.1000,121.865219,14271200,0,1,281.029641
2014-01-30,158.1700,122.695236,7864700,0,1,282.943719
2014-01-31,156.7500,121.593681,10693100,0,1,280.403540
2014-02-03,153.5300,119.095833,18172800,0,1,274.643417
2014-02-04,154.0800,119.522423,11853400,0,1,275.627289
2014-02-05,154.1800,119.600121,11603200,0,1,275.806175
2014-02-06,156.1400,121.120537,10426200,0,1,279.312337
2014-02-07,157.7800,122.392693,11528500,0,1,282.246065
2014-02-10,157.7500,122.369400,4790700,0,1,282.192399
2014-02-11,159.7600,123.928612,7620400,0,1,285.788004
2014-02-12,159.7100,123.889824,5249600,0,1,285.698561
2014-02-13,160.2900,124.339767,5085000,0,1,286.736099
2014-02-14,161.5900,125.348083,5824400,0,1,289.061615
2014-02-18,161.4100,125.208534,4966400,0,1,288.739620
2014-02-19,160.5200,124.518196,8245400,0,1,287.147536
2014-02-20,161.3100,125.130943,7035600,0,1,288.560734
2014-02-21,160.8100,125.080414,5268200,0.435,1,288.444459
2014-02-24,161.6600,125.741562,6704400,0,1,289.969101
2014-02-25,161.5000,125.617065,6067800,0,1,289.682110
2014-02-26,161.8400,125.881622,5032900,0,1,290.291967
2014-02-27,162.5500,126.433800,5292500,0,1,291.565492
2014-02-28,163.0200,126.799332,10010400,0,1,292.408530
2014-03-03,161.4900,125.609428,9144400,0,1,289.664173
2014-03-04,163.6300,127.273758,7947500,0,1,293.502685
2014-03-05,163.3500,127.056046,4968400,0,1,293.000450
2014-03-06,164.0900,127.631729,4651800,0,1,294.327786
2014-03-07,164.3400,127.826096,7381900,0,1,294.776210
2014-03-10,163.9900,127.553902,3995400,0,1,294.148416
2014-03-11,163.4200,127.110527,5198700,0,1,293.126008
2014-03-12,163.2300,126.962723,5250800,0,1,292.785206
2014-03-13,161.0500,125.267067,9500500,0,1,288.874946
2014-03-14,160.6500,124.955933,8603100,0,1,288.157467
2014-03-17,162.3700,126.293739,6641400,0,1,291.242626
2014-03-18,163.2800,127.001610,7094600,0,1,292.874891
2014-03-19,162.1900,126.153809,7936400,0,1,290.919761
2014-03-20,163.3000,127.017242,6616200,0,1,292.910765
2014-03-21,162.6300,126.714783,7629500,0.282,1,292.214810
2014-03-24,162.4400,126.566818,6336000,0,1,291.873417
2014-03-25,163.3900,127.306999,5991100,0,1,293.580384
2014-03-26,162.3300,126.481064,6133800,0,1,291.675768
2014-03-27,162.2800,126.442184,7713700,0,1,291.585928
2014-03-28,162.8500,126.886368,4536000,0,1,292.610108
2014-03-31,164.2400,127.969330,6368400,0,1,295.107670
2014-04-01,164.9500,128.522461,4076100,0,1,296.383404
2014-04-02,165.3700,128.849762,5597700,0,1,297.138063
2014-04-03,165.3400,128.826370,4452600,0,1,297.084159
2014-04-04,163.8800,127.688705,10559700,0,1,294.460820
2014-04-07,162.1600,126.348663,8624100,0,1,291.370311
2014-04-08,162.3300,126.481064,5930000,0,1,291.675768
2014-04-09,164.1000,127.860214,6008300,0,1,294.856117
2014-04-10,161.4700,125.811028,9981500,0,1,290.130514
2014-04-11,160.0200,124.681221,11067500,0,1,287.525143
2014-04-14,161.4500,125.795425,6270600,0,1,290.094577
2014-04-15,162.3600,126.504524,8489000,0,1,291.729672
2014-04-16,164.0200,127.797813,5864200,0,1,294.712373
2014-04-17,163.7500,127.690315,5790700,0.132,1,294.464413
2014-04-21,164.0300,127.908623,3066100,0,1,294.967925
2014-04-22,164.8000,128.509018,4044300,0,1,296.352582
2014-04-23,164.6400,128.384277,3546100,0,1,296.064861
2014-04-24,164.6900,128.423355,4028700,0,1,296.154774
2014-04-25,163.3500,127.378342,5102700,0,1,293.745111
2014-04-28,164.1700,128.017807,7236900,0,1,295.219681
2014-04-29,165.0000,128.665070,4581400,0,1,296.712233
2014-04-30,165.4500,129.015930,4958500,0,1,297.521448
2014-05-01,165.2300,128.844360,3889400,0,1,297.125832
2014-05-02,164.7500,128.470062,7036100,0,1,296.262669
2014-05-05,164.9300,128.610413,4059700,0,1,296.586355
2014-05-06,163.7300,127.674614,5281500,0,1,294.428448
2014-05-07,165.0300,128.688400,5576200,0,1,296.766181
2014-05-08,165.3500,128.937958,5997900,0,1,297.341623
2014-05-09,165.7200,129.226562,4228600,0,1,298.006978
2014-05-12,166.8000,130.068619,3944700,0,1,299.949094
2014-05-13,167.0500,130.263580,4133400,0,1,300.398658
2014-05-14,166.1100,129.530533,3104700,0,1,298.708297
2014-05-15,164.5500,128.314056,7539300,0,1,295.903018
2014-05-16,164.6100,128.690109,5115000,0.421,1,296.767979
2014-05-19,164.7100,128.768219,2879900,0,1,296.948265
2014-05-20,163.3200,127.681702,4856600,0,1,294.442296
2014-05-21,164.9800,128.979416,4898700,0,1,297.435036
2014-05-22,165.1800,129.135818,3564100,0,1,297.795607
2014-05-23,165.8300,129.643936,2857000,0,1,298.967462
2014-05-27,166.4700,130.144287,2561300,0,1,300.121290
2014-05-28,166.0900,129.847183,3681500,0,1,299.436205
2014-05-29,166.7800,130.386627,2763500,0,1,300.680175
2014-05-30,166.9300,130.503922,2769000,0,1,300.950603
2014-06-02,167.2000,130.715012,4453300,0,1,301.437374
2014-06-03,167.0200,130.574249,4125200,0,1,301.112860
2014-06-04,167.1300,130.660233,2264600,0,1,301.311174
2014-06-05,168.1400,131.449814,5416500,0,1,303.132058
2014-06-06,169.0800,132.184753,4118900,0,1,304.826742
2014-06-09,169.2400,132.309891,2713200,0,1,305.115198
2014-06-10,169.3500,132.395752,2821400,0,1,305.313512
2014-06-11,168.3500,131.614029,3064100,0,1,303.510657
2014-06-12,167.2900,130.785400,5409200,0,1,301.599631
2014-06-13,167.6200,131.043381,2708700,0,1,302.194573
2014-06-16,167.6900,131.097977,3068300,0,1,302.320773
2014-06-17,168.0000,131.340454,2884700,0,1,302.879658
2014-06-18,168.9300,132.067520,4729200,0,1,304.556313
2014-06-19,169.0900,132.192596,3028000,0,1,304.844770
2014-06-20,169.0800,132.440079,5370700,0.326,1,305.414472
2014-06-23,168.9100,132.306808,2729200,0,1,305.107396
2014-06-24,167.8700,131.492233,4861700,0,1,303.228812
2014-06-25,168.2800,131.813400,3657500,0,1,303.969407
2014-06-26,168.0800,131.656845,4052400,0,1,303.608141
2014-06-27,168.1700,131.727203,3092200,0,1,303.770711
2014-06-30,167.8900,131.508011,6488400,0,1,303.264938
2014-07-01,169.2000,132.534088,4911500,0,1,305.631232
2014-07-02,169.4000,132.690811,1929800,0,1,305.992498
2014-07-03,170.4700,133.528946,2074800,0,1,307.925273
2014-07-07,169.8600,133.051117,2937700,0,1,306.823411
2014-07-08,168.8500,132.259918,5438700,0,1,304.999016
2014-07-09,169.5800,132.831879,3543800,0,1,306.317638
2014-07-10,168.9600,132.345963,4932100,0,1,305.197713
2014-07-11,169.2000,132.534088,2830500,0,1,305.631232
2014-07-14,170.2900,133.387863,2831200,0,1,307.600133
2014-07-15,170.3800,133.458344,5168100,0,1,307.762703
2014-07-16,171.0700,133.998779,3197900,0,1,309.009071
2014-07-17,169.6100,132.855179,6149300,0,1,306.371828
2014-07-18,170.5800,133.758499,6924600,0.182,1,308.452721
2014-07-21,170.1800,133.444885,2886600,0,1,307.729418
2014-07-22,170.7400,133.884033,3798200,0,1,308.742043
2014-07-23,170.5600,133.742920,2607900,0,1,308.416556
2014-07-24,170.4400,133.648849,3226000,0,1,308.199565
2014-07-25,169.1600,132.645172,5714000,0,1,305.884994
2014-07-28,169.4100,132.841080,3606100,0,1,306.337059
2014-07-29,168.7800,132.347000,3683100,0,1,305.197856
2014-07-30,168.4800,132.111771,5446600,0,1,304.655379
2014-07-31,165.2900,129.610504,9038800,0,1,298.887034
2014-08-01,164.5700,129.045883,7435100,0,1,297.585088
2014-08-04,165.3300,129.641754,4400000,0,1,298.959365
2014-08-05,163.9200,128.536194,8522800,0,1,296.409720
2014-08-06,164.2000,128.755768,4781100,0,1,296.916033
2014-08-07,163.5500,128.246017,4962400,0,1,295.740665
2014-08-08,165.3400,129.649689,5412300,0,1,298.977447
2014-08-11,165.5500,129.814270,5761500,0,1,299.357181
2014-08-12,165.4900,129.767273,3274300,0,1,299.248686
2014-08-13,166.4900,130.551392,2841700,0,1,301.056944
2014-08-14,167.1000,131.029831,2752400,0,1,302.159982
2014-08-15,166.3500,130.673141,7032500,0.296,1,301.339033
2014-08-18,168.0600,132.016342,2975200,0,1,304.436657
2014-08-19,168.8900,132.668427,3057200,0,1,305.940182
2014-08-20,169.6000,133.226059,3108800,0,1,307.226330
2014-08-21,170.1800,133.681671,2652600,0,1,308.276986
2014-08-22,169.8700,133.438232,5152200,0,1,307.715428
2014-08-25,170.6200,134.027313,2588500,0,1,309.074035
2014-08-26,170.9300,134.270859,3581400,0,1,309.635593
2014-08-27,171.0100,134.333618,5162400,0,1,309.780511
2014-08-28,170.7700,134.145142,2781900,0,1,309.345757
2014-08-29,170.8800,134.231598,3280300,0,1,309.545019
2014-09-02,170.5800,133.995895,3458700,0,1,309.001576
2014-09-03,170.7200,134.105957,2847400,0,1,309.255183
2014-09-04,170.6600,134.058792,3760900,0,1,309.146494
2014-09-05,171.2500,134.522171,3403600,0,1,310.215265
2014-09-08,171.0600,134.372894,3139800,0,1,309.871085
2014-09-09,170.1200,133.634552,4252400,0,1,308.168297
2014-09-10,170.6700,134.066605,4595400,0,1,309.164609
2014-09-11,170.5100,133.940903,3026200,0,1,308.874773
2014-09-12,169.9000,133.461761,5000800,0,1,307.769772
2014-09-15,170.3200,133.791611,5130700,0,1,308.530592
2014-09-16,171.3800,134.624420,5946400,0,1,310.450757
2014-09-17,171.5800,134.781448,8498600,0,1,310.813052
2014-09-18,172.6100,135.590500,6458100,0,1,312.678872
2014-09-19,172.4500,135.789795,9341000,0.413,1,313.137176
2014-09-22,171.4100,134.970901,4894200,0,1,311.248729
2014-09-23,170.2100,134.025940,5521800,0,1,309.069752
2014-09-24,171.7900,135.270065,5813000,0,1,311.938738
2014-09-25,169.1700,133.207092,8910500,0,1,307.181305
2014-09-26,170.7000,134.411743,6062200,0,1,309.959501
2014-09-29,170.3300,134.120438,5167800,0,1,309.287650
2014-09-30,170.0700,133.915756,5492800,0,1,308.815538
2014-10-01,167.6800,132.033768,11030600,0,1,304.475742
2014-10-02,167.6500,132.010208,9093700,0,1,304.421267
2014-10-03,169.7200,133.639999,5589100,0,1,308.180003
2014-10-06,169.5700,133.521988,5315300,0,1,307.907631
2014-10-07,166.8600,131.388031,7128800,0,1,302.986774
2014-10-08,169.6200,133.561340,8893200,0,1,307.998421
2014-10-09,166.3400,130.978653,13387300,0,1,302.042551
2014-10-10,165.2100,130.088852,12717500,0,1,299.990680
2014-10-13,162.9300,128.293579,14117000,0,1,295.850624
2014-10-14,163.0300,128.372253,13626400,0,1,296.032205
2014-10-15,161.2800,126.994331,24966700,0,1,292.854530
2014-10-16,160.9800,126.758202,18926600,0,1,292.309786
2014-10-17,163.4500,128.703049,11730200,0,1,296.794847
2014-10-20,163.6500,128.860489,7156500,0,1,297.158010
2014-10-21,165.8000,130.553513,8994600,0,1,301.062011
2014-10-22,164.3800,129.435349,6025100,0,1,298.483554
2014-10-23,166.4500,131.065277,7029700,0,1,302.242290
2014-10-24,167.7400,132.080978,5733500,0,1,304.584691
2014-10-27,167.8800,132.191254,5062900,0,1,304.838905
2014-10-28,169.6600,133.592896,5438900,0,1,308.071054
2014-10-29,169.4000,133.388138,7584000,0,1,307.598942
2014-10-30,171.6000,135.120438,7449200,0,1,311.593734
2014-10-31,173.4500,136.577179,7563500,0,1,314.952990
2014-11-03,173.3600,136.506348,5383200,0,1,314.789567
2014-11-04,173.4600,136.585068,6466000,0,1,314.971148
2014-11-05,174.5500,137.443375,5286200,0,1,316.950386
2014-11-06,175.2900,138.026077,7191700,0,1,318.294088
2014-11-07,175.5800,138.254257,4018100,0,1,318.820675
2014-11-10,175.9500,138.545700,2941900,0,1,319.492526
2014-11-11,176.0200,138.600800,3192700,0,1,319.619633
2014-11-12,176.0400,138.616531,2836500,0,1,319.655949
2014-11-13,176.4400,138.931580,6508400,0,1,320.382275
2014-11-14,176.3500,138.860611,3521100,0,1,320.218852
2014-11-17,176.4900,138.970856,3668900,0,1,320.473066
2014-11-18,176.9600,139.341003,4721700,0,1,321.326498
2014-11-19,176.9300,139.317413,4011400,0,1,321.272024
2014-11-20,177.2500,139.569336,2881700,0,1,321.853085
2014-11-21,177.7000,140.278275,4782000,0.448,1,323.483686
2014-11-24,177.8000,140.357208,2408700,0,1,323.665725
2014-11-25,177.9600,140.483505,5510400,0,1,323.956988
2014-11-26,178.0100,140.522964,3005600,0,1,324.048007
2014-11-28,178.1000,140.594070,4037500,0,1,324.211843
2014-12-01,177.6000,140.199310,6671800,0,1,323.301647
2014-12-02,178.5600,140.957184,3920500,0,1,325.049223
2014-12-03,178.9600,141.272934,11006600,0,1,325.777380
2014-12-04,178.8300,141.170227,4791000,0,1,325.540729
2014-12-05,179.5100,141.707047,4269400,0,1,326.778596
2014-12-08,178.5400,140.941360,5568000,0,1,325.012815
2014-12-09,177.9600,140.483505,7945400,0,1,323.956988
2014-12-10,175.2900,138.375778,7622000,0,1,319.096541
2014-12-11,176.0300,138.959946,6867300,0,1,320.443631
2014-12-12,173.0000,136.567993,12284400,0,1,314.927843
2014-12-15,171.7900,135.612793,8874300,0,1,312.725168
2014-12-16,170.8500,134.870743,12257600,0,1,311.013999
2014-12-17,173.5900,137.033722,12901600,0,1,316.001874
2014-12-18,177.7900,140.349350,9752400,0,1,323.647521
2014-12-19,177.6500,140.541519,11452600,0.383,1,324.089876
2014-12-22,179.3600,141.894318,7855600,0,1,327.209458
2014-12-23,180.0300,142.424347,6224800,0,1,328.431750
2014-12-24,180.0300,142.424347,1647600,0,1,328.431750
2014-12-26,180.1900,142.550964,1921200,0,1,328.723641
2014-12-29,180.1100,142.487717,2530900,0,1,328.577696
2014-12-30,179.4600,141.973419,2953300,0,1,327.391890
2014-12-31,177.8800,140.723495,4514400,0,1,324.509469
2015-01-02,177.9400,140.770874,4997200,0,1,324.618928
2015-01-05,174.8400,138.318481,6700200,0,1,318.963546
2015-01-06,173.3900,137.171371,10131400,0,1,316.318287
2015-01-07,175.5900,138.911850,5547000,0,1,320.331784
2015-01-08,178.7600,141.419632,7166700,0,1,326.114868
2015-01-09,177.2200,140.201248,6646600,0,1,323.305420
2015-01-12,176.2400,139.426086,4305300,0,1,321.517590
2015-01-13,175.9800,139.220413,9913500,0,1,321.043267
2015-01-14,174.0600,137.701431,11090600,0,1,317.540579
2015-01-15,173.0600,136.910355,9293700,0,1,315.716262
2015-01-16,174.6700,138.302292,8721900,0.148,1,318.923411
2015-01-20,174.9000,138.484390,7224100,0,1,319.343360
2015-01-21,175.3500,138.840759,6259300,0,1,320.164998
2015-01-22,177.9200,140.875534,9565100,0,1,324.857464
2015-01-23,176.4100,139.679916,4795300,0,1,322.100412
2015-01-26,176.5000,139.751282,3730400,0,1,322.264740
2015-01-27,173.5900,137.447174,11565100,0,1,316.951480
2015-01-28,171.7200,135.966492,9673200,0,1,313.537117
2015-01-29,173.9000,137.692566,9615200,0,1,317.517497
2015-01-30,171.4500,135.752670,11138500,0,1,313.044134
2015-02-02,173.2700,137.193741,9437900,0,1,316.367204
2015-02-03,176.3300,139.616653,7543400,0,1,321.954343
2015-02-04,176.5300,139.775070,5935900,0,1,322.319516
2015-02-05,178.5500,141.374390,6037800,0,1,326.007758
2015-02-06,178.0900,141.010208,7211900,0,1,325.167861
2015-02-09,177.0900,140.218506,3723100,0,1,323.341999
2015-02-10,178.5100,141.342758,3572700,0,1,325.934723
2015-02-11,178.7000,141.493240,5174500,0,1,326.281637
2015-02-12,179.8400,142.395828,3742700,0,1,328.363121
2015-02-13,180.3400,142.791702,3998200,0,1,329.276052
2015-02-17,180.5700,142.973785,2850900,0,1,329.696000
2015-02-18,180.4700,142.894730,2724800,0,1,329.513414
2015-02-19,180.0900,142.593765,2663500,0,1,328.819586
2015-02-20,181.1400,143.816437,8914600,0.49,1,331.631415
2015-02-23,180.9200,143.641800,2738600,0,1,331.228638
2015-02-24,181.9100,144.427841,4228700,0,1,333.041132
2015-02-25,181.9600,144.467545,2822900,0,1,333.132672
2015-02-26,182.0100,144.507217,3045800,0,1,333.224212
2015-02-27,181.1900,143.856171,3161300,0,1,331.722955
2015-03-02,182.6800,145.039108,3213100,0,1,334.450849
2015-03-03,181.8700,144.396042,2825800,0,1,332.967900
2015-03-04,180.7800,143.530579,3820200,0,1,330.972326
2015-03-05,181.1700,143.840210,2410700,0,1,331.686339
2015-03-06,178.4000,141.641022,7297400,0,1,326.615018
2015-03-09,179.8000,142.752502,3844900,0,1,329.178140
2015-03-10,176.6900,140.283356,6070100,0,1,323.484347
2015-03-11,176.3500,140.013443,5584600,0,1,322.861875
2015-03-12,178.9700,142.093536,4024300,0,1,327.658575
2015-03-13,177.5600,140.974075,6833900,0,1,325.077145
2015-03-16,179.7800,142.736771,5550100,0,1,329.141524
2015-03-17,178.5000,141.720367,5392900,0,1,326.798098
2015-03-18,180.7300,143.490967,11294400,0,1,330.880786
2015-03-19,179.6600,142.641434,6229200,0,1,328.921828
2015-03-20,180.9600,143.922607,5999200,0.311,1,331.871250
2015-03-23,180.8500,143.835297,3593900,0,1,331.669515
2015-03-24,179.8300,143.023941,4692100,0,1,329.798888
2015-03-25,176.9200,140.709595,8474700,0,1,324.462099
2015-03-26,176.4800,140.359604,6604500,0,1,323.655162
2015-03-27,176.8100,140.622040,3971800,0,1,324.260365
2015-03-30,179.3900,142.673996,5399300,0,1,328.991951
2015-03-31,177.5800,141.234512,4633800,0,1,325.672505
2015-04-01,176.7400,140.566391,7440500,0,1,324.131989
2015-04-02,177.3300,141.035660,3223600,0,1,325.214018
2015-04-06,178.5900,142.037720,6284900,0,1,327.524793
2015-04-07,178.4200,141.902557,6011600,0,1,327.213021
2015-04-08,178.7500,142.165100,4738500,0,1,327.818224
2015-04-09,179.4000,142.681976,4483800,0,1,329.010291
2015-04-10,180.3700,143.453491,3463600,0,1,330.789220
2015-04-13,179.6400,142.872818,3358200,0,1,329.450438
2015-04-14,180.1800,143.302338,4811400,0,1,330.440770
2015-04-15,180.8800,143.859085,4377800,0,1,331.724534
2015-04-16,180.9100,143.882950,3873900,0,1,331.779552
2015-04-17,177.9400,141.613159,8683500,0.118,1,326.549132
2015-04-20,180.0300,143.276443,5355800,0,1,330.384626
2015-04-21,179.2600,142.663651,3596600,0,1,328.971549
2015-04-22,180.0600,143.300308,5575200,0,1,330.439680
2015-04-23,180.3700,143.547104,4893000,0,1,331.008581
2015-04-24,180.5400,143.682419,4010000,0,1,331.320559
2015-04-27,180.1700,143.387924,4969100,0,1,330.641549
2015-04-28,180.8400,143.921036,4534200,0,1,331.871109
2015-04-29,180.0700,143.308289,6559400,0,1,330.458032
2015-04-30,178.1800,141.804260,8564600,0,1,326.989572
2015-05-01,179.9000,143.173019,3895700,0,1,330.146054
2015-05-04,180.4400,143.602798,3256900,0,1,331.137043
2015-05-05,179.0100,142.464752,5316300,0,1,328.512758
2015-05-06,178.3900,141.971298,7534200,0,1,327.374956
2015-05-07,179.2800,142.679581,4142800,0,1,329.008252
2015-05-08,181.8500,144.724899,5529600,0,1,333.724624
2015-05-11,181.0800,144.112076,3753600,0,1,332.311548
2015-05-12,180.7200,143.825607,4742800,0,1,331.650889
2015-05-13,180.7500,143.849487,3851400,0,1,331.705944
2015-05-14,182.5400,145.274033,4921400,0,1,334.990888
2015-05-15,182.4800,145.547592,4522200,0.403,1,335.620349
2015-05-18,182.6800,145.707184,2890500,0,1,335.988193
2015-05-19,182.9300,145.906586,2766600,0,1,336.447997
2015-05-20,182.7100,145.731216,5080800,0,1,336.043369
2015-05-21,182.7900,145.794830,2724200,0,1,336.190507
2015-05-22,182.2600,145.372162,2357000,0,1,335.215721
2015-05-26,180.3700,143.864685,5529700,0,1,331.739601
2015-05-27,181.5200,144.781952,3588200,0,1,333.854701
2015-05-28,181.2900,144.598465,3660900,0,1,333.431681
2015-05-29,180.1100,143.657379,4923700,0,1,331.261405
2015-06-01,180.4000,143.888687,4349000,0,1,331.794777
2015-06-02,180.1500,143.689178,5106200,0,1,331.334973
2015-06-03,180.8800,144.271500,5481500,0,1,332.677602
2015-06-04,179.2100,142.939514,7312500,0,1,329.606109
2015-06-05,178.5000,142.373138,5228700,0,1,328.300265
2015-06-08,177.8100,141.822784,4380500,0,1,327.031205
2015-06-09,177.7100,141.743057,4722400,0,1,326.847283
2015-06-10,180.0600,143.617432,5480900,0,1,331.169444
2015-06-11,180.6400,144.080063,3714800,0,1,332.236190
2015-06-12,179.1300,142.875702,4566800,0,1,329.458972
2015-06-15,178.1000,142.054184,5502700,0,1,327.564578
2015-06-16,179.2100,142.939514,3276900,0,1,329.606109
2015-06-17,179.4800,143.154816,3650900,0,1,330.102698
2015-06-18,181.3300,144.630356,6542800,0,1,333.505249
2015-06-19,179.7600,143.758743,3964000,0.48,1,331.500503
2015-06-22,180.9200,144.686340,4048300,0,1,333.639692
2015-06-23,181.1200,144.846359,3116800,0,1,334.008517
2015-06-24,179.4100,143.478806,4328900,0,1,330.855058
2015-06-25,178.6500,142.871033,3602700,0,1,329.453520
2015-06-26,179.1300,143.254883,4855500,0,1,330.338702
2015-06-29,175.6400,140.463806,8888700,0,1,323.902694
2015-06-30,175.8200,140.607803,9149800,0,1,324.234637
2015-07-01,177.4000,141.871292,4135100,0,1,327.148360
2015-07-02,177.0500,141.591385,4008600,0,1,326.502915
2015-07-06,176.6800,141.295532,3748700,0,1,325.820588
2015-07-07,177.6300,142.055298,7783800,0,1,327.572509
2015-07-08,175.0000,139.951996,6849400,0,1,322.722452
2015-07-09,175.2600,140.160049,4581400,0,1,323.201925
2015-07-10,177.4100,141.879333,4504400,0,1,327.166801
2015-07-13,179.6000,143.630737,3873800,0,1,331.205442
2015-07-14,180.3300,144.214493,2757100,0,1,332.551656
2015-07-15,180.3400,144.222565,3407900,0,1,332.570097
2015-07-16,181.0700,144.806320,2495100,0,1,333.916311
2015-07-17,180.5400,144.519806,2762300,0.172,1,333.256113
2015-07-20,180.6900,144.639832,2961600,0,1,333.532996
2015-07-21,178.9700,143.262939,5026700,0,1,330.358073
2015-07-22,178.3000,142.726700,3811500,0,1,329.121330
2015-07-23,177.1600,141.814163,4968600,0,1,327.017021
2015-07-24,175.5200,140.501389,4591300,0,1,323.989769
2015-07-27,174.2300,139.468674,5370200,0,1,321.608577
2015-07-28,176.1100,140.973541,5625900,0,1,325.078841
2015-07-29,177.2600,141.894165,4175900,0,1,327.201609
2015-07-30,177.2200,141.862137,3659000,0,1,327.127774
2015-07-31,176.6800,141.429886,4483800,0,1,326.130996
2015-08-03,175.7500,140.685440,4530500,0,1,324.414323
2015-08-04,175.3200,140.341263,4055700,0,1,323.620592
2015-08-05,175.3600,140.373245,4565500,0,1,323.694428
2015-08-06,174.2200,139.460724,5374100,0,1,321.590118
2015-08-07,173.8400,139.156616,6158400,0,1,320.888682
2015-08-10,176.1900,141.037704,4504000,0,1,325.226512
2015-08-11,174.1100,139.372543,6761100,0,1,321.387071
2015-08-12,174.2100,139.452713,8825600,0,1,321.571660
2015-08-13,174.3100,139.532761,6562700,0,1,321.756248
2015-08-14,174.9000,140.005081,3512200,0,1,322.845320
2015-08-17,175.7000,140.645462,4055400,0,1,324.322029
2015-08-18,175.3300,140.349197,4050400,0,1,323.639051
2015-08-19,173.7400,139.076477,10988700,0,1,320.704094
2015-08-20,170.2200,136.258774,12317200,0,1,314.206578
2015-08-21,164.4100,132.034622,18858700,0.55,1,304.497222
2015-08-24,158.3800,127.192039,35102400,0,1,293.329298
2015-08-25,156.4900,125.674072,19357000,0,1,289.828905
2015-08-26,162.6600,130.629181,19884300,0,1,301.256116
2015-08-27,166.4500,133.672791,15223700,0,1,308.275424
2015-08-28,166.3300,133.576492,8115700,0,1,308.053177
2015-08-31,165.1800,132.652878,6363700,0,1,305.923308
2015-09-01,160.4600,128.862411,14266900,0,1,297.181584
2015-09-02,163.4600,131.271667,8260600,0,1,302.737764
2015-09-03,163.6700,131.440216,8023700,0,1,303.126697
2015-09-04,160.9700,129.271942,8651100,0,1,298.126134
2015-09-08,164.9100,132.436081,6821700,0,1,305.423252
2015-09-09,162.5200,130.516739,7865700,0,1,300.996828
2015-09-10,163.3900,131.215393,8327000,0,1,302.608120
2015-09-11,164.3900,132.018402,6202300,0,1,304.460180
2015-09-14,163.7700,131.520569,4595600,0,1,303.311903
2015-09-15,166.1100,133.399796,6516100,0,1,307.645724
2015-09-16,167.5100,134.524139,5511700,0,1,310.238608
2015-09-17,166.8100,133.961899,14270000,0,1,308.942166
2015-09-18,163.5400,131.594604,10400500,0.328,1,303.493405
2015-09-21,164.9000,132.688965,7762600,0,1,306.017259
2015-09-22,163.0000,131.160156,8979600,0,1,302.491287
2015-09-23,162.5900,130.830185,4554900,0,1,301.730419
2015-09-24,161.8700,130.250870,8451800,0,1,300.394261
2015-09-25,162.8800,131.063446,10474600,0,1,302.268594
2015-09-28,159.7900,128.577148,10013100,0,1,296.534250
2015-09-29,160.2300,128.931274,9906200,0,1,297.350790
2015-09-30,162.6200,130.854248,7621400,0,1,301.786092
2015-10-01,162.4900,130.749786,6862800,0,1,301.544841
2015-10-02,164.5800,132.431458,11877500,0,1,305.423411
2015-10-05,167.5800,134.845383,6342100,0,1,310.990735
2015-10-06,167.6900,134.934052,6661000,0,1,311.194870
2015-10-07,168.9500,135.947830,8832800,0,1,313.533146
2015-10-08,170.3700,137.090454,8160300,0,1,316.168347
2015-10-09,170.7600,137.404343,5006100,0,1,316.892099
2015-10-12,171.1700,137.734207,2835800,0,1,317.652966
2015-10-13,170.6400,137.307724,5909300,0,1,316.669406
2015-10-14,169.0700,136.044434,5424000,0,1,313.755839
2015-10-15,171.3200,137.854950,9637200,0,1,317.931333
2015-10-16,171.8800,138.370041,8353700,0.08,1,319.119028
2015-10-19,172.1200,138.563293,4859800,0,1,319.564622
2015-10-20,172.0100,138.474854,4140900,0,1,319.360391
2015-10-21,171.4800,138.048172,5801400,0,1,318.376373
2015-10-22,174.8000,140.720871,8553100,0,1,324.540413
2015-10-23,176.3700,141.984741,7642900,0,1,327.455335
2015-10-26,176.0200,141.702896,3795900,0,1,326.805512
2015-10-27,175.6700,141.421265,4696100,0,1,326.155688
2015-10-28,177.6800,143.039383,7348500,0,1,329.887532
2015-10-29,177.3800,142.797806,4726900,0,1,329.330540
2015-10-30,176.4900,142.081375,6527500,0,1,327.678132
2015-11-02,178.1200,143.393555,4178300,0,1,330.704453
2015-11-03,179.0700,144.158325,4284900,0,1,332.468259
2015-11-04,178.6500,143.820206,6870400,0,1,331.688471
2015-11-05,178.6400,143.812180,5008100,0,1,331.669905
2015-11-06,179.1400,144.214600,7642800,0,1,332.598224
2015-11-09,177.4200,142.830002,7962300,0,1,329.404806
2015-11-10,177.7800,143.119919,4837700,0,1,330.073196
2015-11-11,177.2100,142.660995,2860300,0,1,329.014912
2015-11-12,174.6700,140.616165,6164400,0,1,324.299050
2015-11-13,172.6100,138.957779,8011100,0,1,320.474375
2015-11-16,175.0200,140.897995,5012900,0,1,324.948873
2015-11-17,175.1600,141.010742,6612200,0,1,325.208803
2015-11-18,177.7300,143.079529,6254400,0,1,329.980364
2015-11-19,177.6600,143.023300,5457300,0,1,329.850399
2015-11-20,178.0600,143.809097,7730000,0.573,1,331.656908
2015-11-23,177.7400,143.550690,2597000,0,1,331.060872
2015-11-24,177.9800,143.744507,4369900,0,1,331.507899
2015-11-25,177.9300,143.704086,2227400,0,1,331.414769
2015-11-27,177.9000,143.679825,2878200,0,1,331.358890
2015-11-30,177.2300,143.138748,3578500,0,1,330.110939
2015-12-01,178.8100,144.414795,6058300,0,1,333.053868
2015-12-02,177.2900,143.187119,7427100,0,1,330.222696
2015-12-03,174.8300,141.200363,7005500,0,1,325.640668
2015-12-04,178.4200,144.099777,6251600,0,1,332.327449
2015-12-07,177.3400,143.227539,5647000,0,1,330.315827
2015-12-08,175.7700,141.959625,6890200,0,1,327.391524
2015-12-09,174.9900,141.329620,9545800,0,1,325.938686
2015-12-10,175.8800,142.048462,5613800,0,1,327.596412
2015-12-11,172.7300,139.504318,8895600,0,1,321.729180
2015-12-14,173.9000,140.449234,12321600,0,1,323.908437
2015-12-15,175.4600,141.709198,8039800,0,1,326.814114
2015-12-16,177.6400,143.469849,11286600,0,1,330.874611
2015-12-17,175.1000,141.418488,8504100,0,1,326.143573
2015-12-18,171.0000,138.429703,10946100,0.408,1,319.266805
2015-12-21,172.2500,139.441513,6466700,0,1,321.600627
2015-12-22,174.0100,140.866287,6003700,0,1,324.886648
2015-12-23,175.8100,142.323471,6456600,0,1,328.247351
2015-12-24,175.2200,141.845856,1765100,0,1,327.145787
2015-12-28,174.9800,141.651550,2932200,0,1,326.697693
2015-12-29,176.9800,143.270691,6145700,0,1,330.431808
2015-12-30,175.8000,142.315384,2910000,0,1,328.228680
2015-12-31,173.9900,140.850189,5773400,0,1,324.849307
2016-01-04,171.2900,138.664352,14350800,0,1,319.808252
2016-01-05,171.3900,138.745346,9413000,0,1,319.994958
2016-01-06,168.9400,136.762085,8713600,0,1,315.420667
2016-01-07,164.9600,133.540115,15400600,0,1,307.989779
2016-01-08,163.2400,132.147766,12512400,0,1,304.778440
2016-01-11,163.8300,132.625336,12353700,0,1,305.880004
2016-01-12,164.9500,133.532028,10250300,0,1,307.971108
2016-01-13,161.3500,130.617737,16369400,0,1,301.249702
2016-01-14,163.5900,132.431091,14749500,0,1,305.431910
2016-01-15,159.6800,129.333801,19969100,0.086,1,298.292283
2016-01-19,160.0200,129.609161,10233800,0,1,298.927424
2016-01-20,157.6100,127.657135,16436000,0,1,294.425393
2016-01-21,158.6000,128.459061,16782400,0,1,296.274775
2016-01-22,160.7900,130.232788,7390600,0,1,300.365833
2016-01-25,158.7000,128.540054,5782500,0,1,296.461581
2016-01-26,161.5400,130.840271,5945200,0,1,301.766880
2016-01-27,159.3000,129.026016,10121900,0,1,297.582419
2016-01-28,160.5100,130.006104,8613400,0,1,299.842775
2016-01-29,164.3700,133.132416,6182800,0,1,307.053498
2016-02-01,164.3400,133.108154,6977300,0,1,306.997456
2016-02-02,161.4100,130.735046,7901000,0,1,301.524032
2016-02-03,163.2000,132.184814,14249300,0,1,304.867864
2016-02-04,164.1400,132.946213,11715800,0,1,306.623844
2016-02-05,161.9400,131.164215,8292500,0,1,302.514105
2016-02-08,160.3500,129.876465,13377600,0,1,299.543885
2016-02-09,160.2400,129.787308,11449200,0,1,299.338398
2016-02-10,159.3900,129.098892,8205700,0,1,297.750545
2016-02-11,156.8000,127.001152,14806700,0,1,292.912262
2016-02-12,159.9800,129.576797,7073000,0,1,298.852702
2016-02-16,162.2000,131.374939,5451200,0,1,302.999802
2016-02-17,164.9300,133.586014,5584200,0,1,308.099613
2016-02-18,164.5200,133.253967,5187600,0,1,307.333708
2016-02-19,163.7000,133.085632,4660600,0.613,1,306.947018
2016-02-22,165.9400,134.906723,3450700,0,1,311.147149
2016-02-23,164.1500,133.451553,6052800,0,1,307.790795
2016-02-24,164.6700,133.874298,8003800,0,1,308.765825
2016-02-25,166.8400,135.638443,5266900,0,1,312.834701
2016-02-26,166.2800,135.183182,3798000,0,1,311.784669
2016-02-29,164.9600,134.109955,3485000,0,1,309.309592
2016-03-01,168.5200,137.004272,3914300,0,1,315.984799
2016-03-02,168.8900,137.305145,3106200,0,1,316.678570
2016-03-03,169.3500,137.679092,2968200,0,1,317.541097
2016-03-04,170.0200,138.223709,3524900,0,1,318.797386
2016-03-07,170.6200,138.711548,3236000,0,1,319.922421
2016-03-08,169.6200,137.898590,2832700,0,1,318.047363
2016-03-09,170.0200,138.223709,3584000,0,1,318.797386
2016-03-10,170.0600,138.256256,4862300,0,1,318.872388
2016-03-11,172.2300,140.020538,3674200,0,1,322.941264
2016-03-14,172.4100,140.166702,2658400,0,1,323.278775
2016-03-15,172.6400,140.353760,2431600,0,1,323.710038
2016-03-16,173.4700,141.028503,3556200,0,1,325.266337
2016-03-17,174.9400,142.223648,4070500,0,1,328.022672
2016-03-18,175.6900,143.140213,5112000,0.375,1,330.132112
2016-03-21,176.0100,143.400879,2884900,0,1,330.733412
2016-03-22,175.7000,143.148361,3980100,0,1,330.150903
2016-03-23,174.8100,142.423172,5039200,0,1,328.478539
2016-03-24,174.9400,142.529114,5104900,0,1,328.722817
2016-03-28,175.1200,142.675812,3098800,0,1,329.061048
2016-03-29,176.0700,143.449829,5584100,0,1,330.846155
2016-03-30,176.8900,144.117920,3858000,0,1,332.386985
2016-03-31,176.6400,143.914215,3155400,0,1,331.917220
2016-04-01,177.7200,144.794113,4035200,0,1,333.946605
2016-04-04,177.1200,144.305283,2318900,0,1,332.819169
2016-04-05,175.8200,143.246140,5439600,0,1,330.376390
2016-04-06,177.0400,144.240173,4086700,0,1,332.668844
2016-04-07,175.2900,142.814270,5251900,0,1,329.380488
2016-04-08,175.6600,143.115814,2565300,0,1,330.075741
2016-04-11,175.4400,142.936584,3237700,0,1,329.662347
2016-04-12,177.0900,144.280853,3588400,0,1,332.762797
2016-04-13,178.9200,145.771774,5400200,0,1,336.201477
2016-04-14,179.1100,145.926529,3689700,0,1,336.558499
2016-04-15,178.6800,145.681931,3799900,0.13,1,335.994781
2016-04-18,179.7800,146.578857,2573700,0,1,338.063251
2016-04-19,180.3200,147.019119,2992100,0,1,339.078682
2016-04-20,180.7500,147.369766,2628900,0,1,339.887266
2016-04-21,179.7000,146.513641,2760300,0,1,337.912817
2016-04-22,179.9000,146.676727,2410500,0,1,338.288902
2016-04-25,179.5400,146.383255,2485500,0,1,337.611948
2016-04-26,179.6400,146.464661,2241000,0,1,337.799991
2016-04-27,180.2500,146.962036,3569300,0,1,338.947052
2016-04-28,178.2000,145.290665,3550700,0,1,335.092176
2016-04-29,177.5900,144.793350,5496000,0,1,333.945115
2016-05-02,178.7000,145.698349,2463100,0,1,336.032389
2016-05-03,177.3000,144.556854,4643200,0,1,333.399791
2016-05-04,176.3200,143.757843,3446000,0,1,331.556972
2016-05-05,176.4400,143.855743,1778800,0,1,331.782623
2016-05-06,177.3400,144.589539,2940800,0,1,333.475008
2016-05-09,176.9800,144.296005,1921700,0,1,332.798054
2016-05-10,179.2000,146.105988,2867200,0,1,336.972603
2016-05-11,177.3000,144.556854,2697200,0,1,333.399791
2016-05-12,177.4200,144.654633,2534900,0,1,333.625442
2016-05-13,175.4800,143.072998,3336800,0,1,329.977413
2016-05-16,177.2600,144.524231,2393500,0,1,333.324574
2016-05-17,175.5600,143.138229,3349500,0,1,330.127847
2016-05-18,175.6300,143.195312,4097800,0,1,330.259477
2016-05-19,174.6800,142.420715,5090900,0,1,328.473071
2016-05-20,174.7600,142.986877,2749700,0.612,1,329.774327
2016-05-23,174.7800,143.003357,1736000,0,1,329.812067
2016-05-24,176.8600,144.705032,2797000,0,1,333.737053
2016-05-25,178.2800,145.866898,2711900,0,1,336.416611
2016-05-26,178.0800,145.703262,2263200,0,1,336.039209
2016-05-27,178.5000,146.046982,1628300,0,1,336.831754
2016-05-31,177.6500,145.351501,2395400,0,1,335.227793
2016-06-01,177.7300,145.416946,2481200,0,1,335.378754
2016-06-02,178.2800,145.866898,1965900,0,1,336.416611
2016-06-03,178.0600,145.686905,4367200,0,1,336.001468
2016-06-06,179.1800,146.603317,2720300,0,1,338.114922
2016-06-07,179.3800,146.766922,1572300,0,1,338.492325
2016-06-08,180.0600,147.323273,1713500,0,1,339.775494
2016-06-09,179.8800,147.176025,2141800,0,1,339.435831
2016-06-10,178.7100,146.218750,4126600,0,1,337.228027
2016-06-13,177.3600,145.114212,5111300,0,1,334.680559
2016-06-14,176.8100,144.664185,3643400,0,1,333.642703
2016-06-15,176.5700,144.467804,2470100,0,1,333.189820
2016-06-16,177.4600,145.196014,5573700,0,1,334.869261
2016-06-17,176.5200,144.716400,2748000,0.355,1,333.765358
2016-06-20,177.8000,145.765854,2958400,0,1,336.185592
2016-06-21,178.0600,145.978943,1854700,0,1,336.677202
2016-06-22,177.5700,145.577225,2966200,0,1,335.750706
2016-06-23,179.8100,147.413651,2949100,0,1,339.986115
2016-06-24,173.6200,142.338882,11377900,0,1,328.282016
2016-06-27,171.2000,140.354858,7683900,0,1,323.706262
2016-06-28,173.8200,142.502869,5642800,0,1,328.660178
2016-06-29,176.6400,144.814789,5578200,0,1,333.992255
2016-06-30,179.0000,146.749588,5069000,0,1,338.454561
2016-07-01,179.3100,147.003754,3998200,0,1,339.040712
2016-07-05,178.2100,146.102081,3233100,0,1,336.960823
2016-07-06,178.9800,146.733154,5395400,0,1,338.416745
2016-07-07,178.7900,146.577438,2343300,0,1,338.057492
2016-07-08,181.3000,148.635208,5177300,0,1,342.803419
2016-07-11,182.1200,149.307434,2358700,0,1,344.353881
2016-07-12,183.3900,150.348679,3128000,0,1,346.755207
2016-07-13,183.6000,150.520844,2390500,0,1,347.152276
2016-07-14,184.9600,151.635742,3354700,0,1,349.723775
2016-07-15,184.8800,151.680969,3837200,0.135,1,349.827769
2016-07-18,185.0800,151.844955,2134900,0,1,350.206207
2016-07-19,185.4200,152.123932,2046300,0,1,350.849551
2016-07-20,185.7800,152.419250,2159500,0,1,351.530738
2016-07-21,184.9800,151.762970,2837700,0,1,350.016988
2016-07-22,185.5100,152.197723,3078300,0,1,351.019848
2016-07-25,184.8100,151.623505,2316600,0,1,349.695316
2016-07-26,184.6000,151.451187,4744400,0,1,349.297956
2016-07-27,184.5800,151.434875,4146700,0,1,349.260112
2016-07-28,184.3800,151.270752,2906300,0,1,348.881675
2016-07-29,184.1300,151.065552,4207300,0,1,348.408628
2016-08-01,183.8700,150.852234,3295900,0,1,347.916659
2016-08-02,182.9700,150.113876,5139500,0,1,346.213689
2016-08-03,183.3600,150.433807,3008200,0,1,346.951643
2016-08-04,183.4500,150.507584,2368900,0,1,347.121940
2016-08-05,185.2600,151.992691,4187700,0,1,350.546801
2016-08-08,185.2800,152.009064,2076700,0,1,350.584644
2016-08-09,185.3500,152.066498,1903800,0,1,350.717097
2016-08-10,185.1200,151.877838,1618300,0,1,350.281894
2016-08-11,186.3000,152.845917,2188700,0,1,352.514676
2016-08-12,185.9000,152.517654,2514300,0,1,351.757801
2016-08-15,186.5200,153.026367,1561500,0,1,352.930958
2016-08-16,185.7600,152.402954,1614100,0,1,351.492895
2016-08-17,186.1000,152.681763,2952000,0,1,352.136239
2016-08-18,186.3400,152.878799,2571800,0,1,352.590364
2016-08-19,185.3200,152.578964,2368500,0.656,1,351.901607
2016-08-22,185.1200,152.414444,3152400,0,1,351.521830
2016-08-23,185.3000,152.562592,1647900,0,1,351.863630
2016-08-24,184.6600,152.035660,1882900,0,1,350.648342
2016-08-25,184.3700,151.796844,2034900,0,1,350.097665
2016-08-26,183.8200,151.344101,3403500,0,1,349.053278
2016-08-29,184.8300,152.175568,2229800,0,1,350.971153
2016-08-30,184.5100,151.912094,1866700,0,1,350.363509
2016-08-31,183.9400,151.442886,1876400,0,1,349.281144
2016-09-01,184.1000,151.574554,3003500,0,1,349.584966
2016-09-02,184.8600,152.200317,2652800,0,1,351.028120
2016-09-06,185.3200,152.578964,2152300,0,1,351.901607
2016-09-07,185.3200,152.578964,1803600,0,1,351.901607
2016-09-08,184.8200,152.167343,2229900,0,1,350.952164
2016-09-09,180.9100,148.948181,8242600,0,1,343.527519
2016-09-12,183.3000,150.915985,7056100,0,1,348.065857
2016-09-13,180.8000,148.857605,7477500,0,1,343.318641
2016-09-14,180.4300,148.552979,2990400,0,1,342.616053
2016-09-15,182.2600,150.059647,3932400,0,1,346.091015
2016-09-16,180.9700,149.287521,2844300,0.354,1,344.313658
2016-09-19,180.9800,149.295731,2260400,0,1,344.332684
2016-09-20,181.0500,149.353516,1997800,0,1,344.465866
2016-09-21,182.6600,150.681747,4496500,0,1,347.529053
2016-09-22,183.6600,151.506607,2323500,0,1,349.431654
2016-09-23,182.4200,150.483704,1741500,0,1,347.072429
2016-09-26,180.7500,149.106033,2639800,0,1,343.895086
2016-09-27,182.0000,150.137177,3717300,0,1,346.273336
2016-09-28,183.1000,151.044693,6413000,0,1,348.366197
2016-09-29,181.2200,149.493713,3376400,0,1,344.789308
2016-09-30,182.7800,150.780579,4583000,0,1,347.757365
2016-10-03,182.3200,150.401154,1987600,0,1,346.882169
2016-10-04,181.4800,149.708191,2811200,0,1,345.283984
2016-10-05,182.6600,150.681747,1818200,0,1,347.529053
2016-10-06,182.5200,150.566177,2368100,0,1,347.262689
2016-10-07,182.2200,150.318665,2527700,0,1,346.691909
2016-10-10,183.1200,151.061111,1879100,0,1,348.404249
2016-10-11,181.2000,149.477310,3949800,0,1,344.751256
2016-10-12,181.3700,149.617462,1920200,0,1,345.074698
2016-10-13,180.8400,149.180283,3460100,0,1,344.066320
2016-10-14,181.2900,149.551483,2698100,0,1,344.922490
2016-10-17,180.7200,149.081238,1801800,0,1,343.838008
2016-10-18,181.3700,149.617462,1720700,0,1,345.074698
2016-10-19,182.0000,150.137177,1503700,0,1,346.273336
2016-10-20,181.5400,149.757797,2359600,0,1,345.398140
2016-10-21,181.2200,149.642059,5607600,0.18,1,345.131776
2016-10-24,181.9600,150.253189,1905700,0,1,346.541099
2016-10-25,181.4800,149.856812,3351100,0,1,345.626944
2016-10-26,181.7700,150.096252,5375400,0,1,346.179246
2016-10-27,181.5300,149.898041,2027100,0,1,345.722168
2016-10-28,181.3600,149.757706,3726600,0,1,345.398405
2016-10-31,181.1700,149.600815,1415600,0,1,345.036552
2016-11-01,180.1200,148.733749,3622300,0,1,343.036836
2016-11-02,179.3500,148.098007,3552700,0,1,341.570379
2016-11-03,179.1100,147.899765,1966900,0,1,341.113301
2016-11-04,178.7100,147.569458,4337500,0,1,340.351505
2016-11-07,182.3600,150.583450,3402400,0,1,347.302895
2016-11-08,183.3800,151.425735,3437500,0,1,349.245476
2016-11-09,185.9600,153.556046,8363900,0,1,354.159061
2016-11-10,188.1300,155.348068,8748100,0,1,358.291806
2016-11-11,188.4700,155.628754,5003800,0,1,358.939332
2016-11-14,188.7700,155.876495,4796400,0,1,359.510680
2016-11-15,189.3400,156.347229,3750000,0,1,360.596239
2016-11-16,188.9800,156.049957,3459100,0,1,359.910623
2016-11-17,189.3000,156.314148,4211200,0,1,360.520060
2016-11-18,188.4600,156.059937,4359200,0.533,1,359.935381
2016-11-21,189.3400,156.788681,2999100,0,1,361.616073
2016-11-22,190.0200,157.351822,2756300,0,1,362.914789
2016-11-23,190.5900,157.823761,2465900,0,1,364.003419
2016-11-25,191.3000,158.411682,1547100,0,1,365.359431
2016-11-28,190.7800,157.981094,3159600,0,1,364.366295
2016-11-29,191.1900,158.320602,2264900,0,1,365.149345
2016-11-30,191.4000,158.494476,4774600,0,1,365.550419
2016-12-01,191.9000,158.908554,8323900,0,1,366.505357
2016-12-02,191.7400,158.776047,2773600,0,1,366.199777
2016-12-05,192.2200,159.173523,2925600,0,1,367.116518
2016-12-06,192.4900,159.397186,2669400,0,1,367.632185
2016-12-07,195.4800,161.873077,7241300,0,1,373.342716
2016-12-08,196.2800,162.535583,7032100,0,1,374.870618
2016-12-09,197.6900,163.703156,4392300,0,1,377.563544
2016-12-12,198.0800,164.026077,3791700,0,1,378.308396
2016-12-13,199.2300,164.978424,5357500,0,1,380.504754
2016-12-14,198.1400,164.075760,7456100,0,1,378.422988
2016-12-15,198.6600,164.506439,6033000,0,1,379.416124
2016-12-16,198.1900,164.474854,4467700,0.432,1,379.343549
2016-12-19,198.6000,164.815033,2729400,0,1,380.128305
2016-12-20,199.4200,165.495560,3062600,0,1,381.697818
2016-12-21,199.1600,165.279816,2523500,0,1,381.200168
2016-12-22,198.9700,165.122223,2250900,0,1,380.836500
2016-12-23,199.0500,165.188568,1374200,0,1,380.989623
2016-12-27,199.2100,165.321320,2340700,0,1,381.295870
2016-12-28,198.0800,164.383499,3818100,0,1,379.133005
2016-12-29,197.9900,164.308914,3018700,0,1,378.960741
2016-12-30,197.5100,163.910538,4277400,0,1,378.042002
2017-01-03,198.4200,164.665634,6669800,0,1,379.783778
2017-01-04,199.1500,165.271484,4823200,0,1,381.181027
2017-01-05,198.7500,164.939606,4124500,0,1,380.415411
2017-01-06,199.5100,165.570282,4322600,0,1,381.870082
2017-01-09,198.7600,164.947830,2303500,0,1,380.434552
2017-01-10,198.4000,164.649033,3029200,0,1,379.745497
2017-01-11,199.3300,165.420853,5209800,0,1,381.525554
2017-01-12,198.7500,164.939606,3865200,0,1,380.415411
2017-01-13,198.7000,164.898102,3468900,0,1,380.319709
2017-01-17,198.0900,164.391800,3329800,0,1,379.152145
2017-01-18,197.9500,164.275635,4634800,0,1,378.884179
2017-01-19,197.2800,163.719635,3050900,0,1,377.601773
2017-01-20,197.9600,164.444855,6999000,0.193,1,379.272730
2017-01-23,197.7800,164.295288,3249700,0,1,378.927866
2017-01-24,198.8400,165.175797,5205800,0,1,380.958727
2017-01-25,200.4200,166.488419,4880800,0,1,383.985858
2017-01-26,200.7200,166.737442,3999700,0,1,384.560630
2017-01-27,200.6300,166.662766,3576500,0,1,384.388198
2017-01-30,199.3800,165.624344,4718000,0,1,381.993316
2017-01-31,198.3600,164.777054,4628100,0,1,380.039092
2017-02-01,198.6300,165.001343,3676900,0,1,380.556386
2017-02-02,198.6100,164.984680,2640600,0,1,380.518068
2017-02-03,200.3800,166.455109,4857300,0,1,383.909222
2017-02-06,200.2800,166.372055,2770900,0,1,383.717631
2017-02-07,200.5800,166.621277,2606300,0,1,384.292403
2017-02-08,200.5100,166.563126,2291500,0,1,384.158290
2017-02-09,201.7200,167.568314,3487600,0,1,386.476536
2017-02-10,202.7400,168.415512,2880300,0,1,388.430760
2017-02-13,204.2000,169.628357,2637400,0,1,391.227982
2017-02-14,205.1700,170.434067,3586600,0,1,393.086411
2017-02-15,206.3800,171.439240,3646000,0,1,395.404657
2017-02-16,206.4800,171.522369,4589600,0,1,395.596248
2017-02-17,205.8800,171.489777,5747700,0.561,1,395.521527
2017-02-21,207.0700,172.481079,3076400,0,1,397.807668
2017-02-22,207.4500,172.797653,2254400,0,1,398.537696
2017-02-23,207.8200,173.105789,3179900,0,1,399.248513
2017-02-24,207.9300,173.197403,3703900,0,1,399.459837
2017-02-27,208.2900,173.497391,3433700,0,1,400.151442
2017-02-28,207.9800,173.239059,2821900,0,1,399.555893
2017-03-01,211.0200,175.771210,7846100,0,1,405.396118
2017-03-02,209.8900,174.830093,3336900,0,1,403.225245
2017-03-03,209.9100,174.846741,2589000,0,1,403.263667
2017-03-06,209.4800,174.488602,2524700,0,1,402.437583
2017-03-07,209.1700,174.230362,2741000,0,1,401.842034
2017-03-08,208.6100,173.763916,3173100,0,1,400.766203
2017-03-09,208.6700,173.813873,4430100,0,1,400.881470
2017-03-10,209.1500,174.213654,3004000,0,1,401.803611
2017-03-13,208.9400,174.038757,2261800,0,1,401.400175
2017-03-14,208.5400,173.705597,4433000,0,1,400.631724
2017-03-15,209.5800,174.571869,5737000,0,1,402.629695
2017-03-16,209.4400,174.455200,3018400,0,1,402.360738
2017-03-17,208.8600,174.311691,2873200,0.408,1,402.030304
2017-03-20,208.8100,174.269958,3308600,0,1,401.934060
2017-03-21,206.3500,172.216827,6192400,0,1,397.198857
2017-03-22,206.4100,172.266937,3898500,0,1,397.314350
2017-03-23,206.3100,172.183426,3840000,0,1,397.121862
2017-03-24,205.7500,171.716034,4052700,0,1,396.043929
2017-03-27,205.2300,171.282150,4559600,0,1,395.042992
2017-03-28,206.7500,172.550690,3538000,0,1,397.968809
2017-03-29,206.3100,172.183426,2323900,0,1,397.121862
2017-03-30,206.9600,172.725952,2849200,0,1,398.373033
2017-03-31,206.3400,172.208511,4179600,0,1,397.179608
2017-04-03,206.2500,172.133362,4436100,0,1,397.006369
2017-04-04,206.6500,172.467300,2555400,0,1,397.776321
2017-04-05,206.2600,172.141693,4110400,0,1,397.025618
2017-04-06,206.4500,172.300262,3186900,0,1,397.391345
2017-04-07,206.3800,172.241913,2609300,0,1,397.256603
2017-04-10,206.3900,172.250305,2395200,0,1,397.275852
2017-04-11,206.3300,172.200241,3511500,0,1,397.160359
2017-04-12,205.6700,171.649384,2181700,0,1,395.889939
2017-04-13,204.3700,170.564331,3605200,0,1,393.387596
2017-04-17,206.1700,172.066559,2260900,0,1,396.852379
2017-04-18,205.0800,171.156860,2497900,0,1,394.754260
2017-04-19,203.8500,170.130432,3606400,0,1,392.386658
2017-04-20,205.7000,171.674454,3873700,0,1,395.947685
2017-04-21,205.2500,171.450531,3034800,0.182,1,395.431818
2017-04-24,207.3800,173.229736,3220200,0,1,399.535446
2017-04-25,209.6800,175.151016,3483600,0,1,403.966594
2017-04-26,209.4700,174.975494,2865300,0,1,403.562011
2017-04-27,209.5600,175.050690,1951700,0,1,403.735404
2017-04-28,209.0800,174.649872,1934000,0,1,402.810643
2017-05-01,208.9200,174.516190,1886000,0,1,402.502389
2017-05-02,209.1300,174.691559,1359700,0,1,402.906972
2017-05-03,209.2200,174.766708,1829400,0,1,403.080365
2017-05-04,209.1900,174.741699,2640100,0,1,403.022567
2017-05-05,209.7700,175.226227,1673800,0,1,404.139987
2017-05-08,209.9200,175.351471,2311000,0,1,404.428975
2017-05-09,209.6200,175.100876,1570100,0,1,403.850999
2017-05-10,209.4800,174.983963,1394300,0,1,403.581277
2017-05-11,209.2800,174.816879,3093700,0,1,403.195960
2017-05-12,209.0100,174.591354,1575100,0,1,402.675782
2017-05-15,209.9300,175.359787,1818500,0,1,404.448241
2017-05-16,209.9500,175.376587,1746600,0,1,404.486773
2017-05-17,206.4700,172.469620,5717400,0,1,397.782253
2017-05-18,206.9600,172.878922,6653800,0,1,398.726280
2017-05-19,207.7700,174.066864,4892800,0.608,1,401.458179
2017-05-22,208.6500,174.804108,2246200,0,1,403.158536
2017-05-23,209.1200,175.197906,3457500,0,1,404.066682
2017-05-24,209.8200,175.784378,3479500,0,1,405.419238
2017-05-25,210.5800,176.421082,2198200,0,1,406.887729
2017-05-26,210.5400,176.387558,1152200,0,1,406.810440
2017-05-30,210.2100,176.111084,1066600,0,1,406.172806
2017-05-31,210.0000,175.935165,1577500,0,1,405.767039
2017-06-01,211.4000,177.108078,1827900,0,1,408.472152
2017-06-02,211.9100,177.535309,2314000,0,1,409.457587
2017-06-05,211.8600,177.493439,1923000,0,1,409.360975
2017-06-06,211.3700,177.082901,2094800,0,1,408.414186
2017-06-07,211.7200,177.376175,1545800,0,1,409.090464
2017-06-08,211.8600,177.493439,2030300,0,1,409.360975
2017-06-09,212.6700,178.172058,4271100,0,1,410.926077
2017-06-12,212.4000,177.945862,3682300,0,1,410.404376
2017-06-13,213.3700,178.758514,2426500,0,1,412.278634
2017-06-14,213.8400,179.152252,5423100,0,1,413.186779
2017-06-15,213.6900,179.026581,2571800,0,1,412.896945
2017-06-16,213.5600,179.248169,2372000,0.394,1,413.407052
2017-06-19,214.9200,180.389648,2103300,0,1,416.039725
2017-06-20,214.4000,179.953247,1762100,0,1,415.033115
2017-06-21,213.8900,179.525192,2129400,0,1,414.045863
2017-06-22,213.7300,179.390900,2697100,0,1,413.736136
2017-06-23,213.7400,179.399231,1346800,0,1,413.755494
2017-06-26,213.8700,179.508331,1940400,0,1,414.007147
2017-06-27,212.9300,178.719391,1981600,0,1,412.187505
2017-06-28,214.2400,179.818939,4693700,0,1,414.723389
2017-06-29,212.6100,178.450867,4372600,0,1,411.568053
2017-06-30,213.2400,178.979660,2216600,0,1,412.787600
2017-07-03,214.4900,180.028809,2134700,0,1,415.207336
2017-07-05,214.5800,180.104340,1799000,0,1,415.381557
2017-07-06,213.1400,178.895630,2297500,0,1,412.594021
2017-07-07,214.0500,179.659500,1326500,0,1,414.355589
2017-07-10,213.9900,179.609085,1156300,0,1,414.239442
2017-07-11,213.9800,179.600739,1577600,0,1,414.220084
2017-07-12,215.2300,180.649857,2103300,0,1,416.639820
2017-07-13,215.4600,180.842926,1587400,0,1,417.085051
2017-07-14,216.2600,181.514328,2395500,0,1,418.633682
2017-07-17,216.2200,181.480789,2291000,0,1,418.556251
2017-07-18,215.7000,181.044342,2247500,0,1,417.549640
2017-07-19,216.3200,181.564743,1785800,0,1,418.749829
2017-07-20,216.1900,181.455643,1372000,0,1,418.498177
2017-07-21,215.5300,181.099396,2217300,0.236,1,417.677402
2017-07-24,215.0900,180.729691,1459600,0,1,416.824723
2017-07-25,215.8600,181.376678,1924200,0,1,418.316912
2017-07-26,216.8100,182.174850,2041000,0,1,420.157925
2017-07-27,217.7200,182.939499,3202400,0,1,421.921422
2017-07-28,218.0200,183.191620,2305000,0,1,422.502794
2017-07-31,218.7000,183.762970,1765000,0,1,423.820572
2017-08-01,219.3700,184.325943,2307100,0,1,425.118971
2017-08-02,219.8900,184.762863,3063300,0,1,426.126683
2017-08-03,220.0600,184.905731,2496400,0,1,426.456128
2017-08-04,220.5700,185.334213,1877700,0,1,427.444461
2017-08-07,220.8500,185.569519,1902800,0,1,427.987075
2017-08-08,220.6900,185.435104,3623900,0,1,427.677010
2017-08-09,220.5000,185.275482,3555800,0,1,427.308807
2017-08-10,218.6000,183.678925,7832600,0,1,423.626781
2017-08-11,218.7000,183.762970,4944500,0,1,423.820572
2017-08-14,219.9700,184.830078,2605000,0,1,426.281716
2017-08-15,220.1600,184.989807,1835700,0,1,426.649918
2017-08-16,220.4700,185.250214,2476100,0,1,427.250670
2017-08-17,217.8100,183.015182,3535800,0,1,422.095834
2017-08-18,216.5300,182.382553,4468500,0.529,1,420.640464
2017-08-21,216.7400,182.559540,3467200,0,1,421.048419
2017-08-22,218.6900,184.201920,2423200,0,1,424.836573
2017-08-23,217.9200,183.553375,3660200,0,1,423.340738
2017-08-24,217.6600,183.334320,1934400,0,1,422.835651
2017-08-25,218.0400,183.654388,2373300,0,1,423.573855
2017-08-28,217.9400,183.570236,1425000,0,1,423.379591
2017-08-29,218.5900,184.117737,2013300,0,1,424.642309
2017-08-30,218.9300,184.404144,1804100,0,1,425.302807
2017-08-31,219.5200,184.901001,2173000,0,1,426.448967
2017-09-01,219.9200,185.237869,2150200,0,1,427.226024
2017-09-05,217.6700,183.342819,3828600,0,1,422.855077
2017-09-06,218.2500,183.831329,1915500,0,1,423.981810
2017-09-07,218.1100,183.713409,1982800,0,1,423.709840
2017-09-08,218.2400,183.822906,2135800,0,1,423.962384
2017-09-11,220.7600,185.945480,3019300,0,1,428.857844
2017-09-12,221.4200,186.501450,2072900,0,1,430.139988
2017-09-13,221.7600,186.787781,1720800,0,1,430.800487
2017-09-14,222.3200,187.259537,1893700,0,1,431.888367
2017-09-15,222.4500,187.755829,2377700,0.458,1,433.030641
2017-09-18,223.1600,188.355026,1827300,0,1,434.412757
2017-09-19,223.5800,188.709488,2042800,0,1,435.230347
2017-09-20,223.9000,188.979630,1819900,0,1,435.853272
2017-09-21,223.4700,188.616714,1741400,0,1,435.016216
2017-09-22,223.2000,188.388779,2448400,0,1,434.490623
2017-09-25,222.8200,188.068100,2844300,0,1,433.750898
2017-09-26,222.6900,187.958405,1314500,0,1,433.497835
2017-09-27,223.1200,188.321289,2381500,0,1,434.334891
2017-09-28,223.6000,188.726395,1462800,0,1,435.269280
2017-09-29,223.8200,188.912094,2415800,0,1,435.697541
2017-10-02,225.2400,190.110641,2611200,0,1,438.461774
2017-10-03,226.2400,190.954651,2510000,0,1,440.408416
2017-10-04,226.4100,191.098236,1746900,0,1,440.739345
2017-10-05,227.6400,192.136322,2258500,0,1,443.133716
2017-10-06,227.5500,192.060410,2090300,0,1,442.958518
2017-10-09,227.5300,192.043457,1006800,0,1,442.919585
2017-10-10,228.2600,192.659683,1417700,0,1,444.340634
2017-10-11,228.6100,192.955048,1423600,0,1,445.021959
2017-10-12,228.3300,192.718765,1307300,0,1,444.476899
2017-10-13,228.7300,193.056305,1744300,0,1,445.255556
2017-10-16,229.4500,193.663956,2373400,0,1,446.657139
2017-10-17,229.8500,194.001709,1838000,0,1,447.435796
2017-10-18,231.4600,195.360535,2720500,0,1,450.569890
2017-10-19,231.6500,195.520935,2305400,0,1,450.939752
2017-10-20,233.1300,196.925659,3275700,0.183,1,454.177019
2017-10-23,232.6500,196.520187,2325100,0,1,453.241897
2017-10-24,234.2900,197.905457,3300500,0,1,456.436897
2017-10-25,233.1600,196.950974,3813300,0,1,454.235464
2017-10-26,233.8500,197.533890,2581500,0,1,455.579702
2017-10-27,234.1700,197.804169,2944200,0,1,456.203116
2017-10-30,233.3300,197.094635,2672500,0,1,454.566653
2017-10-31,233.6300,197.348068,1772000,0,1,455.151104
2017-11-01,234.1900,197.820953,2675700,0,1,456.242080
2017-11-02,234.9600,198.471405,2459400,0,1,457.742171
2017-11-03,235.1800,198.657288,2574400,0,1,458.170769
2017-11-06,235.4100,198.851624,2549900,0,1,458.618848
2017-11-07,235.4200,198.860062,2390700,0,1,458.638330
2017-11-08,235.4600,198.893829,1531900,0,1,458.716257
2017-11-09,234.7200,198.268707,4225200,0,1,457.274610
2017-11-10,234.4300,198.023758,2506600,0,1,456.709641
2017-11-13,234.6600,198.218033,2452400,0,1,457.157720
2017-11-14,234.2800,197.897064,2566500,0,1,456.417415
2017-11-15,232.9600,196.782104,2823600,0,1,453.845830
2017-11-16,234.9100,198.429306,2933400,0,1,457.644763
2017-11-17,233.3900,197.618057,3483300,0.562,1,455.778415
2017-11-20,234.1500,198.261612,2056600,0,1,457.262590
2017-11-21,235.7300,199.599335,2749900,0,1,460.348112
2017-11-22,235.1700,199.125259,2860800,0,1,459.254509
2017-11-24,235.4700,199.379288,1435500,0,1,459.840368
2017-11-27,235.7300,199.599335,2329500,0,1,460.348112
2017-11-28,238.3400,201.809341,4844500,0,1,465.445081
2017-11-29,239.4200,202.723877,3376100,0,1,467.554172
2017-11-30,242.8400,205.619644,6586400,0,1,474.232959
2017-12-01,242.4500,205.289383,9772700,0,1,473.471343
2017-12-04,243.1100,205.848251,6565800,0,1,474.760232
2017-12-05,242.0100,204.916763,4925600,0,1,472.612084
2017-12-06,241.6200,204.586670,3976100,0,1,471.850468
2017-12-07,242.3600,205.213257,2718300,0,1,473.295586
2017-12-08,243.6200,206.280060,2704300,0,1,475.756191
2017-12-11,244.1700,206.745743,1857800,0,1,476.830265
2017-12-12,245.4400,207.821182,3282400,0,1,479.310400
2017-12-13,246.3000,208.549316,3748700,0,1,480.989861
2017-12-14,245.5700,207.931168,4713300,0,1,479.564272
2017-12-15,246.2500,208.984299,5862800,0.561,1,481.987773
2017-12-18,247.7900,210.291367,3285700,0,1,485.002032
2017-12-19,247.4000,209.960327,2773600,0,1,484.238681
2017-12-20,247.0700,209.680283,2401400,0,1,483.592768
2017-12-21,247.6600,210.181091,2446700,0,1,484.747582
2017-12-22,247.4000,209.960327,1847000,0,1,484.238681
2017-12-26,247.2500,209.833115,2156700,0,1,483.945084
2017-12-27,247.4800,210.028259,2930300,0,1,484.395266
2017-12-28,248.1300,210.579910,2743300,0,1,485.667518
2017-12-29,247.3800,209.943344,2951800,0,1,484.199535
2018-01-02,248.0200,210.486511,4454900,0,1,485.452214
2018-01-03,248.9500,211.275772,5528600,0,1,487.272513
2018-01-04,250.6000,212.676163,4932900,0,1,490.502075
2018-01-05,252.7200,214.475311,3349200,0,1,494.651574
2018-01-08,252.5900,214.364960,3847500,0,1,494.397124
2018-01-09,253.8200,215.408875,5031400,0,1,496.804616
2018-01-10,253.6200,215.239029,2357600,0,1,496.413154
2018-01-11,255.6100,216.927979,2760400,0,1,500.308202
2018-01-12,257.9100,218.879822,3678400,0,1,504.810017
2018-01-16,257.8100,218.795044,8102900,0,1,504.614286
2018-01-17,261.0800,221.570068,6144400,0,1,511.014692
2018-01-18,260.1600,220.789368,4860200,0,1,509.213966
2018-01-19,260.5400,221.234421,4057600,0.144,1,510.239597
2018-01-22,261.9800,222.457062,3359900,0,1,513.059682
2018-01-23,261.8700,222.363678,3483300,0,1,512.844259
2018-01-24,262.5700,222.958130,7106400,0,1,514.215134
2018-01-25,263.7500,223.960129,5918900,0,1,516.526037
2018-01-26,265.9100,225.794205,3861700,0,1,520.756165
2018-01-29,264.1600,224.308212,4605600,0,1,517.328978
2018-01-30,260.6200,221.302307,9409500,0,1,510.396268
2018-01-31,261.4400,221.998581,5360500,0,1,512.002150
2018-02-01,261.6200,222.151413,5182000,0,1,512.354661
2018-02-02,254.9300,216.470703,9486600,0,1,499.253015
2018-02-05,243.2700,206.569641,19888200,0,1,476.418157
2018-02-06,248.9600,211.401306,20493100,0,1,487.561411
2018-02-07,248.7600,211.231445,12657100,0,1,487.169733
2018-02-08,238.6700,202.663681,15829100,0,1,467.409552
2018-02-09,242.0300,205.516830,19858000,0,1,473.989751
2018-02-12,246.1700,209.032166,10458400,0,1,482.097496
2018-02-13,246.5700,209.371841,6234000,0,1,482.880853
2018-02-14,249.3000,211.690033,5764000,0,1,488.227265
2018-02-15,252.5000,214.407242,6111500,0,1,494.494121
2018-02-16,251.9600,214.496719,6399000,0.645,1,494.699752
2018-02-20,249.3500,212.274689,8685200,0,1,489.575263
2018-02-21,247.7200,210.887100,5894800,0,1,486.374911
2018-02-22,249.4900,212.393982,6342300,0,1,489.850139
2018-02-23,252.9100,215.305405,5119000,0,1,496.564988
2018-02-26,256.9200,218.719131,6120900,0,1,504.438245
2018-02-27,253.9600,216.199234,7219200,0,1,498.626564
2018-02-28,250.2000,212.998322,5299300,0,1,491.244158
2018-03-01,245.9800,209.405762,8144800,0,1,482.958585
2018-03-02,245.3500,208.869537,6393400,0,1,481.721639
2018-03-05,248.8400,211.840469,4891000,0,1,488.573926
2018-03-06,248.8400,211.840469,4408500,0,1,488.573926
2018-03-07,248.1100,211.219116,5362600,0,1,487.140639
2018-03-08,249.1400,212.095932,5846600,0,1,489.162947
2018-03-09,253.5600,215.858765,3904000,0,1,497.841201
2018-03-12,251.9600,214.496719,5512800,0,1,494.699752
2018-03-13,250.2200,213.015320,6100900,0,1,491.283426
2018-03-14,247.8800,211.023270,6222800,0,1,486.689056
2018-03-15,249.0000,211.976776,5069600,0,1,488.888071
2018-03-16,249.1000,212.449249,3430100,0.454,1,489.975797
2018-03-19,245.9100,209.728668,5739500,0,1,483.701117
2018-03-20,247.1000,210.743484,3258400,0,1,486.041829
2018-03-21,246.6200,210.334122,4341400,0,1,485.097676
2018-03-22,239.3600,204.142288,7449700,0,1,470.817370
2018-03-23,235.1300,200.534653,7598700,0,1,462.497026
2018-03-26,241.8200,206.240387,6589700,0,1,475.656151
2018-03-27,238.2900,203.229767,6513100,0,1,468.712697
2018-03-28,238.2800,203.221176,7983700,0,1,468.693027
2018-03-29,241.4000,205.882217,6614500,0,1,474.830018
2018-04-02,236.1500,201.404694,9217400,0,1,464.503350
2018-04-03,240.1500,204.816116,9874500,0,1,472.371288
2018-04-04,242.4600,206.786209,6437500,0,1,476.915021
2018-04-05,244.9100,208.875778,4786400,0,1,481.734133
2018-04-06,239.1300,203.946198,6985500,0,1,470.364964
2018-04-09,239.7300,204.457886,5052000,0,1,471.545154
2018-04-10,244.0100,208.108200,5977500,0,1,479.963847
2018-04-11,241.8800,206.291519,4733100,0,1,475.774170
2018-04-12,244.8100,208.790436,4742400,0,1,481.537435
2018-04-13,243.5800,207.741394,5222500,0,1,479.118044
2018-04-16,245.6200,209.481216,4018400,0,1,483.130692
2018-04-17,247.8000,211.340530,3821900,0,1,487.418718
2018-04-18,247.3800,210.982285,3645600,0,1,486.592584
2018-04-19,246.5700,210.291473,3721800,0,1,484.999327
2018-04-20,244.4800,208.620682,3396500,0.132,1,481.147972
2018-04-23,244.3500,208.509735,2491000,0,1,480.892126
2018-04-24,240.0900,204.874588,7088900,0,1,472.508248
2018-04-25,240.7000,205.395187,5269200,0,1,473.708756
2018-04-26,243.1200,207.460266,3845800,0,1,478.471429
2018-04-27,242.9500,207.315094,3209800,0,1,478.136861
2018-04-30,241.5400,206.111893,3475700,0,1,475.361915
2018-05-01,240.7600,205.446381,4396600,0,1,473.826839
2018-05-02,239.1100,204.038315,2729400,0,1,470.579563
2018-05-03,239.1000,204.029831,6177500,0,1,470.559882
2018-05-04,242.5200,206.948181,3600900,0,1,477.290601
2018-05-07,243.4200,207.716141,2983800,0,1,479.061843
2018-05-08,243.4200,207.716141,2927200,0,1,479.061843
2018-05-09,245.4000,209.405731,3670500,0,1,482.958574
2018-05-10,247.4600,211.163589,3877800,0,1,487.012750
2018-05-11,248.5400,212.085114,3293500,0,1,489.138240
2018-05-14,249.2700,212.708099,4286300,0,1,490.574914
2018-05-15,247.3100,211.035629,4755900,0,1,486.717543
2018-05-16,247.9700,211.598846,2034400,0,1,488.016453
2018-05-17,247.7400,211.402573,2058200,0,1,487.563803
2018-05-18,247.0000,211.365738,2408800,0.697,1,487.479177
2018-05-21,249.9400,213.881516,4060300,0,1,493.281561
2018-05-22,248.1800,212.375504,2329300,0,1,489.808025
2018-05-23,248.6300,212.760574,3489400,0,1,490.696145
2018-05-24,247.9100,212.144455,3448100,0,1,489.275153
2018-05-25,247.3700,211.682373,4207000,0,1,488.209409
2018-05-29,243.4500,208.327896,6439600,0,1,480.472897
2018-05-30,246.7000,211.108994,4185900,0,1,486.887097
2018-05-31,244.1800,208.952637,5357800,0,1,481.913625
2018-06-01,246.3600,210.818100,3565300,0,1,486.216073
2018-06-04,248.2000,212.392654,3062500,0,1,489.847497
2018-06-05,248.1500,212.349747,2816400,0,1,489.748817
2018-06-06,251.5200,215.233688,4102500,0,1,496.399848
2018-06-07,252.5300,216.097931,4286800,0,1,498.393184
2018-06-08,253.2700,216.731125,4451000,0,1,499.853648
2018-06-11,253.3900,216.833939,4200200,0,1,500.090480
2018-06-12,253.3000,216.756821,6531000,0,1,499.912856
2018-06-13,252.1800,215.798431,3819000,0,1,497.702424
2018-06-14,251.9900,215.635880,5007000,0,1,497.327440
2018-06-15,250.7400,214.886841,6340800,0.376,1,495.602514
2018-06-18,249.7300,214.021286,4075500,0,1,493.606189
2018-06-19,246.8800,211.578659,5511100,0,1,487.972995
2018-06-20,246.4600,211.218857,4711700,0,1,487.142840
2018-06-21,244.5000,209.539124,4676600,0,1,483.268783
2018-06-22,245.6900,210.558823,3584900,0,1,485.620889
2018-06-25,242.3100,207.662186,9536000,0,1,478.940118
2018-06-26,242.6700,207.970764,3829900,0,1,479.651679
2018-06-27,241.1200,206.642319,6149300,0,1,476.588012
2018-06-28,242.0800,207.465164,5524000,0,1,478.485509
2018-06-29,242.7300,208.022064,3966200,0,1,479.770273
2018-07-02,242.7300,208.022064,5700300,0,1,479.770273
2018-07-03,241.6600,207.105209,3143800,0,1,477.655354
2018-07-05,243.5500,208.724960,3294600,0,1,481.391052
2018-07-06,244.6000,209.624817,3546000,0,1,483.466439
2018-07-09,247.8400,212.401489,3679300,0,1,489.870492
2018-07-10,249.2300,213.592758,3474700,0,1,492.617909
2018-07-11,247.0800,211.750137,4409800,0,1,488.368306
2018-07-12,249.3000,213.652695,3175400,0,1,492.756268
2018-07-13,250.2000,214.424026,3018100,0,1,494.535172
2018-07-16,250.6700,214.826813,1881400,0,1,495.464155
2018-07-17,251.2800,215.349609,2960100,0,1,496.669856
2018-07-18,252.0300,215.992386,2119600,0,1,498.152276
2018-07-19,250.7900,214.929703,2537400,0,1,495.701342
2018-07-20,250.4400,214.902176,2687800,0.318,1,495.638092
2018-07-23,250.2600,214.747742,1792000,0,1,495.281860
2018-07-24,252.2100,216.421082,5485300,0,1,499.141045
2018-07-25,254.0200,217.974152,4687600,0,1,502.723160
2018-07-26,255.1200,218.918076,4175000,0,1,504.900136
2018-07-27,254.2600,218.180130,5852900,0,1,503.198136
2018-07-30,252.8700,216.987396,4484200,0,1,500.447230
2018-07-31,254.1700,218.102890,3743100,0,1,503.020020
2018-08-01,253.1100,217.193359,3159000,0,1,500.922207
2018-08-02,253.1000,217.184769,4132600,0,1,500.902416
2018-08-03,254.3900,218.291687,2469400,0,1,503.455415
2018-08-06,254.8500,218.686417,2305400,0,1,504.365787
2018-08-07,256.1200,219.776138,2394500,0,1,506.879205
2018-08-08,255.6200,219.347122,1876800,0,1,505.889671
2018-08-09,255.1600,218.952454,1677300,0,1,504.979299
2018-08-10,253.3000,217.356354,4796900,0,1,501.298230
2018-08-13,252.0400,216.275192,3686700,0,1,498.804603
2018-08-14,253.2100,217.279129,2815800,0,1,501.120114
2018-08-15,251.7600,216.034943,5804000,0,1,498.250463
2018-08-16,255.9400,219.621765,7919200,0,1,506.522973
2018-08-17,256.5100,220.574585,3902500,0.538,1,508.715781
2018-08-20,257.4300,221.365570,2930700,0,1,510.540344
2018-08-21,258.0700,221.915970,3290900,0,1,511.809605
2018-08-22,257.1800,221.150635,3850600,0,1,510.044539
2018-08-23,256.4900,220.557251,2811900,0,1,508.676117
2018-08-24,257.8500,221.726715,3631500,0,1,511.373296
2018-08-27,260.5800,224.074280,4111600,0,1,516.787487
2018-08-28,260.6400,224.125961,2713600,0,1,516.906480
2018-08-29,261.3300,224.719223,2433900,0,1,518.274902
2018-08-30,260.0100,223.584244,3867200,0,1,515.657052
2018-08-31,259.8500,223.446671,3081800,0,1,515.339736
2018-09-04,259.7300,223.343430,2945000,0,1,515.101750
2018-09-05,259.9200,223.506821,3282400,0,1,515.478562
2018-09-06,260.2900,223.824982,3878500,0,1,516.212353
2018-09-07,259.5400,223.180023,3796400,0,1,514.724938
2018-09-10,258.9400,222.664093,2247600,0,1,513.535006
2018-09-11,260.0300,223.601364,3072900,0,1,515.696716
2018-09-12,260.2500,223.790558,4971200,0,1,516.133024
2018-09-13,261.7800,225.106247,2472300,0,1,519.167351
2018-09-14,261.8900,225.200775,3077700,0,1,519.385505
2018-09-17,260.9800,224.418350,2473500,0,1,517.580775
2018-09-18,262.9100,226.077988,2998900,0,1,521.408390
2018-09-19,264.4200,227.376480,4001000,0,1,524.403052
2018-09-20,267.0400,229.629242,5247100,0,1,529.599089
2018-09-21,267.1200,230.168701,3944500,0.546,1,530.840585
2018-09-24,265.4200,228.703934,3778600,0,1,527.462219
2018-09-25,264.7300,228.109360,1820400,0,1,526.091000
2018-09-26,263.7800,227.290741,3365900,0,1,524.203090
2018-09-27,264.2500,227.695770,2440100,0,1,525.137109
2018-09-28,264.4000,227.825043,3288800,0,1,525.435200
2018-10-01,266.7300,229.832672,5828100,0,1,530.065548
2018-10-02,267.5700,230.556503,4553400,0,1,531.734858
2018-10-03,267.9500,230.883957,5827700,0,1,532.490022
2018-10-04,266.2500,229.419113,8720900,0,1,529.111656
2018-10-05,264.3200,227.756012,7477100,0,1,525.276218
2018-10-08,264.8300,228.195480,6236400,0,1,526.289727
2018-10-09,264.2300,227.678574,4559100,0,1,525.097363
2018-10-10,256.0600,220.638702,12292000,0,1,508.861336
2018-10-11,250.2700,215.649673,15270300,0,1,497.355021
2018-10-12,253.3000,218.260452,8634400,0,1,503.376460
2018-10-15,252.3400,217.433350,5500900,0,1,501.468677
2018-10-16,257.9200,222.241409,7099800,0,1,512.557665
2018-10-17,256.9700,221.422913,6822400,0,1,510.669755
2018-10-18,253.6800,218.587967,8694600,0,1,504.131624
2018-10-19,254.3200,219.273361,6618300,0.155,1,505.711507
2018-10-22,253.0400,218.169739,4662600,0,1,503.166246
2018-10-23,251.6700,216.988556,7360500,0,1,500.442022
2018-10-24,245.6400,211.789566,7624300,0,1,488.451457
2018-10-25,249.7700,215.350342,5920200,0,1,496.663900
2018-10-26,246.5300,212.556854,5882900,0,1,490.221209
2018-10-29,244.4700,210.780716,6833300,0,1,486.124930
2018-10-30,248.7000,214.427917,6151100,0,1,494.536221
2018-10-31,251.1900,216.574783,5376400,0,1,499.487549
2018-11-01,253.7300,218.764618,3267900,0,1,504.538301
2018-11-02,252.4600,217.669693,6413400,0,1,502.012925
2018-11-05,254.4800,219.411301,2833700,0,1,506.029665
2018-11-06,256.2300,220.920151,2193300,0,1,509.509513
2018-11-07,261.7800,225.705383,4462300,0,1,520.545605
2018-11-08,262.1000,225.981262,4023400,0,1,521.181920
2018-11-09,260.0900,224.248215,4386500,0,1,517.185066
2018-11-12,254.2200,219.187164,10153000,0,1,505.512659
2018-11-13,253.0600,218.187012,3937900,0,1,503.206016
2018-11-14,250.9100,216.333267,5610300,0,1,498.930773
2018-11-15,253.2200,218.324966,5667000,0,1,503.524174
2018-11-16,254.0500,219.561691,4529500,0.601,1,506.369696
2018-11-19,249.8600,215.940536,4249600,0,1,498.018233
2018-11-20,244.5000,211.308151,7341100,0,1,487.334739
2018-11-21,244.6500,211.437836,4257600,0,1,487.633718
2018-11-23,242.8100,209.847565,1928000,0,1,483.966250
2018-11-26,246.3900,212.941589,3435500,0,1,491.101867
2018-11-27,247.5000,213.900848,2932000,0,1,493.314307
2018-11-28,253.8400,219.380219,5132500,0,1,505.951126
2018-11-29,253.5900,219.164169,3471100,0,1,505.452829
2018-11-30,255.5100,220.823517,2991800,0,1,509.279752
2018-12-03,258.7300,223.606415,9544200,0,1,515.697821
2018-12-04,250.7300,216.692444,5376900,0,1,499.752308
2018-12-06,249.7200,215.819550,8232800,0,1,497.739187
2018-12-07,244.3100,211.143936,5963700,0,1,486.956034
2018-12-10,244.7100,211.489700,6021000,0,1,487.753309
2018-12-11,244.2300,211.074799,5646500,0,1,486.796578
2018-12-12,245.8800,212.500778,3734800,0,1,490.085340
2018-12-13,246.2700,212.837875,4455300,0,1,490.862684
2018-12-14,241.4200,208.646240,6591200,0,1,481.195717
2018-12-17,236.4300,204.333664,7036700,0,1,471.249703
2018-12-18,237.3600,205.137497,5349600,0,1,473.103369
2018-12-19,233.4200,201.732285,9545700,0,1,465.250204
2018-12-20,228.8900,197.817245,11912800,0,1,456.221057
2018-12-21,224.0900,194.191528,10242700,0.616,1,447.881554
2018-12-24,218.1000,189.000717,7024000,0,1,435.909532
2018-12-26,228.7100,198.195129,9761100,0,1,457.115401
2018-12-27,231.2600,200.404846,7952000,0,1,462.212005
2018-12-28,230.4800,199.728912,7266800,0,1,460.653044
2018-12-31,233.2000,202.086044,5079600,0,1,466.089421
2019-01-02,233.3600,202.224731,5319500,0,1,466.409208
2019-01-03,226.7200,196.470627,7350200,0,1,453.138051
2019-01-04,234.2800,203.021881,7343700,0,1,468.247983
2019-01-07,235.3600,203.957779,5101600,0,1,470.406545
2019-01-08,237.9200,206.176239,4845800,0,1,475.523135
2019-01-09,238.9200,207.042831,4872000,0,1,477.521803
2019-01-10,240.0000,207.978790,3052200,0,1,479.680365
2019-01-11,239.8800,207.874741,2047200,0,1,479.440525
2019-01-14,238.9400,207.060196,2330700,0,1,477.561777
2019-01-15,240.6400,208.533340,3940300,0,1,480.959513
2019-01-16,241.8600,209.590576,3718500,0,1,483.397888
2019-01-17,243.8000,211.271774,4108400,0,1,487.275304
2019-01-18,247.0500,214.241043,5393200,0.174,1,494.118744
2019-01-22,244.0000,211.596085,5218500,0,1,488.018513
2019-01-23,245.7200,213.087723,4330300,0,1,491.458643
2019-01-24,245.4700,212.870819,2840400,0,1,490.958624
2019-01-25,247.3900,214.535843,4110600,0,1,494.798770
2019-01-28,245.1000,212.550034,3560300,0,1,490.218596
2019-01-29,245.7100,213.078964,2432900,0,1,491.438642
2019-01-30,250.1800,216.955353,5686200,0,1,500.378981
2019-01-31,250.1200,216.903336,5649600,0,1,500.258977
2019-02-01,250.4800,217.215546,3971400,0,1,500.979004
2019-02-04,252.3200,218.811218,2576100,0,1,504.659144
2019-02-05,253.9600,220.233383,3090500,0,1,507.939268
2019-02-06,253.8700,220.155365,1913500,0,1,507.759261
2019-02-07,251.9000,218.446884,3884800,0,1,503.819112
2019-02-08,251.3200,217.944000,2942300,0,1,502.659068
2019-02-11,250.9400,217.614456,2677600,0,1,501.899039
2019-02-12,254.5300,220.727661,3080600,0,1,509.079311
2019-02-13,255.8000,221.829041,2918200,0,1,511.619408
2019-02-14,255.1600,221.274048,3811000,0,1,510.339359
2019-02-15,258.6500,224.915726,4751100,0.698,1,518.715677
2019-02-19,258.8100,225.054871,2744500,0,1,519.036553
2019-02-20,259.5000,225.654938,2454000,0,1,520.420329
2019-02-21,258.5300,224.811478,3197200,0,1,518.475020
2019-02-22,260.1700,226.237549,3938500,0,1,521.763996
2019-02-25,260.8900,226.863663,3585000,0,1,523.207937
2019-02-26,260.5400,226.559326,3080200,0,1,522.506022
2019-02-27,259.8700,225.976700,2777200,0,1,521.162354
2019-02-28,259.2800,225.463638,2772900,0,1,519.979125
2019-03-01,260.4200,226.454941,3676900,0,1,522.265365
2019-03-04,258.2800,224.594055,4823900,0,1,517.973652
2019-03-05,258.1900,224.515854,2107200,0,1,517.793159
2019-03-06,256.8700,223.367920,3222000,0,1,515.145934
2019-03-07,254.8100,221.576645,4104600,0,1,511.014659
2019-03-08,254.7100,221.489685,5495800,0,1,510.814112
2019-03-11,256.7600,223.272339,5469400,0,1,514.925332
2019-03-12,255.8600,222.489670,6570500,0,1,513.120406
2019-03-13,257.3500,223.785355,5272800,0,1,516.108562
2019-03-14,257.5400,223.950607,3409600,0,1,516.489602
2019-03-15,258.3400,225.122589,4225100,0.545,1,519.186963
2019-03-18,258.9900,225.689056,2786200,0,1,520.493271
2019-03-19,258.8800,225.593170,4761400,0,1,520.272203
2019-03-20,257.2900,224.207611,4382600,0,1,517.076774
2019-03-21,259.5800,226.203140,3800000,0,1,521.678996
2019-03-22,254.9600,222.177246,6226500,0,1,512.394163
2019-03-25,255.0700,222.273163,4982500,0,1,512.615231
2019-03-26,256.4600,223.484299,3278700,0,1,515.408719
2019-03-27,256.1100,223.179398,3166200,0,1,514.705323
2019-03-28,257.0800,224.024658,2434400,0,1,516.654736
2019-03-29,259.1300,225.811050,4255900,0,1,520.774629
2019-04-01,262.3900,228.651810,6051700,0,1,527.326265
2019-04-02,261.6900,228.041916,2320000,0,1,525.919472
2019-04-03,262.0000,228.312057,3265500,0,1,526.542480
2019-04-04,263.7800,229.863174,4397000,0,1,530.119754
2019-04-05,264.1600,230.194290,3112700,0,1,530.883441
2019-04-08,263.2200,229.375153,3231700,0,1,528.994319
2019-04-09,261.5100,227.885010,4161200,0,1,525.557725
2019-04-10,261.6000,227.963455,3602600,0,1,525.738599
2019-04-11,261.4000,227.789230,2731700,0,1,525.336658
2019-04-12,264.0700,230.115891,3395200,0,1,530.702568
2019-04-15,263.8100,229.889297,2190300,0,1,530.180045
2019-04-16,264.5300,230.516693,2536000,0,1,531.627032
2019-04-17,264.5300,230.516693,2873600,0,1,531.627032
2019-04-18,265.5600,231.552612,3469200,0.158,1,534.014560
2019-04-22,265.0700,231.125443,1604200,0,1,533.029219
2019-04-23,266.4800,232.354797,3399200,0,1,535.864588
2019-04-24,265.9200,231.866577,1899800,0,1,534.738484
2019-04-25,264.5300,230.654419,2333800,0,1,531.943333
2019-04-26,265.3400,231.360779,1883100,0,1,533.572162
2019-04-29,265.4400,231.447861,1522500,0,1,533.773252
2019-04-30,265.7900,231.753159,2259200,0,1,534.477067
2019-05-01,264.1500,230.323181,2902500,0,1,531.179191
2019-05-02,262.8800,229.215714,3660200,0,1,528.625349
2019-05-03,264.9700,231.038162,2161600,0,1,532.828129
2019-05-06,264.2700,230.427765,3282600,0,1,531.420499
2019-05-07,259.5200,226.286087,6758100,0,1,521.868725
2019-05-08,259.6600,226.408127,4115200,0,1,522.150251
2019-05-09,258.4400,225.344421,7175400,0,1,519.696953
2019-05-10,259.9200,226.634827,5456100,0,1,522.673085
2019-05-13,253.4700,221.010880,6326000,0,1,509.702781
2019-05-14,255.8100,223.051147,4308800,0,1,514.408287
2019-05-15,256.9200,224.019089,4151400,0,1,516.640386
2019-05-16,259.1600,225.972122,3889400,0,1,521.144801
2019-05-17,257.4400,225.031677,3652900,0.644,1,518.981073
2019-05-20,256.6700,224.358597,2613300,0,1,517.428807
2019-05-21,258.7700,226.194229,2376700,0,1,521.662260
2019-05-22,257.6000,225.171494,2942600,0,1,519.303622
2019-05-23,254.7600,222.689011,4616900,0,1,513.578380
2019-05-24,256.1200,223.877823,2258900,0,1,516.320045
2019-05-28,253.4700,221.561401,4580100,0,1,510.977830
2019-05-29,251.2700,219.638290,5192100,0,1,506.542784
2019-05-30,251.8700,220.162796,3454700,0,1,507.752342
2019-05-31,248.2200,216.972336,4891100,0,1,500.394197
2019-06-03,248.5000,217.217117,5479600,0,1,500.958657
2019-06-04,253.6500,221.718689,3796100,0,1,511.340698
2019-06-05,255.7300,223.536880,2792400,0,1,515.533832
2019-06-06,257.7200,225.276398,2796200,0,1,519.545534
2019-06-07,260.2500,227.487900,3124900,0,1,524.645837
2019-06-10,260.9900,228.134644,3495900,0,1,526.137625
2019-06-11,260.8800,228.038589,2792100,0,1,525.915873
2019-06-12,260.4500,227.662766,1725500,0,1,525.049023
2019-06-13,261.5600,228.633057,1882700,0,1,527.286706
2019-06-14,261.5100,228.589264,2260900,0,1,527.185909
2019-06-17,261.6800,228.737885,1319500,0,1,527.528617
2019-06-18,265.3300,231.928467,6147700,0,1,534.886762
2019-06-19,265.5600,232.129486,3920800,0,1,535.350426
2019-06-20,268.0800,234.332199,3471800,0,1,540.430570
2019-06-21,267.1000,234.031693,4446800,0.637,1,539.739106
2019-06-24,267.1700,234.093048,1654200,0,1,539.880558
2019-06-25,265.2600,232.419464,7240300,0,1,536.020949
2019-06-26,265.2200,232.384430,2141400,0,1,535.940119
2019-06-27,265.1500,232.323044,1991500,0,1,535.798667
2019-06-28,265.8500,232.936340,2176200,0,1,537.213184
2019-07-01,266.9700,233.917740,3970200,0,1,539.476410
2019-07-02,267.6600,234.522369,2775300,0,1,540.870720
2019-07-03,269.5600,236.187134,1262900,0,1,544.710122
2019-07-05,269.2700,235.933060,2157000,0,1,544.124108
2019-07-08,268.0600,234.872833,1423400,0,1,541.679015
2019-07-09,267.8600,234.697479,1407000,0,1,541.274867
2019-07-10,268.6900,235.424820,1978600,0,1,542.952080
2019-07-11,270.9200,237.378754,2238500,0,1,547.458325
2019-07-12,273.3900,239.542923,2411200,0,1,552.449548
2019-07-15,273.6000,239.726974,2624500,0,1,552.873903
2019-07-16,273.4200,239.569351,1780400,0,1,552.510170
2019-07-17,272.2800,238.570404,1550800,0,1,550.206529
2019-07-18,272.2700,238.561523,2119000,0,1,550.186322
2019-07-19,271.4500,238.038147,2364300,0.223,1,548.979941
2019-07-22,271.6500,238.213486,1623500,0,1,549.384421
2019-07-23,273.3500,239.704224,1722900,0,1,552.822497
2019-07-24,272.6100,239.055313,2355400,0,1,551.325923
2019-07-25,271.3900,237.985474,2348600,0,1,548.858597
2019-07-26,271.8600,238.397522,1731300,0,1,549.809124
2019-07-29,272.1300,238.634369,1346000,0,1,550.355172
2019-07-30,271.9100,238.441498,1670600,0,1,549.910244
2019-07-31,268.5200,235.468781,5058800,0,1,543.054315
2019-08-01,265.7600,233.048492,7225300,0,1,537.472496
2019-08-02,264.8100,232.215347,5691500,0,1,535.551218
2019-08-05,257.1000,225.454361,6608200,0,1,519.958530
2019-08-06,260.2900,228.251724,4991000,0,1,526.409979
2019-08-07,260.2400,228.207794,5089500,0,1,526.308859
2019-08-08,264.1300,231.619125,3637100,0,1,534.175988
2019-08-09,263.1800,230.785980,3773000,0,1,532.254709
2019-08-12,259.4000,227.471268,3072700,0,1,524.610045
2019-08-13,263.1700,230.777313,4326300,0,1,532.234486
2019-08-14,255.0800,223.682999,6148000,0,1,515.873286
2019-08-15,256.3600,224.805450,4034800,0,1,518.461955
2019-08-16,258.8800,227.613724,2743200,0.674,1,524.921494
2019-08-19,261.3400,229.776642,1971800,0,1,529.909546
2019-08-20,259.6900,228.325882,1975200,0,1,526.563902
2019-08-21,262.0300,230.383316,2156300,0,1,531.308634
2019-08-22,262.5600,230.849182,2329200,0,1,532.383295
2019-08-23,256.2900,225.336502,6293900,0,1,519.669846
2019-08-26,259.1000,227.807083,3145200,0,1,525.367580
2019-08-27,257.8000,226.664078,3077200,0,1,522.731618
2019-08-28,260.3900,228.941376,2741700,0,1,527.983266
2019-08-29,263.9000,232.027390,3740600,0,1,535.100364
2019-08-30,264.1300,232.229553,2442400,0,1,535.566727
2019-09-03,261.4200,229.846893,3082900,0,1,530.071759
2019-09-04,263.9300,232.053726,1963100,0,1,535.161194
2019-09-05,267.6800,235.350815,3614800,0,1,542.764932
2019-09-06,268.3200,235.913513,2470100,0,1,544.062637
2019-09-09,268.8000,236.335602,2243400,0,1,545.035915
2019-09-10,269.3900,236.854370,2654300,0,1,546.232236
2019-09-11,271.6900,238.876587,1899800,0,1,550.895862
2019-09-12,272.3200,239.430420,3272200,0,1,552.173290
2019-09-13,272.6000,239.676682,2182700,0,1,552.741036
2019-09-16,271.1700,238.419388,4077500,0,1,549.841477
2019-09-17,271.5600,238.762207,1756200,0,1,550.632266
2019-09-18,271.9700,239.122787,3052600,0,1,551.463608
2019-09-19,271.4200,238.639175,2965600,0,1,550.348393
2019-09-20,269.2500,237.296906,4076900,0.647,1,547.260262
2019-09-23,269.3600,237.393784,1898300,0,1,547.483841
2019-09-24,267.9700,236.168823,3733300,0,1,544.658616
2019-09-25,269.5800,237.587677,3391800,0,1,547.930998
2019-09-26,268.8800,236.970901,2401100,0,1,546.508223
2019-09-27,267.9900,236.186401,3171000,0,1,544.699267
2019-09-30,269.1800,237.235214,2128800,0,1,547.117984
2019-10-01,265.5000,233.991913,3558400,0,1,539.638252
2019-10-02,260.7200,229.779221,6690100,0,1,529.922731
2019-10-03,262.0100,230.916092,5610300,0,1,532.544703
2019-10-04,265.6600,234.132980,2937500,0,1,539.963458
2019-10-07,264.7400,233.322098,2104200,0,1,538.093525
2019-10-08,261.5800,230.537125,3505200,0,1,531.670712
2019-10-09,263.4300,232.167542,2020800,0,1,535.430903
2019-10-10,265.0100,233.560089,2100800,0,1,538.642310
2019-10-11,268.1600,236.336258,4177000,0,1,545.044798
2019-10-14,267.8600,236.071747,1194600,0,1,544.435037
2019-10-15,270.2200,238.151810,3168900,0,1,549.231821
2019-10-16,270.0800,238.028427,2415000,0,1,548.947266
2019-10-17,270.3800,238.292740,1883400,0,1,549.557027
2019-10-18,267.6400,236.029022,2232400,0.173,1,544.339508
2019-10-21,268.2100,236.531754,1379600,0,1,545.498802
2019-10-22,267.8200,236.187836,2534300,0,1,544.705601
2019-10-23,268.2400,236.558121,1693400,0,1,545.559818
2019-10-24,267.9800,236.328888,1843700,0,1,545.031017
2019-10-25,269.6000,237.757523,1825200,0,1,548.325853
2019-10-28,270.8100,238.824631,1809600,0,1,550.786811
2019-10-29,270.8700,238.877396,2884600,0,1,550.908842
2019-10-30,271.7400,239.644684,2144700,0,1,552.678291
2019-10-31,270.4800,238.533508,3021000,0,1,550.115641
2019-11-01,273.3400,241.055771,2989400,0,1,555.932450
2019-11-04,274.5500,242.122849,1543200,0,1,558.393409
2019-11-05,274.8100,242.352280,1706300,0,1,558.922209
2019-11-06,274.8000,242.343353,1605900,0,1,558.901871
2019-11-07,277.0500,244.327576,3023800,0,1,563.478033
2019-11-08,277.0700,244.345184,1512000,0,1,563.518710
2019-11-11,277.1600,244.424622,1729000,0,1,563.701756
2019-11-12,277.2900,244.539276,1694000,0,1,563.966156
2019-11-13,278.0500,245.209488,2595600,0,1,565.511882
2019-11-14,278.2300,245.368195,1582600,0,1,565.877975
2019-11-15,279.9400,247.333206,2363300,0.514,1,570.401257
2019-11-18,280.2700,247.624710,1790500,0,1,571.073659
2019-11-19,279.3300,246.794189,1928300,0,1,569.158330
2019-11-20,278.2000,245.795761,2463600,0,1,566.855860
2019-11-21,277.7200,245.371765,1382100,0,1,565.877820
2019-11-22,278.8600,246.378876,1419300,0,1,568.200666
2019-11-25,280.8000,248.093094,1811100,0,1,572.153579
2019-11-26,281.3600,248.587646,1300300,0,1,573.294626
2019-11-27,281.9100,249.073654,1786300,0,1,574.415297
2019-11-29,280.9500,248.225494,811900,0,1,572.459216
2019-12-02,278.2000,245.795761,2544300,0,1,566.855860
2019-12-03,275.5100,243.419098,3834300,0,1,561.374760
2019-12-04,277.0500,244.779785,1928500,0,1,564.512639
2019-12-05,277.3600,245.053741,1453000,0,1,565.144290
2019-12-06,280.7000,248.004623,2686400,0,1,571.949820
2019-12-09,279.7600,247.174194,1206100,0,1,570.034491
2019-12-10,279.4600,246.909103,1406900,0,1,569.423216
2019-12-11,279.7200,247.138794,1921700,0,1,569.952988
2019-12-12,281.9500,249.109024,3768600,0,1,574.496800
2019-12-13,282.1100,249.250381,3065500,0,1,574.822814
2019-12-16,283.0700,250.098648,2117200,0,1,576.778894
2019-12-17,283.4000,250.390076,1697900,0,1,577.451297
2019-12-18,283.2100,250.222366,1592600,0,1,577.064156
2019-12-19,284.4600,251.326553,1815100,0,1,579.611136
2019-12-20,284.4600,252.094025,3637000,0.866,1,581.375684
2019-12-23,285.3300,252.865112,2564700,0,1,583.153779
2019-12-24,285.0100,252.581451,611600,0,1,582.499767
2019-12-26,286.0600,253.512115,931600,0,1,584.645743
2019-12-27,286.3300,253.751328,1930200,0,1,585.197566
2019-12-30,284.5300,252.156235,2552900,0,1,581.518749
2019-12-31,285.1000,252.661453,1341300,0,1,582.683708
2020-01-02,288.6200,255.780914,3865500,0,1,589.877838
2020-01-03,286.3200,253.742584,3296700,0,1,585.177128
2020-01-06,286.9800,254.327408,1645100,0,1,586.526027
2020-01-07,285.7400,253.228485,1413000,0,1,583.991731
2020-01-08,287.4000,254.699585,3136700,0,1,587.384418
2020-01-09,289.5600,256.613770,1783100,0,1,591.798998
2020-01-10,288.2400,255.444016,2989600,0,1,589.101199
2020-01-13,289.0200,256.135223,1463300,0,1,590.695353
2020-01-14,289.2200,256.312531,2198500,0,1,591.104111
2020-01-15,290.3500,257.314026,2195100,0,1,593.413590
2020-01-16,292.9300,259.600403,2522000,0,1,598.686561
2020-01-17,293.2700,260.024231,2147400,0.138,1,599.663491
2020-01-21,291.8300,258.747345,4476900,0,1,596.719053
2020-01-22,291.8100,258.729797,2077000,0,1,596.678158
2020-01-23,291.5400,258.490387,1872600,0,1,596.126075
2020-01-24,289.8000,256.947754,3612500,0,1,592.568212
2020-01-27,285.3600,253.010880,4129100,0,1,583.489528
2020-01-28,287.2900,254.722107,2999200,0,1,587.435893
2020-01-29,287.2900,254.722107,2126300,0,1,587.435893
2020-01-30,288.5400,255.830383,3433200,0,1,589.991829
2020-01-31,282.4200,250.404144,4885700,0,1,577.477966
2020-02-03,283.9800,251.787247,3157400,0,1,580.667774
2020-02-04,288.0400,255.387207,3004100,0,1,588.969455
2020-02-05,292.8600,259.660706,3305900,0,1,598.825144
2020-02-06,293.7400,260.441040,2857200,0,1,600.624523
2020-02-07,291.1900,258.180023,3839300,0,1,595.410413
2020-02-10,292.9500,259.740662,2877700,0,1,599.009171
2020-02-11,292.9400,259.731659,1994500,0,1,598.988724
2020-02-12,295.7200,262.196503,2804400,0,1,604.673126
2020-02-13,294.8200,261.398499,2638000,0,1,602.832852
2020-02-14,294.5400,261.150391,1861700,0,1,602.260322
2020-02-18,292.9500,259.740662,2397800,0,1,599.009171
2020-02-19,294.1000,260.760101,1474400,0,1,601.360632
2020-02-20,292.7800,259.589874,3493900,0,1,598.661564
2020-02-21,289.7400,257.601929,3271800,0.804,1,594.089506
2020-02-24,279.5600,248.550964,6595200,0,1,573.216201
2020-02-25,270.7000,240.673737,9903700,0,1,555.049455
2020-02-26,269.7400,239.820282,7477600,0,1,553.081049
2020-02-27,257.5000,228.937943,11188900,0,1,527.983874
2020-02-28,254.5600,226.324081,17541400,0,1,521.955631
2020-03-02,267.0300,237.410782,8544500,0,1,547.524404
2020-03-03,259.3000,230.538269,11482600,0,1,531.674635
2020-03-04,270.8900,240.842621,5408100,0,1,555.439036
2020-03-05,261.4600,232.458633,5872900,0,1,536.103549
2020-03-06,258.8500,230.138153,7372400,0,1,530.751945
2020-03-09,238.7200,212.240967,10406900,0,1,489.476934
2020-03-10,250.4700,222.687668,9407100,0,1,513.569402
2020-03-11,235.8400,209.680496,7687200,0,1,483.571716
2020-03-12,212.1100,188.582581,17322600,0,1,434.915183
2020-03-13,232.1100,206.364182,13676000,0,1,475.923639
2020-03-16,202.4900,180.029633,12407000,0,1,415.190115
2020-03-17,213.4700,189.791809,16128100,0,1,437.703758
2020-03-18,199.3900,177.273529,13369800,0,1,408.833805
2020-03-19,201.3100,178.980530,13532100,0,1,412.770616
2020-03-20,191.9000,171.125992,12206000,0.602,1,394.710492
2020-03-23,186.1300,165.980713,15712300,0,1,382.842438
2020-03-24,206.6400,184.270325,14123600,0,1,425.028536
2020-03-25,212.0600,189.103622,17556100,0,1,436.176691
2020-03-26,225.0700,200.705338,16071900,0,1,462.936376
2020-03-27,216.3500,192.929199,10545600,0,1,445.000599
2020-03-30,223.1000,198.948486,7691800,0,1,458.884371
2020-03-31,219.2300,195.497452,8426600,0,1,450.924342
2020-04-01,209.3800,186.713837,8570300,0,1,430.664319
2020-04-02,213.9600,190.797974,8231900,0,1,440.084716
2020-04-03,210.6000,187.801697,6664500,0,1,433.173682
2020-04-06,226.5300,202.007202,10322500,0,1,465.939384
2020-04-07,226.6000,202.069702,10857700,0,1,466.083364
2020-04-08,234.3300,208.962830,7010200,0,1,481.982854
2020-04-09,237.1400,211.468597,9393200,0,1,487.762617
2020-04-13,233.9600,208.632889,6761900,0,1,481.221817
2020-04-14,239.6800,213.733673,5391900,0,1,492.987029
2020-04-15,235.0800,209.631668,6828000,0,1,483.525495
2020-04-16,235.3400,209.863510,6126400,0,1,484.060277
2020-04-17,242.4300,216.305435,5924500,0.13,1,498.910771
2020-04-20,236.6400,211.139404,7357400,0,1,486.995194
2020-04-21,230.2200,205.411194,6571400,0,1,473.783103
2020-04-22,234.7700,209.470947,4318000,0,1,483.146812
2020-04-23,235.0700,209.738632,6364800,0,1,483.764200
2020-04-24,237.8300,212.201141,3568500,0,1,489.444164
2020-04-27,241.3200,215.315094,3632500,0,1,496.626438
2020-04-28,241.0900,215.109848,4709900,0,1,496.153107
2020-04-29,246.4500,219.892258,5015300,0,1,507.183763
2020-04-30,243.2200,217.010284,4928900,0,1,500.536558
2020-05-01,237.2800,211.710403,4723500,0,1,488.312287
2020-05-04,237.4200,211.835342,3845500,0,1,488.600401
2020-05-05,238.8000,213.066620,3143500,0,1,491.440383
2020-05-06,236.8600,211.335678,3082300,0,1,487.447945
2020-05-07,238.9100,213.164810,3411500,0,1,491.666759
2020-05-08,243.6200,217.367218,3894800,0,1,501.359741
2020-05-11,242.5600,216.421463,2743000,0,1,499.178306
2020-05-12,238.0800,212.424164,6433900,0,1,489.958654
2020-05-13,232.8200,207.731003,7531300,0,1,479.133794
2020-05-14,236.7500,211.237534,6964500,0,1,487.221569
2020-05-15,236.9100,211.793549,4811100,0.462,1,488.501619
2020-05-18,245.9300,219.857361,5207700,0,1,507.100600
2020-05-19,242.2200,216.540649,4404700,0,1,499.450687
2020-05-20,245.7300,219.678558,3280600,0,1,506.688206
2020-05-21,245.0200,219.043854,3378200,0,1,505.224207
2020-05-22,244.8800,218.918640,2521100,0,1,504.935531
2020-05-26,250.2500,223.719360,4872300,0,1,516.008316
2020-05-27,255.7700,228.654160,5326100,0,1,527.390398
2020-05-28,254.3500,227.384628,4957600,0,1,524.462399
2020-05-29,254.2900,227.331039,5082300,0,1,524.338680
2020-06-01,255.2700,228.207184,2060800,0,1,526.359412
2020-06-02,257.8500,230.513657,3045800,0,1,531.679298
2020-06-03,263.1700,235.269592,5184500,0,1,542.648986
2020-06-04,263.3300,235.412628,3937100,0,1,542.978901
2020-06-05,271.5400,242.752289,7866800,0,1,559.907685
2020-06-08,276.2800,246.989700,4667600,0,1,569.681429
2020-06-09,273.3800,244.397125,4632600,0,1,563.701712
2020-06-10,270.4600,241.786652,6531200,0,1,557.680756
2020-06-11,252.0300,225.310669,14257800,0,1,519.678625
2020-06-12,256.7400,229.521301,9817200,0,1,529.390510
2020-06-15,258.3500,230.960632,7421300,0,1,532.710284
2020-06-16,263.8200,235.850723,9238000,0,1,543.989267
2020-06-17,261.8200,234.062729,3669300,0,1,539.865324
2020-06-18,261.4500,233.731964,3268700,0,1,539.102395
2020-06-19,258.8000,232.031219,5852600,0.753,1,535.190835
2020-06-22,260.3200,233.393951,2823500,0,1,538.334151
2020-06-23,261.5000,234.451843,2948000,0,1,540.774356
2020-06-24,254.6300,228.292450,5903500,0,1,526.567397
2020-06-25,257.4400,230.811829,4312300,0,1,532.378395
2020-06-26,250.3800,224.482117,5331400,0,1,517.778521
2020-06-29,255.9100,229.440140,3759000,0,1,529.214400
2020-06-30,257.8700,231.197327,3667900,0,1,533.267623
2020-07-01,257.3100,230.695297,3575300,0,1,532.109559
2020-07-02,258.4200,231.690460,3830000,0,1,534.405006
2020-07-06,263.0000,235.796738,2989100,0,1,543.876313
2020-07-07,259.0400,232.246384,2828700,0,1,535.687148
2020-07-08,260.7200,233.752609,2837800,0,1,539.161339
2020-07-09,257.2400,230.632507,3995600,0,1,531.964801
2020-07-10,260.8200,233.842209,3110100,0,1,539.368136
2020-07-13,261.0400,234.039444,4876000,0,1,539.823090
2020-07-14,266.5900,239.015411,7614300,0,1,551.300328
2020-07-15,268.9100,241.095444,5220600,0,1,556.098020
2020-07-16,267.4700,239.804276,2478100,0,1,553.120142
2020-07-17,266.7400,239.338654,3415100,0.211,1,552.046865
2020-07-20,266.8200,239.410507,4017400,0,1,552.212434
2020-07-21,268.3400,240.774353,3173200,0,1,555.358236
2020-07-22,269.9800,242.245911,2039300,0,1,558.752391
2020-07-23,266.6900,239.293869,2838000,0,1,551.943385
2020-07-24,264.6900,237.499329,2637700,0,1,547.804172
2020-07-27,265.9500,238.629913,2637900,0,1,550.411876
2020-07-28,263.9300,236.817291,1989300,0,1,546.231271
2020-07-29,265.5000,238.226166,1917900,0,1,549.480553
2020-07-30,263.2800,236.234085,3055600,0,1,544.886026
2020-07-31,264.3500,237.194244,3306800,0,1,547.100505
2020-08-03,266.7200,239.320724,2569300,0,1,552.005473
2020-08-04,268.4100,240.837112,1909800,0,1,555.503108
2020-08-05,272.0000,244.058426,2122900,0,1,562.932996
2020-08-06,273.9000,245.763306,1948100,0,1,566.865248
2020-08-07,274.6200,246.409241,2311300,0,1,568.355365
2020-08-10,278.1400,249.567566,2313900,0,1,575.640380
2020-08-11,277.1900,248.715256,4546400,0,1,573.674254
2020-08-12,280.0400,251.272385,2641600,0,1,579.572633
2020-08-13,279.4200,250.716293,1668300,0,1,578.289477
2020-08-14,279.8000,251.057053,2247000,0,1,579.075927
2020-08-17,278.9500,250.294403,2436900,0,1,577.316762
2020-08-18,278.2000,249.621292,1678300,0,1,575.764557
2020-08-19,277.4300,248.930603,3374300,0,1,574.170960
2020-08-20,277.8700,249.325363,2063700,0,1,575.081587
2020-08-21,279.2900,251.145538,2601200,0.604,1,579.270470
2020-08-24,283.1800,254.643448,2622800,0,1,587.338651
2020-08-25,282.6200,254.139786,3346000,0,1,586.177165
2020-08-26,283.4300,254.868103,2647500,0,1,587.857171
2020-08-27,285.0400,256.316040,3432800,0,1,591.196444
2020-08-28,286.7000,257.808594,2715500,0,1,594.639421
2020-08-31,284.2800,255.632614,4070100,0,1,589.620141
2020-09-01,286.7900,257.889557,3023600,0,1,594.826088
2020-09-02,291.2100,261.864166,3464300,0,1,603.993532
2020-09-03,283.3400,254.787384,6118500,0,1,587.670504
2020-09-04,281.7700,253.375381,7145800,0,1,584.414195
2020-09-08,275.4200,247.665268,4780100,0,1,571.243772
2020-09-09,279.8500,251.648972,3488900,0,1,580.431956
2020-09-10,275.7900,247.998138,3455800,0,1,572.011182
2020-09-11,277.0900,249.167084,2787500,0,1,574.707489
2020-09-14,280.5300,252.260422,2371700,0,1,581.842333
2020-09-15,280.5800,252.305389,2331800,0,1,581.946037
2020-09-16,281.0300,252.709961,2651800,0,1,582.879374
2020-09-17,279.5700,251.397141,3305300,0,1,579.851213
2020-09-18,276.5200,249.249252,3156700,0.667,1,574.908675
2020-09-21,271.4400,244.670227,5936900,0,1,564.346922
2020-09-22,272.8100,245.905106,3169800,0,1,567.195269
2020-09-23,267.5800,241.190887,3575900,0,1,556.321652
2020-09-24,268.1000,241.659622,4432100,0,1,557.402777
2020-09-25,271.7000,244.904510,3606800,0,1,564.887484
2020-09-28,275.9000,248.690231,2790200,0,1,573.619642
2020-09-29,274.4200,247.356323,1971100,0,1,570.542596
2020-09-30,277.5000,250.132446,4028500,0,1,576.946179
2020-10-01,278.1400,250.709381,2968000,0,1,578.276793
2020-10-02,276.8000,249.501526,4771600,0,1,575.490819
2020-10-05,281.5100,253.747177,1862500,0,1,585.283311
2020-10-06,277.7200,250.330780,4364400,0,1,577.403577
2020-10-07,282.9200,255.018082,2422600,0,1,588.214821
2020-10-08,284.2900,256.252899,2148000,0,1,591.063168
2020-10-09,285.9300,257.731140,2549100,0,1,594.472868
2020-10-12,288.4600,260.011658,2534800,0,1,599.732954
2020-10-13,286.7400,258.461243,2430600,0,1,596.156927
2020-10-14,285.1300,257.010040,2264000,0,1,592.809600
2020-10-15,285.0400,256.929047,3128000,0,1,592.622482
2020-10-16,285.9700,257.873077,2409300,0.117,1,594.799284
2020-10-19,282.0300,254.320160,2837600,0,1,586.604337
2020-10-20,282.9500,255.149811,3339000,0,1,588.517878
2020-10-21,281.9700,254.266144,2907100,0,1,586.479541
2020-10-22,283.6500,255.781097,2324200,0,1,589.973833
2020-10-23,283.3400,255.501633,2161000,0,1,589.329053
2020-10-26,277.0000,249.784286,5140600,0,1,576.142259
2020-10-27,274.6600,247.674316,3029800,0,1,571.275209
2020-10-28,265.4800,239.396194,5815200,0,1,552.181397
2020-10-29,266.5900,240.397186,5479400,0,1,554.490126
2020-10-30,265.0600,239.017456,5271200,0,1,551.307824
2020-11-02,269.2000,242.750809,5062900,0,1,559.918759
2020-11-03,274.6500,247.665222,4343000,0,1,571.254409
2020-11-04,278.5100,251.146088,6766400,0,1,579.282962
2020-11-05,283.9100,256.015564,4316200,0,1,590.514616
2020-11-06,283.2200,255.393173,3078200,0,1,589.079461
2020-11-09,291.7200,263.058197,10839300,0,1,606.758916
2020-11-10,294.5100,265.573944,4354500,0,1,612.561937
2020-11-11,294.1100,265.213470,2910400,0,1,611.729963
2020-11-12,291.0500,262.454041,4361900,0,1,605.365359
2020-11-13,295.1500,266.151062,3090400,0,1,613.893096
2020-11-16,299.9800,270.506592,4615000,0,1,623.939187
2020-11-17,298.3100,269.000641,4049200,0,1,620.465694
2020-11-18,294.7600,265.799408,3566400,0,1,613.081921
2020-11-19,295.3300,266.313568,3266600,0,1,614.267485
2020-11-20,292.5300,264.372192,3090200,0.652,1,609.799783
2020-11-23,295.8900,267.408752,2855600,0,1,616.803944
2020-11-24,300.4300,271.511749,4022700,0,1,626.267900
2020-11-25,298.7400,269.984283,2629200,0,1,622.744973
2020-11-27,299.2400,270.436310,1518000,0,1,623.787259
2020-11-30,296.6200,268.068481,4159300,0,1,618.325681
2020-12-01,298.4400,269.713287,2841100,0,1,622.119602
2020-12-02,299.1800,270.382019,2481700,0,1,623.662185
2020-12-03,300.0600,271.177399,3140900,0,1,625.496608
2020-12-04,302.5900,273.463867,2747300,0,1,630.770575
2020-12-07,301.1000,272.117310,2589900,0,1,627.664563
2020-12-08,302.2000,273.111389,2205400,0,1,629.957592
2020-12-09,300.8800,271.918488,3074500,0,1,627.205957
2020-12-10,300.5400,271.611206,2413000,0,1,626.497202
2020-12-11,300.9300,271.963593,2454300,0,1,627.310185
2020-12-14,299.1000,270.309753,3646100,0,1,623.495419
2020-12-15,302.6200,273.491028,4211500,0,1,630.833112
2020-12-16,302.1500,273.066223,1977300,0,1,629.853363
2020-12-17,303.4900,274.277222,3002900,0,1,632.646689
2020-12-18,301.9000,273.369751,4442100,0.588,1,630.557948
2020-12-21,302.1400,273.587189,6340800,0,1,631.059220
2020-12-22,300.0700,271.712799,2698200,0,1,626.735752
2020-12-23,301.2800,272.808472,2714400,0,1,629.262997
2020-12-24,302.0200,273.478638,1955700,0,1,630.808584
2020-12-28,304.0000,275.271515,2382400,0,1,634.944075
2020-12-29,303.4600,274.782501,2319600,0,1,633.816214
2020-12-30,304.1300,275.389130,2081300,0,1,635.215597
2020-12-31,305.7900,276.892334,2797000,0,1,638.682726
2021-01-04,302.3200,273.750183,5106600,0,1,631.435174
2021-01-05,303.8400,275.126556,3355200,0,1,634.609894
2021-01-06,308.2100,279.083618,7290300,0,1,643.737215
2021-01-07,310.5000,281.157166,4107900,0,1,648.520182
2021-01-08,311.0400,281.646118,3234900,0,1,649.648043
2021-01-11,310.1700,280.858429,2811400,0,1,647.830934
2021-01-12,310.7400,281.374451,2290900,0,1,649.021454
2021-01-13,310.6300,281.274963,1854400,0,1,648.791704
2021-01-14,310.0500,280.749725,3232400,0,1,647.580298
2021-01-15,308.1200,279.117371,4009100,0.128,1,643.816583
2021-01-19,309.3200,280.204285,2781700,0,1,646.323983
2021-01-20,311.7700,282.423706,2398400,0,1,651.443256
2021-01-21,311.8700,282.514374,1930000,0,1,651.652206
2021-01-22,309.9700,280.793274,2049700,0,1,647.682157
2021-01-25,309.6500,280.503418,4546400,0,1,647.013517
2021-01-26,309.3900,280.267792,2256100,0,1,646.470247
2021-01-27,303.2600,274.714813,5743100,0,1,633.661616
2021-01-28,306.0700,277.260376,6392100,0,1,639.533109
2021-01-29,299.8100,271.589447,5929900,0,1,626.452842
2021-02-01,302.0200,273.591492,3138600,0,1,631.070636
2021-02-02,306.8200,277.939697,3090500,0,1,641.100234
2021-02-03,307.2600,278.338318,2087800,0,1,642.019614
2021-02-04,310.6700,281.427246,2638800,0,1,649.144807
2021-02-05,311.5400,282.215454,1955600,0,1,650.962671
2021-02-08,313.8900,284.344391,1690000,0,1,655.872995
2021-02-09,313.9200,284.371368,1798700,0,1,655.935680
2021-02-10,314.5000,284.896790,3048000,0,1,657.147590
2021-02-11,314.6800,285.059753,1937100,0,1,657.523700
2021-02-12,315.0400,285.385864,2479500,0,1,658.275920
2021-02-16,315.5800,285.875183,1836300,0,1,659.404249
2021-02-17,316.6000,286.799286,2007400,0,1,661.535539
2021-02-18,315.5600,285.856964,2609600,0,1,659.362459
2021-02-19,314.9200,285.821686,2314900,0.601,1,659.280969
2021-02-22,315.2100,286.084747,2978000,0,1,659.888080
2021-02-23,315.3900,286.248260,5723400,0,1,660.264908
2021-02-24,319.5300,290.005707,4290300,0,1,668.931945
2021-02-25,313.9800,284.968414,7648600,0,1,657.313091
2021-02-26,309.4500,280.857147,7925600,0,1,647.829594
2021-03-01,315.5900,286.429688,4749700,0,1,660.683605
2021-03-02,314.1900,285.159088,4075700,0,1,657.752723
2021-03-03,312.9900,284.069885,5148100,0,1,655.240539
2021-03-04,309.5800,280.975189,8577600,0,1,648.101748
2021-03-05,315.2400,286.111969,7016100,0,1,659.950885
2021-03-08,318.2500,288.843903,8230700,0,1,666.252281
2021-03-09,318.6100,289.170654,5829900,0,1,667.005936
2021-03-10,323.3300,293.454590,6472200,0,1,676.887196
2021-03-11,325.3300,295.269806,5745900,0,1,681.074170
2021-03-12,328.3100,297.974457,4257200,0,1,687.312762
2021-03-15,330.0900,299.589935,4456000,0,1,691.039169
2021-03-16,328.8600,298.473663,3270600,0,1,688.464180
2021-03-17,330.7700,300.207062,4338200,0,1,692.462740
2021-03-18,329.3600,298.927277,5376500,0,1,689.510923
2021-03-19,326.0100,296.490997,5628800,0.671,1,683.902471
2021-03-22,327.2400,297.609619,3807600,0,1,686.482760
2021-03-23,324.0600,294.717499,5068400,0,1,679.811769
2021-03-24,324.0800,294.735657,6099000,0,1,679.853725
2021-03-25,326.1900,296.654694,5557900,0,1,684.280074
2021-03-26,330.6100,300.674530,4956600,0,1,693.552333
2021-03-29,331.6600,301.629425,5200900,0,1,695.755018
2021-03-30,330.8200,300.865570,4568800,0,1,693.992870
2021-03-31,330.1800,300.283447,3763700,0,1,692.650280
2021-04-01,331.4500,301.438446,5936100,0,1,695.314481
2021-04-05,335.2000,304.848907,5632700,0,1,703.181216
2021-04-06,334.3700,304.093964,2987500,0,1,701.440046
2021-04-07,334.3700,304.093964,2658500,0,1,701.440046
2021-04-08,335.1300,304.785187,2665000,0,1,703.034371
2021-04-09,337.8600,307.267944,3034700,0,1,708.761354
2021-04-12,337.5500,306.985992,2951500,0,1,708.111037
2021-04-13,336.7900,306.294891,3391700,0,1,706.516712
2021-04-14,337.5300,306.967957,3966800,0,1,708.069081
2021-04-15,340.4400,309.614349,3881800,0,1,714.173667
2021-04-16,341.8600,311.008118,3748900,0.112,1,717.387491
2021-04-19,340.7500,309.998291,3222800,0,1,715.058174
2021-04-20,338.1200,307.605652,3762900,0,1,709.539163
2021-04-21,341.3000,310.498596,4191200,0,1,716.212340
2021-04-22,338.1200,307.605652,4962500,0,1,709.539163
2021-04-23,340.4300,309.707001,3613900,0,1,714.386660
2021-04-26,339.8700,309.197693,2090900,0,1,713.211509
2021-04-27,339.8300,309.161407,2732700,0,1,713.127570
2021-04-28,338.3700,307.833038,3025100,0,1,710.063784
2021-04-29,340.5700,309.834381,3688400,0,1,714.680447
2021-04-30,338.9400,308.351654,2909600,0,1,711.259920
2021-05-03,341.1100,310.325806,2698400,0,1,715.813628
2021-05-04,341.4900,310.671509,4478300,0,1,716.611052
2021-05-05,342.2800,311.390167,3506100,0,1,718.268854
2021-05-06,345.5100,314.328674,4276700,0,1,725.046955
2021-05-07,347.8800,316.484711,3526500,0,1,730.020360
2021-05-10,347.7400,316.357422,6092500,0,1,729.726572
2021-05-11,342.9100,311.963287,8396400,0,1,719.590898
2021-05-12,336.0000,305.676849,7034100,0,1,705.090379
2021-05-13,340.4500,309.725372,5741300,0,1,714.428629
2021-05-14,344.2600,313.191620,4677300,0,1,722.423851
2021-05-17,343.6500,312.636475,3262200,0,1,721.143776
2021-05-18,341.1100,310.325806,3462300,0,1,715.813628
2021-05-19,339.4400,308.806488,7223900,0,1,712.309161
2021-05-20,341.5200,310.698853,4532800,0,1,716.674006
2021-05-21,342.0400,311.813721,4481000,0.703,1,719.240451
2021-05-24,343.9600,313.564087,2531800,0,1,723.277820
2021-05-25,343.1800,312.852875,2623200,0,1,721.637639
2021-05-26,343.2700,312.934906,2064500,0,1,721.826891
2021-05-27,344.6000,314.147491,3026200,0,1,724.623610
2021-05-28,345.6400,315.095581,2641400,0,1,726.810518
2021-06-01,345.8700,315.305176,2584300,0,1,727.294161
2021-06-02,346.3600,315.752045,2576700,0,1,728.324531
2021-06-03,346.0200,315.441956,4436400,0,1,727.609581
2021-06-04,347.9000,317.155975,2594200,0,1,731.562838
2021-06-07,346.5900,315.961670,2224300,0,1,728.808175
2021-06-08,346.3400,315.733704,2748700,0,1,728.282476
2021-06-09,344.7900,314.320587,2591200,0,1,725.023141
2021-06-10,344.9800,314.493927,3089400,0,1,725.422673
2021-06-11,345.1200,314.621521,3003000,0,1,725.717064
2021-06-14,344.3000,313.873932,2527000,0,1,723.992771
2021-06-15,343.4100,313.062653,2138500,0,1,722.121282
2021-06-16,340.7600,310.646942,4032000,0,1,716.548872
2021-06-17,338.6500,308.723236,5169100,0,1,712.111972
2021-06-18,332.9600,303.978485,7126600,0.493,1,701.183739
2021-06-21,338.7800,309.292114,5435700,0,1,713.440135
2021-06-22,339.4500,309.903839,4042100,0,1,714.851094
2021-06-23,338.7800,309.292114,3082700,0,1,713.440135
2021-06-24,341.9800,312.213593,3704700,0,1,720.179046
2021-06-25,344.4500,314.468628,3638000,0,1,725.380643
2021-06-28,342.8000,312.962036,3606300,0,1,721.905892
2021-06-29,342.8600,313.016907,2375800,0,1,722.032247
2021-06-30,344.9500,314.925140,3778900,0,1,726.433598
2021-07-01,346.3600,316.212341,3606900,0,1,729.402931
2021-07-02,347.9400,317.654785,3013500,0,1,732.730269
2021-07-06,345.8200,315.719238,3910600,0,1,728.265740
2021-07-07,346.9200,316.723511,3347000,0,1,730.582241
2021-07-08,344.3800,314.404633,6379900,0,1,725.233230
2021-07-09,348.7300,318.376038,5063100,0,1,734.393938
2021-07-12,350.0300,319.562805,3999800,0,1,737.131620
2021-07-13,349.0000,318.622498,3310200,0,1,734.962533
2021-07-14,349.4100,318.996796,3933300,0,1,735.825956
2021-07-15,349.9400,319.480621,5082600,0,1,736.942089
2021-07-16,346.7400,316.746521,5710400,0.207,1,730.639100
2021-07-19,339.8800,310.479919,9715300,0,1,716.183934
2021-07-20,345.0800,315.230072,5802200,0,1,727.141203
2021-07-21,347.9900,317.888550,3056800,0,1,733.273059
2021-07-22,348.2600,318.135101,2429300,0,1,733.841994
2021-07-23,350.5700,320.245331,4142300,0,1,738.709550
2021-07-26,351.4100,321.012634,2466600,0,1,740.479570
2021-07-27,350.6200,320.291077,3902600,0,1,738.814908
2021-07-28,349.3600,319.139954,3697700,0,1,736.159878
2021-07-29,350.8200,320.473633,2425700,0,1,739.236342
2021-07-30,349.4800,319.249573,3576700,0,1,736.412738
2021-08-02,348.3500,318.217346,2827100,0,1,734.031639
2021-08-03,351.0900,320.720337,3819300,0,1,739.805277
2021-08-04,347.9900,317.888550,3118500,0,1,733.273059
2021-08-05,350.6100,320.281738,2261400,0,1,738.793837
2021-08-06,352.0900,321.633789,2123700,0,1,741.912444
2021-08-09,351.1500,320.775177,2322500,0,1,739.931707
2021-08-10,352.7300,322.218445,2841000,0,1,743.261031
2021-08-11,354.9400,324.237152,3422500,0,1,747.917870
2021-08-12,355.2300,324.502228,3118600,0,1,748.528949
2021-08-13,355.3900,324.648285,2414900,0,1,748.866095
2021-08-16,356.5700,325.726318,3634600,0,1,751.352552
2021-08-17,353.8300,323.223053,5019600,0,1,745.578915
2021-08-18,350.1200,319.834259,4038000,0,1,737.761325
2021-08-19,349.4800,319.249573,5442200,0,1,736.412738
2021-08-20,351.1600,321.346039,3394800,0.611,1,741.240258
2021-08-23,353.4500,323.441711,3569200,0,1,746.074066
2021-08-24,353.7400,323.707031,1981400,0,1,746.686208
2021-08-25,354.1800,324.109680,2434700,0,1,747.614975
2021-08-26,352.1600,322.261108,3008900,0,1,743.351091
2021-08-27,354.5700,324.466492,3163700,0,1,748.438200
2021-08-30,354.0800,324.018097,2482000,0,1,747.403891
2021-08-31,353.9200,323.871857,2913800,0,1,747.066158
2021-09-01,353.5500,323.533264,2739200,0,1,746.285150
2021-09-02,354.8700,324.740967,2390000,0,1,749.071450
2021-09-03,354.1400,324.073029,2465400,0,1,747.530541
2021-09-07,351.4400,321.602386,3168500,0,1,741.831291
2021-09-08,350.7300,320.952576,3075700,0,1,740.332599
2021-09-09,349.3100,319.652985,3484700,0,1,737.335216
2021-09-10,346.7000,317.264771,4539000,0,1,731.825941
2021-09-13,349.3000,319.643890,5439700,0,1,737.314108
2021-09-14,346.4700,317.054291,3902200,0,1,731.340449
2021-09-15,348.8200,319.204803,3267300,0,1,736.300908
2021-09-16,348.1800,318.619049,3646000,0,1,734.949974
2021-09-17,345.6400,316.964752,5380900,0.736,1,731.142031
2021-09-20,339.4000,311.242462,10010600,0,1,717.942383
2021-09-21,339.1100,310.976318,6071100,0,1,717.328938
2021-09-22,342.5000,314.085144,6862700,0,1,724.499900
2021-09-23,347.5600,318.725555,5592200,0,1,735.203461
2021-09-24,347.8700,319.009705,3121600,0,1,735.859213
2021-09-27,348.6100,319.688385,3426000,0,1,737.424555
2021-09-28,342.9200,314.470306,7493800,0,1,725.388338
2021-09-29,343.7700,315.249725,4116600,0,1,727.186367
2021-09-30,338.2900,310.224426,7926000,0,1,715.594369
2021-10-01,343.1800,314.708832,6219800,0,1,725.938323
2021-10-04,340.0100,311.801819,7037700,0,1,719.232733
2021-10-05,343.1300,314.662903,3826100,0,1,725.832557
2021-10-06,344.1200,315.570831,6276300,0,1,727.926732
2021-10-07,347.6300,318.789734,5310400,0,1,735.351534
2021-10-08,347.5300,318.697937,3658300,0,1,735.140001
2021-10-11,344.9800,316.359619,4098400,0,1,729.745914
2021-10-12,343.7800,315.259125,5100300,0,1,727.207520
2021-10-13,343.8900,315.359955,4189100,0,1,727.440206
2021-10-14,349.1300,320.165283,4473900,0,1,738.524526
2021-10-15,352.8500,323.685059,4206800,0.117,1,746.641040
2021-10-18,352.5000,323.364075,3310600,0,1,745.900430
2021-10-19,354.4600,325.161957,2380900,0,1,750.047848
2021-10-20,356.0300,326.602203,2873800,0,1,753.370014
2021-10-21,355.9600,326.537933,2243800,0,1,753.221892
2021-10-22,356.7400,327.253540,3872300,0,1,754.872395
2021-10-25,357.5500,327.996582,2518200,0,1,756.586379
2021-10-26,357.5000,327.950806,3182200,0,1,756.480578
2021-10-27,354.9800,325.638885,3542100,0,1,751.148183
2021-10-28,357.3000,327.767242,2490500,0,1,756.057372
2021-10-29,358.2300,328.620361,2979600,0,1,758.025279
2021-11-01,359.1300,329.445892,2548400,0,1,759.929706
2021-11-02,360.5700,330.767059,2629000,0,1,762.976789
2021-11-03,361.5600,331.675201,3557400,0,1,765.071658
2021-11-04,361.3500,331.482513,3870900,0,1,764.627292
2021-11-05,363.3000,333.271240,4489000,0,1,768.753549
2021-11-08,364.3200,334.206879,3056000,0,1,770.911900
2021-11-09,363.2800,333.252899,3680600,0,1,768.711229
2021-11-10,361.0700,331.225555,3529000,0,1,764.034804
2021-11-11,359.4600,329.748718,2461200,0,1,760.627996
2021-11-12,361.2800,331.418274,3099800,0,1,764.479170
2021-11-15,361.2400,331.381561,2555000,0,1,764.394529
2021-11-16,361.9300,332.014557,2728600,0,1,765.854589
2021-11-17,359.8500,330.106537,2976000,0,1,761.453247
2021-11-18,359.3500,329.647705,3438100,0,1,760.395233
2021-11-19,355.9100,327.130341,3542200,0.701,1,754.599428
2021-11-22,356.2000,327.396820,4929200,0,1,755.214285
2021-11-23,358.0200,329.069672,5789300,0,1,759.073044
2021-11-24,358.0300,329.078766,4246700,0,1,759.094246
2021-11-26,349.0200,320.797424,9075000,0,1,739.991268
2021-11-29,351.1900,322.791870,5243000,0,1,744.592096
2021-11-30,344.9000,317.010498,9543500,0,1,731.256055
2021-12-01,340.4600,312.929626,8415000,0,1,721.842379
2021-12-02,346.6100,318.582123,8326400,0,1,734.881593
2021-12-03,346.2400,318.242218,11365300,0,1,734.097120
2021-12-06,352.8200,324.290100,7026500,0,1,748.048018
2021-12-07,357.7400,328.812195,5271500,0,1,758.479389
2021-12-08,357.9900,329.042053,3355600,0,1,759.009438
2021-12-09,358.1100,329.152344,3774500,0,1,759.263862
2021-12-10,360.2300,331.100952,3855200,0,1,763.758680
2021-12-13,357.0400,328.168854,4563000,0,1,756.995251
2021-12-14,356.1700,327.369202,4079700,0,1,755.150679
2021-12-15,359.8100,330.714905,9274900,0,1,762.868197
2021-12-16,359.4400,330.374908,9493700,0,1,762.083724
2021-12-17,353.6300,325.634277,10638300,0.662,1,751.168948
2021-12-20,349.2700,321.619598,7303400,0,1,741.907583
2021-12-21,354.9100,326.813080,4693300,0,1,753.887881
2021-12-22,357.3900,329.096710,2999500,0,1,759.155814
2021-12-23,359.3600,330.910797,2655000,0,1,763.340422
2021-12-27,362.9200,334.188873,2594300,0,1,770.902454
2021-12-28,363.9900,335.174072,3048500,0,1,773.175312
2021-12-29,364.8400,335.956940,3012200,0,1,774.980853
2021-12-30,364.0700,335.247803,2863200,0,1,773.345245
2021-12-31,363.3200,334.557312,3133800,0,1,771.752120
2022-01-03,365.6800,336.730560,5624100,0,1,776.765153
2022-01-04,367.8700,338.747070,5462200,0,1,781.417077
2022-01-05,364.0900,335.266266,7638000,0,1,773.387728
2022-01-06,362.3900,333.700806,7019800,0,1,769.776646
2022-01-07,362.3100,333.627228,5806300,0,1,769.606712
2022-01-10,360.7900,332.227509,8091800,0,1,766.377979
2022-01-11,362.5400,333.838989,7310900,0,1,770.095271
2022-01-12,362.9500,334.216644,4493200,0,1,770.966179
2022-01-13,361.2000,332.605194,6418100,0,1,767.248888
2022-01-14,359.1400,330.708130,8575400,0,1,762.873105
2022-01-18,353.8500,325.836945,8166100,0,1,751.636265
2022-01-19,350.3500,322.613983,7386500,0,1,744.201683
2022-01-20,347.3300,319.833099,8968700,0,1,737.786700
2022-01-21,342.3500,315.481659,16301600,0.258,1,727.756387
2022-01-24,343.8100,316.827179,29707000,0,1,730.860007
2022-01-25,342.9600,316.043854,18657900,0,1,729.053105
2022-01-26,341.4600,314.661499,19047300,0,1,725.864454
2022-01-27,341.5500,314.744476,12854100,0,1,726.055773
2022-01-28,347.1100,319.868073,12008900,0,1,737.875038
2022-01-31,351.0800,323.526642,8379100,0,1,746.314334
2022-02-01,353.9400,326.162140,7636000,0,1,752.394028
2022-02-02,356.0300,328.088104,8856400,0,1,756.836881
2022-02-03,350.9800,323.434357,9339900,0,1,746.101757
2022-02-04,350.8700,323.333099,8532300,0,1,745.867923
2022-02-07,350.9000,323.360596,4746200,0,1,745.931696
2022-02-08,354.5400,326.715118,4568400,0,1,753.669488
2022-02-09,357.6700,329.599274,4781700,0,1,760.323140
2022-02-10,352.5500,324.881195,10298500,0,1,749.439212
2022-02-11,347.2900,320.033997,8211500,0,1,738.257677
2022-02-14,345.8900,318.743958,7315100,0,1,735.281602
2022-02-15,350.2200,322.734039,4932200,0,1,744.486174
2022-02-16,349.6700,322.227264,4496500,0,1,743.317002
2022-02-17,343.6800,316.707367,4433500,0,1,730.583657
2022-02-18,340.9800,314.694489,6193700,0.519,1,725.947359
2022-02-22,336.0100,310.107483,7942700,0,1,715.366215
2022-02-23,331.5200,305.963715,5732600,0,1,705.806993
2022-02-24,332.3400,306.720459,14167100,0,1,707.552775
2022-02-25,340.5400,314.288391,9496300,0,1,725.010598
2022-02-28,339.3400,313.180939,8217300,0,1,722.455794
2022-03-01,333.1600,307.477295,8532900,0,1,709.298557
2022-03-02,339.0000,312.867126,6836200,0,1,721.731933
2022-03-03,338.1300,312.064178,7790700,0,1,719.879701
2022-03-04,336.4700,310.532135,6025000,0,1,716.345556
2022-03-07,328.4700,303.148865,6590800,0,1,699.313534
2022-03-08,326.5300,301.358429,8209800,0,1,695.183269
2022-03-09,333.4000,307.698761,4669200,0,1,709.809518
2022-03-10,332.1100,306.508301,3317400,0,1,707.063104
2022-03-11,330.0200,304.579315,6923400,0,1,702.613489
2022-03-14,330.0700,304.625458,5640600,0,1,702.719939
2022-03-15,336.1900,310.273621,6648500,0,1,715.749436
2022-03-16,341.3600,315.045227,9577100,0,1,726.756380
2022-03-17,345.4500,318.819794,6032900,0,1,735.464001
2022-03-18,347.1900,321.143402,5903900,0.772,1,740.812056
2022-03-21,345.4400,319.524597,4329900,0,1,737.078017
2022-03-22,348.1400,322.022095,4430800,0,1,742.839106
2022-03-23,343.4100,317.647125,4098700,0,1,732.746531
2022-03-24,347.0600,321.023224,3550000,0,1,740.534670
2022-03-25,348.5400,322.392212,3206200,0,1,743.692601
2022-03-28,349.4900,323.270966,2962400,0,1,745.719651
2022-03-29,352.9700,326.489716,4711800,0,1,753.145054
2022-03-30,352.1200,325.703583,3909800,0,1,751.331378
2022-03-31,346.8300,320.810394,3978900,0,1,740.043911
2022-04-01,348.0100,321.901917,3560200,0,1,742.561720
2022-04-04,349.2400,323.039673,3829900,0,1,745.186216
2022-04-05,346.3400,320.357117,4331700,0,1,738.998380
2022-04-06,344.7500,318.886414,5431300,0,1,735.605738
2022-04-07,345.9700,320.014923,4599900,0,1,738.208897
2022-04-08,347.3700,321.309845,4535900,0,1,741.196129
2022-04-11,343.2000,317.452789,5344400,0,1,732.298447
2022-04-12,342.2200,316.546265,4501400,0,1,730.207385
2022-04-13,345.7600,319.820679,3605000,0,1,737.760813
2022-04-14,344.2900,318.577118,4179600,0.126,1,734.893070
2022-04-18,344.1000,318.401215,3939000,0,1,734.487512
2022-04-19,349.1200,323.046265,4261200,0,1,745.202791
2022-04-20,351.5300,325.276459,5677000,0,1,750.346978
2022-04-21,347.7100,321.741699,5369600,0,1,742.193121
2022-04-22,338.2700,313.006653,6855100,0,1,722.043274
2022-04-25,340.5600,315.125671,6806600,0,1,726.931320
2022-04-26,332.4500,307.621368,7619800,0,1,709.620382
2022-04-27,333.0300,308.157928,6894400,0,1,710.858402
2022-04-28,339.2900,313.950623,5976600,0,1,724.220482
2022-04-29,329.6900,305.067413,6495600,0,1,703.729113
2022-05-02,330.7400,306.039062,9221700,0,1,705.970357
2022-05-03,331.2500,306.510895,6051000,0,1,707.058961
2022-05-04,340.5900,315.153473,10569700,0,1,726.995355
2022-05-05,330.2400,305.576416,9101200,0,1,704.903098
2022-05-06,329.0700,304.493805,10644200,0,1,702.405712
2022-05-09,322.6000,298.507080,7817200,0,1,688.595383
2022-05-10,321.8300,297.794434,7716500,0,1,686.951805
2022-05-11,318.4600,294.676147,9374700,0,1,679.758480
2022-05-12,317.6400,293.917389,6790800,0,1,678.008176
2022-05-13,322.2300,298.164520,4236700,0,1,687.805612
2022-05-16,322.7800,298.673584,3692600,0,1,688.979596
2022-05-17,327.1000,302.670807,3316800,0,1,698.200713
2022-05-18,315.5500,291.983490,3659000,0,1,673.547034
2022-05-19,313.1800,289.790497,3836700,0,1,668.488227
2022-05-20,312.4200,289.776611,4654000,0.745,1,668.456210
2022-05-23,318.8400,295.731293,4484600,0,1,682.192490
2022-05-24,319.3900,296.241364,5260500,0,1,683.369275
2022-05-25,321.2800,297.994385,4612800,0,1,687.413133
2022-05-26,326.4500,302.789703,3270200,0,1,698.474904
2022-05-27,332.0700,308.002380,2773100,0,1,710.499499
2022-05-31,330.2000,306.267944,4354000,0,1,706.498433
2022-06-01,328.3600,304.561127,3721400,0,1,702.561555
2022-06-02,332.7700,308.651703,3718800,0,1,711.997224
2022-06-03,329.3500,305.479523,4150900,0,1,704.679766
2022-06-06,329.4500,305.572296,1957600,0,1,704.893727
2022-06-07,332.1700,308.095184,2424000,0,1,710.713460
2022-06-08,329.3800,305.507446,2032900,0,1,704.743955
2022-06-09,323.0000,299.589813,2591500,0,1,691.093258
2022-06-10,314.3700,291.585236,4484700,0,1,672.628444
2022-06-13,305.5800,283.432220,6317200,0,1,653.821294
2022-06-14,304.3000,282.245209,3724000,0,1,651.082596
2022-06-15,307.2300,284.962860,7060900,0,1,657.351646
2022-06-16,299.9000,278.164062,4943500,0,1,641.668322
2022-06-17,298.7200,277.710419,4738000,0.692,1,640.624194
2022-06-21,305.2900,283.818298,3246500,0,1,654.713980
2022-06-22,304.6100,283.185944,6361200,0,1,653.255676
2022-06-23,306.7400,285.166321,3582600,0,1,657.823598
2022-06-24,315.0200,292.863892,3314800,0,1,675.580589
2022-06-27,314.3600,292.250183,1896500,0,1,674.165177
2022-06-28,309.3400,287.583344,3025900,0,1,663.399465
2022-06-29,310.0500,288.243500,2462800,0,1,664.922105
2022-06-30,307.8200,286.170288,4117800,0,1,660.139727
2022-07-01,310.8500,288.987244,3315000,0,1,666.637757
2022-07-05,309.7100,287.927399,3767700,0,1,664.192953
2022-07-06,310.4100,288.578094,2493300,0,1,665.694148
2022-07-07,313.9500,291.869171,2267500,0,1,673.285905
2022-07-08,313.4600,291.413574,2094300,0,1,672.235069
2022-07-11,311.7000,289.777435,2633200,0,1,668.460636
2022-07-12,309.9700,288.169006,2806000,0,1,664.750540
2022-07-13,307.7500,286.105225,3481200,0,1,659.989608
2022-07-14,306.4000,284.850281,2893100,0,1,657.094446
2022-07-15,312.6600,290.791382,3027500,0.128,1,670.793922
2022-07-18,310.6500,288.921967,2344900,0,1,666.481583
2022-07-19,318.1100,295.860168,3004900,0,1,682.486581
2022-07-20,318.7400,296.446106,3243000,0,1,683.838210
2022-07-21,320.4100,297.999207,2159800,0,1,687.421098
2022-07-22,319.0600,296.743774,3264100,0,1,684.524751
2022-07-25,319.9600,297.580750,4002500,0,1,686.455649
2022-07-26,317.5400,295.330109,2101700,0,1,681.263679
2022-07-27,322.0100,299.487427,3338100,0,1,690.853805
2022-07-28,325.2300,302.482269,2688400,0,1,697.762129
2022-07-29,328.6600,305.672241,3225600,0,1,705.120995
2022-08-01,328.0400,305.095673,2745500,0,1,703.790821
2022-08-02,324.0400,301.375397,5394600,0,1,695.209053
2022-08-03,328.1600,305.207184,2564600,0,1,704.048274
2022-08-04,327.3600,304.463196,2426400,0,1,702.331920
2022-08-05,327.9700,305.030487,2672400,0,1,703.640640
2022-08-08,328.4200,305.449127,2528800,0,1,704.606089
2022-08-09,327.9100,304.974701,1655100,0,1,703.511914
2022-08-10,333.2000,309.894806,2934400,0,1,714.861302
2022-08-11,333.7100,310.369080,2401600,0,1,715.955478
2022-08-12,337.8300,314.200836,2606900,0,1,724.794699
2022-08-15,339.3700,315.633209,1936500,0,1,728.098680
2022-08-16,341.7400,317.837280,3897100,0,1,733.183378
2022-08-17,340.2000,316.405060,2960300,0,1,729.879397
2022-08-18,340.5800,316.758545,1850900,0,1,730.694665
2022-08-19,337.0400,314.071106,2010300,0.656,1,724.507210
2022-08-22,330.7600,308.219116,2684500,0,1,711.007610
2022-08-23,329.1100,306.681458,2897200,0,1,707.460740
2022-08-24,329.8600,307.380310,2581700,0,1,709.072953
2022-08-25,333.1500,310.446167,2498900,0,1,716.145196
2022-08-26,322.9300,300.922668,4191000,0,1,694.176102
2022-08-29,321.1000,299.217316,2896900,0,1,690.242301
2022-08-30,318.0400,296.366028,2926300,0,1,683.664470
2022-08-31,315.6500,294.138824,2981600,0,1,678.526883
2022-09-01,317.0600,295.452667,3228000,0,1,681.557845
2022-09-02,313.7600,292.377625,3826200,0,1,674.464106
2022-09-06,312.2000,290.923920,3320400,0,1,671.110702
2022-09-07,316.3300,294.772430,2520200,0,1,679.988624
2022-09-08,318.2400,296.552338,3301100,0,1,684.094394
2022-09-09,322.2800,300.316956,2479300,0,1,692.778850
2022-09-12,324.5700,302.450806,2486900,0,1,697.701475
2022-09-13,311.7300,290.485931,4301200,0,1,670.100381
2022-09-14,312.0600,290.793457,2868800,0,1,670.809755
2022-09-15,310.3600,289.209320,3294600,0,1,667.155405
2022-09-16,308.0500,287.820038,4071000,0.823,1,663.958923
2022-09-19,310.1500,289.782135,2730000,0,1,668.485181
2022-09-20,307.0200,286.857635,2822800,0,1,661.738901
2022-09-21,301.8100,281.989777,5110700,0,1,650.509471
2022-09-22,300.5200,280.784515,3492500,0,1,647.729056
2022-09-23,295.8600,276.430603,4949300,0,1,637.685074
2022-09-26,292.7200,273.496704,4143400,0,1,630.917241
2022-09-27,291.3000,272.169922,3681000,0,1,627.856628
2022-09-28,296.7300,277.243378,3995700,0,1,639.560238
2022-09-29,292.2100,273.020111,3351100,0,1,629.818006
2022-09-30,287.3000,268.432648,3827200,0,1,619.235185
2022-10-03,294.7900,275.430786,3457600,0,1,635.378838
2022-10-04,303.1400,283.232422,4163800,0,1,653.376101
2022-10-05,302.7900,282.905457,2746900,0,1,652.621725
2022-10-06,299.2300,279.579102,3081700,0,1,644.948640
2022-10-07,292.9700,273.730255,3029300,0,1,631.456081
2022-10-10,291.9600,272.786652,3154500,0,1,629.279166
2022-10-11,292.2900,273.094849,3849900,0,1,629.990435
2022-10-12,292.1600,272.973480,4378700,0,1,629.710238
2022-10-13,300.5600,280.821899,7389600,0,1,647.815270
2022-10-14,296.8200,277.327423,5519400,0,1,639.754220
2022-10-17,302.0600,282.223358,3555700,0,1,651.048311
2022-10-18,305.4700,285.409454,4685500,0,1,658.398092
2022-10-19,304.3500,284.362885,2939800,0,1,655.984088
2022-10-20,303.3100,283.391113,3574700,0,1,653.742512
2022-10-21,310.8800,290.638489,5357200,0.182,1,670.450870
2022-10-24,315.0500,294.537018,4331700,0,1,679.443987
2022-10-25,318.4900,297.753082,6024800,0,1,686.862769
2022-10-26,318.3800,297.650024,4991800,0,1,686.625540
2022-10-27,320.4600,299.594666,4262200,0,1,691.111316
2022-10-28,328.5800,307.186005,5251400,0,1,708.623092
2022-10-31,327.4200,306.101532,5128200,0,1,706.121410
2022-11-01,326.4100,305.157318,4376400,0,1,703.943221
2022-11-02,321.3600,300.436035,7110300,0,1,693.052276
2022-11-03,319.8700,299.043121,4112700,0,1,689.838908
2022-11-04,324.1400,303.035065,6263700,0,1,699.047687
2022-11-07,328.4200,307.036438,4518300,0,1,708.278032
2022-11-08,331.7100,310.112183,6349000,0,1,715.373321
2022-11-09,325.3400,304.157043,4799200,0,1,701.635635
2022-11-10,337.2600,315.300873,6002300,0,1,727.342577
2022-11-11,337.7900,315.796326,5190700,0,1,728.485587
2022-11-14,335.7700,313.907959,3303300,0,1,724.129209
2022-11-15,336.2100,314.319336,4824100,0,1,725.078123
2022-11-16,336.0700,314.188324,3085500,0,1,724.776196
2022-11-17,336.1000,314.216400,3606500,0,1,724.840895
2022-11-18,337.3700,316.044037,3659100,0.681,1,729.048466
2022-11-21,337.0500,315.744293,2304100,0,1,728.356954
2022-11-22,340.9600,319.407257,4389400,0,1,736.806370
2022-11-23,341.9500,320.334656,3108500,0,1,738.945736
2022-11-25,343.5200,321.805328,1498300,0,1,742.338468
2022-11-28,338.4900,317.093201,3089800,0,1,731.468759
2022-11-29,338.4800,317.083954,2943600,0,1,731.447149
2022-11-30,346.1500,324.269043,6940400,0,1,748.021835
2022-12-01,344.4100,322.639130,5325900,0,1,744.261737
2022-12-02,344.7400,322.948181,3736500,0,1,744.974859
2022-12-05,340.0300,318.535889,3827200,0,1,734.796662
2022-12-06,336.4600,315.191528,5516300,0,1,727.081978
2022-12-07,336.4400,315.173004,3577100,0,1,727.038758
2022-12-08,338.4600,317.065186,3278400,0,1,731.403930
2022-12-09,335.3700,314.170502,3815500,0,1,724.726514
2022-12-12,340.6200,319.088684,5017300,0,1,736.071638
2022-12-13,341.8100,320.203308,5274300,0,1,738.643199
2022-12-14,340.2200,318.713928,5498400,0,1,735.207247
2022-12-15,332.8000,311.762970,5865600,0,1,719.172806
2022-12-16,328.9700,308.871155,6672200,0.75,1,712.517000
2022-12-19,327.3800,307.378265,3709600,0,1,709.073214
2022-12-20,328.3800,308.317261,4721700,0,1,711.239117
2022-12-21,333.6000,313.218323,5086800,0,1,722.545129
2022-12-22,330.2600,310.082245,4876900,0,1,715.311014
2022-12-23,331.9300,311.650330,3997900,0,1,718.928072
2022-12-27,332.3700,312.063354,3098900,0,1,719.881069
2022-12-28,328.5700,308.495605,3102400,0,1,711.650639
2022-12-29,332.0600,311.772430,2458800,0,1,719.209639
2022-12-30,331.3300,311.086975,3881800,0,1,717.628530
2023-01-03,331.2200,310.983643,3910700,0,1,717.390281
2023-01-04,332.5600,312.241821,4137300,0,1,720.292590
2023-01-05,329.2200,309.105804,4350100,0,1,713.058475
2023-01-06,336.2800,315.734528,4800800,0,1,728.349748
2023-01-09,335.2900,314.805023,3864000,0,1,726.205504
2023-01-10,337.2300,316.626526,2277500,0,1,730.407356
2023-01-11,339.7600,319.001831,3265800,0,1,735.887089
2023-01-12,342.0000,321.104980,4332600,0,1,740.738711
2023-01-13,343.0400,322.081482,3473400,0,1,742.991250
2023-01-17,339.1600,318.438538,3929700,0,1,734.587548
2023-01-18,332.9700,312.626740,5164300,0,1,721.180610
2023-01-19,330.6300,310.429626,3454200,0,1,716.112398
2023-01-20,333.6700,313.549561,4120200,0.28,1,723.303195
2023-01-23,336.1700,315.898834,3985300,0,1,728.722495
2023-01-24,337.1000,316.772614,3360900,0,1,730.738475
2023-01-25,337.3200,316.979340,4318600,0,1,731.215374
2023-01-26,339.3600,318.896423,2930900,0,1,735.637523
2023-01-27,339.6100,319.131256,2907400,0,1,736.179453
2023-01-30,337.0600,316.735138,3032700,0,1,730.651766
2023-01-31,340.8300,320.277863,2593500,0,1,738.824071
2023-02-01,340.8700,320.315399,6175400,0,1,738.910780
2023-02-02,340.4300,319.901917,5169400,0,1,737.956983
2023-02-03,338.9800,318.539276,6504300,0,1,734.813789
2023-02-06,338.4800,318.069519,2708400,0,1,733.729929
2023-02-07,341.5200,320.926178,4969600,0,1,740.319798
2023-02-08,339.4200,318.952759,2769500,0,1,735.767586
2023-02-09,337.0800,316.753876,3094700,0,1,730.695121
2023-02-10,338.7300,318.304474,2523900,0,1,734.271859
2023-02-13,342.5500,321.894012,2653900,0,1,742.552550
2023-02-14,341.1400,320.569092,3501100,0,1,739.496065
2023-02-15,341.6600,321.057617,1967700,0,1,740.623279
2023-02-16,337.3900,317.045258,3229600,0,1,731.367114
2023-02-17,338.2900,318.411835,3034200,0.552,1,734.514644
2023-02-21,331.2500,311.785461,3142900,0,1,719.228992
2023-02-22,330.5200,311.098419,2896400,0,1,717.643974
2023-02-23,331.6700,312.180939,5999600,0,1,720.140920
2023-02-24,328.1200,308.839478,3764700,0,1,712.432957
2023-02-27,329.0600,309.724243,2887300,0,1,714.473939
2023-02-28,326.5700,307.380554,3155300,0,1,709.067508
2023-03-01,327.0000,307.785156,3317500,0,1,710.001148
2023-03-02,330.4400,311.023193,3047500,0,1,717.470274
2023-03-03,334.2100,314.571716,3033500,0,1,725.655914
2023-03-06,334.6800,315.014069,2641700,0,1,726.676405
2023-03-07,328.8700,309.545349,5009200,0,1,714.061400
2023-03-08,328.4900,309.187805,3169600,0,1,713.236322
2023-03-09,323.0800,304.095642,4760900,0,1,701.489820
2023-03-10,319.7300,300.942535,7741600,0,1,694.216108
2023-03-13,318.8200,300.085968,6831600,0,1,692.240263
2023-03-14,322.1900,303.257812,4760500,0,1,699.557401
2023-03-15,319.5400,300.763611,6518000,0,1,693.803569
2023-03-16,323.2500,304.255615,6569900,0,1,701.858933
2023-03-17,318.5000,300.582672,5314900,0.858,1,693.408400
2023-03-20,322.3000,304.168854,4695000,0,1,701.681404
2023-03-21,325.6200,307.302032,3527300,0,1,708.909398
2023-03-22,320.1800,302.167938,4378700,0,1,697.065939
2023-03-23,320.8400,302.790955,4772600,0,1,698.502829
2023-03-24,322.3200,304.187775,4484900,0,1,701.724946
2023-03-27,324.3100,306.065857,3550900,0,1,706.057388
2023-03-28,323.8100,305.593842,2536500,0,1,704.968835
2023-03-29,327.0800,308.679932,2531700,0,1,712.087973
2023-03-30,328.4800,310.001160,2487000,0,1,715.135922
2023-03-31,332.6200,313.908203,2837300,0,1,724.149143
2023-04-03,335.9100,317.013184,3450700,0,1,731.311823
2023-04-04,333.9400,315.154022,2449900,0,1,727.022923
2023-04-05,334.8200,315.984589,2566600,0,1,728.938777
2023-04-06,334.9000,316.059906,2333300,0,1,729.112945
2023-04-10,335.9600,317.060425,2834200,0,1,731.420678
2023-04-11,336.9000,317.947418,2343100,0,1,733.467158
2023-04-12,336.6100,317.673737,3363800,0,1,732.835797
2023-04-13,340.3700,321.222168,3040900,0,1,741.021718
2023-04-14,338.8400,319.778229,3107900,0,1,737.690745
2023-04-17,339.9200,320.797668,2226400,0,1,740.042020
2023-04-18,339.8000,320.684448,2191100,0,1,739.780767
2023-04-19,338.9900,319.919922,2854700,0,1,738.017311
2023-04-20,337.9500,318.938477,2179300,0,1,735.753120
2023-04-21,338.1100,319.263275,2470100,0.184,1,736.502045
2023-04-24,338.7500,319.867615,2288800,0,1,737.896151
2023-04-25,335.3300,316.638214,2745300,0,1,730.446395
2023-04-26,332.9500,314.390869,3588400,0,1,725.262062
2023-04-27,338.2000,319.348175,3066600,0,1,736.698091
2023-04-28,341.0300,322.020477,3651100,0,1,742.862655
2023-05-01,340.3600,321.387878,2296200,0,1,741.403200
2023-05-02,336.8700,318.092377,3275800,0,1,733.800964
2023-05-03,334.1100,315.486206,3924100,0,1,727.788880
2023-05-04,331.3300,312.861176,3576800,0,1,721.733230
2023-05-05,336.7300,317.960175,3542700,0,1,733.496003
2023-05-08,336.2200,317.478577,1789900,0,1,732.385074
2023-05-09,335.7700,317.053741,1924900,0,1,731.404843
2023-05-10,335.4900,316.789368,3365500,0,1,730.794922
2023-05-11,333.3300,314.749725,2744700,0,1,726.089813
2023-05-12,333.2000,314.626953,2636400,0,1,725.806635
2023-05-15,333.7700,315.165100,2171000,0,1,727.048261
2023-05-16,330.3500,311.935913,2265200,0,1,719.598505
2023-05-17,334.6100,315.958313,3068800,0,1,728.878025
2023-05-18,336.0600,317.327545,3553500,0,1,732.036548
2023-05-19,334.1900,316.244904,3706700,0.726,1,729.544582
2023-05-22,332.9000,315.024200,2555100,0,1,726.728482
2023-05-23,330.6100,312.857208,2526200,0,1,721.729359
2023-05-24,328.0100,310.396820,2978300,0,1,716.053498
2023-05-25,327.7500,310.150696,3499900,0,1,715.485912
2023-05-26,330.8400,313.074829,3580000,0,1,722.231454
2023-05-30,330.5200,312.771942,3474500,0,1,721.532887
2023-05-31,329.5200,311.825714,3067600,0,1,719.349863
2023-06-01,330.9400,313.169373,3081300,0,1,722.449757
2023-06-02,338.0700,319.916595,5584700,0,1,738.014713
2023-06-05,336.1300,318.080811,3415600,0,1,733.779648
2023-06-06,336.1700,318.118683,2824900,0,1,733.866969
2023-06-07,337.1700,319.064972,2739000,0,1,736.049992
2023-06-08,338.8100,320.616913,2700300,0,1,739.630151
2023-06-09,339.2700,321.052124,3162300,0,1,740.634341
2023-06-12,341.1700,322.850189,2035500,0,1,744.782086
2023-06-13,342.6200,324.222260,3259300,0,1,747.947470
2023-06-14,340.4200,322.140411,3766000,0,1,743.144818
2023-06-15,344.7700,326.256775,4722500,0,1,752.640970
2023-06-16,342.9500,325.266663,5576800,0.776,1,750.361893
2023-06-20,340.4600,322.905060,3387200,0,1,744.913866
2023-06-21,339.4300,321.928101,3050700,0,1,742.660264
2023-06-22,339.3400,321.842773,2605500,0,1,742.463347
2023-06-23,337.1600,319.775208,3721600,0,1,737.693588
2023-06-26,337.1400,319.756287,2301900,0,1,737.649829
2023-06-27,339.2300,321.738556,1778800,0,1,742.222671
2023-06-28,338.6300,321.169373,2305000,0,1,740.909893
2023-06-29,341.1600,323.569092,2902700,0,1,746.445440
2023-06-30,343.8500,326.120300,3027500,0,1,752.331060
2023-07-03,344.0700,326.328979,1698400,0,1,752.812412
2023-07-05,342.8100,325.133881,2717000,0,1,750.055579
2023-07-06,339.2300,321.738556,3742400,0,1,742.222671
2023-07-07,337.4300,320.031342,2852200,0,1,738.284338
2023-07-10,339.5800,322.070404,2560200,0,1,742.988458
2023-07-11,342.6400,324.972626,2477100,0,1,749.683625
2023-07-12,343.6300,325.911621,4140200,0,1,751.849708
2023-07-13,343.9200,326.186584,2472300,0,1,752.484217
2023-07-14,345.1700,327.372253,3293400,0,1,755.219171
2023-07-17,345.8500,328.017151,2860000,0,1,756.706986
2023-07-18,349.5800,331.554779,4617200,0,1,764.868088
2023-07-19,350.6900,332.607666,5864300,0,1,767.296727
2023-07-20,352.4300,334.257935,4561300,0,1,771.103782
2023-07-21,352.1400,334.237061,2971700,0.268,1,771.055647
2023-07-24,354.0700,336.068878,3073700,0,1,775.281629
2023-07-25,354.3200,336.306152,2548700,0,1,775.829036
2023-07-26,355.2500,337.188934,3084700,0,1,777.865390
2023-07-27,352.7700,334.834991,4771000,0,1,772.435113
2023-07-28,354.4800,336.457977,3219000,0,1,776.179377
2023-07-31,355.5700,337.492645,2201400,0,1,778.566071
2023-08-01,356.2000,338.090668,2581900,0,1,779.945537
2023-08-02,352.7400,334.806427,5061000,0,1,772.369424
2023-08-03,351.9900,334.094666,3307000,0,1,770.727203
2023-08-04,350.6500,332.822754,4269400,0,1,767.793101
2023-08-07,354.6200,336.590942,2390800,0,1,776.485925
2023-08-08,353.0200,335.072205,3033600,0,1,772.982520
2023-08-09,351.2800,333.420715,2873300,0,1,769.172567
2023-08-10,351.8900,333.999756,4133500,0,1,770.508240
2023-08-11,353.0000,335.053284,2602600,0,1,772.938727
2023-08-14,353.2100,335.252655,3134100,0,1,773.398549
2023-08-15,349.6100,331.835571,2818700,0,1,765.515888
2023-08-16,347.7700,330.089142,3586800,0,1,761.486972
2023-08-17,345.0600,327.516968,4804100,0,1,755.553080
2023-08-18,345.1200,328.058746,3525400,0.51,1,756.801168
2023-08-21,344.6700,327.630951,3176500,0,1,755.814379
2023-08-22,342.9600,326.005585,2816000,0,1,752.064582
2023-08-23,344.8300,327.783051,2605400,0,1,756.165237
2023-08-24,341.0300,324.171112,3840800,0,1,747.832355
2023-08-25,343.5000,326.518890,3868500,0,1,753.248729
2023-08-28,345.7100,328.619659,2382700,0,1,758.094958
2023-08-29,348.6200,331.385681,3107700,0,1,764.476191
2023-08-30,349.4000,332.127136,2792900,0,1,766.186625
2023-08-31,347.8100,330.615723,2901400,0,1,762.699972
2023-09-01,348.9800,331.727905,2533200,0,1,765.265622
2023-09-05,346.9800,329.826874,1906900,0,1,760.879895
2023-09-06,345.0000,327.944702,2748400,0,1,756.538024
2023-09-07,345.6900,328.600616,2378600,0,1,758.051100
2023-09-08,346.5100,329.380096,1665900,0,1,759.849249
2023-09-11,347.3700,330.197540,1722900,0,1,761.735112
2023-09-12,347.2100,330.045532,1813800,0,1,761.384253
2023-09-13,346.5500,329.418060,2025200,0,1,759.936963
2023-09-14,349.9400,332.640411,3489400,0,1,767.370772
2023-09-15,346.1400,329.898499,3581700,0.923,1,761.061902
2023-09-18,346.1500,329.908081,2122800,0,1,761.083889
2023-09-19,345.0700,328.878632,2740900,0,1,758.709281
2023-09-20,344.3200,328.163910,3411400,0,1,757.060248
2023-09-21,340.5800,324.599335,3483700,0,1,748.837068
2023-09-22,339.5800,323.646210,3376400,0,1,746.638357
2023-09-25,339.9800,324.027557,3104700,0,1,747.517841
2023-09-26,336.0400,320.272400,4657300,0,1,738.854919
2023-09-27,335.4300,319.690979,4442200,0,1,737.513705
2023-09-28,336.6200,320.825195,4053600,0,1,740.130172
2023-09-29,334.9500,319.233521,3786500,0,1,736.458324
2023-10-02,334.0900,318.413879,4192600,0,1,734.567432
2023-10-03,329.9800,314.496796,4871100,0,1,725.530729
2023-10-04,330.9900,315.459442,4877100,0,1,727.751427
2023-10-05,331.1700,315.630890,3172200,0,1,728.147195
2023-10-06,334.1000,318.423462,4491300,0,1,734.589419
2023-10-09,336.0900,320.319946,3756300,0,1,738.964855
2023-10-10,337.4500,321.616272,3769400,0,1,741.955102
2023-10-11,338.0300,322.169037,2773900,0,1,743.230354
2023-10-12,336.2700,320.491669,3315000,0,1,739.360623
2023-10-13,336.6800,320.882385,5154600,0,1,740.262094
2023-10-16,339.8900,323.941772,3969300,0,1,747.319957
2023-10-17,339.9900,324.036896,3777800,0,1,747.539828
2023-10-18,336.6300,320.834747,4141200,0,1,740.152159
2023-10-19,334.1200,318.442505,5201800,0,1,734.633393
2023-10-20,331.1900,315.826691,3960800,0.187,1,728.602329
2023-10-23,329.3200,314.043427,3898300,0,1,724.488417
2023-10-24,331.4400,316.065155,3583900,0,1,729.152317
2023-10-25,330.3500,315.025665,3836300,0,1,726.754368
2023-10-26,327.8200,312.612946,4882600,0,1,721.188488
2023-10-27,324.1900,309.151459,4757300,0,1,713.202660
2023-10-30,329.2300,313.957703,4617200,0,1,724.290421
2023-10-31,330.4800,315.149658,3645800,0,1,727.040362
2023-11-01,332.6800,317.247559,4546200,0,1,731.880258
2023-11-02,338.3900,322.692810,5356300,0,1,744.441988
2023-11-03,340.6100,324.809723,4046900,0,1,749.325883
2023-11-06,341.0400,325.219788,2766000,0,1,750.271863
2023-11-07,341.5400,325.696625,2793700,0,1,751.371839
2023-11-08,341.1200,325.296082,2787900,0,1,750.447859
2023-11-09,339.1100,323.379272,3940700,0,1,746.025954
2023-11-10,343.0100,327.098511,3268600,0,1,754.605769
2023-11-13,343.5700,327.632538,2624500,0,1,755.837743
2023-11-14,348.4200,332.257446,4815500,0,1,766.507513
2023-11-15,350.2700,334.021698,3149400,0,1,770.577426
2023-11-16,350.0200,333.783203,3848000,0,1,770.027438
2023-11-17,349.4300,333.895050,2059200,0.707,1,770.284832
2023-11-20,351.5200,335.892151,2904300,0,1,774.892036
2023-11-21,350.8200,335.223236,1849500,0,1,773.348953
2023-11-22,352.5600,336.885864,3486200,0,1,777.184616
2023-11-24,353.8000,338.070648,1245100,0,1,779.918077
2023-11-27,353.3200,337.612091,2532400,0,1,778.859963
2023-11-28,354.1100,338.367035,2759600,0,1,780.601442
2023-11-29,354.6500,338.882965,2736300,0,1,781.791820
2023-11-30,360.0000,343.995087,4094300,0,1,793.585381
2023-12-01,363.0500,346.909454,5852500,0,1,800.308812
2023-12-04,362.6400,346.517731,4211000,0,1,799.405007
2023-12-05,361.9100,345.820160,5372700,0,1,797.795792
2023-12-06,361.2200,345.160797,5583700,0,1,796.274753
2023-12-07,361.8300,345.743713,3295600,0,1,797.619440
2023-12-08,363.1200,346.976379,2930400,0,1,800.463121
2023-12-11,364.6900,348.476685,3673200,0,1,803.924035
2023-12-12,366.4100,350.120148,3239600,0,1,807.715609
2023-12-13,371.7400,355.213135,4304800,0,1,819.465082
2023-12-14,373.3300,356.732513,5507000,0,1,822.970084
2023-12-15,372.6300,356.859772,6948400,0.833,1,823.263269
2023-12-18,372.9800,357.195068,3403200,0,1,824.036536
2023-12-19,375.5000,359.608337,3749200,0,1,829.604051
2023-12-20,370.8000,355.107330,4564700,0,1,819.220192
2023-12-21,373.8800,358.057007,3837500,0,1,826.024934
2023-12-22,373.8000,357.980408,3330700,0,1,825.848187
2023-12-26,375.3500,359.464691,2217800,0,1,829.272652
2023-12-27,376.5600,360.623535,3061200,0,1,831.945943
2023-12-28,377.0300,361.073578,2620400,0,1,832.984329
2023-12-29,376.8700,360.920380,3364400,0,1,832.630836
2024-01-02,377.0900,361.131073,5776300,0,1,833.116889
2024-01-03,374.2100,358.373016,6393600,0,1,826.754013
2024-01-04,374.5400,358.688995,4251900,0,1,827.483093
2024-01-05,374.6400,358.784851,5381700,0,1,827.704026
2024-01-08,376.8400,360.891602,4604900,0,1,832.564556
2024-01-09,375.1800,359.301910,3230900,0,1,828.897065
2024-01-10,376.9500,360.996948,2718700,0,1,832.807582
2024-01-11,377.1700,361.207733,4095700,0,1,833.293635
2024-01-12,375.9100,360.001038,3816700,0,1,830.509877
2024-01-16,373.6600,357.846222,4471600,0,1,825.538881
2024-01-17,372.7200,356.946045,4361000,0,1,823.462109
2024-01-18,374.8100,358.947601,3953400,0,1,828.079613
2024-01-19,378.6000,362.783386,5218600,0.213,1,836.923567
2024-01-22,380.0700,364.191895,5433400,0,1,840.173112
2024-01-23,379.0400,363.204956,3110100,0,1,837.896220
2024-01-24,378.0900,362.294647,3967200,0,1,835.796174
2024-01-25,380.4800,364.584808,3539100,0,1,841.079448
2024-01-26,381.0900,365.169342,3221000,0,1,842.427898
2024-01-29,383.3100,367.296600,2730900,0,1,847.335374
2024-01-30,384.4900,368.427399,2747900,0,1,849.943852
2024-01-31,381.3700,365.437622,4476600,0,1,843.046859
2024-02-01,385.1000,369.011780,3652500,0,1,851.292303
2024-02-02,386.4200,370.276642,3344800,0,1,854.210261
2024-02-05,383.5800,367.555359,3761600,0,1,847.932229
2024-02-06,385.0800,368.992645,2507800,0,1,851.248091
2024-02-07,386.6700,370.516205,2797600,0,1,854.762905
2024-02-08,387.3500,371.167786,2549800,0,1,856.266096
2024-02-09,386.7200,370.564117,3526300,0,1,854.873434
2024-02-12,388.1100,371.896057,2412200,0,1,857.946132
2024-02-13,382.8200,366.827087,5325300,0,1,846.252192
2024-02-14,384.2900,368.235687,3465200,0,1,849.501737
2024-02-15,388.2500,372.030212,3497200,0,1,858.255613
2024-02-16,386.1900,370.640564,3772300,0.612,1,855.054701
2024-02-20,385.6900,370.160645,3295700,0,1,853.947662
2024-02-21,386.0500,370.506134,3027600,0,1,854.744730
2024-02-22,390.5400,374.815338,4990700,0,1,864.685939
2024-02-23,391.2800,375.525543,3451600,0,1,866.324357
2024-02-26,390.7100,374.978516,1914100,0,1,865.062332
2024-02-27,389.6600,373.970886,2370900,0,1,862.737551
2024-02-28,389.6000,373.913147,3313900,0,1,862.604706
2024-02-29,389.9500,374.249084,3026900,0,1,863.379633
2024-03-01,391.3100,375.554260,3857500,0,1,866.390779
2024-03-04,390.2300,374.517914,3048500,0,1,863.999575
2024-03-05,386.1900,370.640564,4132400,0,1,855.054701
2024-03-06,387.1800,371.590576,3039100,0,1,857.246638
2024-03-07,388.4500,372.809570,2965700,0,1,860.058516
2024-03-08,387.9900,372.368011,4256900,0,1,859.040041
2024-03-11,388.4200,372.780792,3396000,0,1,859.992094
2024-03-12,390.7900,375.055328,3275800,0,1,865.239458
2024-03-13,391.2200,375.467987,2788700,0,1,866.191512
2024-03-14,390.0700,374.364227,4471900,0,1,863.645322
2024-03-15,387.0000,372.308411,4372300,0.933,1,858.913838
2024-03-18,387.7300,373.010742,2060600,0,1,860.534012
2024-03-19,390.9000,376.060303,3303800,0,1,867.569559
2024-03-20,394.9900,379.995026,4823900,0,1,876.646969
2024-03-21,397.7500,382.650269,4348400,0,1,882.772556
2024-03-22,394.5300,379.552521,3156100,0,1,875.626038
2024-03-25,392.9500,378.032562,2535600,0,1,872.119361
2024-03-26,392.8500,377.936310,3395400,0,1,871.897420
2024-03-27,397.5600,382.467468,4427300,0,1,882.350867
2024-03-28,397.7600,382.659912,3155000,0,1,882.794750
2024-04-01,395.3300,380.322205,3825200,0,1,877.401570
2024-04-02,391.6300,376.762604,4034900,0,1,869.189732
2024-04-03,391.2600,376.406677,3547000,0,1,868.368549
2024-04-04,386.0200,371.365601,5041200,0,1,856.738811
2024-04-05,388.8600,374.097809,4423500,0,1,863.041951
2024-04-08,389.1000,374.328644,2431300,0,1,863.574611
2024-04-09,388.8400,374.078583,4003900,0,1,862.997563
2024-04-10,384.5100,369.912933,5173100,0,1,853.387493
2024-04-11,384.5400,369.941833,3972800,0,1,853.454076
2024-04-12,379.8700,365.449005,5305100,0,1,843.089405
2024-04-15,377.3100,362.986267,4870700,0,1,837.407701
2024-04-16,377.9800,363.630737,4383500,0,1,838.894710
2024-04-17,377.4500,363.120911,4584900,0,1,837.718419
2024-04-18,377.8400,363.496155,4579200,0,1,838.583991
2024-04-19,379.8000,365.573303,5078600,0.198,1,843.373490
2024-04-22,382.3700,368.046997,4129000,0,1,849.080362
2024-04-23,385.0200,370.597748,3126400,0,1,854.964879
2024-04-24,384.4400,370.039520,3575800,0,1,853.676947
2024-04-25,380.9200,366.651367,4682800,0,1,845.860532
2024-04-26,382.3100,367.989227,4252400,0,1,848.947128
2024-04-29,383.8000,369.423492,3265900,0,1,852.255781
2024-04-30,378.1300,363.965912,3463600,0,1,839.665134
2024-05-01,378.8900,364.697449,5731600,0,1,841.352769
2024-05-02,382.2300,367.912292,3535600,0,1,848.769482
2024-05-03,386.7700,372.282196,4471100,0,1,858.850882
2024-05-06,388.4500,373.899292,2596100,0,1,862.581444
2024-05-07,388.7400,374.178467,2428600,0,1,863.225410
2024-05-08,390.4800,375.853271,2855100,0,1,867.089206
2024-05-09,394.0000,379.241364,4141200,0,1,874.905622
2024-05-10,395.1800,380.377167,3505600,0,1,877.525897
2024-05-13,394.4600,379.684235,2635800,0,1,875.927085
2024-05-14,395.5800,380.762207,2702700,0,1,878.414127
2024-05-15,399.2800,384.323578,3421200,0,1,886.630245
2024-05-16,399.2100,384.256195,2877200,0,1,886.474805
2024-05-17,399.9500,385.542236,2702900,0.594,1,889.437049
2024-05-20,398.1000,383.758820,2094800,0,1,885.322889
2024-05-21,398.7800,384.414398,1618300,0,1,886.835121
2024-05-22,396.6600,382.370728,2647200,0,1,882.120515
2024-05-23,390.6600,376.586853,3361200,0,1,868.777291
2024-05-24,390.6400,376.567535,2072200,0,1,868.732814
2024-05-28,388.6000,374.601074,2176100,0,1,864.196118
2024-05-29,384.5800,370.725861,2715000,0,1,855.256158
2024-05-30,381.4800,367.737549,4063400,0,1,848.362159
2024-05-31,387.5300,373.569580,4748400,0,1,861.816576
2024-06-03,386.2400,372.326080,3614300,0,1,858.947783
2024-06-04,387.5100,373.550354,2822500,0,1,861.772099
2024-06-05,388.5300,374.533569,2181400,0,1,864.040447
2024-06-06,389.3300,375.304810,2241900,0,1,865.819543
2024-06-07,388.4900,374.494965,1952000,0,1,863.951492
2024-06-10,389.2900,375.266205,1380600,0,1,865.730588
2024-06-11,387.9700,373.993805,2522600,0,1,862.795079
2024-06-12,387.6900,373.723816,3866700,0,1,862.172395
2024-06-13,386.8800,372.942993,3136100,0,1,860.371060
2024-06-14,386.4600,372.538086,2884300,0,1,859.437035
2024-06-17,388.5800,374.581757,2025300,0,1,864.151640
2024-06-18,389.1400,375.121704,1848700,0,1,865.397008
2024-06-20,392.0700,377.946014,3588000,0,1,871.912949
2024-06-21,391.3400,378.085205,2592100,0.874,1,872.233186
2024-06-24,393.9800,380.635712,3096600,0,1,878.117317
2024-06-25,391.0200,377.776093,2879100,0,1,871.519958
2024-06-26,391.2400,377.988586,1501900,0,1,872.010302
2024-06-27,391.5600,378.297729,1601100,0,1,872.723530
2024-06-28,391.1300,377.882324,3624400,0,1,871.765130
2024-07-01,391.4600,378.201111,2536500,0,1,872.500647
2024-07-02,393.2900,379.969208,1711600,0,1,876.579419
2024-07-03,392.8300,379.524689,2319100,0,1,875.554154
2024-07-05,393.7000,380.365295,2011000,0,1,877.493242
2024-07-08,393.4600,380.133301,3374500,0,1,876.958321
2024-07-09,392.9400,379.631012,3821600,0,1,875.799326
2024-07-10,397.2600,383.804688,4234300,0,1,885.427903
2024-07-11,397.6300,384.162170,4020700,0,1,886.252573
2024-07-12,400.3200,386.760956,4711800,0,1,892.248145
2024-07-15,402.3600,388.731903,4433500,0,1,896.794973
2024-07-16,409.6600,395.784698,6547600,0,1,913.065485
2024-07-17,411.9300,397.977844,4490600,0,1,918.124946
2024-07-18,406.7200,392.944244,4922200,0,1,906.512704
2024-07-19,402.9500,389.487762,4284500,0.194,1,898.542382
2024-07-22,404.1500,390.647614,2314000,0,1,901.218274
2024-07-23,403.4900,390.009674,1693500,0,1,899.746533
2024-07-24,398.6700,385.350677,3701300,0,1,888.998365
2024-07-25,399.4900,386.143280,4179800,0,1,890.826892
2024-07-26,405.9700,392.406830,2810600,0,1,905.276711
2024-07-29,405.5100,391.962311,2039000,0,1,904.250952
2024-07-30,407.4100,393.798706,2576400,0,1,908.487782
2024-07-31,408.4900,394.842651,5634800,0,1,910.896085
2024-08-01,403.2300,389.758453,5497900,0,1,899.166756
2024-08-02,397.1300,383.862244,4844900,0,1,885.564303
2024-08-05,386.8100,373.886932,8680200,0,1,862.551628
2024-08-06,389.9600,376.931732,4058000,0,1,869.575846
2024-08-07,387.7700,374.814880,3969400,0,1,864.692342
2024-08-08,394.5200,381.339294,2993500,0,1,879.744237
2024-08-09,395.1500,381.948273,3380200,0,1,881.149081
2024-08-12,393.7700,380.614471,1902000,0,1,878.071804
2024-08-13,397.7900,384.500092,3510800,0,1,887.036044
2024-08-14,400.0900,386.723267,5230400,0,1,892.164838
2024-08-15,405.8800,392.319855,3764100,0,1,905.076019
2024-08-16,406.7400,393.468109,2789200,0.327,1,907.722922
2024-08-19,409.1100,395.760773,2012400,0,1,913.012059
2024-08-20,408.5600,395.228668,1999600,0,1,911.784622
2024-08-21,408.9900,395.644653,1439000,0,1,912.744254
2024-08-22,407.4800,394.183990,2353500,0,1,909.374383
2024-08-23,411.8300,398.391998,3818300,0,1,919.082291
2024-08-26,412.7200,399.252960,3145000,0,1,921.068507
2024-08-27,412.8900,399.417450,1710200,0,1,921.447897
2024-08-28,411.3400,397.918060,2732600,0,1,917.988757
2024-08-29,413.9100,400.404175,5024800,0,1,923.724234
2024-08-30,416.2100,402.629089,2283800,0,1,928.857151
2024-09-03,410.2500,396.863617,3754700,0,1,915.556200
2024-09-04,410.4200,397.028015,2131200,0,1,915.935590
2024-09-05,408.4600,395.131897,2234700,0,1,911.561452
2024-09-06,404.4700,391.272186,3351000,0,1,902.656956
2024-09-09,409.0500,395.702789,3038200,0,1,912.878157
2024-09-10,408.2600,394.938507,1970500,0,1,911.115111
2024-09-11,409.2700,395.915527,3134600,0,1,913.369131
2024-09-12,411.9700,398.527496,3131600,0,1,919.394730
2024-09-13,414.9400,401.400482,5210300,0,1,926.022888
2024-09-16,417.3800,403.760956,3881100,0,1,931.468244
2024-09-17,417.2600,403.644928,2561700,0,1,931.200439
2024-09-18,416.1900,402.609802,3173600,0,1,928.812517
2024-09-19,421.4100,407.659454,4073000,0,1,940.462007
2024-09-20,420.5700,408.055267,2902200,1.248,1,941.372542
2024-09-23,421.1100,408.579285,2318700,0,1,942.581238
2024-09-24,422.1300,409.568848,2790700,0,1,944.864330
2024-09-25,419.1200,406.648468,2048000,0,1,938.126970
2024-09-26,421.6200,409.074036,2703700,0,1,943.722784
2024-09-27,422.9500,410.364502,3667700,0,1,946.699757
2024-09-30,423.1200,410.529419,3819800,0,1,947.080272
2024-10-01,421.5000,408.957672,5101300,0,1,943.454185
2024-10-02,421.9100,409.355469,2599600,0,1,944.371898
2024-10-03,419.9800,407.482880,2534400,0,1,940.051930
2024-10-04,423.4100,410.810852,2520900,0,1,947.729386
2024-10-07,419.6100,407.123901,2632600,0,1,939.223750
2024-10-08,420.8000,408.278473,1872900,0,1,941.887357
2024-10-09,425.0500,412.401978,3935100,0,1,951.400240
2024-10-10,424.6600,412.023590,2179000,0,1,950.527293
2024-10-11,428.7300,415.972443,3753500,0,1,959.637278
2024-10-14,430.8900,418.068207,2180600,0,1,964.472061
2024-10-15,427.5400,414.817963,3291200,0,1,956.973670
2024-10-16,430.7200,417.903320,2583700,0,1,964.091545
2024-10-17,432.4500,419.581787,3462800,0,1,967.963849
2024-10-18,432.6400,419.910858,2303700,0.149,1,968.722641
2024-10-21,429.3700,416.737183,2702600,0,1,961.400796
2024-10-22,429.3100,416.678741,2306100,0,1,961.266450
2024-10-23,425.1600,412.650879,4006500,0,1,951.974200
2024-10-24,423.7800,411.311584,1936600,0,1,948.884247
2024-10-25,421.1400,408.749146,2518800,0,1,942.973033
2024-10-28,424.0700,411.592987,2912000,0,1,949.533585
2024-10-29,422.5000,410.069214,2697700,0,1,946.018204
2024-10-30,421.7500,409.341278,2933600,0,1,944.338882
2024-10-31,417.6700,405.381287,4297100,0,1,935.203369
2024-11-01,420.4200,408.050354,3856400,0,1,941.360884
2024-11-04,418.0500,405.750092,3125400,0,1,936.054225
2024-11-05,422.3000,409.875000,3093100,0,1,945.570385
2024-11-06,437.2300,424.365784,7271800,0,1,979.000093
2024-11-07,437.3900,424.521118,4267900,0,1,979.358348
2024-11-08,440.1100,427.161102,5014300,0,1,985.448691
2024-11-11,443.0100,429.975769,4065100,0,1,991.942070
2024-11-12,439.3900,426.462250,3483000,0,1,983.836541
2024-11-13,439.8100,426.869904,2631000,0,1,984.776962
2024-11-14,437.7000,424.822021,2528300,0,1,980.052468
2024-11-15,434.5100,421.982269,3486900,0.266,1,973.505351
2024-11-18,434.1900,421.671570,2243000,0,1,972.788401
2024-11-19,432.8400,420.360382,3202500,0,1,969.763771
2024-11-20,434.2900,421.768677,3956000,0,1,973.012448
2024-11-21,438.9700,426.313751,7558000,0,1,983.497834
2024-11-22,443.1600,430.382874,5492800,0,1,992.885391
2024-11-25,447.5600,434.656067,2976100,0,1,1002.743446
2024-11-26,448.8800,435.938019,4126500,0,1,1005.700863
2024-11-27,447.7400,434.830811,2985900,0,1,1003.146730
2024-11-29,450.0900,437.113068,3474100,0,1,1008.411828
2024-12-02,448.7400,435.802032,2661200,0,1,1005.387197
2024-12-03,447.8900,434.976532,1697400,0,1,1003.482800
2024-12-04,450.9400,437.938629,3694400,0,1,1010.316225
2024-12-05,448.6700,435.734009,1917600,0,1,1005.230364
2024-12-06,447.1500,434.257812,1973900,0,1,1001.824855
2024-12-09,445.0800,432.247559,1998600,0,1,997.187088
2024-12-10,443.6900,430.897644,2461000,0,1,994.072838
2024-12-11,442.5100,429.751678,2084300,0,1,991.429087
2024-12-12,440.2700,427.576202,3585300,0,1,986.410441
2024-12-13,439.3700,426.702087,2548400,0,1,984.394021
2024-12-16,438.3700,425.730988,1987500,0,1,982.153554
2024-12-17,435.5700,423.011810,3130300,0,1,975.880246
2024-12-18,424.2200,411.988922,6135700,0,1,950.450944
2024-12-19,424.5300,412.289978,4948000,0,1,951.145489
2024-12-20,428.5400,417.386871,6069600,1.223,1,962.869853
2024-12-23,428.8900,417.727631,2602700,0,1,963.656255
2024-12-24,432.5000,421.243713,1431700,0,1,971.767423
2024-12-26,433.2100,421.935303,1867400,0,1,973.362695
2024-12-27,430.0000,418.808807,2429100,0,1,966.150271
2024-12-30,425.7700,414.688812,3858300,0,1,956.646048
2024-12-31,425.5000,414.425842,2442700,0,1,956.039396
2025-01-02,423.8000,412.770172,4231500,0,1,952.219732
2025-01-03,427.1600,416.042725,2203200,0,1,959.769185
2025-01-06,427.1300,416.013519,3463300,0,1,959.701779
2025-01-07,425.3300,414.260315,2053900,0,1,955.657429
2025-01-08,426.1300,415.039551,2020200,0,1,957.454918
2025-01-10,419.3300,408.416504,3415500,0,1,942.176263
2025-01-13,422.9600,411.952057,2608100,0,1,950.332369
2025-01-14,425.1500,414.085083,2643300,0,1,955.252994
2025-01-15,432.2400,420.990448,4059800,0,1,971.183239
2025-01-16,431.5600,420.328217,2532500,0,1,969.655374
2025-01-17,434.7200,423.565002,2771000,0.162,1,977.119446
2025-01-21,440.1000,428.806915,2113800,0,1,989.212064
2025-01-22,441.2800,429.956543,3724100,0,1,991.864348
2025-01-23,445.3800,433.951447,2352500,0,1,1001.079911
2025-01-24,444.1200,432.723785,2022000,0,1,998.247811
2025-01-27,447.1200,435.646820,3822400,0,1,1004.990907
2025-01-28,448.4100,436.903625,2233500,0,1,1007.890438
2025-01-29,447.1800,435.705231,2225100,0,1,1005.125768
2025-01-30,448.8200,437.303162,2322600,0,1,1008.811994
2025-01-31,445.3900,433.961121,3085400,0,1,1001.102388
2025-02-03,444.2700,432.869904,4527700,0,1,998.584966
2025-02-04,445.5300,434.097626,1890500,0,1,1001.417066
2025-02-05,448.6700,437.156921,2273400,0,1,1008.474839
2025-02-06,447.3600,435.880615,1867200,0,1,1005.530354
2025-02-07,443.1200,431.749420,2259200,0,1,996.000113
2025-02-10,444.7800,433.366852,1858100,0,1,999.731292
2025-02-11,446.1100,434.662689,1436200,0,1,1002.720731
2025-02-12,443.6300,432.246368,2444500,0,1,997.146439
2025-02-13,447.2600,435.783173,2961500,0,1,1005.305584
2025-02-14,445.7900,434.350922,2005400,0,1,1002.001468
2025-02-18,445.9200,434.477600,2451200,0,1,1002.293668
2025-02-19,446.6700,435.208374,2239400,0,1,1003.979442
2025-02-20,442.3900,431.038177,2960000,0,1,994.359293
2025-02-21,434.1500,423.640717,3842200,0.659,1,977.319492
2025-02-24,434.5300,424.011475,3629300,0,1,978.174914
2025-02-25,436.1300,425.572784,2953100,0,1,981.776690
2025-02-26,434.3400,423.826080,2427800,0,1,977.747203
2025-02-27,432.3500,421.884216,3296900,0,1,973.267493
2025-02-28,438.3700,427.758423,3249900,0,1,986.819177
2025-03-03,432.0900,421.630524,3925200,0,1,972.682205
2025-03-04,425.5700,415.268402,3586900,0,1,958.004966
2025-03-05,430.4700,420.049744,3018300,0,1,969.035406
2025-03-06,425.9000,415.590363,2824100,0,1,958.747833
2025-03-07,428.2600,417.893280,3719500,0,1,964.060453
2025-03-10,419.4900,409.335510,3442800,0,1,944.318216
2025-03-11,414.7400,404.700531,3893400,0,1,933.625443
2025-03-12,413.9500,403.929596,2960500,0,1,931.847066
2025-03-13,408.7800,398.884827,2557200,0,1,920.208826
2025-03-14,415.3600,405.305450,2422700,0,1,935.021131
2025-03-17,419.2100,409.062256,2141000,0,1,943.687905
2025-03-18,416.5300,406.447174,1844100,0,1,937.654930
2025-03-19,420.4200,410.243011,1813800,0,1,946.411749
2025-03-20,420.1200,409.950348,1646500,0,1,945.736416
2025-03-21,419.6200,410.244537,2485700,0.801,1,946.414000
2025-03-24,425.4900,415.983459,2474900,0,1,959.653240
2025-03-25,425.8200,416.306030,3997600,0,1,960.397525
2025-03-26,424.2300,414.751526,2442100,0,1,956.811427
2025-03-27,422.9400,413.490356,1646000,0,1,953.901952
2025-03-28,415.6200,406.333923,2600600,0,1,937.392371
2025-03-31,419.8800,410.498779,2985300,0,1,947.000406
2025-04-01,419.5900,410.215179,2384800,0,1,946.346338
2025-04-02,422.0300,412.600708,2299800,0,1,951.849531
2025-04-03,405.2200,396.166260,7440100,0,1,913.936135
2025-04-04,383.2200,374.657867,8667200,0,1,864.317175
2025-04-07,379.5700,371.089386,12718200,0,1,856.084938
2025-04-08,376.4800,368.068481,7283000,0,1,849.115730
2025-04-09,406.0800,397.007050,9861100,0,1,915.875785
2025-04-10,395.6800,386.839386,6624200,0,1,892.419550
2025-04-11,401.9100,392.930267,3789900,0,1,906.470737
2025-04-14,405.4200,396.361877,2286200,0,1,914.387216
2025-04-15,403.7100,394.690033,2387300,0,1,910.530470
2025-04-16,396.7700,387.905060,3004400,0,1,894.877944
2025-04-17,391.3600,382.806030,4537500,0.197,1,883.120505
2025-04-21,381.6200,373.278900,2881800,0,1,861.141781
2025-04-22,391.8700,383.304901,3308100,0,1,884.271342
2025-04-23,395.9100,387.256561,4049200,0,1,893.387774
2025-04-24,400.9800,392.215851,4010500,0,1,904.828445
2025-04-25,401.0200,392.254852,1790800,0,1,904.918707
2025-04-28,402.2700,393.477570,1534700,0,1,907.739385
2025-04-29,405.2100,396.353302,1888100,0,1,914.373620
2025-04-30,406.3400,397.458710,2487400,0,1,916.923513
2025-05-01,407.4200,398.515076,1917600,0,1,919.360579
2025-05-02,413.0400,404.012207,2277700,0,1,932.042349
2025-05-05,412.2600,403.249207,3866000,0,1,930.282245
2025-05-06,408.2400,399.317078,1745600,0,1,921.210944
2025-05-07,411.0500,402.065674,2420600,0,1,927.551829
2025-05-08,413.8800,404.833862,2001000,0,1,933.937844
2025-05-09,412.4200,403.405731,1789200,0,1,930.643292
2025-05-12,424.2300,414.957550,2398600,0,1,957.293060
2025-05-13,421.5100,412.297058,3018000,0,1,951.155264
2025-05-14,420.5500,411.358002,3064800,0,1,948.988983
2025-05-15,423.4800,414.223999,3927000,0,1,955.600653
2025-05-16,426.5500,417.544312,2430300,0.322,1,963.254846
2025-05-19,428.0400,419.002899,3121500,0,1,966.619632
2025-05-20,426.9700,417.955536,1971000,0,1,964.203309
2025-05-21,418.7500,409.909027,3624800,0,1,945.640527
2025-05-22,418.8200,409.977600,2638600,0,1,945.798604
2025-05-23,416.3300,407.540100,3117800,0,1,940.175571
2025-05-27,423.8500,414.901428,3126600,0,1,957.157581
2025-05-28,421.4200,412.522705,1790900,0,1,951.670044
2025-05-29,422.4600,413.540710,2751400,0,1,954.018619
2025-05-30,422.8500,413.922485,2957500,0,1,954.899335
2025-06-02,423.7100,414.764343,2636100,0,1,956.841427
2025-06-03,426.0100,417.015839,2332600,0,1,962.035393
2025-06-04,424.9400,415.968384,2163300,0,1,959.619070
2025-06-05,423.9700,415.018829,3018800,0,1,957.428571
2025-06-06,428.3800,419.335754,3081100,0,1,967.387436
2025-06-09,428.3600,419.316162,2680200,0,1,967.342271
2025-06-10,429.6100,420.539764,2022600,0,1,970.165079
2025-06-11,429.6000,420.529938,3025000,0,1,970.142496
2025-06-12,430.4900,421.401154,2587700,0,1,972.152335
2025-06-13,422.8100,413.883362,4826100,0,1,954.809006
2025-06-16,426.2800,417.280029,3177100,0,1,962.645119
2025-06-17,423.1100,414.176971,2450200,0,1,955.486479
2025-06-18,422.8400,413.912628,2786700,0,1,954.876753
2025-06-20,421.7600,414.029480,3810500,1.199,1,955.145484
2025-06-23,425.7200,417.916962,4315000,0,1,964.113561
2025-06-24,430.7900,422.894043,4958200,0,1,975.595417
2025-06-25,429.8600,421.980988,3265500,0,1,973.489278
2025-06-26,433.9300,425.976410,2444800,0,1,982.706468
2025-06-27,438.0000,429.971893,3621000,0,1,991.923658
2025-06-30,440.6500,432.573273,2827800,0,1,997.925023
2025-07-01,444.8900,436.735535,4520300,0,1,1007.527206
2025-07-02,444.7100,436.558868,3141700,0,1,1007.119566
2025-07-03,448.0900,439.876923,2807100,0,1,1014.774137
2025-07-07,444.0000,435.861847,3657500,0,1,1005.511653
2025-07-08,442.3800,434.271576,3563200,0,1,1001.842895
2025-07-09,444.5200,436.372314,3251900,0,1,1006.689280
2025-07-10,446.5000,438.316040,2262600,0,1,1011.173318
2025-07-11,443.5700,435.439819,3345500,0,1,1004.537847
2025-07-14,444.5800,436.431213,2244700,0,1,1006.825160
2025-07-15,440.1500,432.082458,3810700,0,1,996.792690
2025-07-16,442.3600,434.251923,4230300,0,1,1001.797601
2025-07-17,445.2200,437.059540,3790800,0,1,1008.274546
2025-07-18,443.2600,435.312469,3901900,0.181,1,1004.245705
2025-07-21,443.4400,435.489136,2548800,0,1,1004.653512
2025-07-22,444.9600,436.981964,3091600,0,1,1008.097209
2025-07-23,450.2100,442.137756,5486500,0,1,1019.991560
2025-07-24,447.1100,439.093414,5078300,0,1,1012.968229
2025-07-25,449.0200,440.969086,3710600,0,1,1017.295507
2025-07-28,448.3400,440.301392,2864200,0,1,1015.754906
2025-07-29,446.4800,438.474670,3146200,0,1,1011.540907
2025-07-30,444.7600,436.785522,3765000,0,1,1007.644091
2025-07-31,441.3300,433.416962,4223300,0,1,999.873115
2025-08-01,435.7200,427.907654,5980000,0,1,987.163152
2025-08-04,441.8100,433.888428,5065800,0,1,1000.960599
2025-08-05,441.1400,433.230469,4081600,0,1,999.442653
2025-08-06,441.9700,434.045563,2975300,0,1,1001.323093
2025-08-07,439.7200,431.835876,5205100,0,1,996.225514
2025-08-08,441.9200,433.996460,3684500,0,1,1001.209814
2025-08-11,440.0100,432.120728,3538100,0,1,996.882536
2025-08-12,444.6800,436.706909,5012600,0,1,1007.462844
2025-08-13,449.4200,441.361969,6203200,0,1,1018.201744
2025-08-14,449.1600,441.106628,4553200,0,1,1017.612690
2025-08-15,449.5300,441.731598,5584400,0.266,1,1019.053606
2025-08-18,449.0500,441.259888,3809100,0,1,1017.965479
2025-08-19,449.2900,441.495850,5794900,0,1,1018.509542
2025-08-20,449.3600,441.564575,4731400,0,1,1018.668227
2025-08-21,447.9500,440.179016,3780700,0,1,1015.471854
2025-08-22,456.6400,448.718262,8534700,0,1,1035.171487
2025-08-25,453.0700,445.210144,3898200,0,1,1027.078542
2025-08-26,454.4900,446.605560,3190500,0,1,1030.297585
2025-08-27,456.0300,448.118835,2943900,0,1,1033.788659
2025-08-28,456.7900,448.865662,3576500,0,1,1035.511527
2025-08-29,456.0900,448.177795,3605900,0,1,1033.924675
2025-09-02,453.6100,445.740845,6009200,0,1,1028.302685
2025-09-03,453.2600,445.396912,3948200,0,1,1027.509259
2025-09-04,457.0500,449.121155,4524200,0,1,1036.100929
2025-09-05,454.9900,447.096893,5828200,0,1,1031.431050
2025-09-08,456.2000,448.285889,4395200,0,1,1034.174037
2025-09-09,458.0100,450.064514,5979400,0,1,1038.277183
2025-09-10,455.9300,448.020569,5412200,0,1,1033.561966
2025-09-11,461.9200,453.906677,6352100,0,1,1047.140884
2025-09-12,459.3200,451.351746,3784600,0,1,1041.246863
2025-09-15,460.0700,452.088745,4862200,0,1,1042.947061
2025-09-16,458.7800,450.821106,4526100,0,1,1040.022720
2025-09-17,461.2600,453.258148,5998000,0,1,1045.644709
2025-09-18,462.6300,454.604340,6681000,0,1,1048.750405
2025-09-19,462.9400,456.208679,5871400,1.318,1,1052.440969
2025-09-22,463.6700,456.928101,4074900,0,1,1054.100540
2025-09-23,462.8700,456.139679,5904600,0,1,1052.281832
2025-09-24,461.0200,454.316559,4588800,0,1,1048.076069
2025-09-25,459.4300,452.749695,4767200,0,1,1044.461387
2025-09-26,462.2800,455.558258,4167200,0,1,1050.940535
2025-09-29,463.0400,456.307190,3752700,0,1,1052.668308
2025-09-30,463.7400,456.997070,4253300,0,1,1054.259677
2025-10-01,464.2600,457.509521,4551600,0,1,1055.441838
2025-10-02,465.1100,458.347107,5458300,0,1,1057.374215
2025-10-03,467.5100,460.712250,9693900,0,1,1062.830340
2025-10-06,466.8400,460.051941,7405400,0,1,1061.307172
2025-10-07,465.9700,459.194641,7368700,0,1,1059.329326
2025-10-08,466.0700,459.293213,4621200,0,1,1059.556665
2025-10-09,463.5000,456.760559,5411000,0,1,1053.714065
2025-10-10,454.8700,448.255981,9309100,0,1,1034.094750
2025-10-13,460.6800,453.981476,6272500,0,1,1047.303118
2025-10-14,462.7100,455.981964,7827400,0,1,1051.918091
2025-10-15,462.7100,455.981964,6187100,0,1,1051.918091
2025-10-16,459.5600,452.877808,8149500,0,1,1044.756927
2025-10-17,461.7800,455.219086,8439900,0.155,1,1050.156217
2025-10-20,467.0200,460.384644,4556600,0,1,1062.072754
2025-10-21,469.2200,462.553345,5951600,0,1,1067.075881
2025-10-22,465.7800,459.162231,7604700,0,1,1059.252810
2025-10-23,467.2900,460.650848,5144200,0,1,1062.686774
2025-10-24,472.2100,465.500885,7228900,0,1,1073.875584
2025-10-27,475.3500,468.596283,4720200,0,1,1081.016410
2025-10-28,477.1500,470.370697,9435500,0,1,1085.109877
2025-10-29,476.3700,469.601776,10006500,0,1,1083.336041
2025-10-30,475.0100,468.261169,9338300,0,1,1080.243199
2025-10-31,475.6700,468.911774,7990900,0,1,1081.744137
2025-11-03,473.4700,466.742950,4858700,0,1,1076.741011
2025-11-04,470.9000,464.209442,6013300,0,1,1070.896450
2025-11-05,473.1100,466.388092,7030200,0,1,1075.922318
2025-11-06,469.2800,462.612549,7125200,0,1,1067.212329
2025-11-07,469.8600,463.184296,8604400,0,1,1068.531335
2025-11-10,473.8200,467.088013,5636600,0,1,1077.536963
2025-11-11,479.4100,472.598572,4839100,0,1,1090.249452
2025-11-12,482.7600,475.901001,7066900,0,1,1097.867849
2025-11-13,474.7400,467.994934,8722300,0,1,1079.629179
2025-11-14,471.8000,465.096741,10940200,0,1,1072.943183
2025-11-17,466.3200,459.694611,7599500,0,1,1060.480850
2025-11-18,461.3000,454.745850,12817500,0,1,1049.064626
2025-11-19,461.7600,455.199371,5833400,0,1,1050.110734
2025-11-20,458.1000,451.591431,13414200,0,1,1041.787351
2025-11-21,462.5700,456.571899,11821400,0.576,1,1053.262704
2025-11-24,464.4400,458.417725,6206800,0,1,1057.520656
2025-11-25,471.1800,465.070282,7203600,0,1,1072.867503
2025-11-26,474.3500,468.199219,5689100,0,1,1080.085530
2025-11-28,477.1800,470.992462,2281800,0,1,1086.529383
2025-12-01,473.3200,467.182526,4413900,0,1,1077.740240
2025-12-02,475.2600,469.097382,5233500,0,1,1082.157582
2025-12-03,479.4100,473.193604,5994200,0,1,1091.607049
2025-12-04,479.0700,472.858002,4003800,0,1,1090.832876
2025-12-05,480.0300,473.805603,4596600,0,1,1093.018777
2025-12-08,478.1500,471.949921,4427600,0,1,1088.738054
2025-12-09,476.4200,470.242401,4266900,0,1,1084.798879
2025-12-10,481.3500,475.108398,5476200,0,1,1096.024391
2025-12-11,487.8700,481.543854,6972300,0,1,1110.870301
2025-12-12,485.4000,479.105896,7089900,0,1,1105.246160
2025-12-15,485.1700,478.878906,4891300,0,1,1104.722455
2025-12-16,481.9800,475.730255,5373200,0,1,1097.458888
2025-12-17,479.8000,473.578491,6381600,0,1,1092.495071
2025-12-18,480.5100,474.279358,6422800,0,1,1094.111727
2025-12-19,481.1500,475.945099,6439100,1.044,1,1097.946162
2025-12-22,483.4600,478.230103,4162000,0,1,1103.217399
2025-12-23,484.2300,478.991791,3677800,0,1,1104.974478
2025-12-24,487.0100,481.741699,1544000,0,1,1111.318217
2025-12-26,487.0300,481.761505,2711500,0,1,1111.363856
2025-12-29,484.5900,479.347839,3390100,0,1,1105.795969
2025-12-30,483.5900,478.358704,3042700,0,1,1103.514048
2025-12-31,480.5700,475.371368,3441900,0,1,1096.622648
2026-01-02,483.6300,478.398254,7021100,0,1,1103.605325
2026-01-05,489.7700,484.471832,7574400,0,1,1117.616319
2026-01-06,494.6100,489.259491,6061400,0,1,1128.660815
2026-01-07,489.9600,484.659790,5603700,0,1,1118.049884
2026-01-08,492.5300,487.201996,6544800,0,1,1123.914420
2026-01-09,495.0200,489.665070,6004600,0,1,1129.596402
2026-01-12,495.9000,490.535553,5722400,0,1,1131.604493
2026-01-13,491.9400,486.618408,5966400,0,1,1122.568087
2026-01-14,491.5800,486.262329,6767800,0,1,1121.746595
2026-01-15,494.4800,489.130920,8519900,0,1,1128.364165
2026-01-16,493.4200,488.259155,5845500,0.179,1,1126.353793
2026-01-20,484.8800,479.808441,7416300,0,1,1106.859120
2026-01-21,490.8000,485.666504,6718600,0,1,1120.372992
2026-01-22,493.6900,488.526306,5087200,0,1,1126.970135
2026-01-23,490.9300,485.795135,4915700,0,1,1120.669749
2026-01-26,494.0600,488.892395,3722800,0,1,1127.814752
2026-01-27,490.0600,484.934296,5971400,0,1,1118.683758
2026-01-28,490.1300,485.003540,4726500,0,1,1118.843550
2026-01-29,490.2100,485.082703,9706500,0,1,1119.026170
2026-01-30,489.0300,483.915039,8112100,0,1,1116.332527
2026-02-02,494.0300,488.862701,5584500,0,1,1127.746270
2026-02-03,492.3100,487.160706,8799100,0,1,1123.819942
2026-02-04,494.7500,489.575256,8797100,0,1,1129.389849
2026-02-05,488.9100,483.796295,7767500,0,1,1116.058597
2026-02-06,501.0300,495.789520,10635300,0,1,1143.725510
2026-02-09,501.2200,495.977539,6414800,0,1,1144.159232
2026-02-10,501.9000,496.650421,8163100,0,1,1145.711501
2026-02-11,501.3300,496.086365,5743800,0,1,1144.410334
2026-02-12,494.6700,489.496063,9160300,0,1,1129.207229
2026-02-13,495.2800,490.099640,8378100,0,1,1130.599705
2026-02-17,495.8500,490.663696,6779400,0,1,1131.900872
2026-02-18,497.0000,491.801697,4454300,0,1,1134.526033
2026-02-19,494.3800,489.209076,4625400,0,1,1128.545232
2026-02-20,496.0800,491.500732,6086800,0.613,1,1133.825229
2026-02-23,488.0100,483.505249,8269200,0,1,1115.380685
2026-02-24,491.7900,487.250366,5335000,0,1,1124.020137
2026-02-25,494.8200,490.252411,4446200,0,1,1130.945412
2026-02-26,494.8600,490.291962,6467000,0,1,1131.036835
2026-02-27,489.6600,485.140015,7198400,0,1,1119.151874
2026-03-02,489.1800,484.664429,7218500,0,1,1118.054801
2026-03-03,485.5200,481.038269,11570700,0,1,1109.689617
2026-03-04,487.7400,483.237701,7590700,0,1,1114.763581
2026-03-05,479.8400,475.410645,8758600,0,1,1096.707583
2026-03-06,475.2300,470.843231,8206100,0,1,1086.171109
2026-03-09,477.8800,473.468689,10305600,0,1,1092.227867
2026-03-10,477.7000,473.290405,6265600,0,1,1091.816465
2026-03-11,474.8100,470.427032,6701700,0,1,1085.211170
2026-03-12,467.4800,463.164764,8000200,0,1,1068.457947
2026-03-13,466.4100,462.104645,7471700,0,1,1066.012387
2026-03-16,470.3000,465.958679,7059900,0,1,1074.903252
2026-03-17,470.9000,466.553162,6189400,0,1,1076.274594
2026-03-18,463.0000,458.726105,7090700,0,1,1058.218596
2026-03-19,461.0600,456.804047,7882800,0,1,1053.784591
2026-03-20,455.8900,452.657623,10543300,0.994,1,1044.240054
2026-03-23,461.9700,458.694458,9978100,0,1,1058.166614
2026-03-24,461.1700,457.900177,8188000,0,1,1056.334172
2026-03-25,464.1400,460.849091,7019700,0,1,1063.137113
2026-03-26,459.3100,456.053345,8284000,0,1,1052.073744
2026-03-27,451.3900,448.189545,6938500,0,1,1033.932567
2026-03-30,452.0600,448.854767,9181600,0,1,1035.467237
2026-03-31,463.1900,459.905853,11656300,0,1,1060.961088
2026-04-01,465.4800,462.179626,7790300,0,1,1066.206454
2026-04-02,465.0600,461.762573,3955900,0,1,1065.244422
2026-04-06,466.7700,463.460480,2905300,0,1,1069.161267
2026-04-07,465.8800,462.576782,3943200,0,1,1067.122675
2026-04-08,479.1600,475.762634,4697500,0,1,1097.541214
2026-04-09,481.9000,478.483185,4213700,0,1,1103.817329
2026-04-10,479.2500,475.851990,2659000,0,1,1097.747364
2026-04-13,482.1300,478.711548,3768700,0,1,1104.344156
2026-04-14,485.4900,482.047699,4217900,0,1,1112.040413
2026-04-15,484.7200,481.283203,3474500,0,1,1110.276687
2026-04-16,485.6300,482.186737,4111500,0,1,1112.361090
2026-04-17,494.2200,490.924072,10238700,0.206,1,1132.508791
2026-04-20,494.3300,491.033325,3764000,0,1,1132.760857
2026-04-21,491.3600,488.083130,4322200,0,1,1125.955080
2026-04-22,494.7600,491.460480,4022400,0,1,1133.746205
2026-04-23,493.0000,489.712219,4077300,0,1,1129.713152
2026-04-24,492.2100,488.927490,3372300,0,1,1127.902862
2026-04-27,491.8300,488.550018,2132100,0,1,1127.032089
2026-04-28,491.4200,488.142761,3057100,0,1,1126.092571
2026-04-29,488.6700,485.411102,3322300,0,1,1119.790925
2026-04-30,496.6500,493.337891,5352300,0,1,1138.077154
2026-05-01,495.0200,491.718781,4402600,0,1,1134.341997
2026-05-04,489.5600,486.295166,3310400,0,1,1121.830367
2026-05-05,492.9600,489.672485,3386200,0,1,1129.621492
2026-05-06,499.0500,495.721863,4317300,0,1,1143.576772
2026-05-07,495.9100,492.602844,4490500,0,1,1136.381439
2026-05-08,496.1300,492.821411,3495200,0,1,1136.885571
2026-05-11,497.1100,493.794800,4249100,0,1,1139.131248
2026-05-12,497.8900,494.569641,7445700,0,1,1140.918624
2026-05-13,497.1400,493.824615,3256800,0,1,1139.199993
2026-05-14,500.8000,497.460175,4920500,0,1,1147.586910
2026-05-15,495.3700,492.337738,5300700,0.276,1,1135.776481
2026-05-18,497.0100,493.967712,5496200,0,1,1139.536647
2026-05-19,493.9800,490.956268,5361300,0,1,1132.589511
2026-05-20,500.2400,497.177917,6516100,0,1,1146.942340
2026-05-21,503.1100,500.030365,6576000,0,1,1153.522630
2026-05-22,506.1200,503.021973,5172200,0,1,1160.423911
2026-05-26,505.2500,502.157257,3897800,0,1,1158.429188
2026-05-27,506.8800,503.777313,4247800,0,1,1162.166426
2026-05-28,507.0500,503.946228,3709600,0,1,1162.556200
2026-05-29,510.7800,507.653381,5346700,0,1,1171.108285
2026-06-01,511.4400,508.309387,4424800,0,1,1172.621522
2026-06-02,514.0500,510.903412,5078000,0,1,1178.605689
2026-06-03,508.2600,505.148865,4098000,0,1,1165.330469
2026-06-04,516.7000,513.537231,6390700,0,1,1184.681567
2026-06-05,509.7000,506.580017,6610700,0,1,1168.632078
2026-06-08,508.9100,505.794891,4825700,0,1,1166.820778
2026-06-09,509.4100,506.291779,6249400,0,1,1167.967170
2026-06-10,500.2500,497.187866,5153400,0,1,1146.965268
2026-06-11,509.3600,506.242126,6353900,0,1,1167.852531
2026-06-12,513.0600,509.919464,8384500,0,1,1176.335832
2026-06-15,518.4400,515.266602,5379400,0,1,1188.671011
2026-06-16,521.4400,518.248169,4812600,0,1,1195.549364
2026-06-17,516.3000,513.139587,6563500,0,1,1183.764453
2026-06-18,515.5200,513.762512,7134400,1.405,1,1185.197443
2026-06-22,517.0800,515.317261,6552200,0,1,1188.783935
2026-06-23,516.6200,514.858765,5039200,0,1,1187.726379
2026-06-24,518.5200,516.752319,4395900,0,1,1192.094542
2026-06-25,519.2600,517.489807,5357500,0,1,1193.795826
2026-06-26,517.7500,515.984924,3823600,0,1,1190.324287
2026-06-29,521.6800,519.901489,5733400,0,1,1199.359486
2026-06-30,522.3900,520.609070,3607900,0,1,1200.991799
2026-07-01,522.4000,520.619080,3438400,0,1,1201.014790
2026-07-02,527.8800,526.080383,3518700,0,1,1213.613490
2026-07-06,530.0900,528.282837,3236900,0,1,1218.694353
2026-07-07,528.4500,526.648438,4489200,0,1,1214.923939
2026-07-08,522.7700,520.987793,3575000,0,1,1201.865432
2026-07-09,524.1900,522.402954,3056400,0,1,1205.130058
2026-07-10,525.7800,523.987488,3469400,0,1,1208.785521
2026-07-13,524.4700,522.681946,2723800,0,1,1205.773788
2026-07-14,524.6900,522.901184,3664000,0,1,1206.279575
2026-07-15,525.9500,524.156982,3246900,0,1,1209.176356
2026-07-16,524.8300,523.040771,3173300,0,1,1206.601440
2026-07-17,520.8100,519.181885,4741300,0.149,1,1197.701883
2026-07-20,517.9400,516.320862,2336600,0,1,1191.101771
2026-07-21,521.5100,519.879639,3240700,0,1,1199.311667
2026-07-22,521.4700,519.839783,3204100,0,1,1199.219679
2026-07-23,516.2600,514.646118,4305100,0,1,1187.238291
2026-07-24,518.7600,517.138306,3328400,0,1,1192.987517
2026-07-27,521.2600,519.630493,3355200,0,1,1198.736744
2026-07-28,526.8900,525.242859,5157900,0,1,1211.684002
2026-07-29,515.4100,513.798706,7369400,0,1,1185.283554
2026-07-30,521.5100,519.879639,3225300,0,1,1199.311667
2026-07-31,524.3200,522.680908,3981100,0,1,1205.773797
2026-08-03,531.2200,529.559326,4328000,0,1,1221.641663
2026-08-04,540.4300,538.740540,6705400,0,1,1242.821814
2026-08-05,542.8100,541.113098,5256700,0,1,1248.295077
2026-08-06,538.1900,536.507568,3651800,0,1,1237.670507
2026-08-07,539.6200,537.933105,2230100,0,1,1240.959064
2026-08-10,538.9900,537.304993,3408900,0,1,1239.510259
2026-08-11,537.2800,535.600403,2826800,0,1,1235.577788
2026-08-12,537.1500,535.470825,3167600,0,1,1235.278828
2026-08-13,537.9100,536.228394,2033100,0,1,1237.026593
2026-08-14,536.8000,535.121887,2089100,0,1,1234.473937
2026-08-17,534.1900,532.520020,2668100,0,1,1228.471744
2026-08-18,532.9100,531.244019,3825700,0,1,1225.528140
2026-08-19,534.2700,532.599792,3062700,0,1,1228.655719
2026-08-20,527.5100,525.860962,2868500,0,1,1213.109810
2026-08-21,532.2200,530.996094,3034400,0.437,1,1224.946318
2026-08-24,533.6500,532.422852,4587500,0,1,1228.237576
2026-08-25,535.2400,534.009155,2443900,0,1,1231.897086
2026-08-26,534.2300,533.001465,1761300,0,1,1229.572492
2026-08-27,535.2200,533.989197,2500300,0,1,1231.851055
2026-08-28,535.0600,533.829590,2655400,0,1,1231.482802
2026-08-31,531.5700,530.347595,1744800,0,1,1223.450292
2026-09-01,527.7500,526.536377,3189300,0,1,1214.658261
2026-09-02,530.6200,529.399780,3114500,0,1,1221.263792
2026-09-03,536.9300,535.695251,4806300,0,1,1235.786755
2026-09-04,534.0800,532.851868,2321500,0,1,1229.227255
2026-09-08,528.0300,526.815796,3643200,0,1,1215.302703
2026-09-09,524.0700,522.864868,3782000,0,1,1206.188450
2026-09-10,520.7500,519.552490,4748300,0,1,1198.547208
2026-09-11,525.7900,524.580872,3435700,0,1,1210.147166
2026-09-14,524.4900,523.283875,2698100,0,1,1207.155113
2026-09-15,521.2300,520.031372,3226000,0,1,1199.651966
2026-09-16,515.2200,514.035156,5678700,0,1,1185.819477
2026-09-17,518.3500,517.157959,4204900,0,1,1193.023419
2026-09-18,515.8800,515.880005,2690000,1.192,1,1190.082001
2026-09-21,519.7800,519.780029,3079200,0,1,1199.078899
2026-09-22,518.0000,518.000000,3367800,0,1,1194.972623
2026-09-23,514.3000,514.299988,4171500,0,1,1186.437104
2026-09-24,512.6800,512.679993,2761500,0,1,1182.699931
2026-09-25,517.4900,517.489990,2788600,0,1,1193.796105
2026-09-28,514.0200,514.020020,2433800,0,1,1185.791173
2026-09-29,512.8800,512.880005,2567500,0,1,1183.161310
2026-09-30,508.5500,508.549988,2695300,0,1,1173.172446
2026-10-01,508.6200,508.619995,4411400,0,1,1173.333929
2026-10-02,511.1000,511.100006,3977100,0,1,1179.055034
2026-10-05,512.1100,512.109985,3219900,0,1,1181.385000
2026-10-06,514.5600,514.559998,2791577,0,1,1187.036897
