date,close,adj_close,volume,dividend,split,tr_index
2017-08-09,19.9300,16.920807,10400,0,1,100.000000
2017-08-10,19.8300,16.835903,300,0,1,99.498244
2017-08-11,19.7960,16.807047,3000,0,1,99.327647
2017-08-14,19.9400,16.929298,200,0,1,100.050176
2017-08-15,19.9400,16.929298,300,0,1,100.050176
2017-08-16,19.9550,16.942034,400,0,1,100.125439
2017-08-17,19.7200,16.742512,5200,0,1,98.946312
2017-08-18,19.6600,16.691578,900,0,1,98.645258
2017-08-21,19.6100,16.649126,100,0,1,98.394380
2017-08-22,19.6100,16.649126,0,0,1,98.394380
2017-08-23,19.7160,16.739124,400,0,1,98.926242
2017-08-24,19.7200,16.742512,200,0,1,98.946312
2017-08-25,19.7800,16.793463,200,0,1,99.247366
2017-08-28,19.7800,16.793463,0,0,1,99.247366
2017-08-29,19.7800,16.793463,0,0,1,99.247366
2017-08-30,19.7710,16.785820,500,0,1,99.202208
2017-08-31,19.7710,16.785820,0,0,1,99.202208
2017-09-01,19.7710,16.785820,0,0,1,99.202208
2017-09-05,19.7710,16.785820,0,0,1,99.202208
2017-09-06,19.7710,16.785820,0,0,1,99.202208
2017-09-07,19.7400,16.759502,500,0,1,99.046663
2017-09-08,19.7400,16.759502,0,0,1,99.046663
2017-09-11,19.7400,16.759502,0,0,1,99.046663
2017-09-12,20.0460,17.019297,900,0,1,100.582037
2017-09-13,20.0900,17.056658,7300,0,1,100.802810
2017-09-14,20.0910,17.057505,300,0,1,100.807827
2017-09-15,20.1980,17.148346,3300,0,1,101.344706
2017-09-18,20.2600,17.200985,1500,0,1,101.655795
2017-09-19,20.3200,17.251925,2200,0,1,101.956849
2017-09-20,20.3170,17.249384,1400,0,1,101.941796
2017-09-21,20.2700,17.251932,1100,0.05,1,101.956849
2017-09-22,20.2700,17.251932,0,0,1,101.956849
2017-09-25,20.2170,17.206816,900,0,1,101.690262
2017-09-26,20.2170,17.206816,0,0,1,101.690262
2017-09-27,20.2100,17.200859,500,0,1,101.655053
2017-09-28,20.2330,17.220442,700,0,1,101.770741
2017-09-29,20.2500,17.234907,4100,0,1,101.856250
2017-10-02,20.3800,17.345554,1200,0,1,102.510142
2017-10-03,20.4650,17.417894,6200,0,1,102.937687
2017-10-04,20.4900,17.439175,1600,0,1,103.063435
2017-10-05,20.5830,17.518328,5300,0,1,103.531220
2017-10-06,20.5700,17.507259,700,0,1,103.465830
2017-10-09,20.5700,17.507259,0,0,1,103.465830
2017-10-10,20.6300,17.558336,1300,0,1,103.767627
2017-10-11,20.6500,17.575354,1300,0,1,103.868226
2017-10-12,20.6500,17.575354,0,0,1,103.868226
2017-10-13,20.6400,17.566839,200,0,1,103.817926
2017-10-16,20.7100,17.626421,2100,0,1,104.170022
2017-10-17,20.7500,17.660471,700,0,1,104.371219
2017-10-18,20.8240,17.723442,200,0,1,104.743435
2017-10-19,20.7500,17.660471,100,0,1,104.371219
2017-10-20,21.0000,17.873240,1200,0,1,105.628704
2017-10-23,20.9900,17.864735,900,0,1,105.578405
2017-10-24,21.0900,17.949839,400,0,1,106.081398
2017-10-25,20.9500,17.830687,1900,0,1,105.377207
2017-10-26,21.0990,17.957502,3700,0,1,106.126668
2017-10-27,21.0900,17.949839,34900,0,1,106.081398
2017-10-30,21.0900,17.949839,0,0,1,106.081398
2017-10-31,20.9500,17.830687,1100,0,1,105.377207
2017-11-01,21.0500,17.915796,4800,0,1,105.880201
2017-11-02,21.0840,17.944740,5500,0,1,106.051219
2017-11-03,21.1190,17.974524,2000,0,1,106.227267
2017-11-06,21.0900,17.949839,3700,0,1,106.081398
2017-11-07,21.1100,17.966856,1000,0,1,106.181997
2017-11-08,21.1400,17.992392,1300,0,1,106.332895
2017-11-09,21.0410,17.908138,1200,0,1,105.834931
2017-11-10,21.0410,17.908138,0,0,1,105.834931
2017-11-13,21.0300,17.898773,1000,0,1,105.779602
2017-11-14,20.9450,17.826427,100,0,1,105.352057
2017-11-15,20.9000,17.788130,100,0,1,105.125710
2017-11-16,21.1020,17.960052,900,0,1,106.141758
2017-11-17,21.0160,17.886858,300,0,1,105.709183
2017-11-20,21.0230,17.892817,900,0,1,105.744392
2017-11-21,21.1900,18.034954,100,0,1,106.584392
2017-11-22,21.1700,18.017929,800,0,1,106.483793
2017-11-24,21.1700,18.017929,0,0,1,106.483793
2017-11-27,21.1700,18.017929,200,0,1,106.483793
2017-11-28,21.4400,18.247728,5400,0,1,107.841877
2017-11-29,21.4900,18.290276,600,0,1,108.093374
2017-11-30,21.4900,18.290276,0,0,1,108.093374
2017-12-01,21.6650,18.439228,200,0,1,108.973613
2017-12-04,21.7800,18.537106,1400,0,1,109.552056
2017-12-05,21.6700,18.443483,3300,0,1,108.998763
2017-12-06,21.6220,18.402626,400,0,1,108.757326
2017-12-07,21.6000,18.383904,2600,0,1,108.646667
2017-12-08,21.6000,18.383904,0,0,1,108.646667
2017-12-11,21.8130,18.565191,100,0,1,109.718044
2017-12-12,21.9460,18.678389,2500,0,1,110.387026
2017-12-13,22.0300,18.749878,10700,0,1,110.809540
2017-12-14,22.0300,18.749878,0,0,1,110.809540
2017-12-15,22.0900,18.800941,2700,0,1,111.111337
2017-12-18,22.2300,18.920103,2100,0,1,111.815528
2017-12-19,22.2200,18.911587,9300,0,1,111.765229
2017-12-20,22.1700,18.869030,1300,0,1,111.513732
2017-12-21,22.1100,18.917807,5100,0.117,1,111.800438
2017-12-22,22.0450,18.862185,500,0,1,111.471762
2017-12-26,22.0400,18.857916,1000,0,1,111.446479
2017-12-27,22.0400,18.857916,0,0,1,111.446479
2017-12-28,22.1200,18.926365,7600,0,1,111.851004
2017-12-29,22.1300,18.934921,500,0,1,111.901569
2018-01-02,22.1300,18.934921,9200,0,1,111.901569
2018-01-03,22.2400,19.029037,900,0,1,112.457790
2018-01-04,22.3660,19.136839,700,0,1,113.094916
2018-01-05,22.3660,19.136839,0,0,1,113.094916
2018-01-08,22.5400,19.285721,500,0,1,113.974757
2018-01-09,22.5990,19.336206,1300,0,1,114.273094
2018-01-10,22.5200,19.268614,5100,0,1,113.873626
2018-01-11,22.6850,19.409788,200,0,1,114.707957
2018-01-12,22.8050,19.512461,800,0,1,115.314744
2018-01-16,22.8000,19.508184,1300,0,1,115.289461
2018-01-17,23.0400,19.713537,300,0,1,116.503035
2018-01-18,22.9780,19.660488,3500,0,1,116.189528
2018-01-19,22.9500,19.636520,1200,0,1,116.047945
2018-01-22,23.0550,19.726364,1200,0,1,116.578883
2018-01-23,23.1390,19.798237,900,0,1,117.003634
2018-01-24,23.2300,19.876102,3200,0,1,117.463780
2018-01-25,23.2530,19.895784,1300,0,1,117.580081
2018-01-26,23.4100,20.030111,700,0,1,118.373960
2018-01-29,23.4550,20.068615,700,0,1,118.601505
2018-01-30,23.1000,19.764864,4100,0,1,116.806428
2018-01-31,23.0800,19.747757,100,0,1,116.705297
2018-02-01,23.0500,19.722088,5100,0,1,116.553600
2018-02-02,22.5630,19.305403,13500,0,1,114.091058
2018-02-05,21.6400,18.515669,21600,0,1,109.423857
2018-02-06,21.7710,18.627747,2900,0,1,110.086266
2018-02-07,21.9710,18.798870,2600,0,1,111.097577
2018-02-08,21.2000,18.139191,6400,0,1,107.198973
2018-02-09,21.2690,18.198225,4300,0,1,107.547875
2018-02-12,21.7700,18.626898,2100,0,1,110.081209
2018-02-13,21.7700,18.626898,0,0,1,110.081209
2018-02-14,21.7400,18.601225,500,0,1,109.929513
2018-02-15,22.0850,18.896416,1900,0,1,111.674024
2018-02-16,22.2720,19.056416,10600,0,1,112.619600
2018-02-20,22.0000,18.823685,23700,0,1,111.244217
2018-02-21,21.8700,18.712456,4600,0,1,110.586865
2018-02-22,21.9400,18.772354,2200,0,1,110.940824
2018-02-23,22.1910,18.987106,5200,0,1,112.210019
2018-02-26,22.6300,19.362726,31500,0,1,114.429847
2018-02-27,22.4800,19.234390,1300,0,1,113.671364
2018-02-28,22.1800,18.977705,2300,0,1,112.154397
2018-03-01,21.6670,18.538771,1900,0,1,109.560384
2018-03-02,21.6850,18.554171,11600,0,1,109.651402
2018-03-05,22.0100,18.832243,5400,0,1,111.294783
2018-03-06,21.9800,18.806570,3100,0,1,111.143086
2018-03-07,21.7350,18.596945,100,0,1,109.904230
2018-03-08,22.0000,18.823685,300,0,1,111.244217
2018-03-09,22.3700,19.140272,6700,0,1,113.115143
2018-03-12,22.3200,19.097483,1200,0,1,112.862315
2018-03-13,22.1300,18.934921,600,0,1,111.901569
2018-03-14,22.1300,18.934921,0,0,1,111.901569
2018-03-15,22.1770,18.975138,1500,0,1,112.139227
2018-03-16,22.1260,18.931496,1200,0,1,111.881343
2018-03-19,21.7000,18.567001,800,0,1,109.727251
2018-03-20,21.7000,18.567001,0,0,1,109.727251
2018-03-21,21.9110,18.747541,900,0,1,110.794184
2018-03-22,21.2500,18.239407,4000,0.069,1,107.800703
2018-03-23,21.0300,18.050573,5600,0,1,106.684649
2018-03-26,21.3100,18.290907,400,0,1,108.105081
2018-03-27,21.3100,18.290907,0,0,1,108.105081
2018-03-28,21.2810,18.266016,600,0,1,107.957965
2018-03-29,21.4000,18.368156,200,0,1,108.561649
2018-04-02,20.8700,17.913246,162200,0,1,105.872973
2018-04-03,21.2000,18.196493,300,0,1,107.547054
2018-04-04,21.5200,18.471157,136600,0,1,109.170406
2018-04-05,21.6900,18.617067,1200,0,1,110.032812
2018-04-06,21.1500,18.153574,5000,0,1,107.293406
2018-04-09,21.3900,18.359573,300,0,1,108.510919
2018-04-10,21.6100,18.548412,73300,0,1,109.626974
2018-04-11,21.4600,18.419651,23300,0,1,108.866028
2018-04-12,21.7300,18.651403,76300,0,1,110.235731
2018-04-13,21.6700,18.599909,300,0,1,109.931352
2018-04-16,21.8100,18.720066,600,0,1,110.641569
2018-04-17,21.8100,18.720066,100,0,1,110.641569
2018-04-18,22.0300,18.908903,100,0,1,111.757623
2018-04-19,21.8700,18.771570,800,0,1,110.945947
2018-04-20,21.7200,18.642818,600,0,1,110.185001
2018-04-23,21.7100,18.634235,30400,0,1,110.134271
2018-04-24,21.4800,18.436821,700,0,1,108.967487
2018-04-25,21.4000,18.368156,3200,0,1,108.561649
2018-04-26,21.7500,18.668570,400,0,1,110.337190
2018-04-27,21.7300,18.651403,300,0,1,110.235731
2018-04-30,21.7300,18.651403,0,0,1,110.235731
2018-05-01,21.4500,18.411074,1900,0,1,108.815298
2018-05-02,21.4000,18.368156,700,0,1,108.561649
2018-05-03,21.1200,18.127829,6800,0,1,107.141216
2018-05-04,21.1200,18.127829,0,0,1,107.141216
2018-05-07,21.7030,18.628231,31700,0,1,110.098760
2018-05-08,21.5700,18.514072,100,0,1,109.424055
2018-05-09,21.7910,18.703760,700,0,1,110.545182
2018-05-10,22.0500,18.926073,6000,0,1,111.859082
2018-05-11,22.1600,19.020483,11800,0,1,112.417110
2018-05-14,22.2000,19.054819,10000,0,1,112.620028
2018-05-15,22.0000,18.883156,3100,0,1,111.605434
2018-05-16,22.1000,18.968983,300,0,1,112.112731
2018-05-17,22.0400,18.917486,2100,0,1,111.808353
2018-05-18,22.0400,18.917486,2100,0,1,111.808353
2018-05-21,22.2410,19.090004,2000,0,1,112.828020
2018-05-22,22.1700,19.029066,1600,0,1,112.467839
2018-05-23,22.0030,18.885725,800,0,1,111.620653
2018-05-24,22.0800,18.951820,1600,0,1,112.011272
2018-05-25,22.0500,18.926073,900,0,1,111.859082
2018-05-29,21.6810,18.609343,8700,0,1,109.987155
2018-05-30,22.0170,18.897749,8200,0,1,111.691674
2018-05-31,21.9190,18.813627,400,0,1,111.194523
2018-06-01,22.0400,18.917486,28600,0,1,111.808353
2018-06-04,22.1230,18.988728,2500,0,1,112.229409
2018-06-05,22.1230,18.988728,0,0,1,112.229409
2018-06-06,22.2540,19.101164,4500,0,1,112.893969
2018-06-07,22.5100,19.320898,9500,0,1,114.192650
2018-06-08,22.5700,19.372398,4500,0,1,114.497029
2018-06-11,22.5700,19.372398,0,0,1,114.497029
2018-06-12,22.5700,19.372398,0,0,1,114.497029
2018-06-13,22.5400,19.346653,11900,0,1,114.344840
2018-06-14,22.4400,19.260813,400,0,1,113.837542
2018-06-15,22.4400,19.260813,0,0,1,113.837542
2018-06-18,22.2790,19.122623,11200,0,1,113.020793
2018-06-19,21.9800,18.865984,1500,0,1,111.503974
2018-06-20,22.0800,18.951820,700,0,1,112.011272
2018-06-21,21.8160,18.806137,700,0.095,1,111.153939
2018-06-22,21.9400,18.913031,3600,0,1,111.785727
2018-06-25,21.6200,18.637177,1000,0,1,110.155306
2018-06-26,21.6200,18.637177,0,0,1,110.155306
2018-06-27,21.7280,18.730274,300,0,1,110.705573
2018-06-28,21.6200,18.637177,2400,0,1,110.155306
2018-06-29,21.8360,18.823376,800,0,1,111.255840
2018-07-02,21.6100,18.628567,234000,0,1,110.104356
2018-07-03,21.6100,18.628567,0,0,1,110.104356
2018-07-05,21.7760,18.771656,300,0,1,110.950136
2018-07-06,21.8700,18.852686,27700,0,1,111.429072
2018-07-09,22.0900,19.042334,12200,0,1,112.549987
2018-07-10,22.2210,19.155258,2900,0,1,113.217440
2018-07-11,22.0900,19.042334,2200,0,1,112.549987
2018-07-12,22.2200,19.154392,400,0,1,113.212345
2018-07-13,22.2900,19.214737,600,0,1,113.569000
2018-07-16,22.2800,19.206120,100,0,1,113.518049
2018-07-17,22.2800,19.206120,0,0,1,113.518049
2018-07-18,22.2800,19.206120,0,0,1,113.518049
2018-07-19,22.2800,19.206120,0,0,1,113.518049
2018-07-20,22.3000,19.223358,100,0,1,113.619950
2018-07-23,22.2500,19.180254,300,0,1,113.365197
2018-07-24,22.2500,19.180254,0,0,1,113.365197
2018-07-25,22.2500,19.180254,0,0,1,113.365197
2018-07-26,22.8000,19.654377,200,0,1,116.167483
2018-07-27,22.8000,19.654377,400,0,1,116.167483
2018-07-30,22.6200,19.499214,900,0,1,115.250371
2018-07-31,22.6600,19.533695,5100,0,1,115.454174
2018-08-01,22.6900,19.559551,2100,0,1,115.607026
2018-08-02,22.6900,19.559551,0,0,1,115.607026
2018-08-03,22.7600,19.619894,800,0,1,115.963680
2018-08-06,22.7700,19.628517,400,0,1,116.014631
2018-08-07,22.9630,19.794886,1000,0,1,116.997979
2018-08-08,22.9300,19.766443,1400,0,1,116.829841
2018-08-09,22.9300,19.766443,0,0,1,116.829841
2018-08-10,22.7250,19.589724,2900,0,1,115.785353
2018-08-13,22.6300,19.507830,500,0,1,115.301322
2018-08-14,22.7400,19.602657,11300,0,1,115.861779
2018-08-15,22.5430,19.432829,2500,0,1,114.858051
2018-08-16,23.0000,19.826784,600,0,1,117.186496
2018-08-17,23.0000,19.826784,0,0,1,117.186496
2018-08-20,23.2200,20.016430,4000,0,1,118.307410
2018-08-21,23.2500,20.042288,2800,0,1,118.460262
2018-08-22,23.2000,19.999187,20000,0,1,118.205509
2018-08-23,23.0780,19.894022,3900,0,1,117.583911
2018-08-24,23.2100,20.007807,700,0,1,118.256460
2018-08-27,23.3400,20.119875,18800,0,1,118.918818
2018-08-28,23.4200,20.188839,1200,0,1,119.326423
2018-08-29,23.4800,20.240555,7000,0,1,119.632127
2018-08-30,23.3180,20.100912,700,0,1,118.806727
2018-08-31,23.3100,20.094015,300,0,1,118.765966
2018-09-04,23.1900,19.990570,200,0,1,118.154558
2018-09-05,23.2640,20.054359,4000,0,1,118.531593
2018-09-06,23.2640,20.054359,0,0,1,118.531593
2018-09-07,23.2610,20.051771,500,0,1,118.516308
2018-09-10,23.2900,20.076777,1100,0,1,118.664065
2018-09-11,23.3400,20.119875,1200,0,1,118.918818
2018-09-12,23.3400,20.119875,0,0,1,118.918818
2018-09-13,23.4700,20.231936,600,0,1,119.581176
2018-09-14,23.3300,20.228470,7300,0.136,1,119.560796
2018-09-17,23.3930,20.283096,600,0,1,119.883656
2018-09-18,23.4760,20.355061,600,0,1,120.309012
2018-09-19,23.5800,20.445232,19400,0,1,120.841988
2018-09-20,23.7700,20.609980,2400,0,1,121.815693
2018-09-21,23.8600,20.688011,6100,0,1,122.276922
2018-09-24,23.8600,20.688011,0,0,1,122.276922
2018-09-25,23.6650,20.518934,1300,0,1,121.277593
2018-09-26,23.6910,20.541473,400,0,1,121.410837
2018-09-27,23.6240,20.483391,2700,0,1,121.067477
2018-09-28,23.6240,20.483391,0,0,1,121.067477
2018-10-01,23.7800,20.618645,1100,0,1,121.866941
2018-10-02,23.8670,20.694086,500,0,1,122.312796
2018-10-03,23.8560,20.684540,4100,0,1,122.256423
2018-10-04,23.6900,20.540609,3400,0,1,121.405712
2018-10-05,23.5530,20.421822,15600,0,1,120.703619
2018-10-08,23.5700,20.436565,500,0,1,120.790740
2018-10-09,23.6100,20.471245,1900,0,1,120.995731
2018-10-10,23.0300,19.968355,12100,0,1,118.023366
2018-10-11,22.6200,19.612858,6600,0,1,115.922212
2018-10-12,22.4400,19.456789,800,0,1,114.999754
2018-10-15,22.6950,19.677883,800,0,1,116.306570
2018-10-16,22.9500,19.898987,2200,0,1,117.613385
2018-10-17,23.0000,19.942343,87600,0,1,117.869623
2018-10-18,23.0000,19.942343,0,0,1,117.869623
2018-10-19,22.9780,19.923262,200,0,1,117.756879
2018-10-22,22.7600,19.734247,2500,0,1,116.639679
2018-10-23,22.7400,19.716906,3100,0,1,116.537184
2018-10-24,22.1340,19.191467,33100,0,1,113.431576
2018-10-25,22.4080,19.429045,500,0,1,114.835762
2018-10-26,22.2570,19.298115,2300,0,1,114.061922
2018-10-29,22.1430,19.199268,1500,0,1,113.477699
2018-10-30,22.2600,19.300716,1200,0,1,114.077296
2018-10-31,22.7000,19.682228,2400,0,1,116.332194
2018-11-01,22.8720,19.831358,2000,0,1,117.213653
2018-11-02,22.7350,19.712574,3000,0,1,116.511560
2018-11-05,22.9880,19.931938,600,0,1,117.808126
2018-11-06,23.0900,20.020376,6400,0,1,118.330852
2018-11-07,23.4680,20.348127,139300,0,1,120.268014
2018-11-08,23.6600,20.514599,2200,0,1,121.251969
2018-11-09,23.5500,20.419222,568600,0,1,120.688245
2018-11-12,23.2370,20.147835,4000,0,1,119.084193
2018-11-13,23.0400,19.977032,368700,0,1,118.074614
2018-11-14,22.8830,19.840895,59000,0,1,117.270026
2018-11-15,23.0740,20.006502,26200,0,1,118.248856
2018-11-16,23.2000,20.115747,59400,0,1,118.894577
2018-11-19,22.9600,19.907656,354200,0,1,117.664633
2018-11-20,22.4000,19.422108,72100,0,1,114.794764
2018-11-21,22.5600,19.560835,10500,0,1,115.614726
2018-11-23,22.4300,19.448118,353800,0,1,114.948507
2018-11-26,22.6780,19.663151,1200,0,1,116.219449
2018-11-27,22.7700,19.742918,3500,0,1,116.690927
2018-11-28,23.1400,20.063730,5200,0,1,118.587091
2018-11-29,23.2500,20.159103,6700,0,1,119.150815
2018-11-30,23.4260,20.311714,60100,0,1,120.052774
2018-12-03,23.6700,20.523270,80500,0,1,121.303217
2018-12-04,23.3300,20.228470,301900,0,1,119.560796
2018-12-06,22.9500,19.898987,64900,0,1,117.613385
2018-12-07,22.3800,19.404764,5500,0,1,114.692268
2018-12-10,22.5560,19.557365,925900,0,1,115.594227
2018-12-11,22.5260,19.531355,12500,0,1,115.440484
2018-12-12,22.6490,19.638000,11800,0,1,116.070830
2018-12-13,22.6700,19.656208,6400,0,1,116.178451
2018-12-14,22.2860,19.323265,4600,0,1,114.210540
2018-12-17,21.7100,18.823835,177500,0,1,111.258675
2018-12-18,21.7020,18.893482,657300,0.088,1,111.668656
2018-12-19,21.3910,18.622730,369000,0,1,110.068391
2018-12-20,20.9080,18.202238,6100,0,1,107.583092
2018-12-21,20.6720,17.996778,36700,0,1,106.368743
2018-12-24,20.0890,17.489222,13500,0,1,103.368889
2018-12-26,20.9720,18.257956,6500,0,1,107.912407
2018-12-27,21.1560,18.418142,47200,0,1,108.859188
2018-12-28,21.1800,18.439037,45400,0,1,108.982681
2018-12-31,21.3050,18.547863,19600,0,1,109.625874
2019-01-02,21.4280,18.654945,10600,0,1,110.258776
2019-01-03,20.9700,18.256216,2000,0,1,107.902116
2019-01-04,21.5760,18.783789,2000,0,1,111.020317
2019-01-07,21.6400,18.839510,7600,0,1,111.349632
2019-01-08,21.8500,19.022331,4500,0,1,112.430197
2019-01-09,21.8880,19.055414,5400,0,1,112.625728
2019-01-10,21.9730,19.129408,6200,0,1,113.063099
2019-01-11,21.9540,19.112871,1700,0,1,112.965334
2019-01-14,21.8790,19.047581,2000,0,1,112.579418
2019-01-15,22.0160,19.166847,2600,0,1,113.284358
2019-01-16,22.1100,19.248684,500,0,1,113.768039
2019-01-17,22.2160,19.340965,1000,0,1,114.313467
2019-01-18,22.4940,19.582987,6600,0,1,115.743929
2019-01-22,22.1950,19.322687,1200,0,1,114.205411
2019-01-23,22.4200,19.518566,2600,0,1,115.363159
2019-01-24,22.3900,19.492447,3900,0,1,115.208792
2019-01-25,22.4880,19.577763,2800,0,1,115.713056
2019-01-28,22.2400,19.361856,4800,0,1,114.436960
2019-01-29,22.3240,19.434986,300,0,1,114.869186
2019-01-30,22.6410,19.710968,3600,0,1,116.500325
2019-01-31,22.6840,19.748398,1500,0,1,116.721583
2019-02-01,22.7050,19.766684,2400,0,1,116.829640
2019-02-04,22.8190,19.865929,2300,0,1,117.416232
2019-02-05,22.9660,19.993902,4700,0,1,118.172627
2019-02-06,22.9430,19.973881,5900,0,1,118.054280
2019-02-07,22.7540,19.809341,1900,0,1,117.081771
2019-02-08,22.6980,19.760588,1300,0,1,116.793621
2019-02-11,22.7410,19.798018,1800,0,1,117.014879
2019-02-12,23.0510,20.067905,4100,0,1,118.609999
2019-02-13,23.1540,20.157576,900,0,1,119.139990
2019-02-14,23.0730,20.087059,9200,0,1,118.723201
2019-02-15,23.4150,20.384800,5200,0,1,120.482978
2019-02-19,23.4690,20.431808,4400,0,1,120.760837
2019-02-20,23.4960,20.455315,6800,0,1,120.899767
2019-02-21,23.4220,20.390892,3800,0,1,120.518997
2019-02-22,23.5840,20.531931,700,0,1,121.352575
2019-02-25,23.6700,20.606798,1000,0,1,121.795092
2019-02-26,23.6670,20.604185,500,0,1,121.779656
2019-02-27,23.5900,20.537151,900,0,1,121.383449
2019-02-28,23.5490,20.501459,1000,0,1,121.172481
2019-03-01,23.6290,20.571104,1100,0,1,121.584125
2019-03-04,23.4940,20.453571,1600,0,1,120.889476
2019-03-05,23.5220,20.477951,1900,0,1,121.033551
2019-03-06,23.3940,20.366516,1100,0,1,120.374921
2019-03-07,23.2170,20.212421,2600,0,1,119.464160
2019-03-08,23.1740,20.174988,1300,0,1,119.242901
2019-03-11,23.4650,20.428329,1100,0,1,120.740255
2019-03-12,23.4520,20.417007,4300,0,1,120.673363
2019-03-13,23.6040,20.549341,3500,0,1,121.455486
2019-03-14,23.6100,20.554560,3100,0,1,121.486359
2019-03-15,23.7200,20.650331,600,0,1,122.052370
2019-03-18,23.8050,20.724323,1600,0,1,122.489741
2019-03-19,23.7440,20.671221,6300,0,1,122.175863
2019-03-20,23.6440,20.584166,4100,0,1,121.661308
2019-03-21,23.7460,20.777534,700,0.119,1,122.798474
2019-03-22,23.3710,20.449411,1500,0,1,120.859224
2019-03-25,23.3220,20.406548,3700,0,1,120.605829
2019-03-26,23.4580,20.525541,900,0,1,121.309130
2019-03-27,23.4200,20.492292,1400,0,1,121.112619
2019-03-28,23.5020,20.564037,4500,0,1,121.536669
2019-03-29,23.6520,20.695290,700,0,1,122.312369
2019-04-01,23.9440,20.950790,3000,0,1,123.822398
2019-04-02,23.8300,20.851034,800,0,1,123.232866
2019-04-03,23.8730,20.888659,2300,0,1,123.455233
2019-04-04,23.9900,20.991034,900,0,1,124.060279
2019-04-05,24.0250,21.021656,19800,0,1,124.241276
2019-04-08,24.0400,21.034782,1400,0,1,124.318846
2019-04-09,23.8640,20.880785,800,0,1,123.408691
2019-04-10,23.9100,20.921034,2400,0,1,123.646573
2019-04-11,23.9000,20.912283,5500,0,1,123.594859
2019-04-12,24.1310,21.114410,1100,0,1,124.789437
2019-04-15,24.1550,21.135410,2500,0,1,124.913549
2019-04-16,24.1960,21.171286,1900,0,1,125.125574
2019-04-17,24.2280,21.199286,4700,0,1,125.291056
2019-04-18,24.2750,21.240406,24700,0,1,125.534109
2019-04-22,24.2300,21.201033,3900,0,1,125.301399
2019-04-23,24.3490,21.305153,3300,0,1,125.916788
2019-04-24,24.3020,21.264030,4200,0,1,125.673735
2019-04-25,24.1960,21.171286,1400,0,1,125.125574
2019-04-26,24.1810,21.158157,1200,0,1,125.048004
2019-04-29,24.2200,21.192284,1300,0,1,125.249686
2019-04-30,24.2980,21.260534,1400,0,1,125.653050
2019-05-01,24.1700,21.148533,3400,0,1,124.991119
2019-05-02,23.9970,20.997156,61900,0,1,124.096479
2019-05-03,24.2050,21.179155,1500,0,1,125.172116
2019-05-06,24.1360,21.118786,800,0,1,124.815294
2019-05-07,23.7450,20.776665,5400,0,1,122.793303
2019-05-08,23.7450,20.776665,1700,0,1,122.793303
2019-05-09,23.6380,20.683033,3100,0,1,122.239970
2019-05-10,23.7300,20.763535,400,0,1,122.715733
2019-05-13,23.2570,20.349663,3200,0,1,120.269692
2019-05-14,23.4770,20.542166,2900,0,1,121.407385
2019-05-15,23.5990,20.648914,3200,0,1,122.038288
2019-05-16,23.7850,20.811663,2900,0,1,123.000156
2019-05-17,23.6850,20.724159,5900,0,1,122.483023
2019-05-20,23.6100,20.658537,2400,0,1,122.095173
2019-05-21,23.7560,20.786291,300,0,1,122.850187
2019-05-22,23.7270,20.760908,7300,0,1,122.700219
2019-05-23,23.4260,20.497543,46000,0,1,121.143647
2019-05-24,23.5180,20.578041,900,0,1,121.619410
2019-05-28,23.3130,20.398663,1700,0,1,120.559287
2019-05-29,23.1030,20.214914,1100,0,1,119.473307
2019-05-30,23.1240,20.233288,374600,0,1,119.581905
2019-05-31,22.8100,19.958549,200,0,1,117.958106
2019-06-03,22.8700,20.011045,600,0,1,118.268386
2019-06-04,23.3400,20.422291,1200,0,1,120.698913
2019-06-05,23.5370,20.594662,387100,0,1,121.717665
2019-06-06,23.7210,20.755663,372100,0,1,122.669191
2019-06-07,23.9660,20.970036,372600,0,1,123.936167
2019-06-10,24.0540,21.047029,13000,0,1,124.391244
2019-06-11,24.0470,21.040913,151900,0,1,124.355045
2019-06-12,24.0210,21.018158,1700,0,1,124.220590
2019-06-13,24.1040,21.090784,2600,0,1,124.649811
2019-06-14,24.0760,21.096920,13400,0.035,1,124.686010
2019-06-17,24.0240,21.051357,2300,0,1,124.416710
2019-06-18,24.2730,21.269545,9000,0,1,125.706244
2019-06-19,24.3360,21.324741,9300,0,1,126.032512
2019-06-20,24.5640,21.524529,3500,0,1,127.213290
2019-06-21,24.5370,21.500877,5000,0,1,127.073461
2019-06-24,24.5510,21.513144,9400,0,1,127.145965
2019-06-25,24.3900,21.372066,6000,0,1,126.312170
2019-06-26,24.3700,21.354540,6700,0,1,126.208593
2019-06-27,24.4200,21.398354,5200,0,1,126.467535
2019-06-28,24.4400,21.415880,248700,0,1,126.571112
2019-07-01,24.5800,21.538551,163300,0,1,127.296151
2019-07-02,24.6500,21.599888,115400,0,1,127.658671
2019-07-03,24.8400,21.766382,73200,0,1,128.642652
2019-07-05,24.7480,21.685760,23400,0,1,128.166198
2019-07-08,24.6920,21.636694,34900,0,1,127.876183
2019-07-09,24.6800,21.626184,44200,0,1,127.814036
2019-07-10,24.7360,21.675251,46100,0,1,128.104052
2019-07-11,24.8390,21.765507,65000,0,1,128.637474
2019-07-12,25.0500,21.950392,41400,0,1,129.730211
2019-07-15,25.1200,22.011734,88500,0,1,130.092731
2019-07-16,25.1000,21.994207,19000,0,1,129.989154
2019-07-17,24.9450,21.858389,13700,0,1,129.186432
2019-07-18,24.9850,21.893436,18700,0,1,129.393586
2019-07-19,24.9020,21.820709,16600,0,1,128.963741
2019-07-22,24.8740,21.796175,264100,0,1,128.818733
2019-07-23,25.1000,21.994207,15000,0,1,129.989154
2019-07-24,25.0790,21.975811,21800,0,1,129.880398
2019-07-25,24.9570,21.868904,50000,0,1,129.248578
2019-07-26,25.0130,21.917974,6400,0,1,129.538594
2019-07-29,25.0550,21.954777,5000,0,1,129.756105
2019-07-30,24.9500,21.862774,13500,0,1,129.212326
2019-07-31,24.6710,21.618292,22900,0,1,127.767427
2019-08-01,24.4100,21.389585,476100,0,1,126.415747
2019-08-02,24.2500,21.249386,13300,0,1,125.587130
2019-08-05,23.5900,20.671053,19600,0,1,122.169089
2019-08-06,23.8130,20.866455,9400,0,1,123.323973
2019-08-07,23.8270,20.878725,433600,0,1,123.396477
2019-08-08,24.1620,21.172277,9500,0,1,125.131392
2019-08-09,24.0930,21.111813,389200,0,1,124.774051
2019-08-12,23.7330,20.796358,380700,0,1,122.909665
2019-08-13,24.0710,21.092531,23000,0,1,124.660116
2019-08-14,23.3920,20.497549,25200,0,1,121.143677
2019-08-15,23.4010,20.505438,14900,0,1,121.190286
2019-08-16,23.7050,20.771826,3900,0,1,122.764657
2019-08-19,23.9630,20.997896,4600,0,1,124.100800
2019-08-20,23.7340,20.797235,17600,0,1,122.914844
2019-08-21,23.9330,20.971613,3500,0,1,123.945435
2019-08-22,23.9540,20.990013,6900,0,1,124.054191
2019-08-23,23.2340,20.359097,2700,0,1,120.325418
2019-08-26,23.5370,20.624609,3400,0,1,121.894610
2019-08-27,23.5210,20.610590,13000,0,1,121.811748
2019-08-28,23.7000,20.767439,7200,0,1,122.738763
2019-08-29,24.0190,21.046972,5400,0,1,124.390816
2019-08-30,24.0790,21.099548,9300,0,1,124.701547
2019-09-03,23.8740,20.919912,4900,0,1,123.639883
2019-09-04,24.1300,21.144239,4700,0,1,124.965668
2019-09-05,24.4730,21.444790,4200,0,1,126.742014
2019-09-06,24.5190,21.485096,9400,0,1,126.980241
2019-09-09,24.6270,21.579742,226400,0,1,127.539557
2019-09-10,24.6310,21.583242,9300,0,1,127.560273
2019-09-11,24.8420,21.768137,6300,0,1,128.653010
2019-09-12,24.9370,21.851381,9000,0,1,129.145001
2019-09-13,24.9560,21.868025,4700,0,1,129.243399
2019-09-16,24.8320,21.759373,3000,0,1,128.601222
2019-09-17,24.8210,21.749729,4200,0,1,128.544254
2019-09-18,24.8350,21.761997,15600,0,1,128.616758
2019-09-19,24.8130,21.742727,11400,0,1,128.502823
2019-09-20,24.7600,21.696285,6000,0,1,128.228344
2019-09-23,24.7420,21.680510,3200,0,1,128.135125
2019-09-24,24.5650,21.525408,11600,0,1,127.218468
2019-09-25,24.5400,21.678232,308400,0.198,1,128.114410
2019-09-26,24.4510,21.599617,4900,0,1,127.649773
2019-09-27,24.3650,21.523642,310300,0,1,127.200798
2019-09-30,24.5180,21.658804,219900,0,1,127.999556
2019-10-01,24.1800,21.360216,165500,0,1,126.234981
2019-10-02,23.6850,20.922939,20800,0,1,123.650766
2019-10-03,23.7920,21.017466,53700,0,1,124.209374
2019-10-04,24.1590,21.341667,60000,0,1,126.125347
2019-10-07,24.0760,21.268349,94000,0,1,125.692035
2019-10-08,23.7380,20.969765,68300,0,1,123.927460
2019-10-09,23.9270,21.136726,13100,0,1,124.914160
2019-10-10,24.0400,21.236542,18000,0,1,125.504092
2019-10-11,24.3910,21.546610,14000,0,1,127.336535
2019-10-14,24.3340,21.496264,15800,0,1,127.038959
2019-10-15,24.5200,21.660572,157500,0,1,128.009997
2019-10-16,24.5230,21.663219,22500,0,1,128.025659
2019-10-17,24.5640,21.699432,22300,0,1,128.239705
2019-10-18,24.4550,21.603148,1800,0,1,127.670656
2019-10-21,24.5090,21.650856,6400,0,1,127.952570
2019-10-22,24.4850,21.629654,17000,0,1,127.827275
2019-10-23,24.4820,21.627001,9700,0,1,127.811613
2019-10-24,24.4890,21.633181,5900,0,1,127.848157
2019-10-25,24.6400,21.766577,10100,0,1,128.636473
2019-10-28,24.7700,21.881413,7300,0,1,129.315156
2019-10-29,24.8200,21.925581,9000,0,1,129.576188
2019-10-30,24.9000,21.996254,6100,0,1,129.993839
2019-10-31,24.7200,21.837242,5600,0,1,129.054124
2019-11-01,24.9710,22.058975,6300,0,1,130.364504
2019-11-04,25.1240,22.194136,12700,0,1,131.163261
2019-11-05,25.1540,22.220631,8500,0,1,131.319880
2019-11-06,25.1300,22.199434,4200,0,1,131.194585
2019-11-07,25.2910,22.341654,8300,0,1,132.035107
2019-11-08,25.3320,22.377880,10800,0,1,132.249153
2019-11-11,25.3060,22.354910,3900,0,1,132.113417
2019-11-12,25.3060,22.354910,7100,0,1,132.113417
2019-11-13,25.3850,22.424692,6600,0,1,132.525847
2019-11-14,25.3000,22.349611,4300,0,1,132.082093
2019-11-15,25.4880,22.515682,1700,0,1,133.063573
2019-11-18,25.5110,22.535999,6900,0,1,133.183647
2019-11-19,25.4550,22.486530,6000,0,1,132.891292
2019-11-20,25.3630,22.405262,4000,0,1,132.410993
2019-11-21,25.3500,22.393778,10600,0,1,132.343125
2019-11-22,25.4280,22.462681,6800,0,1,132.750335
2019-11-25,25.5970,22.611971,18500,0,1,133.632622
2019-11-26,25.6700,22.676464,3000,0,1,134.013728
2019-11-27,25.7070,22.709145,1500,0,1,134.206892
2019-11-29,25.6260,22.637587,2200,0,1,133.784020
2019-12-02,25.4410,22.474165,5400,0,1,132.818203
2019-12-03,25.2030,22.263918,5300,0,1,131.575691
2019-12-04,25.3200,22.367271,28500,0,1,132.186506
2019-12-05,25.3360,22.381409,3700,0,1,132.270036
2019-12-06,25.6340,22.644659,1500,0,1,133.825786
2019-12-09,25.5900,22.605787,4600,0,1,133.596078
2019-12-10,25.5450,22.566031,3600,0,1,133.361149
2019-12-11,25.5660,22.584583,5900,0,1,133.470782
2019-12-12,25.8440,22.830170,3700,0,1,134.922119
2019-12-13,25.6790,22.807076,4400,0.139,1,134.786383
2019-12-16,25.8150,22.927872,6400,0,1,135.500232
2019-12-17,25.8450,22.954510,3800,0,1,135.657699
2019-12-18,25.8190,22.931417,2700,0,1,135.521228
2019-12-19,25.8980,23.001585,4800,0,1,135.935891
2019-12-20,26.0590,23.144579,5400,0,1,136.780963
2019-12-23,26.1080,23.188097,4300,0,1,137.038159
2019-12-24,26.0530,23.139244,3200,0,1,136.749469
2019-12-26,26.1370,23.213852,3300,0,1,137.190377
2019-12-27,26.1800,23.252048,14000,0,1,137.416079
2019-12-30,26.0300,23.118822,16200,0,1,136.628745
2019-12-31,26.0400,23.127703,5600,0,1,136.681234
2020-01-02,26.3340,23.388817,222600,0,1,138.224409
2020-01-03,26.1390,23.215628,10700,0,1,137.200874
2020-01-06,26.1370,23.213852,11300,0,1,137.190377
2020-01-07,26.0050,23.096619,5800,0,1,136.497522
2020-01-08,26.0910,23.172998,27100,0,1,136.948927
2020-01-09,26.2080,23.276915,6400,0,1,137.563048
2020-01-10,26.1030,23.183655,395700,0,1,137.011914
2020-01-13,26.2150,23.283131,4700,0,1,137.599790
2020-01-14,26.2450,23.309776,3000,0,1,137.757257
2020-01-15,26.3310,23.386156,3300,0,1,138.208662
2020-01-16,26.5270,23.560230,7700,0,1,139.237446
2020-01-17,26.6080,23.632179,5600,0,1,139.662606
2020-01-21,26.5040,23.539812,9700,0,1,139.116721
2020-01-22,26.5310,23.563784,6400,0,1,139.258441
2020-01-23,26.4560,23.497177,3500,0,1,138.864774
2020-01-24,26.3080,23.365728,22700,0,1,138.087938
2020-01-27,25.9350,23.034445,22900,0,1,136.130100
2020-01-28,26.0740,23.157898,35500,0,1,136.859696
2020-01-29,26.0300,23.118822,5900,0,1,136.628745
2020-01-30,26.1300,23.207634,16000,0,1,137.153634
2020-01-31,25.6200,22.754683,10700,0,1,134.476698
2020-02-03,25.7300,22.852365,4100,0,1,135.054076
2020-02-04,26.0770,23.160566,28400,0,1,136.875443
2020-02-05,26.4560,23.497177,5000,0,1,138.864774
2020-02-06,26.5300,23.562902,3600,0,1,139.253192
2020-02-07,26.3060,23.363958,3000,0,1,138.077440
2020-02-10,26.4280,23.472309,2300,0,1,138.717805
2020-02-11,26.4500,23.491852,3300,0,1,138.833281
2020-02-12,26.6400,23.660599,8800,0,1,139.830571
2020-02-13,26.5080,23.543356,8000,0,1,139.137717
2020-02-14,26.4850,23.522924,3800,0,1,139.016992
2020-02-18,26.3100,23.367502,4800,0,1,138.098436
2020-02-19,26.4100,23.456322,2400,0,1,138.623325
2020-02-20,26.3290,23.384380,1900,0,1,138.198165
2020-02-21,26.1050,23.185432,2200,0,1,137.022412
2020-02-24,25.2900,22.461586,261800,0,1,132.744562
2020-02-25,24.5090,21.767935,162200,0,1,128.645175
2020-02-26,24.3990,21.670231,18900,0,1,128.067797
2020-02-27,23.4150,20.796282,82800,0,1,122.902884
2020-02-28,22.8780,20.319342,68300,0,1,120.084227
2020-03-02,24.1700,21.466843,41000,0,1,126.865800
2020-03-03,23.4900,20.862892,14500,0,1,123.296551
2020-03-04,24.5050,21.764374,19600,0,1,128.624179
2020-03-05,23.7010,21.050297,5400,0,1,124.404068
2020-03-06,23.4850,20.858454,34800,0,1,123.270306
2020-03-09,21.8300,19.388546,22700,0,1,114.583385
2020-03-10,22.6620,20.127493,16800,0,1,118.950465
2020-03-11,21.5400,19.130981,15400,0,1,113.061205
2020-03-12,19.4400,17.265839,17200,0,1,102.038525
2020-03-13,21.3600,18.971109,28900,0,1,112.116404
2020-03-16,18.8150,16.710743,26600,0,1,98.757965
2020-03-17,19.7700,17.558941,75200,0,1,103.770660
2020-03-18,18.6880,16.597940,93700,0,1,98.091355
2020-03-19,18.8700,16.759588,54900,0,1,99.046654
2020-03-20,18.0960,16.072153,14500,0,1,94.984009
2020-03-23,17.6570,15.682253,33700,0,1,92.679744
2020-03-24,19.1910,17.044689,18600,0,1,100.731550
2020-03-25,19.5300,17.345776,33400,0,1,102.510925
2020-03-26,20.6900,18.511589,824200,0.143,1,109.350236
2020-03-27,19.8180,17.731401,72400,0,1,104.741565
2020-03-30,20.5100,18.350538,9800,0,1,108.398905
2020-03-31,20.2220,18.092863,261700,0,1,106.876775
2020-04-01,19.3700,17.330570,67500,0,1,102.373807
2020-04-02,19.9210,17.823553,15800,0,1,105.285938
2020-04-03,19.7060,17.631189,39100,0,1,104.149625
2020-04-06,20.9500,18.744213,11400,0,1,110.724381
2020-04-07,21.0100,18.797892,828100,0,1,111.041491
2020-04-08,21.7300,19.442083,19600,0,1,114.846816
2020-04-09,21.9370,19.627293,9300,0,1,115.940847
2020-04-13,21.6700,19.388405,11400,0,1,114.529706
2020-04-14,22.2300,19.889439,18100,0,1,117.489403
2020-04-15,21.5500,19.281033,15100,0,1,113.895485
2020-04-16,21.6570,19.376776,14400,0,1,114.460999
2020-04-17,22.2300,19.889439,21300,0,1,117.489403
2020-04-20,21.8200,19.522606,8500,0,1,115.322482
2020-04-21,21.2450,19.008152,1448600,0,1,112.283507
2020-04-22,21.6970,19.412563,51100,0,1,114.672405
2020-04-23,21.6940,19.409874,7300,0,1,114.656550
2020-04-24,21.9000,19.594185,5900,0,1,115.745296
2020-04-27,22.3130,19.963701,6800,0,1,117.928072
2020-04-28,22.3220,19.971756,5000,0,1,117.975639
2020-04-29,22.9050,20.493372,25700,0,1,121.056895
2020-04-30,22.4700,20.104172,6700,0,1,118.757844
2020-05-01,21.7520,19.461767,3200,0,1,114.963090
2020-05-04,21.7400,19.451035,6000,0,1,114.899668
2020-05-05,21.9050,19.598667,4800,0,1,115.771722
2020-05-06,21.7000,19.415245,11400,0,1,114.688261
2020-05-07,21.7830,19.489508,7500,0,1,115.126930
2020-05-08,22.2800,19.934179,7800,0,1,117.753661
2020-05-11,22.1800,19.844706,2400,0,1,117.225144
2020-05-12,21.7800,19.486824,900,0,1,115.111075
2020-05-13,21.1500,18.923153,19000,0,1,111.781416
2020-05-14,21.5040,19.239882,51000,0,1,113.652367
2020-05-15,21.6250,19.348145,4000,0,1,114.291873
2020-05-18,22.5320,20.159645,1900,0,1,119.085525
2020-05-19,22.1980,19.860809,284100,0,1,117.320277
2020-05-20,22.5030,20.133696,15900,0,1,118.932255
2020-05-21,22.4180,20.057646,12900,0,1,118.483015
2020-05-22,22.4300,20.068390,3600,0,1,118.546437
2020-05-26,23.0200,20.596268,7500,0,1,121.664690
2020-05-27,23.4830,21.010515,11100,0,1,124.111725
2020-05-28,23.2900,20.837841,25800,0,1,123.091687
2020-05-29,23.4200,20.954149,9900,0,1,123.778759
2020-06-01,23.3890,20.926414,11700,0,1,123.614919
2020-06-02,23.6900,21.195719,7900,0,1,125.205756
2020-06-03,24.2160,21.666340,15800,0,1,127.985757
2020-06-04,24.2300,21.678867,4900,0,1,128.059749
2020-06-05,24.9850,22.354372,18300,0,1,132.050055
2020-06-08,25.4600,22.779364,617600,0,1,134.560513
2020-06-09,25.1040,22.460842,6800,0,1,132.678991
2020-06-10,24.7000,22.099380,7400,0,1,130.543781
2020-06-11,23.0210,20.597160,32300,0,1,121.669975
2020-06-12,23.4760,21.004253,28700,0,1,124.074729
2020-06-15,23.5580,21.077620,8100,0,1,124.508113
2020-06-16,24.0160,21.487394,55800,0,1,126.928722
2020-06-17,23.8540,21.342453,4100,0,1,126.072524
2020-06-18,23.7880,21.283405,10400,0,1,125.723703
2020-06-19,23.6850,21.191250,2100,0,1,125.179330
2020-06-22,23.6710,21.178722,22500,0,1,125.105338
2020-06-23,23.7490,21.248510,7000,0,1,125.517581
2020-06-24,23.0000,20.578371,15600,0,1,121.558986
2020-06-25,23.1850,20.858158,5500,0.126,1,123.202675
2020-06-26,22.5960,20.328270,7500,0,1,120.072791
2020-06-29,23.0090,20.699823,2000,0,1,122.267430
2020-06-30,23.2900,20.952621,4800,0,1,123.760634
2020-07-01,23.1620,20.837467,18500,0,1,123.080456
2020-07-02,23.2800,20.943621,5100,0,1,123.707495
2020-07-06,23.6500,21.276489,21700,0,1,125.673637
2020-07-07,23.2720,20.936422,6600,0,1,123.664984
2020-07-08,23.3730,21.027287,9200,0,1,124.201688
2020-07-09,22.9650,20.660236,1300,0,1,122.033618
2020-07-10,23.4060,21.056980,13800,0,1,124.377046
2020-07-13,23.3810,21.034489,6500,0,1,124.244199
2020-07-14,23.8640,21.469013,11000,0,1,126.810810
2020-07-15,24.0880,21.670528,6500,0,1,128.001123
2020-07-16,24.0230,21.612057,1500,0,1,127.655720
2020-07-17,24.0090,21.599466,2200,0,1,127.581325
2020-07-20,23.8900,21.492407,7800,0,1,126.948972
2020-07-21,24.1230,21.702024,9100,0,1,128.187109
2020-07-22,24.3380,21.895443,3600,0,1,129.329597
2020-07-23,24.0840,21.666933,6600,0,1,127.979868
2020-07-24,23.8900,21.492407,2000,0,1,126.948972
2020-07-27,23.9210,21.520292,1000,0,1,127.113703
2020-07-28,23.7950,21.406944,35000,0,1,126.444152
2020-07-29,23.8980,21.499601,2000,0,1,126.991483
2020-07-30,23.6190,21.248604,6400,0,1,125.508906
2020-07-31,23.5650,21.200026,1600,0,1,125.221956
2020-08-03,23.7310,21.349361,5500,0,1,126.104062
2020-08-04,23.8490,21.455524,6100,0,1,126.731102
2020-08-05,24.1840,21.756895,9500,0,1,128.511257
2020-08-06,24.2680,21.832476,700,0,1,128.957624
2020-08-07,24.3870,21.939524,11300,0,1,129.589978
2020-08-10,24.7580,22.273293,11100,0,1,131.561433
2020-08-11,24.6820,22.204924,10800,0,1,131.157577
2020-08-12,24.8800,22.383045,9500,0,1,132.209729
2020-08-13,24.7160,22.235508,2300,0,1,131.338250
2020-08-14,24.7350,22.252600,3100,0,1,131.439214
2020-08-17,24.6700,22.194126,6700,0,1,131.093811
2020-08-18,24.5700,22.104162,4400,0,1,130.562421
2020-08-19,24.4920,22.033991,1600,0,1,130.147937
2020-08-20,24.4700,22.014191,4800,0,1,130.031031
2020-08-21,24.5500,22.086166,3900,0,1,130.456143
2020-08-24,24.8970,22.398340,6700,0,1,132.300065
2020-08-25,24.8490,22.355158,9700,0,1,132.044998
2020-08-26,24.8350,22.342567,8100,0,1,131.970603
2020-08-27,25.0480,22.534185,3200,0,1,133.102463
2020-08-28,25.2010,22.671835,4800,0,1,133.915489
2020-08-31,25.0300,22.517992,2500,0,1,133.006813
2020-09-01,25.1900,22.661936,8200,0,1,133.857036
2020-09-02,25.6260,23.054180,102400,0,1,136.173895
2020-09-03,25.0150,22.504503,18000,0,1,132.927105
2020-09-04,24.9510,22.446920,6400,0,1,132.587015
2020-09-08,24.4050,21.955725,10600,0,1,129.685628
2020-09-09,24.7860,22.298483,2400,0,1,131.710222
2020-09-10,24.4470,21.993505,23000,0,1,129.908812
2020-09-11,24.5710,22.105059,1600,0,1,130.567735
2020-09-14,24.8470,22.353363,2100,0,1,132.034370
2020-09-15,24.8380,22.345263,8500,0,1,131.986545
2020-09-16,24.8580,22.363260,3600,0,1,132.092823
2020-09-17,24.7700,22.284090,1500,0,1,131.625200
2020-09-18,24.5730,22.106859,22400,0,1,130.578363
2020-09-21,24.0600,21.645344,22700,0,1,127.852334
2020-09-22,24.1760,21.749697,8300,0,1,128.468746
2020-09-23,23.7350,21.352964,21500,0,1,126.125318
2020-09-24,23.5940,21.362917,5100,0.152,1,126.183771
2020-09-25,23.8690,21.611916,10100,0,1,127.654506
2020-09-28,24.2260,21.935154,6400,0,1,129.563789
2020-09-29,24.1070,21.827414,97500,0,1,128.927361
2020-09-30,24.3990,22.091795,26300,0,1,130.489015
2020-10-01,24.3480,22.045620,10800,0,1,130.216261
2020-10-02,24.2740,21.978619,7700,0,1,129.820499
2020-10-05,24.6340,22.304571,6200,0,1,131.745826
2020-10-06,24.3570,22.053768,17800,0,1,130.264394
2020-10-07,24.8060,22.460312,3900,0,1,132.665704
2020-10-08,24.9490,22.589790,3700,0,1,133.430486
2020-10-09,25.0310,22.664032,3200,0,1,133.869033
2020-10-12,25.2790,22.888578,7200,0,1,135.195369
2020-10-13,25.1040,22.730131,3200,0,1,134.259447
2020-10-14,24.9810,22.618763,3300,0,1,133.601627
2020-10-15,24.9600,22.599751,6500,0,1,133.489316
2020-10-16,25.0850,22.712929,5100,0,1,134.157832
2020-10-19,24.7150,22.377914,3600,0,1,132.179024
2020-10-20,24.8590,22.508297,10200,0,1,132.949155
2020-10-21,24.7790,22.435863,8700,0,1,132.521304
2020-10-22,24.9280,22.570774,1500,0,1,133.318176
2020-10-23,24.8250,22.477518,1600,0,1,132.767318
2020-10-26,24.2440,21.951450,32800,0,1,129.660055
2020-10-27,24.0290,21.756786,1000,0,1,128.510207
2020-10-28,23.2330,21.036058,73700,0,1,124.253096
2020-10-29,23.4090,21.195415,6500,0,1,125.194367
2020-10-30,23.1670,20.976299,10300,0,1,123.900119
2020-11-02,23.7100,21.467949,6100,0,1,126.804154
2020-11-03,24.1790,21.892607,1400,0,1,129.312427
2020-11-04,24.2310,21.939684,9400,0,1,129.590529
2020-11-05,24.7900,22.445820,9400,0,1,132.580134
2020-11-06,24.7020,22.366146,16200,0,1,132.109498
2020-11-09,25.7300,23.296936,112700,0,1,137.607376
2020-11-10,25.9650,23.509712,16400,0,1,138.864186
2020-11-11,25.9000,23.450867,56400,0,1,138.516558
2020-11-12,25.5230,23.109512,13200,0,1,136.500313
2020-11-13,26.0210,23.560417,13900,0,1,139.163681
2020-11-16,26.5600,24.048452,194300,0,1,142.046323
2020-11-17,26.2990,23.812130,15000,0,1,140.650461
2020-11-18,26.0670,23.602072,151800,0,1,139.409695
2020-11-19,26.0700,23.604782,16000,0,1,139.425740
2020-11-20,25.9220,23.470783,21100,0,1,138.634217
2020-11-23,26.2350,23.754183,10700,0,1,140.308181
2020-11-24,26.7180,24.191511,9400,0,1,142.891328
2020-11-25,26.5850,24.071087,19000,0,1,142.180027
2020-11-27,26.5630,24.051165,23700,0,1,142.062368
2020-11-30,26.2790,23.794024,7600,0,1,140.543499
2020-12-01,26.5230,24.014952,20500,0,1,141.848442
2020-12-02,26.6490,24.129036,31000,0,1,142.522307
2020-12-03,26.7810,24.248550,17100,0,1,143.228260
2020-12-04,27.0300,24.474010,50700,0,1,144.559944
2020-12-07,26.9400,24.392521,11600,0,1,144.078613
2020-12-08,27.0500,24.492113,3200,0,1,144.666907
2020-12-09,26.8800,24.338192,7500,0,1,143.757725
2020-12-10,26.9210,24.375313,41400,0,1,143.976998
2020-12-11,26.9290,24.382559,19700,0,1,144.019783
2020-12-14,26.7500,24.220486,15200,0,1,143.062468
2020-12-15,26.9970,24.444126,39400,0,1,144.383456
2020-12-16,26.9800,24.428736,7700,0,1,144.292538
2020-12-17,27.0180,24.463142,9500,0,1,144.495767
2020-12-18,27.0130,24.458618,12900,0,1,144.469026
2020-12-21,26.8900,24.347246,10300,0,1,143.811206
2020-12-22,26.7420,24.213240,9300,0,1,143.019683
2020-12-23,26.8800,24.338192,6000,0,1,143.757725
2020-12-24,26.8800,24.409023,9400,0.078,1,144.174879
2020-12-28,26.9940,24.512545,14900,0,1,144.786335
2020-12-29,26.9540,24.476221,23200,0,1,144.571789
2020-12-30,27.0400,24.554319,6700,0,1,145.033063
2020-12-31,27.1600,24.663286,21100,0,1,145.676701
2021-01-04,26.9400,24.463512,32600,0,1,144.496698
2021-01-05,27.0000,24.517990,19600,0,1,144.818517
2021-01-06,27.4420,24.919355,25000,0,1,147.189249
2021-01-07,27.6620,25.119139,9600,0,1,148.369252
2021-01-08,27.7300,25.180885,37800,0,1,148.733980
2021-01-11,27.6770,25.132755,8900,0,1,148.449707
2021-01-12,27.8100,25.253531,9700,0,1,149.163072
2021-01-13,27.8330,25.274418,18100,0,1,149.286436
2021-01-14,27.8470,25.287128,573400,0,1,149.361527
2021-01-15,27.5900,25.053751,17900,0,1,147.983069
2021-01-19,27.7400,25.189962,13200,0,1,148.787617
2021-01-20,27.9100,25.344339,12700,0,1,149.699437
2021-01-21,27.9200,25.353418,9800,0,1,149.753074
2021-01-22,27.6800,25.135481,46500,0,1,148.465798
2021-01-25,27.6200,25.080997,20300,0,1,148.143979
2021-01-26,27.6500,25.108236,7800,0,1,148.304888
2021-01-27,27.0700,24.581560,20000,0,1,145.193972
2021-01-28,27.3500,24.835817,7500,0,1,146.695794
2021-01-29,26.7400,24.281891,23000,0,1,143.423968
2021-02-01,27.0200,24.536152,3300,0,1,144.925790
2021-02-02,27.3900,24.872139,4000,0,1,146.910340
2021-02-03,27.3700,24.853977,11300,0,1,146.803067
2021-02-04,27.7800,25.226292,10900,0,1,149.002163
2021-02-05,27.8860,25.322546,12900,0,1,149.570710
2021-02-08,28.1200,25.535034,8800,0,1,150.825803
2021-02-09,28.1200,25.535034,8200,0,1,150.825803
2021-02-10,28.1800,25.589518,11700,0,1,151.147622
2021-02-11,28.1200,25.535034,10800,0,1,150.825803
2021-02-12,28.1970,25.604958,7300,0,1,151.238804
2021-02-16,28.1800,25.589518,5400,0,1,151.147622
2021-02-17,28.3330,25.728456,6200,0,1,151.968261
2021-02-18,28.2280,25.633102,4800,0,1,151.405077
2021-02-19,28.2430,25.646723,9400,0,1,151.485532
2021-02-22,28.3100,25.707569,11800,0,1,151.844897
2021-02-23,28.3600,25.752972,6000,0,1,152.113079
2021-02-24,28.7600,26.116198,7000,0,1,154.258539
2021-02-25,28.2600,25.662161,8700,0,1,151.576714
2021-02-26,27.8870,25.323450,8800,0,1,149.576073
2021-03-01,28.3110,25.708479,10500,0,1,151.850260
2021-03-02,28.2200,25.625839,25700,0,1,151.362168
2021-03-03,28.1500,25.562275,10400,0,1,150.986713
2021-03-04,27.7630,25.210850,18100,0,1,148.910981
2021-03-05,28.3900,25.780210,17300,0,1,152.273989
2021-03-08,28.6970,26.058992,215900,0,1,153.920629
2021-03-09,28.7100,26.070799,22900,0,1,153.990356
2021-03-10,29.0940,26.419500,33200,0,1,156.049997
2021-03-11,29.2100,26.524834,67600,0,1,156.672180
2021-03-12,29.4800,26.770008,124200,0,1,158.120366
2021-03-15,29.6290,26.905317,56300,0,1,158.919549
2021-03-16,29.5500,26.833576,12300,0,1,158.495821
2021-03-17,29.7000,26.969795,32500,0,1,159.300368
2021-03-18,29.5000,26.788177,20900,0,1,158.227639
2021-03-19,29.2400,26.552076,64100,0,1,156.833090
2021-03-22,29.3990,26.696457,12400,0,1,157.685910
2021-03-23,29.0600,26.388618,27100,0,1,155.867633
2021-03-24,29.1440,26.464899,40700,0,1,156.318180
2021-03-25,29.1840,26.606211,19600,0.115,1,157.149545
2021-03-26,29.5940,26.979994,13500,0,1,159.357307
2021-03-29,29.7360,27.109453,46100,0,1,160.121946
2021-03-30,29.5640,26.952642,13100,0,1,159.195763
2021-03-31,29.5900,26.976349,137000,0,1,159.335768
2021-04-01,29.7100,27.085751,117500,0,1,159.981942
2021-04-05,30.0500,27.395714,54600,0,1,161.812768
2021-04-06,29.9900,27.341017,72300,0,1,161.489681
2021-04-07,29.9950,27.345573,9900,0,1,161.516605
2021-04-08,29.9900,27.341017,177500,0,1,161.489681
2021-04-09,30.1880,27.521526,56100,0,1,162.555869
2021-04-12,30.1400,27.477764,94800,0,1,162.297399
2021-04-13,30.0660,27.410307,34100,0,1,161.898925
2021-04-14,30.0800,27.423069,23900,0,1,161.974312
2021-04-15,30.2850,27.609961,31900,0,1,163.078193
2021-04-16,30.4600,27.769501,41600,0,1,164.020530
2021-04-19,30.4100,27.723921,72200,0,1,163.751291
2021-04-20,30.1300,27.468649,44300,0,1,162.243551
2021-04-21,30.4370,27.748537,20000,0,1,163.896680
2021-04-22,30.1100,27.450418,31400,0,1,162.135856
2021-04-23,30.2300,27.559820,21100,0,1,162.782030
2021-04-26,30.1500,27.486887,120000,0,1,162.351247
2021-04-27,30.1460,27.483232,64000,0,1,162.329708
2021-04-28,30.0400,27.386600,81900,0,1,161.758921
2021-04-29,30.2300,27.559820,41200,0,1,162.782030
2021-04-30,30.0500,27.395714,19300,0,1,161.812768
2021-05-03,30.2950,27.619074,13700,0,1,163.132041
2021-05-04,30.3300,27.650984,47600,0,1,163.320508
2021-05-05,30.4200,27.733038,24300,0,1,163.805139
2021-05-06,30.7050,27.992863,8700,0,1,165.339802
2021-05-07,30.9090,28.178841,9200,0,1,166.438298
2021-05-10,30.8800,28.152401,39200,0,1,166.282139
2021-05-11,30.4750,27.783182,42800,0,1,164.101302
2021-05-12,29.9300,27.286320,24100,0,1,161.166594
2021-05-13,30.3510,27.670128,24400,0,1,163.433589
2021-05-14,30.6300,27.924484,12100,0,1,164.935943
2021-05-17,30.6600,27.951838,101700,0,1,165.097487
2021-05-18,30.4000,27.714806,26900,0,1,163.697443
2021-05-19,30.2310,27.560728,127300,0,1,162.787414
2021-05-20,30.4200,27.733038,12500,0,1,163.805139
2021-05-21,30.4940,27.800495,41700,0,1,164.203613
2021-05-24,30.6800,27.970072,43500,0,1,165.205183
2021-05-25,30.5600,27.860670,6400,0,1,164.559008
2021-05-26,30.5280,27.831499,11100,0,1,164.386695
2021-05-27,30.6540,27.946369,9900,0,1,165.065178
2021-05-28,30.6980,27.986477,5700,0,1,165.302109
2021-06-01,30.7100,27.997421,14900,0,1,165.366726
2021-06-02,30.7750,28.056679,8300,0,1,165.716737
2021-06-03,30.8140,28.092234,12800,0,1,165.926744
2021-06-04,30.9820,28.245394,3800,0,1,166.831387
2021-06-07,30.8540,28.128704,32600,0,1,166.142135
2021-06-08,30.8250,28.102262,10800,0,1,165.985976
2021-06-09,30.7200,28.006536,18500,0,1,165.420574
2021-06-10,30.7970,28.076736,6500,0,1,165.835202
2021-06-11,30.8300,28.106821,13100,0,1,166.012900
2021-06-14,30.7500,28.033888,14000,0,1,165.582117
2021-06-15,30.6600,27.951838,6900,0,1,165.097487
2021-06-16,30.4270,27.739414,21500,0,1,163.842832
2021-06-17,30.2430,27.571665,22300,0,1,162.852032
2021-06-18,29.7760,27.145914,39200,0,1,160.337338
2021-06-21,30.2100,27.541586,9600,0,1,162.674334
2021-06-22,30.2890,27.613604,6700,0,1,163.099732
2021-06-23,30.2020,27.534288,6300,0,1,162.631256
2021-06-24,30.3170,27.749388,4700,0.12,1,163.896680
2021-06-25,30.5950,28.003845,5000,0,1,165.399575
2021-06-28,30.4480,27.869295,19900,0,1,164.604879
2021-06-29,30.4420,27.863802,16500,0,1,164.572442
2021-06-30,30.6220,28.028559,9900,0,1,165.545540
2021-07-01,30.6700,28.072496,4300,0,1,165.805033
2021-07-02,30.8060,28.196972,3100,0,1,166.540262
2021-07-06,30.5900,27.999266,10000,0,1,165.372545
2021-07-07,30.6980,28.098118,7700,0,1,165.956403
2021-07-08,30.4640,27.883942,14300,0,1,164.691376
2021-07-09,30.8600,28.246405,12000,0,1,166.832191
2021-07-12,30.9600,28.337933,7600,0,1,167.372801
2021-07-13,30.8840,28.268366,1800,0,1,166.961938
2021-07-14,30.9500,28.328775,4000,0,1,167.318740
2021-07-15,30.9470,28.326035,12400,0,1,167.302522
2021-07-16,30.6790,28.080730,9700,0,1,165.853688
2021-07-19,30.1200,27.569075,54300,0,1,162.831679
2021-07-20,30.5160,27.931536,11500,0,1,164.972494
2021-07-21,30.7730,28.166773,7500,0,1,166.361861
2021-07-22,30.7700,28.164028,48800,0,1,166.345642
2021-07-23,30.9360,28.315962,4100,0,1,167.243055
2021-07-26,31.0590,28.428545,18400,0,1,167.908005
2021-07-27,30.9920,28.367222,14300,0,1,167.545796
2021-07-28,30.9050,28.287588,71300,0,1,167.075466
2021-07-29,31.0300,28.402006,18500,0,1,167.751228
2021-07-30,30.9300,28.310476,20300,0,1,167.210618
2021-08-02,30.8000,28.191475,12100,0,1,166.507825
2021-08-03,31.0400,28.411154,29900,0,1,167.805289
2021-08-04,30.7500,28.145716,12000,0,1,166.237521
2021-08-05,30.9800,28.356236,11600,0,1,167.480923
2021-08-06,31.1000,28.466072,11900,0,1,168.129655
2021-08-09,31.0070,28.380951,10900,0,1,167.626888
2021-08-10,31.1700,28.530142,9700,0,1,168.508082
2021-08-11,31.3700,28.713207,18200,0,1,169.589301
2021-08-12,31.3870,28.728767,1300,0,1,169.681205
2021-08-13,31.4300,28.768131,3600,0,1,169.913667
2021-08-16,31.5030,28.834946,6400,0,1,170.308312
2021-08-17,31.2930,28.642731,9800,0,1,169.173032
2021-08-18,30.9400,28.319628,4500,0,1,167.264679
2021-08-19,30.8700,28.255552,14200,0,1,166.886252
2021-08-20,31.0750,28.443192,3000,0,1,167.994502
2021-08-23,31.2760,28.627169,5900,0,1,169.081128
2021-08-24,31.2990,28.648222,5500,0,1,169.205468
2021-08-25,31.3720,28.715038,138800,0,1,169.600114
2021-08-26,31.1700,28.530142,8600,0,1,168.508082
2021-08-27,31.3600,28.704052,8000,0,1,169.535240
2021-08-30,31.3500,28.694901,13900,0,1,169.481179
2021-08-31,31.3400,28.685747,12300,0,1,169.427118
2021-09-01,31.3000,28.649132,169400,0,1,169.210875
2021-09-02,31.4300,28.768131,18100,0,1,169.913667
2021-09-03,31.3600,28.704052,23600,0,1,169.535240
2021-09-07,31.1200,28.484379,17700,0,1,168.237777
2021-09-08,31.0700,28.438610,13300,0,1,167.967472
2021-09-09,30.9200,28.301323,14400,0,1,167.156557
2021-09-10,30.7130,28.111855,86700,0,1,166.037495
2021-09-13,30.8900,28.273857,17400,0,1,166.994374
2021-09-14,30.6300,28.035877,17700,0,1,165.588789
2021-09-15,30.8400,28.228098,85300,0,1,166.724069
2021-09-16,30.7710,28.164942,6700,0,1,166.351049
2021-09-17,30.5900,27.999266,16700,0,1,165.372545
2021-09-20,30.0690,27.522394,78400,0,1,162.555968
2021-09-21,30.0200,27.477539,6500,0,1,162.291069
2021-09-22,30.3000,27.733833,23900,0,1,163.804776
2021-09-23,30.6390,28.145365,21200,0.109,1,166.226708
2021-09-24,30.6520,28.157314,8900,0,1,166.297238
2021-09-27,30.7400,28.238146,6500,0,1,166.774667
2021-09-28,30.3290,27.860596,23500,0,1,164.544856
2021-09-29,30.4090,27.934088,16000,0,1,164.978882
2021-09-30,29.9700,27.530811,29000,0,1,162.597162
2021-10-01,30.4380,27.960726,9000,0,1,165.136217
2021-10-04,30.1830,27.726479,62300,0,1,163.752757
2021-10-05,30.4500,27.971754,9000,0,1,165.201321
2021-10-06,30.4600,27.980936,7300,0,1,165.255574
2021-10-07,30.7390,28.237225,5600,0,1,166.769241
2021-10-08,30.7100,28.210592,12400,0,1,166.611907
2021-10-11,30.5150,28.031460,8100,0,1,165.553967
2021-10-12,30.3660,27.894581,7800,0,1,164.745593
2021-10-13,30.3300,27.861515,41000,0,1,164.550281
2021-10-14,30.7890,28.283157,4200,0,1,167.040508
2021-10-15,31.0300,28.504547,3000,0,1,168.348013
2021-10-18,30.9500,28.431055,59800,0,1,167.913986
2021-10-19,31.1700,28.633146,11900,0,1,169.107559
2021-10-20,31.3280,28.778288,151500,0,1,169.964761
2021-10-21,31.2800,28.734198,12400,0,1,169.704345
2021-10-22,31.2200,28.679079,25300,0,1,169.378825
2021-10-25,31.2400,28.697453,26400,0,1,169.487332
2021-10-26,31.2500,28.706640,17400,0,1,169.541585
2021-10-27,30.9700,28.449430,15800,0,1,168.022493
2021-10-28,31.1900,28.651524,25600,0,1,169.216066
2021-10-29,31.2790,28.733278,22600,0,1,169.698920
2021-11-01,31.3800,28.826061,24700,0,1,170.246878
2021-11-02,31.5100,28.945477,16500,0,1,170.952171
2021-11-03,31.6200,29.046526,16600,0,1,171.548958
2021-11-04,31.6100,29.037340,12200,0,1,171.494704
2021-11-05,31.7600,29.175133,16600,0,1,172.308504
2021-11-08,31.8160,29.226574,17000,0,1,172.612323
2021-11-09,31.7270,29.144817,29300,0,1,172.129468
2021-11-10,31.6100,29.037340,28000,0,1,171.494704
2021-11-11,31.4700,28.908737,10800,0,1,170.735158
2021-11-12,31.5730,29.003351,14400,0,1,171.293967
2021-11-15,31.6100,29.037340,25300,0,1,171.494704
2021-11-16,31.5600,28.991409,21100,0,1,171.223438
2021-11-17,31.4100,28.853613,33100,0,1,170.409638
2021-11-18,31.2600,28.715822,58200,0,1,169.595839
2021-11-19,31.0100,28.486170,12900,0,1,168.239506
2021-11-22,31.1200,28.587219,33100,0,1,168.836292
2021-11-23,31.2680,28.723175,31800,0,1,169.639241
2021-11-24,31.2500,28.706640,18000,0,1,169.541585
2021-11-26,30.5020,28.019518,29000,0,1,165.483438
2021-11-29,30.6100,28.118729,20300,0,1,166.069374
2021-11-30,30.0900,27.641043,40400,0,1,163.248202
2021-12-01,29.7000,27.282793,31100,0,1,161.132323
2021-12-02,30.2100,27.751284,29400,0,1,163.899241
2021-12-03,30.2220,27.762308,38500,0,1,163.964345
2021-12-06,30.7700,28.265707,32700,0,1,166.937427
2021-12-07,31.1600,28.623966,41600,0,1,169.053306
2021-12-08,31.2100,28.669891,30300,0,1,169.324572
2021-12-09,31.2040,28.664385,25300,0,1,169.292020
2021-12-10,31.4000,28.844429,9700,0,1,170.355385
2021-12-13,31.1690,28.632233,13500,0,1,169.102134
2021-12-14,31.1100,28.578033,6300,0,1,168.782039
2021-12-15,31.4300,28.871994,28700,0,1,170.518145
2021-12-16,31.4910,28.928024,42500,0,1,170.849090
2021-12-17,31.1190,28.586300,22300,0,1,168.830867
2021-12-20,30.7400,28.238146,57400,0,1,166.774667
2021-12-21,31.2100,28.669891,17600,0,1,169.324572
2021-12-22,31.3900,28.835241,14800,0,1,170.301132
2021-12-23,31.4100,28.981028,23700,0.138,1,171.158334
2021-12-27,31.6950,29.243984,32000,0,1,172.711347
2021-12-28,31.8000,29.340868,26400,0,1,173.283509
2021-12-29,31.9000,29.433132,43700,0,1,173.828426
2021-12-30,31.8100,29.350100,19900,0,1,173.338001
2021-12-31,31.7610,29.304888,26500,0,1,173.070992
2022-01-03,32.0200,29.543852,124700,0,1,174.482326
2022-01-04,32.2700,29.774525,171500,0,1,175.844618
2022-01-05,32.0900,29.608446,80300,0,1,174.863767
2022-01-06,32.0100,29.534628,73700,0,1,174.427834
2022-01-07,32.1500,29.663801,62200,0,1,175.190717
2022-01-10,32.0500,29.571535,86900,0,1,174.645801
2022-01-11,32.1700,29.682253,53800,0,1,175.299701
2022-01-12,32.2020,29.711781,17400,0,1,175.474074
2022-01-13,32.0750,29.594603,41900,0,1,174.782030
2022-01-14,32.0000,29.525400,62900,0,1,174.373342
2022-01-18,31.6300,29.184015,27700,0,1,172.357151
2022-01-19,31.3300,28.907215,201700,0,1,170.722401
2022-01-20,31.0600,28.658098,20400,0,1,169.251126
2022-01-21,30.6540,28.283491,45000,0,1,167.038764
2022-01-24,30.6700,28.298250,219600,0,1,167.125950
2022-01-25,30.6700,28.298250,72800,0,1,167.125950
2022-01-26,30.4890,28.131250,30600,0,1,166.139651
2022-01-27,30.4600,28.104490,50700,0,1,165.981625
2022-01-28,30.8670,28.480019,61600,0,1,168.199436
2022-01-31,31.1690,28.758667,12900,0,1,169.845085
2022-02-01,31.4450,29.013321,14100,0,1,171.349055
2022-02-02,31.6220,29.176634,28200,0,1,172.313557
2022-02-03,31.2090,28.795572,17200,0,1,170.063051
2022-02-04,31.1740,28.763277,15300,0,1,169.872331
2022-02-07,31.1040,28.698692,12900,0,1,169.490889
2022-02-08,31.4200,28.990253,33100,0,1,171.212826
2022-02-09,31.6600,29.211699,41400,0,1,172.520626
2022-02-10,31.2880,28.868460,20800,0,1,170.493536
2022-02-11,30.9100,28.519693,35000,0,1,168.433750
2022-02-14,30.7670,28.387753,33700,0,1,167.654520
2022-02-15,31.1400,28.731905,46000,0,1,169.687059
2022-02-16,31.0900,28.685774,23400,0,1,169.414601
2022-02-17,30.6800,28.307484,72200,0,1,167.180442
2022-02-18,30.5000,28.141399,11400,0,1,166.199592
2022-02-22,30.1700,27.836920,37900,0,1,164.401367
2022-02-23,29.7800,27.477076,28100,0,1,162.276192
2022-02-24,29.7800,27.477076,204300,0,1,162.276192
2022-02-25,30.5210,28.160774,54000,0,1,166.314025
2022-02-28,30.4100,28.058355,32100,0,1,165.709167
2022-03-01,29.8800,27.569340,31800,0,1,162.821109
2022-03-02,30.4250,28.072199,42400,0,1,165.790905
2022-03-03,30.4000,28.049133,87500,0,1,165.654675
2022-03-04,30.2700,27.929186,32400,0,1,164.946284
2022-03-07,29.6500,27.357128,38500,0,1,161.567800
2022-03-08,29.5280,27.244560,14000,0,1,160.903002
2022-03-09,30.0000,27.680065,547900,0,1,163.475009
2022-03-10,29.8850,27.573956,16900,0,1,162.848354
2022-03-11,29.7100,27.412489,23800,0,1,161.894750
2022-03-14,29.7000,27.403265,19700,0,1,161.840258
2022-03-15,30.1100,27.781557,16100,0,1,164.074417
2022-03-16,30.5000,28.141399,194500,0,1,166.199592
2022-03-17,30.8650,28.478172,9000,0,1,168.188538
2022-03-18,31.0340,28.634104,21000,0,1,169.109447
2022-03-21,30.9080,28.517847,12200,0,1,168.422852
2022-03-22,31.1500,28.741135,13500,0,1,169.741551
2022-03-23,30.8200,28.436651,9600,0,1,167.943325
2022-03-24,31.1450,28.736523,5800,0,1,169.714305
2022-03-25,31.1590,28.884838,17400,0.146,1,170.586171
2022-03-28,31.2400,28.959927,7000,0,1,171.029622
2022-03-29,31.5700,29.265846,9500,0,1,172.836273
2022-03-30,31.4850,29.187050,14600,0,1,172.370924
2022-03-31,31.0200,28.755991,11400,0,1,169.825188
2022-04-01,31.1000,28.830147,18100,0,1,170.263164
2022-04-04,31.1640,28.889475,7600,0,1,170.613545
2022-04-05,30.9030,28.647526,25400,0,1,169.184648
2022-04-06,30.7900,28.542772,34300,0,1,168.566007
2022-04-07,30.8800,28.626202,15700,0,1,169.058730
2022-04-08,30.9300,28.672556,8000,0,1,169.332465
2022-04-11,30.5900,28.357372,173700,0,1,167.471067
2022-04-12,30.5530,28.323072,20600,0,1,167.268503
2022-04-13,30.8400,28.589125,17800,0,1,168.839742
2022-04-14,30.7730,28.527018,23500,0,1,168.472937
2022-04-18,30.7000,28.459341,11000,0,1,168.073284
2022-04-19,31.1570,28.882986,8000,0,1,170.575222
2022-04-20,31.3800,29.089712,88600,0,1,171.796080
2022-04-21,31.1700,28.895039,23600,0,1,170.646393
2022-04-22,30.3400,28.125612,34800,0,1,166.102392
2022-04-25,30.5100,28.283211,40600,0,1,167.033091
2022-04-26,29.8100,27.634296,56100,0,1,163.200801
2022-04-27,29.7540,27.582380,43400,0,1,162.894218
2022-04-28,30.3000,28.088535,33100,0,1,165.883404
2022-04-29,29.4200,27.272762,30800,0,1,161.065668
2022-05-02,29.5400,27.384007,24800,0,1,161.722632
2022-05-03,29.6450,27.481337,5000,0,1,162.297476
2022-05-04,30.4720,28.247984,37900,0,1,166.825053
2022-05-05,29.6600,27.495251,29600,0,1,162.379596
2022-05-06,29.5000,27.346924,25200,0,1,161.503644
2022-05-09,29.0020,26.885273,28100,0,1,158.777244
2022-05-10,28.9000,26.790716,46100,0,1,158.218825
2022-05-11,28.6200,26.531155,24700,0,1,156.685909
2022-05-12,28.6000,26.512615,22300,0,1,156.576415
2022-05-13,29.0000,26.883413,19600,0,1,158.766295
2022-05-16,29.0700,26.948307,214400,0,1,159.149524
2022-05-17,29.4200,27.272762,46300,0,1,161.065668
2022-05-18,28.3490,26.279932,28300,0,1,155.202265
2022-05-19,28.0460,25.999048,16000,0,1,153.543431
2022-05-20,28.0250,25.979576,17400,0,1,153.428462
2022-05-23,28.5780,26.492218,17200,0,1,156.455971
2022-05-24,28.6100,26.521883,41600,0,1,156.631162
2022-05-25,28.7980,26.696163,17400,0,1,157.660405
2022-05-26,29.2300,27.096632,88300,0,1,160.025475
2022-05-27,29.7090,27.540670,101300,0,1,162.647857
2022-05-31,29.5900,27.430357,11100,0,1,161.996367
2022-06-01,29.4650,27.314480,119400,0,1,161.312030
2022-06-02,29.8100,27.634296,56200,0,1,163.200801
2022-06-03,29.5190,27.364538,9600,0,1,161.607664
2022-06-06,29.5300,27.374735,13200,0,1,161.667885
2022-06-07,29.7260,27.556429,10000,0,1,162.740927
2022-06-08,29.4800,27.328386,15400,0,1,161.394150
2022-06-09,28.8900,26.781448,36600,0,1,158.164078
2022-06-10,28.1100,26.058376,92800,0,1,153.893812
2022-06-13,27.3640,25.366819,31300,0,1,149.809686
2022-06-14,27.2380,25.250021,29700,0,1,149.119873
2022-06-15,27.4920,25.485481,12800,0,1,150.510447
2022-06-16,26.8400,24.881063,36200,0,1,146.940943
2022-06-17,26.8740,24.912580,18600,0,1,147.127083
2022-06-21,27.3600,25.363115,17500,0,1,149.787787
2022-06-22,27.2500,25.261143,11000,0,1,149.185570
2022-06-23,27.4100,25.409464,14500,0,1,150.061522
2022-06-24,28.0300,26.098471,22000,0.12,1,154.112800
2022-06-27,27.8790,25.957878,4100,0,1,153.282581
2022-06-28,27.4500,25.558439,16800,0,1,150.923880
2022-06-29,27.4400,25.549131,20400,0,1,150.868898
2022-06-30,27.1800,25.307047,23000,0,1,149.439383
2022-07-01,27.4410,25.550060,9000,0,1,150.874397
2022-07-05,27.4000,25.511885,22400,0,1,150.648973
2022-07-06,27.4080,25.519331,52800,0,1,150.692958
2022-07-07,27.7760,25.861975,15200,0,1,152.716273
2022-07-08,27.6700,25.763281,55000,0,1,152.133470
2022-07-11,27.5000,25.604996,19800,0,1,151.198787
2022-07-12,27.4200,25.530504,17900,0,1,150.758936
2022-07-13,27.3070,25.425295,33300,0,1,150.137646
2022-07-14,27.1340,25.264214,427500,0,1,149.186468
2022-07-15,27.5950,25.693445,19500,0,1,151.721110
2022-07-18,27.4300,25.539818,13900,0,1,150.813917
2022-07-19,28.0780,26.143166,12400,0,1,154.376710
2022-07-20,28.1550,26.214861,23600,0,1,154.800067
2022-07-21,28.2440,26.297720,26100,0,1,155.289401
2022-07-22,28.0500,26.117092,33200,0,1,154.222762
2022-07-25,28.1200,26.182270,12300,0,1,154.607632
2022-07-26,27.9280,26.003500,72400,0,1,153.551990
2022-07-27,28.3000,26.349865,15200,0,1,155.597297
2022-07-28,28.5710,26.602194,16000,0,1,157.087292
2022-07-29,28.7770,26.793999,25500,0,1,158.219909
2022-08-01,28.7860,26.802376,27700,0,1,158.269392
2022-08-02,28.4010,26.443905,20100,0,1,156.152609
2022-08-03,28.7300,26.750233,51100,0,1,157.961496
2022-08-04,28.6400,26.666435,21600,0,1,157.466664
2022-08-05,28.6870,26.710197,14600,0,1,157.725076
2022-08-08,28.7460,26.765135,17600,0,1,158.049466
2022-08-09,28.6600,26.685059,11900,0,1,157.576626
2022-08-10,29.1510,27.142220,15800,0,1,160.276212
2022-08-11,29.2640,27.247440,16600,0,1,160.897502
2022-08-12,29.6400,27.597527,66600,0,1,162.964801
2022-08-15,29.7820,27.729740,42100,0,1,163.745537
2022-08-16,30.0170,27.948551,14600,0,1,165.037599
2022-08-17,29.8390,27.782814,16000,0,1,164.058931
2022-08-18,29.8600,27.802368,17900,0,1,164.174392
2022-08-19,29.5900,27.550974,17300,0,1,162.689894
2022-08-22,28.9800,26.983009,98600,0,1,159.336031
2022-08-23,28.9190,26.926212,19300,0,1,159.000644
2022-08-24,28.9400,26.945765,15000,0,1,159.116105
2022-08-25,29.2110,27.198090,20000,0,1,160.606100
2022-08-26,28.3660,26.411324,13800,0,1,155.960174
2022-08-29,28.1800,26.238136,22000,0,1,154.937520
2022-08-30,27.8640,25.943914,23000,0,1,153.200109
2022-08-31,27.6520,25.746521,10100,0,1,152.034504
2022-09-01,27.7600,25.847075,50800,0,1,152.628303
2022-09-02,27.4140,25.524921,16400,0,1,150.725947
2022-09-06,27.2610,25.382463,13200,0,1,149.884732
2022-09-07,27.6800,25.772591,32100,0,1,152.188451
2022-09-08,27.8200,25.902941,40800,0,1,152.958191
2022-09-09,28.1870,26.244652,11500,0,1,154.976007
2022-09-12,28.4200,26.461596,23800,0,1,156.257073
2022-09-13,27.3230,25.440191,17400,0,1,150.225616
2022-09-14,27.3200,25.437397,4800,0,1,150.209122
2022-09-15,27.1300,25.260490,18800,0,1,149.164476
2022-09-16,27.0000,25.139444,11100,0,1,148.449718
2022-09-19,27.1310,25.261419,15600,0,1,149.169974
2022-09-20,26.8500,24.999786,16500,0,1,147.624997
2022-09-21,26.3900,24.571482,19900,0,1,145.095854
2022-09-22,26.2800,24.469063,19500,0,1,144.491059
2022-09-23,25.6900,24.047832,56300,0.14,1,142.016897
2022-09-26,25.4540,23.826918,40500,0,1,140.712265
2022-09-27,25.2900,23.673397,31000,0,1,139.805657
2022-09-28,25.7950,24.146116,60400,0,1,142.597347
2022-09-29,25.3120,23.693993,31500,0,1,139.927275
2022-09-30,24.8180,23.231573,14300,0,1,137.196393
2022-10-03,25.5000,23.869972,25700,0,1,140.966558
2022-10-04,26.2100,24.534586,31200,0,1,144.891509
2022-10-05,26.1500,24.478424,12500,0,1,144.559823
2022-10-06,25.8500,24.197598,14600,0,1,142.901393
2022-10-07,25.2410,23.627529,26600,0,1,139.534780
2022-10-10,25.2200,23.607868,38600,0,1,139.418690
2022-10-11,25.2300,23.617233,21300,0,1,139.473971
2022-10-12,25.2100,23.598511,12800,0,1,139.363409
2022-10-13,25.9600,24.300566,11000,0,1,143.509484
2022-10-14,25.6200,23.982306,13900,0,1,141.629930
2022-10-17,26.0400,24.375458,41000,0,1,143.951732
2022-10-18,26.3400,24.656279,18500,0,1,145.610162
2022-10-19,26.2700,24.590750,18900,0,1,145.223195
2022-10-20,26.2210,24.544888,20800,0,1,144.952318
2022-10-21,26.8100,25.096237,11000,0,1,148.208369
2022-10-24,27.1400,25.405138,16800,0,1,150.032642
2022-10-25,27.4810,25.724344,29700,0,1,151.917724
2022-10-26,27.5100,25.751488,18300,0,1,152.078039
2022-10-27,27.5920,25.828247,25400,0,1,152.531344
2022-10-28,28.3610,26.548092,19200,0,1,156.782453
2022-10-31,28.2300,26.425463,34100,0,1,156.058272
2022-11-01,28.1600,26.359936,65700,0,1,155.671304
2022-11-02,27.7410,25.967724,36900,0,1,153.355030
2022-11-03,27.5700,25.807653,23200,0,1,152.409725
2022-11-04,27.9950,26.205486,10000,0,1,154.759168
2022-11-07,28.3500,26.537790,31400,0,1,156.721644
2022-11-08,28.5800,26.753090,63100,0,1,157.993107
2022-11-09,27.9860,26.197065,40400,0,1,154.709415
2022-11-10,29.0400,27.183691,64000,0,1,160.536033
2022-11-11,29.3070,27.433619,46800,0,1,162.012036
2022-11-14,29.1760,27.310995,20900,0,1,161.287854
2022-11-15,29.2380,27.369030,48900,0,1,161.630597
2022-11-16,29.1600,27.296022,45200,0,1,161.199405
2022-11-17,29.1600,27.296022,48200,0,1,161.199405
2022-11-18,29.2700,27.398987,15400,0,1,161.807496
2022-11-21,29.3800,27.501955,15500,0,1,162.415587
2022-11-22,29.7130,27.813667,23100,0,1,164.256444
2022-11-23,29.7780,27.874510,28300,0,1,164.615771
2022-11-25,29.8350,27.927868,4900,0,1,164.930873
2022-11-28,29.4080,27.528164,12000,0,1,162.570374
2022-11-29,29.5200,27.633005,19600,0,1,163.189521
2022-11-30,30.0500,28.129124,26800,0,1,166.119414
2022-12-01,30.0100,28.091681,28300,0,1,165.898290
2022-12-02,29.9980,28.080450,19800,0,1,165.831953
2022-12-05,29.5930,27.701338,29300,0,1,163.593072
2022-12-06,29.2470,27.377460,25100,0,1,161.680350
2022-12-07,29.2580,27.387749,20400,0,1,161.741159
2022-12-08,29.3960,27.516932,21500,0,1,162.504036
2022-12-09,29.1890,27.323158,12900,0,1,161.359720
2022-12-12,29.6170,27.723804,17300,0,1,163.725747
2022-12-13,29.7580,27.855791,37000,0,1,164.505209
2022-12-14,29.6330,27.738781,9100,0,1,163.814196
2022-12-15,28.9380,27.088205,65700,0,1,159.972167
2022-12-16,28.7600,26.921585,36200,0,1,158.988165
2022-12-19,28.5400,26.715649,54800,0,1,157.771983
2022-12-20,28.6600,26.827978,89700,0,1,158.435355
2022-12-21,29.0650,27.207092,116000,0,1,160.674235
2022-12-22,28.8040,26.962778,15700,0,1,159.231401
2022-12-23,28.8100,27.103889,22200,0.144,1,160.060616
2022-12-27,28.8660,27.156574,17600,0,1,160.371737
2022-12-28,28.5200,26.831060,29300,0,1,158.449454
2022-12-29,28.8000,27.094481,23400,0,1,160.005059
2022-12-30,28.8300,27.122704,35700,0,1,160.171731
2023-01-03,28.8640,27.154692,25900,0,1,160.360626
2023-01-04,29.1050,27.381416,19500,0,1,161.699557
2023-01-05,28.8990,27.187616,84200,0,1,160.555076
2023-01-06,29.6020,27.848988,18600,0,1,164.460755
2023-01-09,29.5000,27.753027,15000,0,1,163.894071
2023-01-10,29.7030,27.944002,14900,0,1,165.021884
2023-01-11,29.8700,28.101118,16100,0,1,165.949691
2023-01-12,30.0700,28.289270,19800,0,1,167.060837
2023-01-13,30.1860,28.398403,24700,0,1,167.705302
2023-01-17,29.8400,28.072891,21900,0,1,165.783019
2023-01-18,29.2960,27.561111,36700,0,1,162.760702
2023-01-19,29.0500,27.329672,77200,0,1,161.393992
2023-01-20,29.4000,27.658947,23500,0,1,163.338498
2023-01-23,29.6900,27.931776,16200,0,1,164.949660
2023-01-24,29.7200,27.959999,26400,0,1,165.116332
2023-01-25,29.7200,27.959999,15200,0,1,165.116332
2023-01-26,29.9010,28.130280,18700,0,1,166.121919
2023-01-27,29.9100,28.138748,25400,0,1,166.171920
2023-01-30,29.6700,27.912960,20600,0,1,164.838545
2023-01-31,29.9930,28.216831,19100,0,1,166.633046
2023-02-01,30.0800,28.298683,14400,0,1,167.116395
2023-02-02,30.1770,28.389936,33700,0,1,167.655301
2023-02-03,30.0330,28.254465,16400,0,1,166.855275
2023-02-06,29.9100,28.138748,25100,0,1,166.171920
2023-02-07,30.1400,28.355129,14400,0,1,167.449739
2023-02-08,29.9300,28.157562,35400,0,1,166.283035
2023-02-09,29.7140,27.954357,19900,0,1,165.082997
2023-02-10,29.8300,28.063486,14300,0,1,165.727462
2023-02-13,30.1500,28.364538,17500,0,1,167.505296
2023-02-14,30.0250,28.246939,26100,0,1,166.810830
2023-02-15,30.1100,28.326904,31400,0,1,167.283067
2023-02-16,29.8400,28.072891,36300,0,1,165.783019
2023-02-17,29.8810,28.111467,20400,0,1,166.010804
2023-02-21,29.2420,27.510305,33500,0,1,162.460692
2023-02-22,29.1310,27.405880,8900,0,1,161.844006
2023-02-23,29.1800,27.451977,13000,0,1,162.116237
2023-02-24,28.9000,27.188559,13400,0,1,160.560632
2023-02-27,28.9600,27.245005,13400,0,1,160.893976
2023-02-28,28.9220,27.209263,6000,0,1,160.682858
2023-03-01,28.9140,27.201731,11300,0,1,160.638412
2023-03-02,29.2290,27.498077,9400,0,1,162.388468
2023-03-03,29.5480,27.798183,4600,0,1,164.160746
2023-03-06,29.5900,27.837700,17600,0,1,164.394086
2023-03-07,29.0800,27.357901,16500,0,1,161.560664
2023-03-08,29.0800,27.357901,11600,0,1,161.560664
2023-03-09,28.5860,26.893156,14400,0,1,158.816132
2023-03-10,28.3080,26.631615,17200,0,1,157.271639
2023-03-13,28.2440,26.571404,16900,0,1,156.916072
2023-03-14,28.5310,26.841410,10700,0,1,158.510567
2023-03-15,28.2570,26.583637,7600,0,1,156.988297
2023-03-16,28.6750,26.976881,17400,0,1,159.310592
2023-03-17,28.2900,26.614687,57200,0,1,157.171636
2023-03-20,28.6770,26.978765,14700,0,1,159.321704
2023-03-21,28.9210,27.208315,31700,0,1,160.677302
2023-03-22,28.4800,26.793430,20900,0,1,158.227225
2023-03-23,28.5500,26.859285,26200,0,1,158.616126
2023-03-24,28.4680,26.918854,26400,0.145,1,158.966137
2023-03-27,28.6870,27.125940,14100,0,1,160.189039
2023-03-28,28.6780,27.117430,42600,0,1,160.138783
2023-03-29,29.0690,27.487154,105700,0,1,162.322139
2023-03-30,29.2040,27.614803,8400,0,1,163.075982
2023-03-31,29.5620,27.953325,17100,0,1,165.075065
2023-04-03,29.8600,28.235107,77500,0,1,166.739105
2023-04-04,29.6500,28.036535,80700,0,1,165.566459
2023-04-05,29.7600,28.140553,16100,0,1,166.180703
2023-04-06,29.7050,28.088543,16800,0,1,165.873581
2023-04-10,29.8300,28.206741,41400,0,1,166.571585
2023-04-11,29.8770,28.251184,53300,0,1,166.834034
2023-04-12,29.7540,28.134874,30700,0,1,166.147198
2023-04-13,30.0700,28.433680,32600,0,1,167.911752
2023-04-14,30.0040,28.371277,15100,0,1,167.543206
2023-04-17,30.1130,28.474346,29900,0,1,168.151865
2023-04-18,30.0600,28.424223,32600,0,1,167.855911
2023-04-19,29.9770,28.345739,22900,0,1,167.392437
2023-04-20,29.8500,28.225651,28300,0,1,166.683265
2023-04-21,29.8800,28.254019,20500,0,1,166.850786
2023-04-24,29.9030,28.275766,22900,0,1,166.979219
2023-04-25,29.5920,27.981689,46700,0,1,165.242586
2023-04-26,29.3600,27.762318,18500,0,1,163.947091
2023-04-27,29.8430,28.219034,20600,0,1,166.644177
2023-04-28,30.0960,28.458263,13900,0,1,168.056936
2023-05-01,30.0660,28.429901,21800,0,1,167.889415
2023-05-02,29.7060,28.089489,58500,0,1,165.879165
2023-05-03,29.5150,27.908882,13000,0,1,164.812615
2023-05-04,29.2100,27.620480,11900,0,1,163.109487
2023-05-05,29.6990,28.082870,15900,0,1,165.840077
2023-05-08,29.6650,28.050724,16700,0,1,165.650220
2023-05-09,29.5400,27.932526,10500,0,1,164.952216
2023-05-10,29.5100,27.904156,39300,0,1,164.784695
2023-05-11,29.2600,27.667757,20200,0,1,163.388688
2023-05-12,29.2730,27.680050,13600,0,1,163.461280
2023-05-15,29.3470,27.750025,52200,0,1,163.874499
2023-05-16,29.0000,27.421906,18100,0,1,161.936841
2023-05-17,29.3900,27.790688,24100,0,1,164.114612
2023-05-18,29.4700,27.866327,10700,0,1,164.561334
2023-05-19,29.4700,27.866327,14900,0,1,164.561334
2023-05-22,29.2900,27.696129,30000,0,1,163.556209
2023-05-23,29.1500,27.563742,21500,0,1,162.774445
2023-05-24,28.8000,27.232790,78300,0,1,160.820035
2023-05-25,28.7300,27.166599,24400,0,1,160.429153
2023-05-26,28.9500,27.374628,24800,0,1,161.657639
2023-05-30,29.0000,27.421906,19700,0,1,161.936841
2023-05-31,28.9700,27.393539,22100,0,1,161.769320
2023-06-01,29.0010,27.422852,19000,0,1,161.942425
2023-06-02,29.6900,28.074360,21600,0,1,165.789821
2023-06-05,29.4430,27.840801,28000,0,1,164.410565
2023-06-06,29.5400,27.932526,27500,0,1,164.952216
2023-06-07,29.6700,28.055450,21900,0,1,165.678140
2023-06-08,29.7200,28.102726,174700,0,1,165.957341
2023-06-09,29.7100,28.093269,31300,0,1,165.901501
2023-06-12,30.0000,28.367491,29900,0,1,167.520869
2023-06-13,30.1500,28.509331,31300,0,1,168.358474
2023-06-14,30.1300,28.490414,17600,0,1,168.246793
2023-06-15,30.4200,28.764639,19900,0,1,169.866162
2023-06-16,30.4300,28.774096,19900,0,1,169.922002
2023-06-20,30.0900,28.452591,30500,0,1,168.023432
2023-06-21,29.9000,28.272934,9400,0,1,166.962467
2023-06-22,29.9100,28.282389,11100,0,1,167.018307
2023-06-23,29.7100,28.093269,32400,0,1,165.901501
2023-06-26,29.7500,28.131094,28100,0,1,166.124862
2023-06-27,29.7500,28.265055,32300,0.141,1,166.912210
2023-06-28,29.6910,28.209002,31000,0,1,166.581191
2023-06-29,29.9450,28.450325,523400,0,1,168.006257
2023-06-30,30.1200,28.616590,183900,0,1,168.988093
2023-07-03,30.2170,28.708748,10000,0,1,169.532311
2023-07-05,30.0200,28.521580,60900,0,1,168.427044
2023-07-06,29.7400,28.255554,104100,0,1,166.856105
2023-07-07,29.5600,28.084539,180300,0,1,165.846216
2023-07-10,29.7420,28.257460,47100,0,1,166.867326
2023-07-11,30.0800,28.578588,44100,0,1,168.763674
2023-07-12,30.1250,28.621342,22300,0,1,169.016146
2023-07-13,30.1500,28.645092,17200,0,1,169.156408
2023-07-14,30.0570,28.556734,18800,0,1,168.634632
2023-07-17,30.0000,28.502581,31000,0,1,168.314834
2023-07-18,30.3000,28.787601,24900,0,1,169.997982
2023-07-19,30.4850,28.963367,49600,0,1,171.035924
2023-07-20,30.5840,29.057432,35200,0,1,171.591363
2023-07-21,30.6500,29.120136,56300,0,1,171.961655
2023-07-24,30.7750,29.238895,46900,0,1,172.662967
2023-07-25,30.8200,29.281651,73900,0,1,172.915439
2023-07-26,30.9250,29.381409,37000,0,1,173.504541
2023-07-27,30.7700,29.234144,39000,0,1,172.634915
2023-07-28,30.9400,29.395660,24100,0,1,173.588699
2023-07-31,30.9730,29.427013,18600,0,1,173.773845
2023-08-01,31.0300,29.481167,72800,0,1,174.093643
2023-08-02,30.7900,29.253149,49800,0,1,172.747125
2023-08-03,30.6500,29.120136,105200,0,1,171.961655
2023-08-04,30.5000,28.977625,28100,0,1,171.120081
2023-08-07,30.8100,29.272152,47100,0,1,172.859334
2023-08-08,30.7400,29.205645,33800,0,1,172.466600
2023-08-09,30.5200,28.996624,19900,0,1,171.232291
2023-08-10,30.6300,29.101131,15900,0,1,171.849445
2023-08-11,30.7400,29.205645,23900,0,1,172.466600
2023-08-14,30.7500,29.215147,19600,0,1,172.522705
2023-08-15,30.3800,28.863605,28000,0,1,170.446822
2023-08-16,30.2100,28.702095,35400,0,1,169.493038
2023-08-17,30.0300,28.531078,21300,0,1,168.483149
2023-08-18,30.0800,28.578588,20500,0,1,168.763674
2023-08-21,30.0900,28.588085,37500,0,1,168.819778
2023-08-22,29.9300,28.436073,17900,0,1,167.922099
2023-08-23,30.0700,28.569084,16800,0,1,168.707569
2023-08-24,29.7500,28.265055,17400,0,1,166.912210
2023-08-25,29.9100,28.417070,13700,0,1,167.809889
2023-08-28,30.1300,28.626087,19600,0,1,169.044198
2023-08-29,30.3970,28.879761,409200,0,1,170.542200
2023-08-30,30.5100,28.987123,25500,0,1,171.176186
2023-08-31,30.4400,28.920612,22600,0,1,170.783452
2023-09-01,30.5100,28.987123,21700,0,1,171.176186
2023-09-05,30.3200,28.806606,22600,0,1,170.110192
2023-09-06,30.1200,28.616590,19700,0,1,168.988093
2023-09-07,30.1900,28.683094,17000,0,1,169.380828
2023-09-08,30.2500,28.740097,18400,0,1,169.717458
2023-09-11,30.2400,28.730597,21600,0,1,169.661353
2023-09-12,30.2850,28.773357,15900,0,1,169.913825
2023-09-13,30.1840,28.677393,25200,0,1,169.347165
2023-09-14,30.4830,28.961470,19400,0,1,171.024703
2023-09-15,30.1600,28.654591,14500,0,1,169.212513
2023-09-18,30.1900,28.683094,17500,0,1,169.380828
2023-09-19,30.1200,28.616590,21700,0,1,168.988093
2023-09-20,29.9800,28.483576,17000,0,1,168.202624
2023-09-21,29.5200,28.046537,43500,0,1,165.621797
2023-09-22,29.2700,27.946287,119300,0.145,1,165.032695
2023-09-25,29.2950,27.970154,74900,0,1,165.173652
2023-09-26,29.0400,27.726690,79700,0,1,163.735888
2023-09-27,28.9600,27.650309,40100,0,1,163.284825
2023-09-28,28.9600,27.650309,19700,0,1,163.284825
2023-09-29,29.0300,27.717142,15600,0,1,163.679506
2023-10-02,28.8500,27.545284,16700,0,1,162.664614
2023-10-03,28.6100,27.316137,162300,0,1,161.311424
2023-10-04,28.6750,27.378191,46000,0,1,161.677913
2023-10-05,28.6360,27.340961,30100,0,1,161.458020
2023-10-06,28.8000,27.497538,23100,0,1,162.382699
2023-10-09,28.9900,27.678947,19500,0,1,163.453974
2023-10-10,29.1400,27.822165,18800,0,1,164.299717
2023-10-11,29.2300,27.908094,16200,0,1,164.807163
2023-10-12,29.1290,27.811661,25600,0,1,164.237696
2023-10-13,29.0700,27.755331,26400,0,1,163.905037
2023-10-16,29.3500,28.022671,26000,0,1,165.483758
2023-10-17,29.3500,28.022671,20500,0,1,165.483758
2023-10-18,29.0110,27.698997,17100,0,1,163.572378
2023-10-19,28.8440,27.539555,21400,0,1,162.630784
2023-10-20,28.6500,27.354326,103800,0,1,161.536956
2023-10-23,28.5000,27.211111,61400,0,1,160.691213
2023-10-24,28.7650,27.464123,280400,0,1,162.185359
2023-10-25,28.5820,27.289400,24800,0,1,161.153552
2023-10-26,28.3900,27.106083,32900,0,1,160.071001
2023-10-27,28.0800,26.810102,33400,0,1,158.323132
2023-10-30,28.5520,27.260756,27800,0,1,160.984404
2023-10-31,28.7030,27.404926,15800,0,1,161.835785
2023-11-01,28.8100,27.507090,25800,0,1,162.439082
2023-11-02,29.2800,27.955833,135300,0,1,165.089078
2023-11-03,29.5000,28.165882,61400,0,1,166.329501
2023-11-06,29.5700,28.232718,9200,0,1,166.724181
2023-11-07,29.5830,28.245134,23800,0,1,166.797479
2023-11-08,29.4600,28.127693,24400,0,1,166.103969
2023-11-09,29.3340,28.007395,21800,0,1,165.393545
2023-11-10,29.6480,28.307190,14400,0,1,167.163968
2023-11-13,29.6750,28.332970,23800,0,1,167.316201
2023-11-14,30.0800,28.719658,42000,0,1,169.599708
2023-11-15,30.2960,28.925880,25600,0,1,170.817578
2023-11-16,30.2520,28.883873,15000,0,1,170.569494
2023-11-17,30.3030,28.932570,17400,0,1,170.857046
2023-11-20,30.4900,29.111111,19300,0,1,171.911406
2023-11-21,30.4380,29.061464,31700,0,1,171.618215
2023-11-22,30.5900,29.206589,35000,0,1,172.475235
2023-11-24,30.6630,29.276287,12300,0,1,172.886830
2023-11-27,30.6100,29.225689,23600,0,1,172.588001
2023-11-28,30.6650,29.278198,23300,0,1,172.898107
2023-11-29,30.7530,29.362221,15900,0,1,173.394276
2023-11-30,31.1050,29.698296,17200,0,1,175.378953
2023-12-01,31.3790,29.959909,19700,0,1,176.923844
2023-12-04,31.3500,29.932224,23900,0,1,176.760334
2023-12-05,31.2300,29.817646,54500,0,1,176.083739
2023-12-06,31.1800,29.769909,39100,0,1,175.801825
2023-12-07,31.3450,29.927444,10700,0,1,176.732143
2023-12-08,31.4500,30.027697,22800,0,1,177.324163
2023-12-11,31.6130,30.183325,406100,0,1,178.243204
2023-12-12,31.6950,30.261618,18100,0,1,178.705543
2023-12-13,32.1200,30.667395,44200,0,1,181.101816
2023-12-14,32.3600,30.896542,44500,0,1,182.455005
2023-12-15,32.4500,30.982471,19200,0,1,182.962451
2023-12-18,32.4850,31.015890,24600,0,1,183.159791
2023-12-19,32.7600,31.278456,29500,0,1,184.710320
2023-12-20,32.3380,30.875540,24200,0,1,182.330963
2023-12-21,32.5400,31.068403,18000,0,1,183.469897
2023-12-22,32.3600,31.086653,24700,0.199,1,183.577024
2023-12-26,32.6400,31.355637,21100,0,1,185.165454
2023-12-27,32.7100,31.422882,40600,0,1,185.562561
2023-12-28,32.6600,31.374851,401500,0,1,185.278913
2023-12-29,32.6000,31.317211,43300,0,1,184.938535
2024-01-02,32.6600,31.374851,298500,0,1,185.278913
2024-01-03,32.4300,31.153898,83300,0,1,183.974132
2024-01-04,32.3600,31.086653,27200,0,1,183.577024
2024-01-05,32.5000,31.221142,22900,0,1,184.371239
2024-01-08,32.6300,31.346033,21100,0,1,185.108724
2024-01-09,32.4800,31.201933,27200,0,1,184.257780
2024-01-10,32.5410,31.260532,26100,0,1,184.603830
2024-01-11,32.5100,31.230751,139100,0,1,184.427969
2024-01-12,32.5200,31.240358,16400,0,1,184.484698
2024-01-16,32.2690,30.999239,36900,0,1,183.060785
2024-01-17,32.1200,30.856096,46700,0,1,182.215514
2024-01-18,32.3100,31.038624,30700,0,1,183.293376
2024-01-19,32.6600,31.374851,180300,0,1,185.278913
2024-01-22,32.8100,31.518953,34500,0,1,186.129857
2024-01-23,32.7810,31.491089,18200,0,1,185.965341
2024-01-24,32.5800,31.298004,26700,0,1,184.825076
2024-01-25,33.0700,31.768717,31100,0,1,187.604827
2024-01-26,32.9790,31.681299,6500,0,1,187.088587
2024-01-29,33.1050,31.802341,188100,0,1,187.803381
2024-01-30,33.2100,31.903210,24500,0,1,188.399041
2024-01-31,32.9000,31.605410,14900,0,1,186.640424
2024-02-01,33.2300,31.922422,15600,0,1,188.512501
2024-02-02,33.2300,31.922422,8200,0,1,188.512501
2024-02-05,33.0000,31.701468,43300,0,1,187.207720
2024-02-06,33.1880,31.882071,19400,0,1,188.274236
2024-02-07,33.2400,31.932024,18900,0,1,188.569230
2024-02-08,33.3500,32.037701,11700,0,1,189.193256
2024-02-09,33.3200,32.008881,16200,0,1,189.023067
2024-02-12,33.4500,32.133762,37900,0,1,189.760552
2024-02-13,33.0500,31.749502,41300,0,1,187.491368
2024-02-14,33.1300,31.826363,100600,0,1,187.945205
2024-02-15,33.5200,32.201008,36900,0,1,190.157659
2024-02-16,33.3200,32.008881,40400,0,1,189.023067
2024-02-20,33.3570,32.044422,21500,0,1,189.232967
2024-02-21,33.3730,32.059795,48500,0,1,189.323734
2024-02-22,33.6300,32.306683,24600,0,1,190.781685
2024-02-23,33.7000,32.373936,36500,0,1,191.178792
2024-02-26,33.6790,32.353752,14300,0,1,191.059660
2024-02-27,33.6930,32.367207,25800,0,1,191.139082
2024-02-28,33.6700,32.345104,38600,0,1,191.008604
2024-02-29,33.7410,32.413319,30300,0,1,191.411384
2024-03-01,33.7900,32.460388,94500,0,1,191.689359
2024-03-04,33.7960,32.466145,35700,0,1,191.723397
2024-03-05,33.5140,32.195244,28000,0,1,190.123622
2024-03-06,33.5600,32.239433,29000,0,1,190.384578
2024-03-07,33.7190,32.392181,24000,0,1,191.286579
2024-03-08,33.6520,32.327820,33500,0,1,190.906490
2024-03-11,33.7200,32.393147,61900,0,1,191.292252
2024-03-12,33.9750,32.638111,22800,0,1,192.738857
2024-03-13,33.9860,32.648674,25300,0,1,192.801259
2024-03-14,33.7860,32.456543,376300,0,1,191.666667
2024-03-15,33.6490,32.324932,367600,0,1,190.889471
2024-03-18,33.7310,32.403702,14500,0,1,191.354654
2024-03-19,33.9800,32.642910,30000,0,1,192.767222
2024-03-20,34.2460,32.898445,48100,0,1,194.276229
2024-03-21,34.2580,33.049904,15400,0.145,1,195.166884
2024-03-22,34.0100,32.810650,19200,0,1,193.754035
2024-03-25,33.9200,32.723827,45600,0,1,193.241307
2024-03-26,33.9030,32.707424,18800,0,1,193.144459
2024-03-27,34.3370,33.126122,29500,0,1,195.616945
2024-03-28,34.4370,33.222595,16100,0,1,196.186642
2024-04-01,34.3200,33.109718,249900,0,1,195.520096
2024-04-02,34.0610,32.859848,23700,0,1,194.044581
2024-04-03,33.9140,32.718037,39100,0,1,193.207126
2024-04-04,33.5100,32.328281,37100,0,1,190.905549
2024-04-05,33.6820,32.494217,26800,0,1,191.885428
2024-04-08,33.6600,32.472992,37600,0,1,191.760095
2024-04-09,33.6540,32.467209,17000,0,1,191.725913
2024-04-10,33.4030,32.225060,12100,0,1,190.295973
2024-04-11,33.4490,32.269440,75700,0,1,190.558033
2024-04-12,32.9500,31.788031,18000,0,1,187.715244
2024-04-15,32.7800,31.624025,21100,0,1,186.746759
2024-04-16,32.7980,31.641394,27100,0,1,186.849304
2024-04-17,32.6990,31.545887,21500,0,1,186.285304
2024-04-18,32.7010,31.547812,15300,0,1,186.296698
2024-04-19,32.8700,31.710852,19200,0,1,187.259486
2024-04-22,33.0430,31.877750,21700,0,1,188.245063
2024-04-23,33.2330,32.061058,12800,0,1,189.327487
2024-04-24,33.2610,32.088066,13000,0,1,189.487003
2024-04-25,33.0070,31.843027,222600,0,1,188.039972
2024-04-26,33.0440,31.878716,7200,0,1,188.250760
2024-04-29,33.1550,31.985800,7500,0,1,188.883124
2024-04-30,32.7850,31.628851,18700,0,1,186.775244
2024-05-01,32.8240,31.666477,16600,0,1,186.997426
2024-05-02,32.9890,31.825651,8100,0,1,187.937426
2024-05-03,33.3400,32.164272,7200,0,1,189.937063
2024-05-06,33.4600,32.280045,11500,0,1,190.620700
2024-05-07,33.4440,32.264606,11600,0,1,190.529549
2024-05-08,33.5700,32.386166,15200,0,1,191.247367
2024-05-09,33.8450,32.651466,8400,0,1,192.814035
2024-05-10,33.8900,32.694881,8900,0,1,193.070398
2024-05-13,33.9100,32.714176,17500,0,1,193.184338
2024-05-14,33.9600,32.762413,14200,0,1,193.469186
2024-05-15,34.1800,32.974651,23100,0,1,194.722520
2024-05-16,34.3000,33.090424,12100,0,1,195.406157
2024-05-17,34.3400,33.129017,18100,0,1,195.634036
2024-05-20,34.2250,33.018070,74200,0,1,194.978884
2024-05-21,34.2400,33.032543,10200,0,1,195.064339
2024-05-22,34.0800,32.878185,14700,0,1,194.152823
2024-05-23,33.5920,32.407394,35000,0,1,191.372701
2024-05-24,33.5800,32.395821,23000,0,1,191.304337
2024-05-28,33.4100,32.231800,32200,0,1,190.335852
2024-05-29,33.1400,31.971329,32300,0,1,188.797669
2024-05-30,33.0800,31.913450,21000,0,1,188.455851
2024-05-31,33.5800,32.395821,18200,0,1,191.304337
2024-06-03,33.4480,32.268475,15200,0,1,190.552336
2024-06-04,33.5700,32.386166,26100,0,1,191.247367
2024-06-05,33.6100,32.424755,12200,0,1,191.475246
2024-06-06,33.6800,32.492290,16100,0,1,191.874034
2024-06-07,33.6300,32.444054,14300,0,1,191.589185
2024-06-10,33.6900,32.501926,10700,0,1,191.931004
2024-06-11,33.6430,32.456596,34800,0,1,191.663246
2024-06-12,33.4900,32.308994,15700,0,1,190.791609
2024-06-13,33.4400,32.260750,17600,0,1,190.506761
2024-06-14,33.3700,32.193222,18400,0,1,190.107973
2024-06-17,33.5500,32.366871,10700,0,1,191.133428
2024-06-18,33.6490,32.462379,6400,0,1,191.697428
2024-06-20,33.8740,32.679455,25600,0,1,192.979247
2024-06-21,33.9100,32.714176,12300,0,1,193.184338
2024-06-24,34.1200,32.916775,13900,0,1,194.380702
2024-06-25,33.8600,32.665939,12400,0,1,192.899489
2024-06-26,33.8700,32.675587,10800,0,1,192.956459
2024-06-27,33.7400,32.699818,9800,0.155,1,193.098883
2024-06-28,33.4700,32.438141,41700,0,1,191.553634
2024-07-01,33.6200,32.583515,80600,0,1,192.412106
2024-07-02,33.6500,32.612595,33900,0,1,192.583800
2024-07-03,33.6300,32.593216,55400,0,1,192.469337
2024-07-05,33.7500,32.709511,9800,0,1,193.156115
2024-07-08,33.7300,32.690125,11900,0,1,193.041652
2024-07-09,33.6900,32.651360,9100,0,1,192.812726
2024-07-10,33.9900,32.942112,43100,0,1,194.529669
2024-07-11,34.0100,32.961494,23200,0,1,194.644132
2024-07-12,34.1900,33.135948,43000,0,1,195.674298
2024-07-15,34.2700,33.213482,22900,0,1,196.132150
2024-07-16,34.8700,33.794975,51500,0,1,199.566036
2024-07-17,35.0500,33.969429,58400,0,1,200.596202
2024-07-18,34.7150,33.644760,84500,0,1,198.678949
2024-07-19,34.3100,33.252243,8000,0,1,196.361075
2024-07-22,34.3800,33.320080,19900,0,1,196.761695
2024-07-23,34.2760,33.219296,13700,0,1,196.166488
2024-07-24,33.9450,32.898499,14800,0,1,194.272128
2024-07-25,34.0350,32.985729,19600,0,1,194.787211
2024-07-26,34.5710,33.505196,7000,0,1,197.854816
2024-07-29,34.5800,33.513924,18500,0,1,197.906324
2024-07-30,34.6300,33.562382,13300,0,1,198.192481
2024-07-31,34.7300,33.659294,25800,0,1,198.764796
2024-08-01,34.3100,33.252243,60400,0,1,196.361075
2024-08-02,33.5700,32.535057,23600,0,1,192.125949
2024-08-05,32.7400,31.730648,28500,0,1,187.375739
2024-08-06,32.9500,31.934170,22000,0,1,188.577599
2024-08-07,32.7870,31.776197,16900,0,1,187.644727
2024-08-08,33.3320,32.304401,15600,0,1,190.763840
2024-08-09,33.3840,32.354794,38000,0,1,191.061444
2024-08-12,33.2100,32.186157,10400,0,1,190.065617
2024-08-13,33.5800,32.544750,11000,0,1,192.183180
2024-08-14,33.6900,32.651360,398400,0,1,192.812726
2024-08-15,34.3500,33.291008,75300,0,1,196.590001
2024-08-16,34.4500,33.387932,22600,0,1,197.162316
2024-08-19,34.6400,33.572071,6400,0,1,198.249713
2024-08-20,34.6100,33.542995,14400,0,1,198.078019
2024-08-21,34.7100,33.639912,75800,0,1,198.650333
2024-08-22,34.5190,33.454803,10500,0,1,197.557212
2024-08-23,34.9120,33.835686,15400,0,1,199.806408
2024-08-26,34.9500,33.872509,7600,0,1,200.023888
2024-08-27,34.9600,33.882202,10300,0,1,200.081119
2024-08-28,34.7900,33.717449,21900,0,1,199.108185
2024-08-29,35.1200,34.037277,13800,0,1,200.996822
2024-08-30,35.3000,34.211727,19800,0,1,202.026988
2024-09-03,34.7890,33.716476,20500,0,1,199.102461
2024-09-04,34.8200,33.746521,12000,0,1,199.279879
2024-09-05,34.5900,33.523617,15000,0,1,197.963556
2024-09-06,34.2100,33.155331,13700,0,1,195.788761
2024-09-09,34.6100,33.542995,25100,0,1,198.078019
2024-09-10,34.5750,33.509075,4600,0,1,197.877709
2024-09-11,34.7120,33.641861,21500,0,1,198.661779
2024-09-12,34.9500,33.872509,19400,0,1,200.023888
2024-09-13,35.0900,34.008198,8600,0,1,200.825128
2024-09-16,35.4570,34.363884,10600,0,1,202.925522
2024-09-17,35.4390,34.346436,23400,0,1,202.822505
2024-09-18,35.3000,34.211727,30200,0,1,202.026988
2024-09-19,35.6300,34.531551,8500,0,1,203.915626
2024-09-20,35.7700,34.667229,6500,0,1,204.716866
2024-09-23,35.9500,34.841682,10400,0,1,205.747032
2024-09-24,36.0000,34.890144,18200,0,1,206.033189
2024-09-25,35.9500,34.841682,8800,0,1,205.747032
2024-09-26,35.9600,35.003265,12700,0.156,1,206.697074
2024-09-27,36.1050,35.144409,8800,0,1,207.530530
2024-09-30,35.9700,35.013008,12400,0,1,206.754553
2024-10-01,35.8680,34.913715,146700,0,1,206.168260
2024-10-02,35.7500,34.798855,20800,0,1,205.490000
2024-10-03,35.5400,34.594444,23800,0,1,204.282925
2024-10-04,35.8500,34.896198,60400,0,1,206.064797
2024-10-07,35.4800,34.536037,13900,0,1,203.938047
2024-10-08,35.6200,34.672314,17700,0,1,204.742763
2024-10-09,35.9100,34.954601,33100,0,1,206.409675
2024-10-10,35.8200,34.866993,7700,0,1,205.892358
2024-10-11,36.1800,35.217415,5800,0,1,207.961627
2024-10-14,36.3100,35.343960,35700,0,1,208.708864
2024-10-15,36.1500,35.188221,12600,0,1,207.789188
2024-10-16,36.4100,35.441296,20500,0,1,209.283661
2024-10-17,36.5710,35.598011,6300,0,1,210.209085
2024-10-18,36.6100,35.635975,19700,0,1,210.433255
2024-10-21,36.3900,35.421829,32300,0,1,209.168702
2024-10-22,36.2800,35.314754,5700,0,1,208.536425
2024-10-23,35.9400,34.983799,20400,0,1,206.582114
2024-10-24,35.7600,34.808590,36600,0,1,205.547479
2024-10-25,35.5300,34.584702,65000,0,1,204.225446
2024-10-28,35.7880,34.835842,12600,0,1,205.708422
2024-10-29,35.6500,34.701515,29700,0,1,204.915202
2024-10-30,35.5040,34.559402,9000,0,1,204.075998
2024-10-31,35.2820,34.343307,14800,0,1,202.799949
2024-11-01,35.5070,34.562321,10700,0,1,204.093242
2024-11-04,35.2930,34.354012,13100,0,1,202.863176
2024-11-05,35.5700,34.623642,18000,0,1,204.455365
2024-11-06,36.5640,35.591194,24100,0,1,210.168849
2024-11-07,36.6370,35.662258,15400,0,1,210.588451
2024-11-08,36.8700,35.889053,11000,0,1,211.927728
2024-11-11,36.9610,35.977631,15400,0,1,212.450794
2024-11-12,36.7750,35.796585,7700,0,1,211.381671
2024-11-13,36.8560,35.875431,17500,0,1,211.847257
2024-11-14,36.7550,35.777119,11100,0,1,211.266711
2024-11-15,36.6110,35.636951,9300,0,1,210.439003
2024-11-18,36.5700,35.597038,9000,0,1,210.203337
2024-11-19,36.5610,35.588280,8400,0,1,210.151605
2024-11-20,36.6490,35.673935,13300,0,1,210.657426
2024-11-21,37.0400,36.054539,11500,0,1,212.904883
2024-11-22,37.3850,36.390354,22000,0,1,214.887934
2024-11-25,37.6500,36.648308,13500,0,1,216.411146
2024-11-26,37.8380,36.831310,8200,0,1,217.491765
2024-11-27,37.7650,36.760242,9200,0,1,217.072163
2024-11-29,38.0100,36.998722,7200,0,1,218.480416
2024-12-02,37.8470,36.840065,14200,0,1,217.543497
2024-12-03,37.8030,36.797234,11200,0,1,217.290586
2024-12-04,38.0150,37.003586,11500,0,1,218.509156
2024-12-05,37.9640,36.953949,97400,0,1,218.216010
2024-12-06,37.9070,36.898464,12100,0,1,217.888375
2024-12-09,37.6150,36.614239,9400,0,1,216.209967
2024-12-10,37.5250,36.526638,14500,0,1,215.692650
2024-12-11,37.5500,36.550968,14100,0,1,215.836349
2024-12-12,37.4900,36.492565,9000,0,1,215.491471
2024-12-13,37.1960,36.346962,19800,0.145,1,214.635023
2024-12-16,37.1290,36.281490,7100,0,1,214.248408
2024-12-17,36.9750,36.131004,10800,0,1,213.359769
2024-12-18,36.1400,35.315067,13000,0,1,208.541503
2024-12-19,36.2280,35.401062,6900,0,1,209.049296
2024-12-20,36.5430,35.708862,180900,0,1,210.866965
2024-12-23,36.5900,35.754795,9800,0,1,211.138173
2024-12-24,36.8620,36.020584,3400,0,1,212.707716
2024-12-26,36.9500,36.106575,10900,0,1,213.215510
2024-12-27,36.6500,35.813431,6000,0,1,211.484396
2024-12-30,36.3840,35.553501,11400,0,1,209.949475
2024-12-31,36.2700,35.442101,18800,0,1,209.291652
2025-01-02,36.1980,35.371746,155700,0,1,208.876185
2025-01-03,36.3560,35.526131,38800,0,1,209.787905
2025-01-06,36.4200,35.588673,12400,0,1,210.157209
2025-01-07,36.2510,35.423534,33400,0,1,209.182015
2025-01-08,36.2990,35.470436,9900,0,1,209.458993
2025-01-10,35.8160,34.998463,15400,0,1,206.671900
2025-01-13,36.0380,35.215389,4600,0,1,207.952924
2025-01-14,36.0800,35.256432,75600,0,1,208.195280
2025-01-15,36.5200,35.686398,29400,0,1,210.734247
2025-01-16,36.6050,35.769447,92300,0,1,211.224729
2025-01-17,36.8510,36.009842,9600,0,1,212.644242
2025-01-21,37.2100,36.360641,16500,0,1,214.715808
2025-01-22,37.3100,36.458363,31300,0,1,215.292846
2025-01-23,37.5900,36.731964,38700,0,1,216.908552
2025-01-24,37.4700,36.614712,29200,0,1,216.216107
2025-01-27,37.8100,36.946949,16600,0,1,218.178036
2025-01-28,37.8700,37.005573,11900,0,1,218.524259
2025-01-29,37.8400,36.976265,13100,0,1,218.351147
2025-01-30,38.0570,37.188305,46000,0,1,219.603319
2025-01-31,37.7600,36.898090,10500,0,1,217.889517
2025-02-03,37.6500,36.790604,16500,0,1,217.254775
2025-02-04,37.7600,36.898090,19600,0,1,217.889517
2025-02-05,37.9800,37.113060,12600,0,1,219.159000
2025-02-06,37.8600,36.995811,14300,0,1,218.466555
2025-02-07,37.4800,36.624474,52500,0,1,216.273811
2025-02-10,37.6840,36.823822,8300,0,1,217.450968
2025-02-11,37.8100,36.946949,10900,0,1,218.178036
2025-02-12,37.7100,36.849228,69300,0,1,217.600998
2025-02-13,38.1600,37.288963,37900,0,1,220.197669
2025-02-14,38.0400,37.171700,8100,0,1,219.505223
2025-02-18,38.0900,37.220554,32600,0,1,219.793742
2025-02-19,38.2400,37.367130,23200,0,1,220.659299
2025-02-20,37.9620,37.095482,16200,0,1,219.055133
2025-02-21,37.5700,36.712421,12400,0,1,216.793145
2025-02-24,37.7000,36.839458,75200,0,1,217.543294
2025-02-25,37.7600,36.898090,13000,0,1,217.889517
2025-02-26,37.6900,36.829685,16100,0,1,217.485590
2025-02-27,37.5550,36.697769,33000,0,1,216.706589
2025-02-28,37.9530,37.086689,9200,0,1,219.003200
2025-03-03,37.5040,36.647934,12800,0,1,216.412300
2025-03-04,36.9140,36.071396,25200,0,1,213.007776
2025-03-05,37.2440,36.393867,111900,0,1,214.912001
2025-03-06,36.9080,36.065536,35100,0,1,212.973154
2025-03-07,37.2120,36.362595,125900,0,1,214.727349
2025-03-10,36.5500,35.715710,23800,0,1,210.907358
2025-03-11,36.0510,35.228088,41000,0,1,208.027939
2025-03-12,35.9430,35.122562,34800,0,1,207.404738
2025-03-13,35.5760,34.763943,7900,0,1,205.287009
2025-03-14,36.0900,35.266212,31000,0,1,208.252984
2025-03-17,36.4250,35.593559,28900,0,1,210.186061
2025-03-18,36.1730,35.347313,9200,0,1,208.731925
2025-03-19,36.5010,35.667828,16300,0,1,210.624609
2025-03-20,36.4710,35.638508,11500,0,1,210.451498
2025-03-21,36.3570,35.527111,8400,0,1,209.793675
2025-03-24,36.8100,35.969772,7000,0,1,212.407657
2025-03-25,36.7600,35.920918,634200,0,1,212.119138
2025-03-26,36.6420,35.805611,8100,0,1,211.438233
2025-03-27,36.4630,35.762463,10800,0.135,1,211.184336
2025-03-28,35.8720,35.182812,12800,0,1,207.761416
2025-03-31,36.2240,35.528046,11200,0,1,209.800110
2025-04-01,36.1450,35.450562,22000,0,1,209.342562
2025-04-02,36.2900,35.592773,11700,0,1,210.182365
2025-04-03,34.7930,34.124535,765100,0,1,201.512125
2025-04-04,32.8870,32.255154,259400,0,1,190.473062
2025-04-07,32.5670,31.941305,191300,0,1,188.619704
2025-04-08,32.1900,31.571547,189100,0,1,186.436217
2025-04-09,34.6430,33.977417,42800,0,1,200.643363
2025-04-10,33.7840,33.134922,31400,0,1,195.668256
2025-04-11,34.4010,33.740070,23600,0,1,199.241762
2025-04-14,34.6350,33.969570,18500,0,1,200.597030
2025-04-15,34.5100,33.846977,78100,0,1,199.873062
2025-04-16,33.8800,33.229080,8500,0,1,196.224263
2025-04-17,33.8400,33.189846,11000,0,1,195.992594
2025-04-21,33.1400,32.503296,20300,0,1,191.938373
2025-04-22,33.9550,33.302639,17000,0,1,196.658644
2025-04-23,34.2940,33.635120,14700,0,1,198.622045
2025-04-24,34.6600,33.994091,253200,0,1,200.741823
2025-04-25,34.6810,34.014690,21200,0,1,200.863450
2025-04-28,34.8160,34.147099,205400,0,1,201.645335
2025-04-29,35.0600,34.386410,18100,0,1,203.058520
2025-04-30,35.1800,34.504097,16500,0,1,203.753530
2025-05-01,35.1850,34.509007,7400,0,1,203.782488
2025-05-02,35.6540,34.968998,11300,0,1,206.498816
2025-05-05,35.5410,34.858170,229600,0,1,205.844349
2025-05-06,35.3030,34.624741,14500,0,1,204.465914
2025-05-07,35.6170,34.932705,9800,0,1,206.284521
2025-05-08,35.7950,35.107285,27200,0,1,207.315452
2025-05-09,35.6890,35.003323,7700,0,1,206.701527
2025-05-12,36.6710,35.966461,28400,0,1,212.389019
2025-05-13,36.6310,35.927223,75700,0,1,212.157349
2025-05-14,36.5380,35.836010,8400,0,1,211.618717
2025-05-15,36.8800,36.171444,10600,0,1,213.599493
2025-05-16,37.1590,36.445080,93200,0,1,215.215390
2025-05-19,37.2200,36.504906,5400,0,1,215.568686
2025-05-20,37.1600,36.446056,16700,0,1,215.221181
2025-05-21,36.5500,35.847782,9700,0,1,211.688218
2025-05-22,36.5460,35.843861,9600,0,1,211.665051
2025-05-23,36.3720,35.673199,9100,0,1,210.657288
2025-05-27,36.9230,36.213615,20200,0,1,213.848538
2025-05-28,36.7140,36.008633,6900,0,1,212.638064
2025-05-29,36.8470,36.139076,8200,0,1,213.408366
2025-05-30,36.9430,36.233231,7400,0,1,213.964373
2025-06-02,36.9860,36.275406,5200,0,1,214.213418
2025-06-03,37.2160,36.500984,9400,0,1,215.545519
2025-06-04,37.1490,36.435268,12400,0,1,215.157472
2025-06-05,36.9680,36.257748,5300,0,1,214.109167
2025-06-06,37.3890,36.670658,8200,0,1,216.547491
2025-06-09,37.4000,36.681454,22500,0,1,216.611200
2025-06-10,37.5900,36.867798,8100,0,1,217.711631
2025-06-11,37.4060,36.687332,4200,0,1,216.645950
2025-06-12,37.4440,36.724606,5800,0,1,216.866036
2025-06-13,36.8560,36.147900,21400,0,1,213.460491
2025-06-16,37.1670,36.452927,6200,0,1,215.261724
2025-06-17,36.8300,36.122402,11100,0,1,213.309906
2025-06-18,36.8330,36.125347,3000,0,1,213.327281
2025-06-20,36.8790,36.170460,11100,0,1,213.593701
2025-06-23,37.1960,36.481365,7600,0,1,215.429684
2025-06-24,37.5810,36.858971,9400,0,1,217.659505
2025-06-25,37.4470,36.727547,6000,0,1,216.883412
2025-06-26,37.6040,36.987217,142500,0.107,1,218.412432
2025-06-27,38.1260,37.500652,9400,0,1,221.444325
2025-06-30,38.3300,37.701309,67200,0,1,222.629202
2025-07-01,38.7070,38.072124,15500,0,1,224.818902
2025-07-02,38.7200,38.084911,13500,0,1,224.894409
2025-07-03,38.9850,38.345570,6400,0,1,226.433588
2025-07-07,38.6300,37.996395,59700,0,1,224.371669
2025-07-08,38.5700,37.937370,10900,0,1,224.023176
2025-07-09,38.7330,38.097698,21600,0,1,224.969916
2025-07-10,38.8460,38.208851,115800,0,1,225.626245
2025-07-11,38.5960,37.962948,4900,0,1,224.174190
2025-07-14,38.6290,37.995407,10400,0,1,224.365861
2025-07-15,38.3490,37.719997,7900,0,1,222.739558
2025-07-16,38.5000,37.868526,14700,0,1,223.616600
2025-07-17,38.7150,38.079994,9400,0,1,224.865368
2025-07-18,38.5750,37.942291,4500,0,1,224.052217
2025-07-21,38.5800,37.947212,75700,0,1,224.081258
2025-07-22,38.8280,38.191139,15200,0,1,225.521697
2025-07-23,39.2050,38.561962,7100,0,1,227.711398
2025-07-24,38.9500,38.311138,13100,0,1,226.230301
2025-07-25,39.1140,38.472446,13900,0,1,227.182849
2025-07-28,39.0570,38.416386,8200,0,1,226.851780
2025-07-29,38.9220,38.283600,13100,0,1,226.067670
2025-07-30,38.7060,38.071144,21500,0,1,224.813094
2025-07-31,38.2990,37.670818,15900,0,1,222.449147
2025-08-01,37.9570,37.334423,36900,0,1,220.462735
2025-08-04,38.4010,37.771152,17700,0,1,223.041586
2025-08-05,38.4160,37.785900,9800,0,1,223.128709
2025-08-06,38.5290,37.897045,18100,0,1,223.785039
2025-08-07,38.4070,37.777046,5100,0,1,223.076435
2025-08-08,38.6480,38.014095,6100,0,1,224.476217
2025-08-11,38.4750,37.843933,4700,0,1,223.471394
2025-08-12,38.8000,38.163601,6100,0,1,225.359067
2025-08-13,39.2330,38.589497,5600,0,1,227.874028
2025-08-14,39.1670,38.524578,3400,0,1,227.490685
2025-08-15,39.1800,38.537369,10000,0,1,227.566192
2025-08-18,39.2300,38.586548,7900,0,1,227.856603
2025-08-19,39.2050,38.561962,5900,0,1,227.711398
2025-08-20,39.2800,38.635727,6600,0,1,228.147014
2025-08-21,39.1540,38.511795,7800,0,1,227.415178
2025-08-22,39.7450,39.093098,7300,0,1,230.847838
2025-08-25,39.5070,38.859005,6000,0,1,229.465481
2025-08-26,39.5820,38.932777,19400,0,1,229.901098
2025-08-27,39.6720,39.021301,7500,0,1,230.423838
2025-08-28,39.7350,39.083267,5300,0,1,230.789756
2025-08-29,39.6530,39.002609,9800,0,1,230.313482
2025-09-02,39.4690,38.821625,15100,0,1,229.244769
2025-09-03,39.4140,38.767529,5700,0,1,228.925316
2025-09-04,39.7130,39.061630,14800,0,1,230.661975
2025-09-05,39.6100,38.960316,13700,0,1,230.063728
2025-09-08,39.5720,38.922935,10600,0,1,229.843016
2025-09-09,39.6950,39.043922,9200,0,1,230.557427
2025-09-10,39.5120,38.863918,10700,0,1,229.494522
2025-09-11,39.9520,39.296707,4900,0,1,232.050140
2025-09-12,39.6950,39.043922,11000,0,1,230.557427
2025-09-15,39.6290,38.979004,5200,0,1,230.174084
2025-09-16,39.6130,38.963268,14100,0,1,230.081153
2025-09-17,39.7540,39.101955,8800,0,1,230.900112
2025-09-18,39.7840,39.131462,9700,0,1,231.074359
2025-09-19,39.8920,39.237690,11300,0,1,231.701647
2025-09-22,39.9300,39.275070,9300,0,1,231.922359
2025-09-23,39.8440,39.190479,7400,0,1,231.422852
2025-09-24,39.7320,39.080311,15800,0,1,230.772331
2025-09-25,39.4480,38.929325,3600,0.131,1,229.883673
2025-09-26,39.6600,39.138538,6400,0,1,231.119106
2025-09-29,39.7140,39.191830,4700,0,1,231.433791
2025-09-30,39.9400,39.414860,9500,0,1,232.750809
2025-10-01,40.0950,39.567818,10100,0,1,233.654073
2025-10-02,40.1210,39.593475,6200,0,1,233.805588
2025-10-03,40.2480,39.718807,14100,0,1,234.545682
2025-10-06,40.1250,39.597424,9700,0,1,233.828898
2025-10-07,40.0350,39.508606,6700,0,1,233.304422
2025-10-08,40.0200,39.493805,11900,0,1,233.217010
2025-10-09,39.8550,39.330975,16700,0,1,232.255470
2025-10-10,39.1260,38.611557,10600,0,1,228.007214
2025-10-13,39.5280,39.008274,3400,0,1,230.349874
2025-10-14,39.7270,39.204659,11700,0,1,231.509549
2025-10-15,39.7110,39.188866,6600,0,1,231.416309
2025-10-16,39.4930,38.973736,6400,0,1,230.145911
2025-10-17,39.8030,39.279659,5600,0,1,231.952440
2025-10-20,40.2260,39.697098,8700,0,1,234.417477
2025-10-21,40.5100,39.977364,64700,0,1,236.072490
2025-10-22,40.2980,39.768147,6800,0,1,234.837058
2025-10-23,40.3630,39.832294,5700,0,1,235.215846
2025-10-24,40.6210,40.086903,4200,0,1,236.719344
2025-10-27,40.8640,40.326706,9200,0,1,238.135429
2025-10-28,40.9670,40.428352,8900,0,1,238.735663
2025-10-29,40.7320,40.196438,14300,0,1,237.366198
2025-10-30,40.6600,40.125389,12800,0,1,236.946617
2025-10-31,40.8320,40.295128,12100,0,1,237.948949
2025-11-03,40.5460,40.012890,8100,0,1,236.282281
2025-11-04,40.2970,39.767162,22000,0,1,234.831230
2025-11-05,40.5240,39.991177,9500,0,1,236.154075
2025-11-06,40.2260,39.697098,9300,0,1,234.417477
2025-11-07,40.2920,39.762234,7700,0,1,234.802093
2025-11-10,40.6090,40.075058,5700,0,1,236.649414
2025-11-11,41.1560,40.614864,15300,0,1,239.837063
2025-11-12,41.3770,40.832962,19500,0,1,241.124943
2025-11-13,40.9170,40.379013,13200,0,1,238.444287
2025-11-14,40.7280,40.192497,9300,0,1,237.342888
2025-11-17,40.3230,39.792824,14900,0,1,234.982746
2025-11-18,40.0780,39.551041,11300,0,1,233.555005
2025-11-19,40.0380,39.511566,12900,0,1,233.321905
2025-11-20,39.7200,39.197750,10700,0,1,231.468756
2025-11-21,40.2050,39.676376,11600,0,1,234.295099
2025-11-24,40.2850,39.755318,11700,0,1,234.761300
2025-11-25,40.8280,40.291180,39000,0,1,237.925639
2025-11-26,41.0540,40.514214,12700,0,1,239.242657
2025-11-28,41.2360,40.693813,4600,0,1,240.303264
2025-12-01,40.9990,40.459930,7600,0,1,238.922143
2025-12-02,41.1300,40.589211,18800,0,1,239.685547
2025-12-03,41.4700,40.924744,8600,0,1,241.666901
2025-12-04,41.3570,40.813225,16500,0,1,241.008393
2025-12-05,41.3230,40.779675,7200,0,1,240.810257
2025-12-08,41.0970,40.556644,12900,0,1,239.493240
2025-12-09,40.9900,40.451050,8500,0,1,238.869696
2025-12-10,41.3900,40.845791,14300,0,1,241.200700
2025-12-11,41.7460,41.197105,15500,0,1,243.275294
2025-12-12,41.6200,41.240707,19800,0.17,1,243.531705
2025-12-15,41.6300,41.250618,8100,0,1,243.590218
2025-12-16,41.3600,40.983078,15200,0,1,242.010363
2025-12-17,41.2300,40.854263,11100,0,1,241.249692
2025-12-18,41.2090,40.833454,6800,0,1,241.126815
2025-12-19,41.2030,40.827511,10300,0,1,241.091707
2025-12-22,41.3000,40.923630,10500,0,1,241.659284
2025-12-23,41.4050,41.027664,5200,0,1,242.273672
2025-12-24,41.6740,41.294216,69600,0,1,243.847676
2025-12-26,41.6950,41.315025,8300,0,1,243.970554
2025-12-29,41.6400,41.260529,4500,0,1,243.648731
2025-12-30,41.6000,41.220890,40300,0,1,243.414679
2025-12-31,41.3000,40.923630,70400,0,1,241.659284
2026-01-02,41.4900,41.111900,79800,0,1,242.771034
2026-01-05,41.8300,41.448799,15000,0,1,244.760481
2026-01-06,42.1410,41.756958,12000,0,1,246.580240
2026-01-07,41.8140,41.432938,13900,0,1,244.666860
2026-01-08,42.0500,41.666794,22900,0,1,246.047770
2026-01-09,42.3900,42.003693,9200,0,1,248.037217
2026-01-12,42.3930,42.006668,8600,0,1,248.054771
2026-01-13,42.2100,41.825333,8700,0,1,246.983980
2026-01-14,42.2040,41.819386,11400,0,1,246.948873
2026-01-15,42.3100,41.924423,8100,0,1,247.569112
2026-01-16,42.2100,41.825333,6900,0,1,246.983980
2026-01-20,41.5400,41.161442,13500,0,1,243.063600
2026-01-21,42.0380,41.654900,20800,0,1,245.977554
2026-01-22,42.2950,41.909557,14000,0,1,247.481342
2026-01-23,42.2700,41.884789,5800,0,1,247.335059
2026-01-26,42.4600,42.073055,4600,0,1,248.446809
2026-01-27,42.1800,41.795605,11900,0,1,246.808441
2026-01-28,42.0900,41.706429,13500,0,1,246.281823
2026-01-29,42.1400,41.755970,11500,0,1,246.574388
2026-01-30,42.3200,41.934330,1314200,0,1,247.627625
2026-02-02,42.6120,42.223667,118000,0,1,249.336209
2026-02-03,42.6570,42.268261,35500,0,1,249.599518
2026-02-04,43.1200,42.727043,33900,0,1,252.308677
2026-02-05,42.7300,42.340595,29800,0,1,250.026664
2026-02-06,43.6700,43.272026,43200,0,1,255.526899
2026-02-09,43.4600,43.063942,28300,0,1,254.298123
2026-02-10,43.5300,43.133305,15200,0,1,254.707715
2026-02-11,43.5500,43.153118,15100,0,1,254.824742
2026-02-12,43.0900,42.697315,23000,0,1,252.133137
2026-02-13,43.1600,42.766678,21600,0,1,252.542729
2026-02-17,43.1400,42.746857,11600,0,1,252.425703
2026-02-18,43.2280,42.834057,13000,0,1,252.940619
2026-02-19,43.0270,42.634892,17300,0,1,251.764504
2026-02-20,43.2300,42.836037,13900,0,1,252.952321
2026-02-23,42.7800,42.390141,20600,0,1,250.319230
2026-02-24,43.1230,42.730011,11200,0,1,252.326231
2026-02-25,43.1850,42.791451,20300,0,1,252.689012
2026-02-26,43.0820,42.689388,15500,0,1,252.086327
2026-02-27,43.0400,42.647774,20600,0,1,251.840571
2026-03-02,42.9400,42.548679,30900,0,1,251.255440
2026-03-03,42.6600,42.271233,62500,0,1,249.617072
2026-03-04,42.8060,42.415901,7200,0,1,250.471364
2026-03-05,42.1830,41.798580,25200,0,1,246.825995
2026-03-06,41.8500,41.468613,19500,0,1,244.877507
2026-03-09,41.9500,41.567703,22200,0,1,245.462639
2026-03-10,42.0300,41.646973,23200,0,1,245.930744
2026-03-11,41.7720,41.391327,18200,0,1,244.421105
2026-03-12,41.3300,40.953354,247200,0,1,241.834824
2026-03-13,41.3300,40.953354,13100,0,1,241.834824
2026-03-16,41.5620,41.183239,7500,0,1,243.192329
2026-03-17,41.5340,41.155495,25900,0,1,243.028492
2026-03-18,40.8300,40.457912,7200,0,1,238.909167
2026-03-19,40.6320,40.261715,27600,0,1,237.750606
2026-03-20,40.1890,39.822750,12200,0,1,235.158474
2026-03-23,40.6980,40.327114,17600,0,1,238.136793
2026-03-24,40.5190,40.149746,15800,0,1,237.089408
2026-03-25,40.8250,40.452957,20900,0,1,238.879910
2026-03-26,40.3200,40.081173,11800,0.131,1,236.691518
2026-03-27,39.7300,39.494663,31100,0,1,233.228027
2026-03-30,39.8680,39.631847,22100,0,1,234.038131
2026-03-31,40.5710,40.330681,263100,0,1,238.164970
2026-04-01,40.5100,40.270042,41800,0,1,237.806880
2026-04-02,40.5170,40.277000,14400,0,1,237.847973
2026-04-06,40.6100,40.369453,18300,0,1,238.393913
2026-04-07,40.4620,40.222332,16300,0,1,237.525105
2026-04-08,41.3910,41.145824,17200,0,1,242.978637
2026-04-09,41.6610,41.414227,17500,0,1,244.563625
2026-04-10,41.3090,41.064312,18900,0,1,242.497270
2026-04-13,41.5810,41.334702,9600,0,1,244.093999
2026-04-14,41.8350,41.587196,15100,0,1,245.585061
2026-04-15,41.8300,41.582230,13000,0,1,245.555710
2026-04-16,42.0000,41.751221,18700,0,1,246.553665
2026-04-17,42.6510,42.398365,19300,0,1,250.375247
2026-04-20,42.5800,42.327785,16000,0,1,249.958454
2026-04-21,42.3520,42.101135,9600,0,1,248.620020
2026-04-22,42.5370,42.285038,7300,0,1,249.706030
2026-04-23,42.3560,42.105110,11000,0,1,248.643501
2026-04-24,42.3300,42.079266,8300,0,1,248.490872
2026-04-27,42.2300,41.979858,11200,0,1,247.903840
2026-04-28,42.3310,42.080257,23700,0,1,248.496743
2026-04-29,42.1810,41.931149,10900,0,1,247.616194
2026-04-30,42.6360,42.383453,5400,0,1,250.287192
2026-05-01,42.5500,42.297958,10200,0,1,249.782344
2026-05-04,42.1650,41.915241,20200,0,1,247.522269
2026-05-05,42.3190,42.068333,13100,0,1,248.426299
2026-05-06,42.7550,42.501751,14700,0,1,250.985761
2026-05-07,42.6250,42.372517,14400,0,1,250.222618
2026-05-08,42.7170,42.463970,11200,0,1,250.762688
2026-05-11,42.5860,42.333748,16400,0,1,249.993676
2026-05-12,42.7650,42.511688,8700,0,1,251.044464
2026-05-13,42.7550,42.501751,7800,0,1,250.985761
2026-05-14,43.1210,42.865578,10300,0,1,253.134300
2026-05-15,42.8360,42.582268,6300,0,1,251.461257
2026-05-18,43.1250,42.869556,4800,0,1,253.157781
2026-05-19,42.8370,42.583263,12500,0,1,251.467127
2026-05-20,43.2250,42.968960,10400,0,1,253.744814
2026-05-21,43.4930,43.235374,7100,0,1,255.318061
2026-05-22,43.7690,43.509743,11800,0,1,256.938271
2026-05-26,43.5230,43.265198,13600,0,1,255.494171
2026-05-27,43.7800,43.520676,13200,0,1,257.002844
2026-05-28,43.7530,43.493835,13100,0,1,256.844345
2026-05-29,43.9900,43.729435,18000,0,1,258.235613
2026-06-01,43.9720,43.711540,19800,0,1,258.129947
2026-06-02,44.0250,43.764229,5500,0,1,258.441074
2026-06-03,43.5070,43.249290,17200,0,1,255.400245
2026-06-04,43.9920,43.731419,13100,0,1,258.247353
2026-06-05,43.6450,43.386475,15000,0,1,256.210350
2026-06-08,43.5450,43.287067,8700,0,1,255.623318
2026-06-09,43.6300,43.371567,4700,0,1,256.122295
2026-06-10,43.1990,42.943119,8200,0,1,253.592185
2026-06-11,43.7710,43.511730,8000,0,1,256.950011
2026-06-12,43.8740,43.614120,18100,0,1,257.554655
2026-06-15,44.1300,43.868603,6900,0,1,259.057458
2026-06-16,44.3380,44.075371,18200,0,1,260.278486
2026-06-17,43.6750,43.416298,15000,0,1,256.386460
2026-06-18,43.7520,43.492840,19100,0,1,256.838475
2026-06-22,43.6480,43.389458,33400,0,1,256.227961
2026-06-23,43.8580,43.598213,131400,0,1,257.460730
2026-06-24,43.9470,43.686684,10800,0,1,257.983189
2026-06-25,43.6170,43.487282,17600,0.13,1,256.809123
2026-06-26,43.9640,43.833252,12000,0,1,258.852198
2026-06-29,44.1380,44.006733,11900,0,1,259.876679
2026-06-30,44.0900,43.958874,9700,0,1,259.594063
2026-07-01,44.3080,44.176224,12800,0,1,260.877608
2026-07-02,44.9750,44.841240,22400,0,1,264.804785
2026-07-06,44.9860,44.852211,9900,0,1,264.869552
2026-07-07,45.0400,44.906052,19700,0,1,265.187494
2026-07-08,44.5780,44.445423,22200,0,1,262.467320
2026-07-09,44.5550,44.422493,10300,0,1,262.331900
2026-07-10,44.7880,44.654797,8300,0,1,263.703763
2026-07-13,44.7650,44.631866,15400,0,1,263.568343
2026-07-14,44.3460,44.214115,12400,0,1,261.101346
2026-07-15,44.4010,44.268951,8500,0,1,261.425176
2026-07-16,44.7840,44.650810,8900,0,1,263.680212
2026-07-17,44.5360,44.403549,12200,0,1,262.220032
2026-07-20,44.2900,44.158279,7200,0,1,260.771628
2026-07-21,44.4470,44.314812,5400,0,1,261.696016
2026-07-22,44.4260,44.293873,12700,0,1,261.572371
2026-07-23,43.9880,43.857178,9600,0,1,258.993505
2026-07-24,44.3640,44.232059,10300,0,1,261.207326
2026-07-27,44.7490,44.615917,15900,0,1,263.474138
2026-07-28,45.5400,45.404564,23400,0,1,268.131405
2026-07-29,44.9760,44.842243,42700,0,1,264.810673
2026-07-30,44.9990,44.865173,32400,0,1,264.946093
2026-07-31,45.3500,45.215126,8500,0,1,267.012719
2026-08-03,45.8420,45.705662,13900,0,1,269.909527
2026-08-04,46.4220,46.283939,13700,0,1,273.324464
2026-08-05,46.7290,46.590027,19800,0,1,275.132025
2026-08-06,46.3710,46.233089,26900,0,1,273.024185
2026-08-07,46.5600,46.421532,19300,0,1,274.136983
2026-08-10,46.5800,46.441471,13400,0,1,274.254739
2026-08-11,46.3690,46.231098,23500,0,1,273.012409
2026-08-12,46.3840,46.246052,18800,0,1,273.100726
2026-08-13,46.3860,46.248047,19000,0,1,273.112502
2026-08-14,46.3000,46.162300,16900,0,1,272.606149
2026-08-17,45.8850,45.748535,17300,0,1,270.162703
2026-08-18,46.0500,45.913044,17900,0,1,271.134194
2026-08-19,46.4530,46.314846,4300,0,1,273.506986
2026-08-20,45.8600,45.723610,7000,0,1,270.015508
2026-08-21,46.0900,45.952927,5600,0,1,271.369707
2026-08-24,46.3320,46.194206,4900,0,1,272.794560
2026-08-25,46.3770,46.239071,16300,0,1,273.059512
2026-08-26,46.2450,46.107464,9900,0,1,272.282319
2026-08-27,46.4340,46.295902,15000,0,1,273.395117
2026-08-28,46.5090,46.370678,13400,0,1,273.836704
2026-08-31,46.2670,46.129398,6000,0,1,272.411851
2026-09-01,45.9990,45.862198,10900,0,1,270.833915
2026-09-02,46.2600,46.122421,9000,0,1,272.370636
2026-09-03,46.6720,46.533195,11700,0,1,274.796419
2026-09-04,46.3400,46.202183,8500,0,1,272.841662
2026-09-08,45.7000,45.564087,16800,0,1,269.073456
2026-09-09,45.3400,45.205158,34400,0,1,266.953840
2026-09-10,45.0900,44.955902,10800,0,1,265.481885
2026-09-11,45.5500,45.414532,6900,0,1,268.190283
2026-09-14,45.7200,45.584030,9300,0,1,269.191213
2026-09-15,45.4960,45.360691,18600,0,1,267.872341
2026-09-16,45.1010,44.966869,20900,0,1,265.546651
2026-09-17,45.3000,45.165276,15900,0,1,266.718328
2026-09-18,45.1170,44.982822,10500,0,1,265.640856
2026-09-21,45.3960,45.260990,13200,0,1,267.283558
2026-09-22,45.3620,45.227093,16800,0,1,267.083373
2026-09-23,45.0570,44.922997,7700,0,1,265.287587
2026-09-24,44.8190,44.819000,17900,0.134,1,264.675253
2026-09-25,45.0620,45.062000,4400,0,1,266.110272
2026-09-28,44.8390,44.839001,16300,0,1,264.793362
2026-09-29,44.6300,44.630001,29800,0,1,263.559128
2026-09-30,44.2800,44.279999,12500,0,1,261.492229
2026-10-01,44.3230,44.323002,18900,0,1,261.746162
2026-10-02,44.4160,44.416000,3300,0,1,262.295367
2026-10-05,44.4400,44.439999,9800,0,1,262.437097
2026-10-06,44.8400,44.840000,12273,0,1,264.799267
