date,close,adj_close,volume,dividend,split,tr_index
2000-05-26,45.7188,32.505722,74800,0,1,100.000000
2000-05-30,47.4062,33.705555,57600,0,1,103.690823
2000-05-31,47.5781,33.827751,36000,0,1,104.066817
2000-06-01,48.6562,34.594299,7000,0,1,106.424928
2000-06-02,51.1875,36.393974,29400,0,1,111.961600
2000-06-05,51.0000,36.260677,48400,0,1,111.551484
2000-06-06,51.5000,36.616173,151800,0,1,112.645126
2000-06-07,51.5625,36.660606,131000,0,1,112.781832
2000-06-08,51.4375,36.571716,91400,0,1,112.508421
2000-06-09,52.3438,37.216076,41600,0,1,114.490757
2000-06-12,50.7891,36.110687,85200,0,1,111.090186
2000-06-13,51.4375,36.571716,168200,0,1,112.508421
2000-06-14,51.1875,36.393974,43200,0,1,111.961600
2000-06-15,51.2500,36.438431,26800,0,1,112.098305
2000-06-16,50.9688,36.238449,30200,0,1,111.483241
2000-06-19,52.2500,37.149426,59200,0,1,114.285589
2000-06-20,52.5938,37.393822,47000,0,1,115.037578
2000-06-21,52.8438,37.593025,66800,0.03,1,115.650017
2000-06-22,51.2500,36.459232,139600,0,1,112.161945
2000-06-23,50.9062,36.214687,235800,0,1,111.409530
2000-06-26,51.5312,36.659279,93600,0,1,112.777358
2000-06-27,50.7188,36.081280,112800,0,1,110.999400
2000-06-28,52.0000,36.992767,170600,0,1,113.803339
2000-06-29,51.1875,36.414745,212200,0,1,112.025162
2000-06-30,51.6797,36.764915,1171800,0,1,113.102354
2000-07-03,52.4062,37.281776,15800,0,1,114.692318
2000-07-05,51.8125,36.859390,138800,0,1,113.392990
2000-07-06,52.4219,37.292896,154600,0,1,114.726678
2000-07-07,52.7500,37.526318,71800,0,1,115.444733
2000-07-10,53.0938,37.770851,44800,0,1,116.197148
2000-07-11,53.0312,37.726398,253200,0,1,116.060147
2000-07-12,54.0938,38.482262,45200,0,1,118.385674
2000-07-13,54.2656,38.604534,102600,0,1,118.761663
2000-07-14,54.3125,38.637871,54800,0,1,118.864305
2000-07-17,54.5000,38.771271,46600,0,1,119.274653
2000-07-18,53.5625,38.104332,235400,0,1,117.222911
2000-07-19,52.6250,37.437393,35400,0,1,115.171168
2000-07-20,53.5000,38.059856,150400,0,1,117.086128
2000-07-21,52.0312,37.014992,150600,0,1,113.871621
2000-07-24,51.2734,36.475887,37000,0,1,112.213156
2000-07-25,51.3750,36.548149,36800,0,1,112.435510
2000-07-26,51.2812,36.481453,15800,0,1,112.230227
2000-07-27,49.8750,35.481045,275000,0,1,109.152722
2000-07-28,49.0000,34.858585,171600,0,1,107.237762
2000-07-31,50.2500,35.747818,166400,0,1,109.973419
2000-08-01,49.9219,35.514385,263400,0,1,109.255364
2000-08-02,50.0000,35.569965,388600,0,1,109.426288
2000-08-03,49.9688,35.547752,1084200,0,1,109.358006
2000-08-04,50.2188,35.725582,570400,0,1,109.905137
2000-08-07,51.1484,36.386974,88200,0,1,111.939591
2000-08-08,50.9062,36.214687,49600,0,1,111.409530
2000-08-09,50.5391,35.953449,23000,0,1,110.606122
2000-08-10,50.2500,35.747818,43000,0,1,109.973419
2000-08-11,51.1250,36.370289,176000,0,1,111.888379
2000-08-14,51.6562,36.748219,56800,0,1,113.050924
2000-08-15,50.9062,36.214687,189200,0,1,111.409530
2000-08-16,51.1562,36.392525,219400,0,1,111.956661
2000-08-17,51.6250,36.725998,358800,0,1,112.982642
2000-08-18,51.5469,36.670422,52200,0,1,112.811718
2000-08-21,51.7344,36.803814,129200,0,1,113.222067
2000-08-22,51.6562,36.748219,195600,0,1,113.050924
2000-08-23,51.5781,36.692638,153000,0,1,112.880000
2000-08-24,52.3438,37.237320,276200,0,1,114.555754
2000-08-25,52.5625,37.392921,208600,0,1,115.034385
2000-08-28,52.6562,37.459625,156000,0,1,115.239450
2000-08-29,53.1562,37.815331,140200,0,1,116.333713
2000-08-30,53.2188,37.859787,619000,0,1,116.470714
2000-08-31,53.7500,38.237709,151200,0,1,117.633259
2000-09-01,54.1875,38.548969,186800,0,1,118.590739
2000-09-05,53.8125,38.282185,110400,0,1,117.770042
2000-09-06,53.5781,38.115471,217800,0,1,117.257052
2000-09-07,54.3750,38.682339,213800,0,1,119.001088
2000-09-08,53.4375,38.015408,128600,0,1,116.949345
2000-09-11,53.5000,38.059856,314600,0,1,117.086128
2000-09-12,53.3281,37.937592,93000,0,1,116.709920
2000-09-13,53.5938,38.126564,81200,0,1,117.291411
2000-09-14,53.9062,38.348873,114000,0,1,117.975107
2000-09-15,52.9062,37.637482,67000,0,1,115.786581
2000-09-18,51.6562,36.748219,201400,0,1,113.050924
2000-09-19,52.5000,37.348476,54800,0,1,114.897602
2000-09-20,51.9062,37.051689,40400,0.178,1,113.987613
2000-09-21,50.9375,36.360191,207400,0,1,111.860318
2000-09-22,51.5938,36.828636,127600,0,1,113.301573
2000-09-25,51.6562,36.873241,113800,0,1,113.438605
2000-09-26,50.9219,36.349022,65200,0,1,111.826060
2000-09-27,50.6875,36.181728,43600,0,1,111.311310
2000-09-28,52.0625,37.163242,121000,0,1,114.330853
2000-09-29,51.8125,36.984783,130400,0,1,113.781845
2000-10-02,50.9688,36.382481,169600,0,1,111.929054
2000-10-03,50.2266,35.852726,151000,0,1,110.299160
2000-10-04,50.5781,36.103664,99800,0,1,111.071064
2000-10-05,50.0625,35.735580,408800,0,1,109.938791
2000-10-06,48.8438,34.865635,185600,0,1,107.262488
2000-10-09,48.7344,34.787548,361800,0,1,107.022242
2000-10-10,47.5625,33.951031,420400,0,1,104.448714
2000-10-11,47.4062,33.839520,168200,0,1,104.105474
2000-10-12,45.9688,32.813381,161400,0,1,100.948900
2000-10-13,47.7500,34.084862,378800,0,1,104.860470
2000-10-16,48.1250,34.352589,1098000,0,1,105.683981
2000-10-17,46.9141,33.488174,265800,0,1,103.024808
2000-10-18,46.5312,33.214920,343600,0,1,102.183947
2000-10-19,47.9688,34.241020,150600,0,1,105.340961
2000-10-20,48.5781,34.676022,264800,0,1,106.679003
2000-10-23,49.0625,35.021778,143200,0,1,107.742760
2000-10-24,48.3438,34.508728,73800,0,1,106.164473
2000-10-25,47.2656,33.739132,33000,0,1,103.796712
2000-10-26,48.0000,34.263340,105800,0,1,105.409477
2000-10-27,48.0312,34.285641,138800,0,1,105.477994
2000-10-30,48.2500,34.441795,73600,0,1,105.958485
2000-10-31,49.5000,35.334076,285000,0,1,108.703524
2000-11-01,49.5312,35.356384,528200,0,1,108.772040
2000-11-02,50.7188,36.204029,211800,0,1,111.380046
2000-11-03,50.6562,36.159435,224200,0,1,111.242574
2000-11-06,50.2656,35.880596,68200,0,1,110.384805
2000-11-07,50.6875,36.181728,79400,0,1,111.311310
2000-11-08,49.7812,35.534824,192600,0,1,109.321047
2000-11-09,49.2500,35.155617,249000,0,1,108.154516
2000-11-10,48.0000,34.263340,189000,0,1,105.409477
2000-11-13,47.5156,33.917583,160800,0,1,104.345720
2000-11-14,48.6562,34.731800,129600,0,1,106.850513
2000-11-15,49.2812,35.177921,542200,0,1,108.223032
2000-11-16,47.8516,34.157410,165400,0,1,105.083586
2000-11-17,48.1562,34.374874,215400,0,1,105.752497
2000-11-20,46.9062,33.482597,79800,0,1,103.007459
2000-11-21,46.6328,33.287418,84400,0,1,102.407064
2000-11-22,45.6562,32.590328,123400,0,1,100.262421
2000-11-24,46.9375,33.504898,82200,0,1,103.076195
2000-11-27,47.0703,33.599731,235600,0,1,103.367828
2000-11-28,45.6562,32.590328,171000,0,1,100.262421
2000-11-29,45.5312,32.501087,526800,0,1,99.987917
2000-11-30,44.5625,31.809574,214600,0,1,97.860622
2000-12-01,45.5625,32.523418,309200,0,1,100.056652
2000-12-04,45.0625,32.166508,528200,0,1,98.958637
2000-12-05,47.2500,33.727985,392400,0,1,103.762454
2000-12-06,46.1562,32.947235,310800,0,1,101.360436
2000-12-07,46.0312,32.858006,236200,0,1,101.085932
2000-12-08,46.6562,33.304153,359600,0,1,102.458451
2000-12-11,48.7812,34.821033,250800,0,1,107.125017
2000-12-12,47.7188,34.062595,323200,0,1,104.791954
2000-12-13,46.6172,33.428280,525400,0.217,1,102.849345
2000-12-14,45.8750,32.896065,593800,0,1,101.211864
2000-12-15,45.6250,32.716808,389000,0,1,100.660300
2000-12-18,46.3125,33.209785,239600,0,1,102.177099
2000-12-19,45.5000,32.627167,453800,0,1,100.384519
2000-12-20,44.0625,31.596371,261400,0,1,97.213030
2000-12-21,44.4062,31.842869,404600,0,1,97.971319
2000-12-22,46.2500,33.164989,885600,0,1,102.039209
2000-12-26,46.5156,33.355446,514000,0,1,102.625189
2000-12-27,47.7500,34.240578,741200,0,1,105.348588
2000-12-28,49.2812,35.338627,1201000,0,1,108.726803
2000-12-29,47.8750,34.330231,1803800,0,1,105.624370
2001-01-02,46.2031,33.131348,826000,0,1,101.935735
2001-01-03,48.1172,34.503895,1409800,0,1,106.158725
2001-01-04,47.5000,34.061314,506600,0,1,104.797025
2001-01-05,46.0312,33.008099,263200,0,1,101.556480
2001-01-08,46.1875,33.120163,423400,0,1,101.901318
2001-01-09,46.1172,33.069740,327600,0,1,101.746218
2001-01-10,47.5938,34.128540,1021800,0,1,105.003972
2001-01-11,48.2422,34.593544,431200,0,1,106.434506
2001-01-12,48.3750,34.688755,1014200,0,1,106.727497
2001-01-16,49.3438,35.383442,445200,0,1,108.864915
2001-01-17,49.3125,35.361019,1089600,0,1,108.795859
2001-01-18,49.5000,35.495487,916200,0,1,109.209531
2001-01-19,48.6250,34.868042,590800,0,1,107.279060
2001-01-22,48.9688,35.114548,237600,0,1,108.037570
2001-01-23,50.1875,35.988468,3197400,0,1,110.726330
2001-01-24,50.0000,35.854019,938800,0,1,110.312658
2001-01-25,49.8125,35.719593,772000,0,1,109.898986
2001-01-26,49.8125,35.719593,435200,0,1,109.898986
2001-01-29,50.8250,36.445621,596800,0,1,112.132817
2001-01-30,51.1550,36.682247,1381400,0,1,112.860880
2001-01-31,50.4500,36.176720,922400,0,1,111.305472
2001-02-01,50.8200,36.442020,702800,0,1,112.121786
2001-02-02,49.6850,35.628147,856000,0,1,109.617688
2001-02-05,49.7850,35.699856,541600,0,1,109.838314
2001-02-06,50.5750,36.266380,424800,0,1,111.581254
2001-02-07,50.7000,36.355988,406600,0,1,111.857035
2001-02-08,49.9400,35.811008,2393800,0,1,110.180283
2001-02-09,49.3000,35.352077,985000,0,1,108.768281
2001-02-12,50.4000,36.140858,443200,0,1,111.195159
2001-02-13,49.9250,35.800236,913000,0,1,110.147189
2001-02-14,50.4500,36.176720,336000,0,1,111.305472
2001-02-15,50.7000,36.355988,1262000,0,1,111.857035
2001-02-16,49.6050,35.570786,675400,0,1,109.441188
2001-02-20,49.0300,35.158443,631000,0,1,108.172592
2001-02-21,48.1750,34.545341,399600,0,1,106.286246
2001-02-22,47.5000,34.061314,526600,0,1,104.797025
2001-02-23,47.6000,34.133041,380800,0,1,105.017650
2001-02-26,48.6500,34.885975,903200,0,1,107.334216
2001-02-27,47.7750,34.258522,448400,0,1,105.403745
2001-02-28,47.0750,33.756569,316200,0,1,103.859367
2001-03-01,47.4000,33.989609,541600,0,1,104.576400
2001-03-02,47.5250,34.079247,1030800,0,1,104.852181
2001-03-05,47.3500,33.953766,522200,0,1,104.466087
2001-03-06,48.0500,34.455719,522000,0,1,106.010464
2001-03-07,48.3000,34.634987,394600,0,1,106.562028
2001-03-08,47.9000,34.348152,830400,0,1,105.679526
2001-03-09,46.9550,33.738831,246600,0.097,1,103.808624
2001-03-12,45.6250,32.783203,1006400,0,1,100.868245
2001-03-13,46.1000,33.124489,672200,0,1,101.918380
2001-03-14,45.0000,32.334087,655800,0,1,99.486488
2001-03-15,44.8250,32.208366,561600,0,1,99.099597
2001-03-16,44.0000,31.615576,301400,0,1,97.275678
2001-03-19,45.1500,32.441898,784600,0,1,99.818110
2001-03-20,44.1000,31.687408,625200,0,1,97.496759
2001-03-21,43.4250,31.202417,494800,0,1,96.004461
2001-03-22,43.0000,30.897028,1193000,0,1,95.064867
2001-03-23,44.1250,31.705395,297200,0,1,97.552029
2001-03-26,44.7250,32.136494,1011600,0,1,98.878515
2001-03-27,45.0850,32.395172,633200,0,1,99.674407
2001-03-28,43.8750,31.525755,1233200,0,1,96.999326
2001-03-29,43.9500,31.579655,591800,0,1,97.165137
2001-03-30,44.8000,32.190380,231400,0,1,99.044326
2001-04-02,43.7500,31.435944,340200,0,1,96.722975
2001-04-03,42.2650,30.368898,507400,0,1,93.439921
2001-04-04,42.4000,30.465914,356400,0,1,93.738380
2001-04-05,44.4500,31.938889,950000,0,1,98.270542
2001-04-06,43.2000,31.040741,405000,0,1,95.507029
2001-04-09,44.1500,31.723343,569800,0,1,97.607299
2001-04-10,45.2000,32.477806,769000,0,1,99.928651
2001-04-11,44.9000,32.262245,526800,0,1,99.265407
2001-04-12,45.4500,32.657444,492000,0,1,100.481353
2001-04-16,44.6300,32.068268,262400,0,1,98.668488
2001-04-17,45.3500,32.585579,295400,0,1,100.260272
2001-04-18,46.6750,33.537643,688600,0,1,103.189597
2001-04-19,47.1950,33.911301,251200,0,1,104.339218
2001-04-20,46.6450,33.516098,504000,0,1,103.123272
2001-04-23,45.8000,32.908939,305200,0,1,101.255137
2001-04-24,46.1500,33.160442,319200,0,1,102.028921
2001-04-25,47.1500,33.878967,390200,0,1,104.239732
2001-04-26,47.8250,34.363968,323600,0,1,105.732029
2001-04-27,48.4500,34.813072,1658400,0,1,107.113786
2001-04-30,48.5000,34.848972,1112800,0,1,107.224326
2001-05-01,49.1000,35.280094,563400,0,1,108.550813
2001-05-02,48.9750,35.190281,590200,0,1,108.274462
2001-05-03,48.3700,34.755558,385600,0,1,106.936921
2001-05-04,49.0500,35.244144,754000,0,1,108.440272
2001-05-07,48.7500,35.028606,269000,0,1,107.777029
2001-05-08,49.0000,35.208263,437800,0,1,108.329732
2001-05-09,48.7000,34.992687,237000,0,1,107.666489
2001-05-10,48.7500,35.028606,562600,0,1,107.777029
2001-05-11,48.4600,34.820236,1009600,0,1,107.135894
2001-05-14,48.4500,34.813072,249400,0,1,107.113786
2001-05-15,48.9250,35.154369,435000,0,1,108.163921
2001-05-16,49.8650,35.829781,633200,0,1,110.242083
2001-05-17,50.3800,36.199802,173600,0,1,111.380651
2001-05-18,50.5750,36.339943,309000,0,1,111.811759
2001-05-21,51.4500,36.968651,376000,0,1,113.746218
2001-05-22,51.7000,37.148308,896200,0,1,114.298921
2001-05-23,50.5000,36.286057,659000,0,1,111.645948
2001-05-24,51.0250,36.663288,540200,0,1,112.806624
2001-05-25,50.6500,36.393841,339600,0,1,111.977570
2001-05-29,50.0000,35.926777,753600,0,1,110.540543
2001-05-30,49.3500,35.459717,849400,0,1,109.103516
2001-05-31,49.5500,35.603447,972000,0,1,109.545678
2001-06-01,50.1350,36.023792,538200,0,1,110.839002
2001-06-04,50.7900,36.494438,417800,0,1,112.287083
2001-06-05,51.5000,37.004570,1191600,0,1,113.856759
2001-06-06,51.1750,36.771065,1081200,0,1,113.138245
2001-06-07,51.3900,36.925529,262800,0,1,113.613570
2001-06-08,50.9500,36.710823,545400,0.142,1,112.954748
2001-06-11,50.2750,36.224468,513400,0,1,111.458292
2001-06-12,50.4000,36.314537,690200,0,1,111.735413
2001-06-13,50.3300,36.264103,759400,0,1,111.580225
2001-06-14,49.0750,35.359833,865200,0,1,108.797925
2001-06-15,49.3750,35.576000,817800,0,1,109.463016
2001-06-18,49.0000,35.305813,685600,0,1,108.631652
2001-06-19,48.8500,35.197720,763600,0,1,108.299106
2001-06-20,49.4250,35.612026,861400,0,1,109.573865
2001-06-21,49.4950,35.662445,776800,0,1,109.729053
2001-06-22,48.6000,35.017601,673400,0,1,107.744863
2001-06-25,48.2600,34.772610,1857600,0,1,106.991092
2001-06-26,49.0000,35.305813,1007600,0,1,108.631652
2001-06-27,49.4750,35.648037,989000,0,1,109.684714
2001-06-28,50.1000,36.098377,922600,0,1,111.070322
2001-06-29,50.9500,36.710823,2283200,0,1,112.954748
2001-07-02,49.8000,35.882244,2142000,0,1,110.405230
2001-07-03,49.5000,35.666077,1084800,0,1,109.740138
2001-07-05,48.8500,35.197720,849600,0,1,108.299106
2001-07-06,47.9500,34.549263,588600,0,1,106.303831
2001-07-09,48.4000,34.873489,895400,0,1,107.301468
2001-07-10,47.5000,34.225010,775600,0,1,105.306193
2001-07-11,47.5000,34.225010,1103400,0,1,105.306193
2001-07-12,48.6650,35.064423,1254200,0,1,107.888966
2001-07-13,48.9000,35.233742,241200,0,1,108.409955
2001-07-16,48.0750,34.639313,547200,0,1,106.580952
2001-07-17,49.0250,35.323807,558400,0,1,108.687076
2001-07-18,48.1000,34.657326,877800,0,1,106.636377
2001-07-19,48.5000,34.945541,431000,0,1,107.523166
2001-07-20,48.5000,34.945541,629600,0,1,107.523166
2001-07-23,48.1500,34.693356,1452000,0,1,106.747225
2001-07-24,47.3500,34.116951,588200,0,1,104.973647
2001-07-25,47.6250,34.315067,603600,0,1,105.583315
2001-07-26,48.3250,34.819450,622800,0,1,107.135195
2001-07-27,48.2500,34.765400,592200,0,1,106.968922
2001-07-30,48.1750,34.711369,378000,0,1,106.802650
2001-07-31,48.1150,34.668133,652200,0,1,106.669631
2001-08-01,48.8500,35.197720,439000,0,1,108.299106
2001-08-02,48.7000,35.089653,553000,0,1,107.966560
2001-08-03,48.5750,34.999580,303000,0,1,107.689439
2001-08-06,47.9000,34.513245,236800,0,1,106.192982
2001-08-07,47.9500,34.549263,427400,0,1,106.303831
2001-08-08,46.8750,33.774693,1126400,0,1,103.920585
2001-08-09,47.3500,34.116951,535200,0,1,104.973647
2001-08-10,47.3000,34.080902,425400,0,1,104.862799
2001-08-13,47.7000,34.369118,1614800,0,1,105.749588
2001-08-14,47.8500,34.477203,4667800,0,1,106.082133
2001-08-15,47.7900,34.433956,931600,0,1,105.949115
2001-08-16,48.1000,34.657326,1579400,0,1,106.636377
2001-08-17,47.3500,34.116951,2412000,0,1,104.973647
2001-08-20,47.8750,34.495228,2469600,0,1,106.137558
2001-08-21,47.0500,33.900784,910400,0,1,104.308555
2001-08-22,47.6750,34.351101,1277800,0,1,105.694163
2001-08-23,47.0500,33.900784,842200,0,1,104.308555
2001-08-24,48.0500,34.621296,2401000,0,1,106.525528
2001-08-27,47.8750,34.495228,249400,0,1,106.137558
2001-08-28,47.3500,34.116951,985000,0,1,104.973647
2001-08-29,47.1500,33.972836,653000,0,1,104.530253
2001-08-30,46.5550,33.544109,959400,0,1,103.211154
2001-08-31,46.9450,33.825134,995600,0,1,104.075773
2001-09-04,46.5000,33.504482,697400,0,1,103.089221
2001-09-05,46.1750,33.270321,569200,0,1,102.368705
2001-09-06,45.1000,32.495743,305400,0,1,99.985459
2001-09-07,44.2650,31.894100,4950200,0,1,98.134287
2001-09-10,43.9250,31.649132,4777800,0,1,97.380516
2001-09-17,41.7500,30.081982,1338800,0,1,92.558601
2001-09-18,41.0750,29.595627,4303400,0,1,91.062145
2001-09-19,40.0800,28.878714,1636000,0,1,88.856257
2001-09-20,38.5550,27.779896,732000,0,1,85.475374
2001-09-21,37.8300,27.257523,1011200,0,1,83.868069
2001-09-24,39.0000,28.100546,1702800,0,1,86.461927
2001-09-25,39.4750,28.442795,924600,0,1,87.514989
2001-09-26,38.8900,28.021261,990600,0,1,86.218060
2001-09-27,39.5150,28.471603,1879400,0,1,87.603668
2001-09-28,40.1000,28.893122,2264800,0,1,88.900597
2001-10-01,39.7500,28.746304,906000,0.147,1,88.450551
2001-10-02,40.1850,29.060888,1107200,0,1,89.418501
2001-10-03,41.1000,29.722610,1441200,0,1,91.454532
2001-10-04,41.5100,30.019114,2346200,0,1,92.366852
2001-10-05,41.3000,29.867239,503800,0,1,91.899566
2001-10-08,40.9250,29.596043,348000,0,1,91.065127
2001-10-09,40.5850,29.350163,1017200,0,1,90.308569
2001-10-10,42.0000,30.373459,638600,0,1,93.457186
2001-10-11,42.6750,30.861601,1523400,0,1,94.959177
2001-10-12,42.5400,30.763969,573800,0,1,94.658779
2001-10-15,42.7000,30.879683,590600,0,1,95.014806
2001-10-16,43.2750,31.295504,966400,0,1,96.294279
2001-10-17,42.0500,30.409613,797400,0,1,93.568445
2001-10-18,41.7800,30.214380,969400,0,1,92.967649
2001-10-19,42.3000,30.590416,519200,0,1,94.124738
2001-10-22,42.6800,30.865231,369600,0,1,94.970303
2001-10-23,42.4000,30.662729,851600,0,1,94.347255
2001-10-24,42.6750,30.861601,527600,0,1,94.959177
2001-10-25,43.6250,31.548639,1195000,0,1,97.073089
2001-10-26,43.6250,31.548639,951600,0,1,97.073089
2001-10-29,42.7500,30.915852,516400,0,1,95.126065
2001-10-30,41.8500,30.264986,887200,0,1,93.123411
2001-10-31,42.5500,30.771206,1531200,0,1,94.681030
2001-11-01,43.3000,31.313597,786000,0,1,96.349909
2001-11-02,43.0000,31.096634,369600,0,1,95.682357
2001-11-05,43.6250,31.548639,305600,0,1,97.073089
2001-11-06,44.2500,32.000622,1671200,0,1,98.463821
2001-11-07,43.9500,31.783672,584200,0,1,97.796270
2001-11-08,43.8500,31.711348,483200,0,1,97.573753
2001-11-09,43.7000,31.602869,421400,0,1,97.239977
2001-11-12,43.8750,31.729429,230200,0,1,97.629382
2001-11-13,44.6750,32.307972,442200,0,1,99.409519
2001-11-14,45.1200,32.629780,285600,0,1,100.399720
2001-11-15,44.9500,32.506847,363400,0,1,100.021441
2001-11-16,44.9950,32.539383,423200,0,1,100.121574
2001-11-19,45.5000,32.904579,316200,0,1,101.245285
2001-11-20,45.2400,32.716568,457000,0,1,100.666741
2001-11-21,45.0850,32.604462,384800,0,1,100.321839
2001-11-23,45.7400,33.078136,224600,0,1,101.779326
2001-11-26,45.9750,33.248100,549200,0,1,102.302241
2001-11-27,45.8250,33.139606,420800,0,1,101.968466
2001-11-28,45.0250,32.561089,641400,0,1,100.188329
2001-11-29,46.3500,33.519279,507000,0,1,103.136681
2001-11-30,45.8000,33.121563,740200,0,1,101.912836
2001-12-03,45.5000,32.904579,210800,0,1,101.245285
2001-12-04,46.5500,33.663929,680400,0,1,103.581715
2001-12-05,47.5750,34.405186,600400,0,1,105.862515
2001-12-06,48.2500,34.893314,738000,0,1,107.364506
2001-12-07,47.8850,34.629337,526800,0,1,106.552318
2001-12-10,47.0550,34.029118,674600,0,1,104.705426
2001-12-11,47.3250,34.224373,429000,0,1,105.306222
2001-12-12,47.4000,34.278614,249400,0,1,105.473110
2001-12-13,46.5550,33.667530,796400,0,1,103.592841
2001-12-14,46.9500,34.051937,1147400,0.135,1,104.772181
2001-12-17,47.8500,34.704700,798800,0,1,106.780594
2001-12-18,48.2750,35.012955,1727800,0,1,107.729011
2001-12-19,47.9000,34.740959,1551600,0,1,106.892172
2001-12-20,47.1500,34.197002,5581600,0,1,105.218495
2001-12-21,48.1000,34.886002,1577800,0,1,107.338486
2001-12-24,48.3250,35.049202,319000,0,1,107.840589
2001-12-26,48.7500,35.357449,963000,0,1,108.789006
2001-12-27,48.9500,35.502487,1705200,0,1,109.235320
2001-12-28,49.0000,35.538769,2017600,0,1,109.346898
2001-12-31,48.1750,34.940388,2346600,0,1,107.505854
2002-01-02,48.6200,35.263145,1807400,0,1,108.498902
2002-01-03,49.2950,35.752708,1013400,0,1,110.005211
2002-01-04,49.7250,36.064590,1304400,0,1,110.964786
2002-01-07,48.9250,35.484364,1661800,0,1,109.179531
2002-01-08,49.5000,35.901413,743600,0,1,110.462683
2002-01-09,49.0000,35.538769,868800,0,1,109.346898
2002-01-10,49.3000,35.756348,365200,0,1,110.016369
2002-01-11,48.7000,35.321175,802800,0,1,108.677428
2002-01-14,47.9750,34.795353,781000,0,1,107.059540
2002-01-15,48.3000,35.031071,1170000,0,1,107.784800
2002-01-16,47.3200,34.320297,4382800,0,1,105.597862
2002-01-17,47.5500,34.487110,813400,0,1,106.111123
2002-01-18,46.9500,34.051937,991000,0,1,104.772181
2002-01-22,46.6500,33.834351,1331400,0,1,104.102710
2002-01-23,47.3000,34.305782,1752600,0,1,105.553231
2002-01-24,47.6750,34.577774,956600,0,1,106.390069
2002-01-25,47.6400,34.552368,770400,0,1,106.311964
2002-01-28,47.9500,34.777222,617600,0,1,107.003751
2002-01-29,47.1050,34.164368,1519000,0,1,105.118075
2002-01-30,47.6950,34.592255,1250600,0,1,106.434700
2002-01-31,48.1000,34.886002,2674000,0,1,107.338486
2002-02-01,47.8250,34.686558,768400,0,1,106.724804
2002-02-04,46.7000,33.870617,2787200,0,1,104.214289
2002-02-05,46.5200,33.740063,1805200,0,1,103.812606
2002-02-06,46.0000,33.362919,1273600,0,1,102.652190
2002-02-07,45.4000,32.927757,1973000,0,1,101.313249
2002-02-08,46.6000,33.798080,1737800,0,1,103.991132
2002-02-11,46.8050,33.946774,1031600,0,1,104.448604
2002-02-12,46.9050,34.019318,394600,0,1,104.671761
2002-02-13,47.3500,34.342068,359200,0,1,105.664809
2002-02-14,46.7500,33.906879,1958000,0,1,104.325867
2002-02-15,46.6800,33.856102,847800,0,1,104.169658
2002-02-19,45.7750,33.199726,981400,0,1,102.150087
2002-02-20,46.5500,33.761818,1388200,0,1,103.879554
2002-02-21,45.5550,33.040184,665600,0,1,101.659142
2002-02-22,46.3750,33.634892,1361800,0,1,103.489029
2002-02-25,46.6650,33.845222,740600,0,1,104.136184
2002-02-26,46.8850,34.004799,994200,0,1,104.627129
2002-02-27,47.1000,34.160740,1247600,0,1,105.106917
2002-02-28,46.6000,33.798080,1466200,0,1,103.991132
2002-03-01,47.7500,34.632160,1445200,0,1,106.557437
2002-03-04,48.5000,35.176117,1448800,0,1,108.231114
2002-03-05,48.6100,35.255894,1330800,0,1,108.476586
2002-03-06,49.2000,35.683819,846600,0,1,109.793212
2002-03-07,49.2500,35.720074,1150200,0,1,109.904791
2002-03-08,49.6900,36.081333,1206800,0.0575,1,111.014997
2002-03-11,49.7000,36.088593,1110600,0,1,111.037338
2002-03-12,49.6200,36.030506,818000,0,1,110.858606
2002-03-13,49.2000,35.725529,1581200,0,1,109.920262
2002-03-14,49.4250,35.888912,1402200,0,1,110.422946
2002-03-15,49.6250,36.034142,1414800,0,1,110.869777
2002-03-18,49.9050,36.237438,1362400,0,1,111.495339
2002-03-19,50.2250,36.469822,621200,0,1,112.210268
2002-03-20,49.4350,35.896175,1805600,0,1,110.445288
2002-03-21,50.2650,36.498840,960200,0,1,112.299634
2002-03-22,49.9000,36.233810,1018600,0,1,111.484168
2002-03-25,49.2950,35.794498,1873600,0,1,110.132507
2002-03-26,49.8500,36.197506,843600,0,1,111.372461
2002-03-27,50.3150,36.535152,976400,0,1,112.411341
2002-03-28,50.0500,36.342739,1783000,0,1,111.819291
2002-04-01,50.1000,36.379028,1304000,0,1,111.930999
2002-04-02,49.7800,36.146679,5878800,0,1,111.216070
2002-04-03,49.4250,35.888912,6075400,0,1,110.422946
2002-04-04,49.6200,36.030506,2093200,0,1,110.858606
2002-04-05,49.5500,35.979671,815400,0,1,110.702215
2002-04-08,50.1700,36.429874,1162200,0,1,112.087389
2002-04-09,49.9850,36.295551,954600,0,1,111.674071
2002-04-10,50.9500,36.996239,2098000,0,1,113.830028
2002-04-11,50.1350,36.404465,1505600,0,1,112.009194
2002-04-12,51.2500,37.214096,2963400,0,1,114.500273
2002-04-15,50.8750,36.941795,2844000,0,1,113.662466
2002-04-16,52.1500,37.867615,1361400,0,1,116.511010
2002-04-17,51.7100,37.548100,6833400,0,1,115.527983
2002-04-18,51.4900,37.388355,2359200,0,1,115.036470
2002-04-19,51.4500,37.359310,760800,0,1,114.947104
2002-04-22,50.7700,36.865551,1507000,0,1,113.427880
2002-04-23,50.9500,36.996239,1798200,0,1,113.830028
2002-04-24,50.5200,36.684010,1095400,0,1,112.869342
2002-04-25,50.6550,36.782047,1388200,0,1,113.170953
2002-04-26,49.6850,36.077694,2200800,0,1,111.003826
2002-04-29,49.8350,36.186634,3547600,0,1,111.338949
2002-04-30,50.6500,36.778419,1444200,0,1,113.159782
2002-05-01,51.0000,37.032547,1435200,0,1,113.941735
2002-05-02,51.1750,37.159626,932200,0,1,114.332712
2002-05-03,50.9500,36.996239,1494800,0,1,113.830028
2002-05-06,49.9750,36.288300,2717000,0,1,111.651730
2002-05-07,49.6150,36.026890,1302400,0,1,110.847435
2002-05-08,50.8000,36.887329,2224000,0,1,113.494905
2002-05-09,49.8750,36.215656,1718000,0,1,111.428315
2002-05-10,49.0650,35.627499,1788600,0,1,109.618652
2002-05-13,49.7000,36.088593,2245000,0,1,111.037338
2002-05-14,51.2000,37.177811,9461400,0,1,114.388566
2002-05-15,51.1500,37.141499,1803200,0,1,114.276858
2002-05-16,50.5450,36.702160,1452200,0,1,112.925196
2002-05-17,50.7000,36.814716,1620400,0,1,113.271490
2002-05-20,50.0600,36.349998,1856200,0,1,111.841633
2002-05-21,49.3000,35.798138,2511000,0,1,110.143677
2002-05-22,49.0000,35.580311,2344600,0,1,109.473432
2002-05-23,49.9750,36.288300,2384600,0,1,111.651730
2002-05-24,49.1850,35.714653,1608400,0,1,109.886750
2002-05-28,49.0600,35.623871,2984200,0,1,109.607481
2002-05-29,48.4350,35.170048,1952000,0,1,108.211136
2002-05-30,48.6100,35.297108,3009400,0,1,108.602113
2002-05-31,48.2500,35.035686,6645800,0,1,107.797818
2002-06-03,47.1250,34.218807,2000800,0,1,105.284398
2002-06-04,47.1350,34.226078,5450800,0,1,105.306739
2002-06-05,47.3000,34.345879,1600400,0,1,105.675374
2002-06-06,46.3800,33.677856,1848400,0,1,103.619955
2002-06-07,46.8000,33.982830,2509000,0,1,104.558298
2002-06-10,46.7500,33.946522,2447000,0,1,104.446591
2002-06-11,46.0000,33.401920,2877200,0,1,102.770977
2002-06-12,46.1500,33.510849,4146000,0,1,103.106100
2002-06-13,45.5000,33.038849,1413200,0,1,101.653901
2002-06-14,45.7500,33.308598,3394200,0.1205,1,102.481654
2002-06-17,46.8150,34.083973,1479000,0,1,104.867293
2002-06-18,46.9450,34.178619,1905600,0,1,105.158497
2002-06-19,46.0000,33.490623,2348000,0,1,103.041663
2002-06-20,45.9000,33.417812,1983200,0,1,102.817660
2002-06-21,45.8000,33.345016,1713200,0,1,102.593656
2002-06-24,45.6550,33.239422,2586600,0,1,102.268851
2002-06-25,45.0100,32.769833,1502800,0,1,100.824028
2002-06-26,44.9850,32.751644,6941400,0,1,100.768027
2002-06-27,45.8500,33.381397,4792200,0,1,102.705658
2002-06-28,45.3250,32.999187,3006800,0,1,101.529639
2002-07-01,44.4000,32.325722,1844600,0,1,99.457605
2002-07-02,43.0650,31.353765,1720600,0,1,96.467157
2002-07-03,42.5500,30.978815,2908600,0,1,95.313539
2002-07-05,43.9600,32.005367,1063400,0,1,98.471990
2002-07-08,43.0500,31.342844,1810000,0,1,96.433557
2002-07-09,42.8850,31.222715,1619000,0,1,96.063951
2002-07-10,41.7050,30.363615,2447800,0,1,93.420708
2002-07-11,41.3800,30.126989,3428800,0,1,92.692696
2002-07-12,41.0250,29.868546,3394800,0,1,91.897483
2002-07-15,40.7700,29.682878,3691200,0,1,91.326274
2002-07-16,40.5000,29.486303,2598200,0,1,90.721464
2002-07-17,40.8750,29.759327,2669000,0,1,91.561478
2002-07-18,39.4500,28.721846,1829400,0,1,88.369426
2002-07-19,38.6250,28.121193,2860400,0,1,86.521397
2002-07-22,37.8550,27.560598,3325800,0,1,84.796569
2002-07-23,35.8750,26.119038,3187000,0,1,80.361297
2002-07-24,38.0000,27.666172,6626600,0,1,85.121374
2002-07-25,37.7000,27.447737,6251400,0,1,84.449363
2002-07-26,38.3000,27.884586,2480400,0,1,85.793385
2002-07-29,39.7750,28.958475,2366800,0,1,89.097438
2002-07-30,39.8950,29.045824,3403200,0,1,89.366243
2002-07-31,39.2750,28.594442,1834800,0,1,87.977420
2002-08-01,38.7000,28.175793,2009800,0,1,86.689399
2002-08-02,37.4850,27.291208,2652400,0,1,83.967755
2002-08-05,36.4850,26.563150,1793400,0,1,81.727719
2002-08-06,38.0750,27.720772,1486400,0,1,85.289377
2002-08-07,38.2200,27.826319,3205600,0,1,85.614182
2002-08-08,38.8350,28.274082,2317200,0,1,86.991804
2002-08-09,38.5050,28.033825,4054000,0,1,86.252592
2002-08-12,38.6000,28.102993,1342000,0,1,86.465396
2002-08-13,37.5000,27.302135,2094800,0,1,84.001356
2002-08-14,38.8400,28.277731,6681200,0,1,87.003004
2002-08-15,38.8800,28.306856,3498400,0,1,87.092606
2002-08-16,39.4750,28.740047,2472000,0,1,88.425427
2002-08-19,40.0250,29.140474,3215600,0,1,89.657447
2002-08-20,39.8250,28.994860,2326600,0,1,89.209440
2002-08-21,40.6400,29.588215,2511600,0,1,91.035069
2002-08-22,40.9000,29.777523,1878800,0,1,91.617479
2002-08-23,39.8250,28.994860,3484600,0,1,89.209440
2002-08-26,40.5500,29.522705,2294200,0,1,90.833466
2002-08-27,39.7750,28.958475,2726800,0,1,89.097438
2002-08-28,39.0000,28.394215,2720800,0,1,87.361410
2002-08-29,39.2900,28.605354,2405600,0,1,88.011021
2002-08-30,39.0250,28.412415,1380800,0,1,87.417411
2002-09-03,37.8750,27.575148,3562400,0,1,84.841370
2002-09-04,38.6750,28.157589,1916400,0,1,86.633398
2002-09-05,37.9000,27.593353,1483200,0,1,84.897370
2002-09-06,39.1500,28.503426,2753400,0,1,87.697416
2002-09-09,39.0300,28.416039,1222400,0,1,87.428611
2002-09-10,39.2750,28.594442,1767800,0,1,87.977420
2002-09-11,39.1500,28.503426,1719400,0,1,87.697416
2002-09-12,38.5000,28.030176,1948400,0,1,86.241392
2002-09-13,38.8500,28.379354,2655200,0.128,1,87.312129
2002-09-16,38.4000,28.050636,1133000,0,1,86.300792
2002-09-17,37.8750,27.667141,2629600,0,1,85.120898
2002-09-18,37.7750,27.594103,2323200,0,1,84.896157
2002-09-19,36.3950,26.586010,1405200,0,1,81.794722
2002-09-20,36.5500,26.699238,1485600,0,1,82.143072
2002-09-23,35.6500,26.041792,2234800,0,1,80.120397
2002-09-24,35.3750,25.840929,2243400,0,1,79.502357
2002-09-25,36.4500,26.626207,2974800,0,1,81.918330
2002-09-26,36.9300,26.976828,4840000,0,1,82.997090
2002-09-27,36.0250,26.315735,2526000,0,1,80.963178
2002-09-30,35.7750,26.133123,3999800,0,1,80.401324
2002-10-01,36.9250,26.973169,3433400,0,1,82.985853
2002-10-02,36.0250,26.315735,2099000,0,1,80.963178
2002-10-03,35.6350,26.030857,2119800,0,1,80.086685
2002-10-04,34.6500,25.311314,4060200,0,1,77.872980
2002-10-07,33.7200,24.631971,2920000,0,1,75.782883
2002-10-08,33.9750,24.818241,5766800,0,1,76.355974
2002-10-09,32.5500,23.777292,4646000,0,1,73.153406
2002-10-10,33.5000,24.471251,5369400,0,1,75.288451
2002-10-11,34.3500,25.092175,6104000,0,1,77.198755
2002-10-14,34.5800,25.260189,3476800,0,1,77.715661
2002-10-15,35.9750,26.279211,5130200,0,1,80.850807
2002-10-16,35.0750,25.621771,2821800,0,1,78.828132
2002-10-17,36.1250,26.388796,5284000,0,1,81.187920
2002-10-18,36.2000,26.443577,2756200,0,1,81.356476
2002-10-21,36.6750,26.790550,3263600,0,1,82.423999
2002-10-22,36.2050,26.447233,3712400,0,1,81.367713
2002-10-23,36.7800,26.867256,3649800,0,1,82.659977
2002-10-24,36.4250,26.607939,5630200,0,1,81.862144
2002-10-25,37.2200,27.188671,4374800,0,1,83.648841
2002-10-28,36.8000,26.881857,2487600,0,1,82.704926
2002-10-29,36.6950,26.805178,4680000,0,1,82.468947
2002-10-30,37.3250,27.265381,3422800,0,1,83.884819
2002-10-31,37.2500,27.210590,5474000,0,1,83.716263
2002-11-01,38.1250,27.849749,4799800,0,1,85.682752
2002-11-04,38.4550,28.090818,4515800,0,1,86.424400
2002-11-05,38.5200,28.138290,2669800,0,1,86.570482
2002-11-06,39.1750,28.616772,3383400,0,1,88.042540
2002-11-07,38.2450,27.937410,3318400,0,1,85.952442
2002-11-08,37.7250,27.557562,2176200,0,1,84.783786
2002-11-11,36.8100,26.889166,2235800,0,1,82.727400
2002-11-12,37.4000,27.320162,2507000,0,1,84.053376
2002-11-13,37.6000,27.466248,2486400,0,1,84.502859
2002-11-14,38.4150,28.061600,2136600,0,1,86.334503
2002-11-15,38.4000,28.050636,1922800,0,1,86.300792
2002-11-18,38.1050,27.835150,2844200,0,1,85.637804
2002-11-19,37.9700,27.736544,2249400,0,1,85.334403
2002-11-20,38.9750,28.470673,2492400,0,1,87.593056
2002-11-21,39.7350,29.025839,3331200,0,1,89.301093
2002-11-22,40.0100,29.226713,3888400,0,1,89.919132
2002-11-25,40.2750,29.420311,2283800,0,1,90.514698
2002-11-26,39.8250,29.091578,2437000,0,1,89.503360
2002-11-27,40.9100,29.884165,2574600,0,1,91.941807
2002-11-29,40.4050,29.515274,958000,0,1,90.806862
2002-12-02,40.7150,29.741722,3044000,0,1,91.503561
2002-12-03,40.0000,29.219412,2852800,0,1,89.896658
2002-12-04,39.6050,28.930880,2430000,0,1,89.008929
2002-12-05,39.4200,28.795727,2432800,0,1,88.593157
2002-12-06,39.5800,28.912621,1557000,0,1,88.952743
2002-12-09,38.5300,28.145611,2156400,0,1,86.592956
2002-12-10,39.2800,28.693466,2678800,0,1,88.278518
2002-12-11,39.3250,28.726353,3124400,0,1,88.379652
2002-12-12,39.4850,28.843210,1891200,0,1,88.739239
2002-12-13,38.5250,28.278027,2011200,0.19,1,87.008728
2002-12-16,39.2150,28.784487,2859800,0,1,88.567093
2002-12-17,38.8000,28.479879,2077200,0,1,87.629816
2002-12-18,38.1800,28.024796,2486200,0,1,86.229546
2002-12-19,38.0850,27.955055,6629200,0,1,86.014988
2002-12-20,38.5150,28.270681,2046200,0,1,86.986143
2002-12-23,38.7750,28.461519,1882400,0,1,87.573353
2002-12-24,38.7000,28.406462,673400,0,1,87.403966
2002-12-26,38.7000,28.406462,1086200,0,1,87.403966
2002-12-27,38.0700,27.944038,2351200,0,1,85.981110
2002-12-30,37.9500,27.855965,3471000,0,1,85.710090
2002-12-31,37.9050,27.822926,5448200,0,1,85.608458
2003-01-02,38.9500,28.589975,4014200,0,1,87.968591
2003-01-03,38.8850,28.542269,3222200,0,1,87.821788
2003-01-06,39.3400,28.876245,2917800,0,1,88.849406
2003-01-07,39.1350,28.725763,2988600,0,1,88.386413
2003-01-08,38.7450,28.439512,3288400,0,1,87.505598
2003-01-09,39.3150,28.857895,3828600,0,1,88.792943
2003-01-10,39.4000,28.920284,2698000,0,1,88.984916
2003-01-13,39.4900,28.986349,1759000,0,1,89.188181
2003-01-14,39.5150,29.004692,1566400,0,1,89.244644
2003-01-15,39.4250,28.938627,2381600,0,1,89.041379
2003-01-16,39.3700,28.898266,2323000,0,1,88.917161
2003-01-17,38.6300,28.355091,2416600,0,1,87.245871
2003-01-21,38.0700,27.944038,2134600,0,1,85.981110
2003-01-22,37.7400,27.701815,3258600,0,1,85.235805
2003-01-23,37.9750,27.874304,2213000,0,1,85.766553
2003-01-24,37.1900,27.298115,3565000,0,1,83.993630
2003-01-27,36.6250,26.883394,3477400,0,1,82.717577
2003-01-28,36.9250,27.103590,2633200,0,1,83.395128
2003-01-29,37.2050,27.309130,3905200,0,1,84.027508
2003-01-30,36.6000,26.865036,3346000,0,1,82.661115
2003-01-31,37.1200,27.246725,5831000,0,1,83.835535
2003-02-03,36.8000,27.011829,2648800,0,1,83.112815
2003-02-04,36.8000,27.011829,4280400,0,1,83.112815
2003-02-05,36.5250,26.809994,3436600,0,1,82.491727
2003-02-06,36.3250,26.663185,6960800,0,1,82.040027
2003-02-07,35.6600,26.175066,7994200,0,1,80.538125
2003-02-10,36.0300,26.446655,2130400,0,1,81.373770
2003-02-11,35.9300,26.373251,3132400,0,1,81.147920
2003-02-12,35.4250,26.002558,7394600,0,1,80.007377
2003-02-13,35.3300,25.932835,3505600,0,1,79.792819
2003-02-14,35.6500,26.167711,2653800,0,1,80.515540
2003-02-18,36.3650,26.692545,1881000,0,1,82.130367
2003-02-19,35.9250,26.369577,4073800,0,1,81.136627
2003-02-20,35.8500,26.314528,2898200,0,1,80.967240
2003-02-21,36.1600,26.542080,2668800,0,1,81.667375
2003-02-24,35.6050,26.134693,2446600,0,1,80.413907
2003-02-25,35.9300,26.373251,2659400,0,1,81.147920
2003-02-26,35.7500,26.241123,1955600,0,1,80.741390
2003-02-27,35.9450,26.384256,2940800,0,1,81.181797
2003-02-28,36.0050,26.428308,1443000,0,1,81.317307
2003-03-03,35.8950,26.347540,2962200,0,1,81.068872
2003-03-04,35.4300,26.006247,1724800,0,1,80.018669
2003-03-05,35.5000,26.057623,1838200,0,1,80.176764
2003-03-06,35.2100,25.844749,1848200,0,1,79.521799
2003-03-07,35.2250,25.914639,2813200,0.08,1,79.736357
2003-03-10,34.6200,25.469564,2208200,0,1,78.366861
2003-03-11,34.3750,25.289310,2102800,0,1,77.812272
2003-03-12,34.4500,25.344488,4736200,0,1,77.982044
2003-03-13,35.3800,26.028679,3975600,0,1,80.087219
2003-03-14,35.4250,26.061777,3235600,0,1,80.189083
2003-03-17,36.2450,26.665051,2270200,0,1,82.045259
2003-03-18,36.7200,27.014507,3548000,0,1,83.120483
2003-03-19,36.6300,26.948288,3538600,0,1,82.916757
2003-03-20,36.8700,27.124857,4423200,0,1,83.460028
2003-03-21,37.3850,27.503736,7680000,0,1,84.625797
2003-03-24,36.5850,26.915184,5340800,0,1,82.814893
2003-03-25,36.9750,27.202099,2976600,0,1,83.697709
2003-03-26,36.5200,26.867352,2660600,0,1,82.667757
2003-03-27,36.7650,27.047611,1205600,0,1,83.222347
2003-03-28,36.7500,27.036566,2776000,0,1,83.188392
2003-03-31,36.0000,26.484816,1859000,0,1,81.490670
2003-04-01,36.6250,26.944613,2088800,0,1,82.905438
2003-04-02,37.3550,27.481668,2797000,0,1,84.557888
2003-04-03,37.3750,27.496367,3017200,0,1,84.603161
2003-04-04,37.2650,27.415457,1385600,0,1,84.354161
2003-04-07,37.2900,27.433842,3368400,0,1,84.410752
2003-04-08,37.3200,27.455908,2013600,0,1,84.478661
2003-04-09,37.1150,27.305098,4016000,0,1,84.014617
2003-04-10,37.1250,27.312460,1569000,0,1,84.037253
2003-04-11,36.9200,27.161623,1954200,0,1,83.573209
2003-04-14,37.5900,27.654552,1661200,0,1,85.089841
2003-04-15,37.9950,27.952509,1252600,0,1,86.006611
2003-04-16,37.6000,27.661915,2042800,0,1,85.112477
2003-04-17,38.1750,28.084927,3477400,0,1,86.414065
2003-04-21,38.4350,28.276207,1799600,0,1,87.002608
2003-04-22,38.9650,28.666115,1848600,0,1,88.202332
2003-04-23,39.3750,28.967760,2297600,0,1,89.130420
2003-04-24,39.1750,28.820610,2505200,0,1,88.677694
2003-04-25,38.6250,28.415987,1117000,0,1,87.432698
2003-04-28,39.3100,28.919947,1924800,0,1,88.983284
2003-04-29,39.5750,29.114882,3249800,0,1,89.583146
2003-04-30,39.7000,29.206858,2213600,0,1,89.866100
2003-05-01,39.6500,29.170074,2613600,0,1,89.752918
2003-05-02,40.6500,29.905769,3410400,0,1,92.016548
2003-05-05,40.8350,30.041864,3975800,0,1,92.435320
2003-05-06,41.2250,30.328796,3022400,0,1,93.318135
2003-05-07,40.9750,30.144850,3449000,0,1,92.752228
2003-05-08,40.6350,29.894712,4200400,0,1,91.982594
2003-05-09,41.2200,30.325098,2168600,0,1,93.306817
2003-05-12,41.6700,30.656153,2536600,0,1,94.325450
2003-05-13,41.9150,30.836405,3012400,0,1,94.880040
2003-05-14,41.8900,30.818014,3340200,0,1,94.823449
2003-05-15,42.0550,30.939396,1187200,0,1,95.196948
2003-05-16,41.5350,30.556831,3475200,0,1,94.019860
2003-05-19,40.8150,30.027153,4013600,0,1,92.390047
2003-05-20,40.8050,30.019789,4261000,0,1,92.367411
2003-05-21,40.9600,30.133820,2802600,0,1,92.718273
2003-05-22,41.3750,30.439135,3453000,0,1,93.657680
2003-05-23,41.7000,30.678246,1370600,0,1,94.393359
2003-05-27,42.6800,31.399195,2582600,0,1,96.611716
2003-05-28,42.9700,31.612572,2116200,0,1,97.268169
2003-05-29,43.2450,31.814888,4168000,0,1,97.890667
2003-05-30,44.0150,32.381348,6961800,0,1,99.633662
2003-06-02,44.2450,32.550560,6354800,0,1,100.154297
2003-06-03,44.3850,32.653549,2407400,0,1,100.471205
2003-06-04,44.9900,33.098640,2709200,0,1,101.840701
2003-06-05,45.7250,33.639374,2841000,0,1,103.504469
2003-06-06,45.2000,33.253151,4320000,0,1,102.316063
2003-06-09,44.3600,32.635193,3422400,0,1,100.414614
2003-06-10,45.0250,33.124409,2932800,0,1,101.919928
2003-06-11,45.4500,33.437069,3112200,0,1,102.881971
2003-06-12,45.7050,33.624672,2266400,0,1,103.459196
2003-06-13,44.8200,33.027794,2896400,0.075,1,101.625656
2003-06-16,45.5750,33.584141,3104400,0,1,103.337557
2003-06-17,45.6700,33.654140,3670200,0,1,103.552961
2003-06-18,45.6400,33.632042,2160400,0,1,103.484939
2003-06-19,45.0200,33.175171,3822600,0,1,102.079140
2003-06-20,44.6350,32.891457,2780400,0,1,101.206184
2003-06-23,43.8400,32.305614,3962800,0,1,99.403587
2003-06-24,43.8250,32.294556,3491000,0,1,99.369576
2003-06-25,44.1200,32.511967,4250200,0,1,100.038464
2003-06-26,44.8750,33.068298,6290800,0,1,101.750364
2003-06-27,44.5900,32.858292,6459200,0,1,101.104150
2003-06-30,44.4500,32.755127,8802400,0,1,100.786712
2003-07-01,44.7550,32.979881,5613600,0,1,101.478274
2003-07-02,45.8750,33.805210,4177000,0,1,104.017782
2003-07-03,45.4800,33.514137,1816000,0,1,103.122152
2003-07-07,46.4250,34.210499,3659800,0,1,105.264861
2003-07-08,47.2500,34.818443,3650400,0,1,107.135481
2003-07-09,47.6000,35.076370,7547600,0,1,107.929077
2003-07-10,46.6700,34.391026,3662000,0,1,105.820379
2003-07-11,47.3150,34.866333,2477400,0,1,107.282863
2003-07-14,47.7050,35.153721,5055000,0,1,108.167156
2003-07-15,47.5750,35.057941,3240400,0,1,107.872392
2003-07-16,47.3150,34.866333,3465200,0,1,107.282863
2003-07-17,45.8150,33.761005,6777000,0,1,103.881737
2003-07-18,46.1250,33.989441,4134000,0,1,104.584636
2003-07-21,45.7250,33.694668,4103600,0,1,103.677669
2003-07-22,46.2600,34.088898,3774600,0,1,104.890738
2003-07-23,46.5750,34.321041,4282600,0,1,105.604974
2003-07-24,46.4850,34.254704,3961800,0,1,105.400907
2003-07-25,46.8250,34.505264,2761000,0,1,106.171829
2003-07-28,47.4000,34.928967,3708800,0,1,107.475594
2003-07-29,47.4250,34.947407,4928000,0,1,107.532279
2003-07-30,47.2450,34.814758,2509400,0,1,107.124144
2003-07-31,47.3400,34.884766,5324600,0,1,107.339549
2003-08-01,46.6750,34.394733,4639000,0,1,105.831716
2003-08-04,46.2050,34.048382,7828000,0,1,104.766030
2003-08-05,45.4050,33.458866,6021600,0,1,102.952096
2003-08-06,45.2000,33.307812,4478600,0,1,102.487275
2003-08-07,45.3500,33.418343,5006600,0,1,102.827388
2003-08-08,45.2500,33.344639,4139800,0,1,102.600646
2003-08-11,45.8750,33.805210,4535400,0,1,104.017782
2003-08-12,46.6450,34.372616,5286600,0,1,105.763693
2003-08-13,46.8000,34.486839,7627000,0,1,106.115143
2003-08-14,47.1050,34.711582,2902600,0,1,106.806705
2003-08-15,47.1200,34.722645,1488000,0,1,106.840717
2003-08-18,48.0550,35.411640,3762000,0,1,108.960752
2003-08-19,48.9550,36.074856,5247200,0,1,111.001428
2003-08-20,48.9300,36.056423,4613200,0,1,110.944743
2003-08-21,49.3300,36.351196,4575200,0,1,111.851710
2003-08-22,48.4600,35.710087,7130400,0,1,109.879056
2003-08-25,48.4150,35.676918,4681600,0,1,109.777022
2003-08-26,48.6000,35.813251,5046000,0,1,110.196495
2003-08-27,49.0750,36.163284,2388200,0,1,111.273518
2003-08-28,49.4000,36.402779,4292200,0,1,112.010429
2003-08-29,49.6050,36.553825,3550000,0,1,112.475249
2003-09-02,50.7500,37.397598,6342600,0,1,115.071443
2003-09-03,50.9650,37.556030,5528200,0,1,115.558937
2003-09-04,51.1750,37.710781,4888200,0,1,116.035095
2003-09-05,50.8500,37.471272,6292200,0,1,115.298184
2003-09-08,51.5550,37.990788,4607400,0,1,116.896714
2003-09-09,51.1750,37.710781,4377400,0,1,116.035095
2003-09-10,50.1650,36.966496,7439600,0,1,113.745003
2003-09-11,50.6000,37.287056,5449200,0,1,114.731330
2003-09-12,50.7050,37.452133,5092000,0.1185,1,115.238098
2003-09-15,50.5800,37.359810,6256800,0,1,114.954008
2003-09-16,51.3350,37.917473,4066000,0,1,116.669909
2003-09-17,51.3200,37.906414,3757800,0,1,116.635818
2003-09-18,51.8550,38.301556,2872400,0,1,117.851722
2003-09-19,51.8000,38.260944,2665200,0,1,117.726722
2003-09-22,51.0900,37.736507,4317400,0,1,116.113094
2003-09-23,51.7850,38.249851,4706000,0,1,117.692632
2003-09-24,50.5050,37.304405,5422200,0,1,114.783554
2003-09-25,49.1400,36.296188,7514800,0,1,111.681296
2003-09-26,48.3000,35.675747,10653600,0,1,109.772214
2003-09-29,49.1650,36.314648,13239800,0,1,111.738114
2003-09-30,48.5250,35.841911,14310400,0,1,110.283575
2003-10-01,49.8350,36.809532,10303000,0,1,113.260834
2003-10-02,50.3150,37.164062,7705200,0,1,114.351738
2003-10-03,51.1100,37.751282,8542200,0,1,116.158548
2003-10-06,51.5500,38.076290,2976200,0,1,117.158543
2003-10-07,51.8400,38.290493,8096800,0,1,117.817631
2003-10-08,51.4350,37.991344,5080400,0,1,116.897181
2003-10-09,51.9750,38.390190,10419000,0,1,118.124448
2003-10-10,51.9100,38.342190,9808000,0,1,117.976721
2003-10-13,52.7250,38.944149,5230400,0,1,119.828985
2003-10-14,53.0700,39.198978,7334800,0,1,120.613073
2003-10-15,52.4050,38.707806,8170200,0,1,119.101716
2003-10-16,52.8750,39.054955,4426400,0,1,120.169893
2003-10-17,51.8500,38.297886,8651800,0,1,117.840358
2003-10-20,52.1100,38.489906,5974200,0,1,118.431265
2003-10-21,52.3450,38.663483,8582600,0,1,118.965353
2003-10-22,51.2000,37.817760,7309400,0,1,116.363092
2003-10-23,50.7500,37.485390,9793400,0,1,115.340370
2003-10-24,50.6250,37.393044,8896400,0,1,115.056280
2003-10-27,51.3650,37.939632,7502400,0,1,116.738091
2003-10-28,52.6000,38.851818,6610600,0,1,119.544896
2003-10-29,52.9500,39.110363,9492400,0,1,120.340347
2003-10-30,53.1000,39.221157,8193200,0,1,120.681254
2003-10-31,52.7500,38.962635,4893400,0,1,119.885803
2003-11-03,53.6450,39.623703,5433600,0,1,121.919885
2003-11-04,53.7200,39.679085,5421000,0,1,122.090338
2003-11-05,53.9850,39.874821,8291000,0,1,122.692608
2003-11-06,54.4100,40.188751,6670600,0,1,123.658513
2003-11-07,53.9950,39.882221,5796400,0,1,122.715336
2003-11-10,53.1250,39.239609,4527000,0,1,120.738072
2003-11-11,52.7600,38.970005,6615600,0,1,119.908530
2003-11-12,53.9800,39.871147,8923600,0,1,122.681245
2003-11-13,54.1250,39.978249,7083000,0,1,123.010789
2003-11-14,53.1000,39.221157,6241800,0,1,120.681254
2003-11-17,52.4550,38.744743,9251200,0,1,119.215352
2003-11-18,51.8800,38.320019,11541800,0,1,117.908540
2003-11-19,52.4250,38.722580,7253200,0,1,119.147170
2003-11-20,52.0700,38.460358,6618600,0,1,118.340356
2003-11-21,52.6450,38.885067,7275200,0,1,119.647168
2003-11-24,53.8500,39.775116,7887600,0,1,122.385792
2003-11-25,54.1750,40.015179,7972400,0,1,123.124425
2003-11-26,54.4650,40.229389,5508000,0,1,123.783512
2003-11-28,54.7250,40.421421,1156400,0,1,124.374419
2003-12-01,55.4300,40.942165,5149400,0,1,125.976684
2003-12-02,55.3450,40.879387,4948800,0,1,125.783503
2003-12-03,54.3500,40.144417,4838000,0,1,123.522150
2003-12-04,54.4750,40.236759,7712800,0,1,123.806240
2003-12-05,53.8000,39.738190,6813800,0,1,122.272156
2003-12-08,54.2000,40.033634,6081800,0,1,123.181242
2003-12-09,53.2850,39.357815,7100600,0,1,121.101707
2003-12-10,52.8050,39.003242,9320400,0,1,120.010803
2003-12-11,54.2800,40.092716,8991000,0,1,123.363060
2003-12-12,54.4800,40.379944,8462600,0.1875,1,124.243737
2003-12-15,53.2050,39.434921,7393200,0,1,121.336051
2003-12-16,53.5600,39.784061,8354600,0.115,1,122.407904
2003-12-17,53.5500,39.776615,6907800,0,1,122.385050
2003-12-18,54.3750,40.389420,9705200,0,1,124.270534
2003-12-19,54.2000,40.259438,7819200,0,1,123.870582
2003-12-22,54.8050,40.708817,4387400,0,1,125.253271
2003-12-23,55.1050,40.931652,5986400,0,1,125.938901
2003-12-24,55.0400,40.883381,1266600,0,1,125.790348
2003-12-26,55.2350,41.028221,1510000,0,1,126.236008
2003-12-29,56.0750,41.652164,4843200,0,1,128.155773
2003-12-30,56.2200,41.759876,5729000,0,1,128.487161
2003-12-31,55.4000,41.150776,12725800,0,1,126.613105
2004-01-02,55.9950,41.592754,11182200,0,1,127.972938
2004-01-05,56.6500,42.079262,8686000,0,1,129.469898
2004-01-06,56.5750,42.023567,6196800,0,1,129.298491
2004-01-07,57.1750,42.469261,5919600,0,1,130.669752
2004-01-08,57.6100,42.792358,6201200,0,1,131.663916
2004-01-09,57.1500,42.450665,9598000,0,1,130.612616
2004-01-12,58.2200,43.245464,5907000,0,1,133.058032
2004-01-13,57.9750,43.063484,8131000,0,1,132.498100
2004-01-14,58.2750,43.286301,6592000,0,1,133.183730
2004-01-15,58.4250,43.397728,6338000,0,1,133.526546
2004-01-16,58.7500,43.639126,6732200,0,1,134.269312
2004-01-20,59.4550,44.162804,7429800,0,1,135.880544
2004-01-21,59.3750,44.103401,8255600,0,1,135.697709
2004-01-22,59.0400,43.854561,7189000,0,1,134.932088
2004-01-23,59.3600,44.092251,8255400,0,1,135.663428
2004-01-26,59.9500,44.530491,4996200,0,1,137.011834
2004-01-27,59.2000,43.973396,6646800,0,1,135.297758
2004-01-28,58.2750,43.286301,12830000,0,1,133.183730
2004-01-29,57.7250,42.877781,17243600,0,1,131.926741
2004-01-30,57.8000,42.933472,8807200,0,1,132.098149
2004-02-02,57.9500,43.044899,10310800,0,1,132.440964
2004-02-03,57.6250,42.803497,4679200,0,1,131.698198
2004-02-04,56.2000,41.745010,11437000,0,1,128.441453
2004-02-05,56.7250,42.134983,9354400,0,1,129.641306
2004-02-06,58.1600,43.200890,11458200,0,1,132.920905
2004-02-09,58.2750,43.286301,8756000,0,1,133.183730
2004-02-10,58.9750,43.806267,4896000,0,1,134.783535
2004-02-11,59.3350,44.073677,8204200,0,1,135.606292
2004-02-12,58.9300,43.772831,5121000,0,1,134.680690
2004-02-13,58.3250,43.323437,7421800,0,1,133.298002
2004-02-17,59.3500,44.084820,6605200,0,1,135.640573
2004-02-18,58.9150,43.761715,5221200,0,1,134.646409
2004-02-19,57.8750,42.989201,9321400,0,1,132.269556
2004-02-20,57.7750,42.914925,10968000,0,1,132.041013
2004-02-23,56.9050,42.268684,12405200,0,1,130.052684
2004-02-24,56.9000,42.264984,14168400,0,1,130.041257
2004-02-25,57.7000,42.859215,10497800,0,1,131.869605
2004-02-26,58.0500,43.119183,8306000,0,1,132.669508
2004-02-27,58.3500,43.342041,9046400,0,1,133.355138
2004-03-01,59.2750,44.029106,11023800,0,1,135.469166
2004-03-02,58.8050,43.679996,14451000,0,1,134.395011
2004-03-03,58.8650,43.724567,8672000,0,1,134.532137
2004-03-04,59.6100,44.277950,4835200,0,1,136.234786
2004-03-05,59.7450,44.378220,9174400,0,1,136.543320
2004-03-08,58.9000,43.750568,7698400,0,1,134.612127
2004-03-09,58.4000,43.379154,11062800,0,1,133.469410
2004-03-10,57.1750,42.469261,17781600,0,1,130.669752
2004-03-11,56.6000,42.042114,21167800,0,1,129.355627
2004-03-12,58.1250,43.174889,13307200,0,1,132.840915
2004-03-15,56.6250,42.060711,21093200,0,1,129.412763
2004-03-16,56.6500,42.079262,34601400,0,1,129.469898
2004-03-17,57.7000,42.859215,18236800,0,1,131.869605
2004-03-18,57.3500,42.599224,17928600,0,1,131.069703
2004-03-19,56.8500,42.227821,14281000,0,1,129.926985
2004-03-22,55.7550,41.414478,18560600,0,1,127.424434
2004-03-23,55.8500,41.485023,15122600,0,1,127.641550
2004-03-24,55.7750,41.429329,13165400,0,1,127.470143
2004-03-25,57.0600,42.383812,19901400,0,1,130.406927
2004-03-26,57.1000,42.491337,11659800,0.1045,1,130.737172
2004-03-29,58.1950,43.306194,15613000,0,1,133.244304
2004-03-30,58.6700,43.659687,9919000,0,1,134.331872
2004-03-31,58.8000,43.756413,13493800,0,1,134.629522
2004-04-01,59.4450,44.236401,9806600,0,1,136.106326
2004-04-02,60.2000,44.798248,12827200,0,1,137.834987
2004-04-05,60.3750,44.928463,7325800,0,1,138.235670
2004-04-06,59.6400,44.381500,10185200,0,1,136.552801
2004-04-07,60.0900,44.716370,10875800,0,1,137.583129
2004-04-08,59.5550,44.318253,9078200,0,1,136.358184
2004-04-12,59.7100,44.433613,7693000,0,1,136.713074
2004-04-13,58.3200,43.399212,16763600,0,1,133.530506
2004-04-14,58.1400,43.265278,15333200,0,1,133.118375
2004-04-15,57.6900,42.930405,13475000,0,1,132.088047
2004-04-16,58.1300,43.257839,13355800,0,1,133.095478
2004-04-19,58.5600,43.577820,11097200,0,1,134.080014
2004-04-20,57.2650,42.614128,16260800,0,1,131.114959
2004-04-21,58.2000,43.309917,12238800,0,1,133.255752
2004-04-22,59.0000,43.905254,14381000,0,1,135.087446
2004-04-23,58.8750,43.812225,9145400,0,1,134.801244
2004-04-26,59.0000,43.905254,10711800,0,1,135.087446
2004-04-27,58.8500,43.793625,6833800,0,1,134.744003
2004-04-28,57.6200,42.878304,15350600,0,1,131.927773
2004-04-29,56.4750,42.026260,16087800,0,1,129.306161
2004-04-30,55.5550,41.341610,18905200,0,1,127.199713
2004-05-03,56.2850,41.884865,14629600,0,1,128.871134
2004-05-04,56.6000,42.119255,14691400,0,1,129.592363
2004-05-05,56.8500,42.305294,9045000,0,1,130.164768
2004-05-06,56.0200,41.687649,22115200,0,1,128.264385
2004-05-07,54.4250,40.500740,21520200,0,1,124.612445
2004-05-10,53.4600,39.782604,33149000,0,1,122.402964
2004-05-11,54.6250,40.649570,24259000,0,1,125.070368
2004-05-12,55.0400,40.958389,31080600,0,1,126.020560
2004-05-13,54.2850,40.396549,20447600,0,1,124.291898
2004-05-14,54.0750,40.240280,20033200,0,1,123.811079
2004-05-17,53.5600,39.857056,19698400,0,1,122.631925
2004-05-18,54.1650,40.307251,13970400,0,1,124.017144
2004-05-19,53.7800,40.020748,18784800,0,1,123.135641
2004-05-20,53.8900,40.102600,12400600,0,1,123.387499
2004-05-21,54.3950,40.478413,12021800,0,1,124.543756
2004-05-24,55.1000,41.003040,10802600,0,1,126.157937
2004-05-25,56.2500,41.858818,14969200,0,1,128.790997
2004-05-26,56.6350,42.145332,12890600,0,1,129.672500
2004-05-27,56.6500,42.156467,19802800,0,1,129.706844
2004-05-28,56.7500,42.230885,6848400,0,1,129.935806
2004-06-01,57.2900,42.632740,11926600,0,1,131.172200
2004-06-02,57.1000,42.491337,12855600,0,1,130.737172
2004-06-03,56.0000,41.672787,11824400,0,1,128.218593
2004-06-04,56.7000,42.193680,11023000,0,1,129.821325
2004-06-07,57.7250,42.956451,9933800,0,1,132.168183
2004-06-08,57.6700,42.915504,6247600,0,1,132.042254
2004-06-09,56.6250,42.137875,10326200,0,1,129.649604
2004-06-10,56.8500,42.305294,9060600,0,1,130.164768
2004-06-14,55.7350,41.475559,11226200,0,1,127.611844
2004-06-15,56.7500,42.230885,20003800,0,1,129.935806
2004-06-16,56.8600,42.312733,8662800,0,1,130.187664
2004-06-17,56.7150,42.204842,17147600,0,1,129.855669
2004-06-18,56.9100,42.349979,11470800,0,1,130.302145
2004-06-21,56.6850,42.182514,6144000,0,1,129.786981
2004-06-22,57.1250,42.509941,9991200,0,1,130.794413
2004-06-23,57.9850,43.149929,16378600,0,1,132.763484
2004-06-24,57.7750,42.993664,8302000,0,1,132.282664
2004-06-25,58.3000,43.499149,12696200,0.1525,1,133.833880
2004-06-28,58.1800,43.409599,15502800,0,1,133.558407
2004-06-29,58.6650,43.771492,7803600,0,1,134.671777
2004-06-30,58.9950,44.017712,10870600,0,1,135.429327
2004-07-01,57.9200,43.215622,16748000,0,1,132.961550
2004-07-02,58.1000,43.349926,7557600,0,1,133.374759
2004-07-06,57.0600,42.573948,13059400,0,1,130.987328
2004-07-07,56.9900,42.521729,8702200,0,1,130.826635
2004-07-08,55.9550,41.749477,13588000,0,1,128.450682
2004-07-09,56.3250,42.025555,11431800,0,1,129.300057
2004-07-12,56.0000,41.783066,13178000,0,1,128.553984
2004-07-13,56.0750,41.839012,6838400,0,1,128.726155
2004-07-14,55.7500,41.596523,12582800,0,1,127.980083
2004-07-15,55.8750,41.689793,7474400,0,1,128.267034
2004-07-16,55.2500,41.223465,13095600,0,1,126.832279
2004-07-19,55.1800,41.171242,19252200,0,1,126.671587
2004-07-20,56.2750,41.988247,9760000,0,1,129.185276
2004-07-21,54.5100,40.671322,18338800,0,1,125.133530
2004-07-22,54.6000,40.738476,18692400,0,1,125.340135
2004-07-23,53.8200,40.156498,18983400,0,1,123.549561
2004-07-26,53.1150,39.630493,16526600,0,1,121.931159
2004-07-27,54.1050,40.369160,16286600,0,1,124.203809
2004-07-28,54.0600,40.335575,20419800,0,1,124.100507
2004-07-29,54.7000,40.813099,11042800,0,1,125.569695
2004-07-30,55.0000,41.036938,12301000,0,1,126.258378
2004-08-02,54.8000,40.887714,12227000,0,1,125.799256
2004-08-03,54.0150,40.301994,14361000,0,1,123.997205
2004-08-04,53.9700,40.268436,19376200,0,1,123.893902
2004-08-05,52.9750,39.526031,15848800,0,1,121.609774
2004-08-06,51.8650,38.697830,18657600,0,1,119.061650
2004-08-09,51.7000,38.574726,10382000,0,1,118.682875
2004-08-10,52.5100,39.179070,18270600,0,1,120.542316
2004-08-11,52.4400,39.126842,13067600,0,1,120.381624
2004-08-12,51.6850,38.563545,9952400,0,1,118.648441
2004-08-13,51.6750,38.556068,9646200,0,1,118.625485
2004-08-16,52.5600,39.216389,16553200,0,1,120.657097
2004-08-17,52.8900,39.462612,10360800,0,1,121.414647
2004-08-18,54.0200,40.305733,13410200,0,1,124.008683
2004-08-19,53.5600,39.962524,10119000,0,1,122.952704
2004-08-20,54.5100,40.671322,11919400,0,1,125.133530
2004-08-23,54.3100,40.522114,12611200,0,1,124.674409
2004-08-24,54.4600,40.634048,11565000,0,1,125.018750
2004-08-25,54.7700,40.865318,12466400,0,1,125.730388
2004-08-26,54.4500,40.626553,9472000,0,1,124.995794
2004-08-27,54.8800,40.947414,8073200,0,1,125.982905
2004-08-30,54.2550,40.481091,10043000,0,1,124.548150
2004-08-31,54.1700,40.417652,24903400,0,1,124.353024
2004-09-01,55.1250,41.130203,20113400,0,1,126.545328
2004-09-02,56.0950,41.853947,9649400,0,1,128.772067
2004-09-03,55.4750,41.391357,10964400,0,1,127.348791
2004-09-07,56.1750,41.913643,11445200,0,1,128.955716
2004-09-08,55.8750,41.689793,11916600,0,1,128.267034
2004-09-09,56.3400,42.036747,12038400,0,1,129.334491
2004-09-10,56.8600,42.424717,11722400,0,1,130.528206
2004-09-13,57.1650,42.652298,13555400,0,1,131.228366
2004-09-14,57.0500,42.566494,9151600,0,1,130.964372
2004-09-15,56.7050,42.309082,10729200,0,1,130.172387
2004-09-16,57.3150,42.764210,9656400,0,1,131.572707
2004-09-17,57.2150,42.689598,12199800,0,1,131.343147
2004-09-20,56.9600,42.499340,10983200,0,1,130.757767
2004-09-21,57.3900,42.820171,9596800,0,1,131.744878
2004-09-22,56.4200,42.096436,14979200,0,1,129.518139
2004-09-23,56.3650,42.055397,9478000,0,1,129.391881
2004-09-24,56.3350,42.132061,10635200,0.1325,1,129.627181
2004-09-27,55.7350,41.683323,15947800,0,1,128.246577
2004-09-28,56.4000,42.180668,13526000,0,1,129.776746
2004-09-29,56.9250,42.573315,16073200,0,1,130.984774
2004-09-30,56.9250,42.573315,17295400,0,1,130.984774
2004-10-01,58.3600,43.646523,16410000,0,1,134.286718
2004-10-04,58.6900,43.893314,13371200,0,1,135.046050
2004-10-05,58.6350,43.852188,10255200,0,1,134.919495
2004-10-06,59.0150,44.136368,9322000,0,1,135.793877
2004-10-07,58.0300,43.399712,10364600,0,1,133.527386
2004-10-08,57.3000,42.853748,15495600,0,1,131.847652
2004-10-11,57.5700,43.055695,7916600,0,1,132.468923
2004-10-12,57.4350,42.954735,14074200,0,1,132.158287
2004-10-13,56.6000,42.330238,17654200,0,1,130.236947
2004-10-14,56.2300,42.053520,13499000,0,1,129.385575
2004-10-15,56.8100,42.487316,16297800,0,1,130.720159
2004-10-18,57.0500,42.666798,14040600,0,1,131.272400
2004-10-19,56.4600,42.225555,14654200,0,1,129.914806
2004-10-20,56.7550,42.446182,14972600,0,1,130.593603
2004-10-21,57.4750,42.984665,10623200,0,1,132.250328
2004-10-22,56.4950,42.251709,16834000,0,1,129.995342
2004-10-25,57.1000,42.704205,15370400,0,1,131.387450
2004-10-26,57.8500,43.265087,15694400,0,1,133.113205
2004-10-27,58.4150,43.687668,18685600,0,1,134.413273
2004-10-28,58.2000,43.526859,10726400,0,1,133.918557
2004-10-29,58.0950,43.448334,11972800,0,1,133.676951
2004-11-01,58.5550,43.792370,13256800,0,1,134.735414
2004-11-02,58.3250,43.620342,12997000,0,1,134.206183
2004-11-03,59.2650,44.323360,18907000,0,1,136.369129
2004-11-04,59.9900,44.865543,12551400,0,1,138.037358
2004-11-05,60.2600,45.067501,10656600,0,1,138.658630
2004-11-08,60.0500,44.910439,5433200,0,1,138.175418
2004-11-09,60.2650,45.071251,6608800,0,1,138.670135
2004-11-10,60.7000,45.396580,11236200,0,1,139.671072
2004-11-11,61.3000,45.845291,8648200,0,1,141.051676
2004-11-12,61.9250,46.312744,12640800,0,1,142.489805
2004-11-15,62.2750,46.574493,9308000,0,1,143.295157
2004-11-16,61.7250,46.163151,11696400,0,1,142.029604
2004-11-17,62.0550,46.409946,14988800,0,1,142.788936
2004-11-18,61.9600,46.338909,12526000,0,1,142.570340
2004-11-19,61.3000,45.845291,11445000,0,1,141.051676
2004-11-22,61.9500,46.331436,13922200,0,1,142.547330
2004-11-23,62.3350,46.619366,21859400,0,1,143.433217
2004-11-24,62.7100,46.899822,11408600,0,1,144.296095
2004-11-26,62.7500,46.929726,6176600,0,1,144.388135
2004-11-29,62.9750,47.098007,17324000,0,1,144.905861
2004-11-30,63.4400,47.445789,14468600,0,1,145.975829
2004-12-01,64.0300,47.887012,19120200,0,1,147.333423
2004-12-02,63.9400,47.819706,12883400,0,1,147.126332
2004-12-03,63.8200,47.729973,13313800,0,1,146.850212
2004-12-06,63.5200,47.505604,6219600,0,1,146.159910
2004-12-07,62.4050,46.671700,13218200,0,1,143.594288
2004-12-08,63.1000,47.191505,11617000,0,1,145.193487
2004-12-09,62.6200,46.832523,18757600,0,1,144.089004
2004-12-10,63.1000,47.191505,10605200,0,1,145.193487
2004-12-13,63.7900,47.707527,11161400,0,1,146.781181
2004-12-14,64.1350,47.965553,11281800,0,1,147.575028
2004-12-15,64.6700,48.365673,10569000,0,1,148.806067
2004-12-16,64.1650,47.987999,13787000,0,1,147.644059
2004-12-17,63.9050,47.793545,19285200,0,1,147.045797
2004-12-20,63.8300,47.737434,11991600,0,1,146.873222
2004-12-21,64.5050,48.242271,9142200,0,1,148.426401
2004-12-22,64.6300,48.335751,7285200,0,1,148.714026
2004-12-23,64.5900,48.459927,8365000,0.2055,1,149.094843
2004-12-27,64.1750,48.148567,10330200,0,1,148.136887
2004-12-28,65.0250,48.786297,8985200,0,1,150.098965
2004-12-29,65.0200,48.782536,9263400,0,1,150.087424
2004-12-30,64.7900,48.609985,7993400,0,1,149.556508
2004-12-31,64.7500,48.579979,15081800,0,1,149.464175
2005-01-03,63.9100,47.949726,16062600,0,1,147.525181
2005-01-04,62.5400,46.921883,27450000,0,1,144.362773
2005-01-05,61.2900,45.984039,29884200,0,1,141.477364
2005-01-06,61.6150,46.227882,23061200,0,1,142.227570
2005-01-07,60.9300,45.713951,20906200,0,1,140.646366
2005-01-10,61.5500,46.179123,23449000,0,1,142.077529
2005-01-11,60.8000,45.616394,23233800,0,1,140.346284
2005-01-12,61.0500,45.803974,24791200,0,1,140.923365
2005-01-13,60.8650,45.665173,18940600,0,1,140.496325
2005-01-14,61.4450,46.100319,13541000,0,1,141.835154
2005-01-18,62.1750,46.648033,16787600,0,1,143.520233
2005-01-19,61.2850,45.980293,20194800,0,1,141.465822
2005-01-20,60.9200,45.706432,29061600,0,1,140.623283
2005-01-21,60.7800,45.601395,22309800,0,1,140.300117
2005-01-24,60.3150,45.252522,18547200,0,1,139.226745
2005-01-25,60.4700,45.368824,22059200,0,1,139.584536
2005-01-26,61.2750,45.972790,18351600,0,1,141.442739
2005-01-27,61.4500,46.104080,20795400,0,1,141.846696
2005-01-28,61.4000,46.066563,20704200,0,1,141.731280
2005-01-31,62.1200,46.606770,21879000,0,1,143.393275
2005-02-01,62.4700,46.869358,20250400,0,1,144.201190
2005-02-02,62.9450,47.225723,17766800,0,1,145.297645
2005-02-03,62.6000,46.966904,14914600,0,1,144.501272
2005-02-04,63.3900,47.559597,19564000,0,1,146.324851
2005-02-07,63.3750,47.548351,12354400,0,1,146.290226
2005-02-08,63.5300,47.664646,10688000,0,1,146.648016
2005-02-09,62.1750,46.648033,27444000,0,1,143.520233
2005-02-10,62.2850,46.730545,20379000,0,1,143.774149
2005-02-11,63.3000,47.492073,18049200,0,1,146.117101
2005-02-14,63.2450,47.450817,8975000,0,1,145.990143
2005-02-15,63.3000,47.492073,14451600,0,1,146.117101
2005-02-16,63.4900,47.634632,18858800,0,1,146.555683
2005-02-17,62.9300,47.214470,17347600,0,1,145.263020
2005-02-18,62.7750,47.098198,15579400,0,1,144.905229
2005-02-22,61.5500,46.179123,27227400,0,1,142.077529
2005-02-23,61.9150,46.452957,17492200,0,1,142.920068
2005-02-24,62.4950,46.888107,16971800,0,1,144.258898
2005-02-25,63.5350,47.668415,23738200,0,1,146.659558
2005-02-28,63.1400,47.372032,18075400,0,1,145.747769
2005-03-01,63.6250,47.735916,19476800,0,1,146.867307
2005-03-02,63.5100,47.649635,21102400,0,1,146.601850
2005-03-03,63.5650,47.690910,17486400,0,1,146.728808
2005-03-04,64.3450,48.276100,16204600,0,1,148.529303
2005-03-07,64.1850,48.156071,13329800,0,1,148.159971
2005-03-08,63.5750,47.698406,15237000,0,1,146.751891
2005-03-09,62.8550,47.158199,22694800,0,1,145.089896
2005-03-10,62.5850,46.955624,22922000,0,1,144.466647
2005-03-11,62.5400,46.921883,15532600,0,1,144.362773
2005-03-14,63.0100,47.274506,14980800,0,1,145.447686
2005-03-15,62.5850,46.955624,18482400,0,1,144.466647
2005-03-16,62.2350,46.693039,21527600,0,1,143.658733
2005-03-17,62.2350,46.693039,19603400,0,1,143.658733
2005-03-18,61.9000,46.441692,24139800,0,1,142.885443
2005-03-21,61.9750,46.497982,16590200,0,1,143.058568
2005-03-22,61.5500,46.179123,30865000,0,1,142.077529
2005-03-23,61.1000,45.841476,21073800,0,1,141.038782
2005-03-24,61.0500,46.010300,14170800,0.274,1,141.555847
2005-03-28,61.0750,46.029156,12566800,0,1,141.613814
2005-03-29,60.2000,45.369705,21808800,0,1,139.584963
2005-03-30,61.0850,46.036678,19132800,0,1,141.637001
2005-03-31,61.0750,46.029156,20469400,0,1,141.613814
2005-04-01,60.8200,45.836956,23993200,0,1,141.022549
2005-04-04,61.0450,46.006542,30577600,0,1,141.544253
2005-04-05,61.1550,46.089424,17858000,0,1,141.799309
2005-04-06,61.3450,46.232628,19717800,0,1,142.239860
2005-04-07,61.5850,46.413498,14978600,0,1,142.796344
2005-04-08,60.6500,45.708839,19497000,0,1,140.628372
2005-04-11,60.3500,45.482731,19150600,0,1,139.932766
2005-04-12,60.9150,45.908569,32519000,0,1,141.242824
2005-04-13,59.8250,45.087078,25937800,0,1,138.715455
2005-04-14,58.6250,44.182724,36952400,0,1,135.933031
2005-04-15,57.8200,43.576015,51555800,0,1,134.066488
2005-04-18,58.1900,43.854855,35293400,0,1,134.924402
2005-04-19,59.1500,44.578369,32092800,0,1,137.150341
2005-04-20,58.2250,43.881241,31657400,0,1,135.005556
2005-04-21,59.6500,44.955200,32386400,0,1,138.309685
2005-04-22,58.6850,44.227936,30021000,0,1,136.072152
2005-04-25,59.2250,44.634903,19041800,0,1,137.324243
2005-04-26,58.3900,44.005585,30991400,0,1,135.388139
2005-04-27,58.3650,43.986767,30928600,0,1,135.330172
2005-04-28,56.8750,42.863823,30459400,0,1,131.875328
2005-04-29,57.6200,43.425278,57488600,0,1,133.602750
2005-05-02,58.2100,43.869926,25063400,0,1,134.970776
2005-05-03,58.5000,44.088501,25104800,0,1,135.643195
2005-05-04,59.1500,44.578369,23520000,0,1,137.150341
2005-05-05,59.1400,44.570827,38436800,0,1,137.127155
2005-05-06,59.3500,44.729088,23372200,0,1,137.614079
2005-05-09,59.9200,45.158684,19355600,0,1,138.935730
2005-05-10,59.2050,44.619812,28207600,0,1,137.277869
2005-05-11,59.2350,44.642422,32094000,0,1,137.347430
2005-05-12,58.3000,43.937759,30449600,0,1,135.179457
2005-05-13,58.0900,43.779499,37347200,0,1,134.692533
2005-05-16,58.9850,44.454037,31343600,0,1,136.767758
2005-05-17,59.3350,44.717796,22691400,0,1,137.579299
2005-05-18,60.5250,45.614639,36759800,0,1,140.338536
2005-05-19,60.6750,45.727669,26642600,0,1,140.686339
2005-05-20,60.6000,45.671162,23165000,0,1,140.512438
2005-05-23,61.0000,45.972618,27477400,0,1,141.439913
2005-05-24,60.7500,45.784222,21963200,0,1,140.860241
2005-05-25,60.2950,45.441299,22453600,0,1,139.805238
2005-05-26,61.1350,46.074360,20049800,0,1,141.752935
2005-05-27,61.4750,46.330597,15095200,0,1,142.541289
2005-05-31,61.3450,46.232628,19278200,0,1,142.239860
2005-06-01,62.0400,46.756420,26634800,0,1,143.851347
2005-06-02,62.2100,46.884533,14395000,0,1,144.245524
2005-06-03,61.7550,46.541630,21798200,0,1,143.190521
2005-06-06,61.9850,46.714954,16974800,0,1,143.723819
2005-06-07,62.1100,46.809181,25201400,0,1,144.013655
2005-06-08,61.7150,46.511482,18085800,0,1,143.097774
2005-06-09,62.3200,46.967445,21813800,0,2,144.500580
2005-06-10,62.4500,47.065407,19949900,0,1,144.802009
2005-06-13,62.7300,47.276436,21416100,0,1,145.451241
2005-06-14,63.2700,47.683395,14950400,0,1,146.703332
2005-06-15,63.4400,47.811531,20371900,0,1,147.097509
2005-06-16,64.0600,48.278797,21612000,0,1,148.535095
2005-06-17,64.0200,48.248650,20964800,0,1,148.442348
2005-06-20,63.6800,48.102104,17148400,0.146,1,147.992522
2005-06-21,63.8600,48.238068,13798200,0,1,148.410843
2005-06-22,64.0100,48.351376,15672300,0,1,148.759443
2005-06-23,62.8800,47.497795,19600900,0,1,146.133320
2005-06-24,62.2100,46.991688,25158200,0,1,144.576238
2005-06-27,62.3700,47.112564,19839000,0,1,144.948078
2005-06-28,63.3400,47.845284,18261700,0,1,147.202361
2005-06-29,63.8400,48.222969,17068800,0,1,148.364363
2005-06-30,63.7000,48.117214,28369700,0,1,148.039002
2005-07-01,63.9800,48.328709,14988200,0,1,148.689723
2005-07-05,64.9900,49.091637,27172600,0,1,151.036966
2005-07-06,64.4000,48.645969,21094100,0,1,149.665805
2005-07-07,64.5800,48.781952,32447900,0,1,150.084125
2005-07-08,65.9700,49.831902,24967200,0,1,153.314490
2005-07-11,66.7800,50.443756,35662900,0,1,155.196932
2005-07-12,66.5700,50.285114,24254400,0,1,154.708891
2005-07-13,66.4200,50.171829,16978500,0,1,154.360291
2005-07-14,65.9400,49.809235,26043100,0,1,153.244769
2005-07-15,66.0000,49.854580,15694300,0,1,153.384210
2005-07-18,65.6200,49.567535,14741300,0,1,152.501088
2005-07-19,66.5400,50.262455,14000400,0,1,154.639171
2005-07-20,67.3500,50.874321,23859900,0,1,156.521614
2005-07-21,66.3000,50.081165,41935700,0,1,154.081411
2005-07-22,67.3200,50.851639,27929800,0,1,156.451894
2005-07-25,66.8800,50.519321,22514700,0,1,155.429332
2005-07-26,67.0800,50.670361,21896800,0,1,155.894133
2005-07-27,67.2700,50.813881,24091600,0,1,156.335694
2005-07-28,67.9600,51.335091,21416900,0,1,157.939256
2005-07-29,67.8900,51.282223,24809900,0,1,157.776576
2005-08-01,67.8600,51.259560,19025900,0,1,157.706856
2005-08-02,68.3700,51.644798,16505300,0,1,158.892097
2005-08-03,68.0300,51.387970,16877600,0,1,158.101936
2005-08-04,66.8900,50.526848,19246400,0,1,155.452572
2005-08-05,65.9700,49.831902,33135200,0,1,153.314490
2005-08-08,65.7400,49.658176,20272000,0,1,152.779969
2005-08-09,65.8400,49.733700,21193800,0,1,153.012369
2005-08-10,65.7500,49.665722,27119700,0,1,152.803209
2005-08-11,66.3200,50.096275,22973700,0,1,154.127891
2005-08-12,65.5200,49.491982,25523100,0,1,152.268688
2005-08-15,66.2200,50.020756,23665800,0,1,153.895490
2005-08-16,65.0600,49.144501,18698200,0,1,151.199647
2005-08-17,64.9800,49.084076,21158800,0,1,151.013726
2005-08-18,64.7700,48.925476,23307000,0,1,150.525686
2005-08-19,65.1100,49.182278,20511600,0,1,151.315847
2005-08-22,65.4800,49.461796,22168900,0,1,152.175728
2005-08-23,65.4700,49.454205,20650300,0,1,152.152488
2005-08-24,65.2100,49.257805,28753000,0,1,151.548247
2005-08-25,65.5700,49.529758,13910500,0,1,152.384888
2005-08-26,64.5000,48.721508,19853300,0,1,149.898205
2005-08-29,65.3700,49.378685,23967300,0,1,151.920088
2005-08-30,65.0800,49.159618,21959000,0,1,151.246127
2005-08-31,66.5300,50.254913,25306700,0,1,154.615931
2005-09-01,66.5300,50.254913,21105000,0,1,154.615931
2005-09-02,66.1700,49.982971,21928100,0,1,153.779290
2005-09-06,67.1600,50.730801,26684300,0,1,156.080053
2005-09-07,67.3600,50.881874,14230200,0,1,156.544854
2005-09-08,66.9800,50.594845,13027800,0,1,155.661733
2005-09-09,67.3900,50.904541,23016100,0,1,156.614574
2005-09-12,67.6900,51.131138,17628700,0,1,157.311775
2005-09-13,67.1700,50.738350,23028900,0,1,156.103293
2005-09-14,66.4000,50.156723,21257200,0,1,154.313811
2005-09-15,66.1700,49.982971,23098600,0,1,153.779290
2005-09-16,66.9400,50.564602,24336600,0,1,155.568773
2005-09-19,66.6200,50.322895,24514400,0,1,154.825092
2005-09-20,65.6600,49.597744,29350200,0,1,152.594049
2005-09-21,64.6000,48.797039,28527200,0,1,150.130605
2005-09-22,64.9300,49.046303,34380600,0,1,150.897526
2005-09-23,65.1800,49.385765,27178400,0.198,1,151.938680
2005-09-26,65.6200,49.719147,22874700,0,1,152.964347
2005-09-27,65.4000,49.552444,27076800,0,1,152.451513
2005-09-28,65.3100,49.484257,21575500,0,1,152.241718
2005-09-29,66.0300,50.029797,24484600,0,1,153.920083
2005-09-30,66.3900,50.302555,29016300,0,1,154.759266
2005-10-03,66.7900,50.605644,26406700,0,1,155.691691
2005-10-04,65.7800,49.840366,17037600,0,1,153.337317
2005-10-05,64.1000,48.567451,45606700,0,1,149.421132
2005-10-06,63.5300,48.135571,59096500,0,1,148.092426
2005-10-07,64.1000,48.567451,24054600,0,1,149.421132
2005-10-10,63.3800,48.021927,16625700,0,1,147.742766
2005-10-11,62.5000,47.355167,34321100,0,1,145.691431
2005-10-12,61.6200,46.688408,63535700,0,1,143.640096
2005-10-13,61.8700,46.877846,48558500,0,1,144.222861
2005-10-14,62.9100,47.665825,52777600,0,1,146.647167
2005-10-17,63.0200,47.749176,32203400,0,1,146.903584
2005-10-18,62.1700,47.105137,32724600,0,1,144.922180
2005-10-19,63.5100,48.120426,42623200,0,1,148.045805
2005-10-20,62.3300,47.226357,47278000,0,1,145.295150
2005-10-21,63.0200,47.749176,41173200,0,1,146.903584
2005-10-24,64.4000,48.794765,30567800,0,1,150.120451
2005-10-25,63.8500,48.378052,31535500,0,1,148.838366
2005-10-26,63.5200,48.128002,34786100,0,1,148.069115
2005-10-27,62.1900,47.120258,27349900,0,1,144.968802
2005-10-28,63.0600,47.779480,38437300,0,1,146.996826
2005-10-31,63.7800,48.324993,35208700,0,1,148.675192
2005-11-01,64.1000,48.567451,30221400,0,1,149.421132
2005-11-02,65.3900,49.544884,33256200,0,1,152.428203
2005-11-03,65.6200,49.719147,43129900,0,1,152.964347
2005-11-04,65.4800,49.613083,26502300,0,1,152.637999
2005-11-07,65.7200,49.794922,20776800,0,1,153.197454
2005-11-08,65.4800,49.613083,21210800,0,1,152.637999
2005-11-09,65.7000,49.779758,29761700,0,1,153.150832
2005-11-10,66.0500,50.044949,34586100,0,1,153.966704
2005-11-11,66.4300,50.332867,19662800,0,1,154.852508
2005-11-14,66.1900,50.151024,24330700,0,1,154.293053
2005-11-15,65.2300,49.423626,35159500,0,1,152.055233
2005-11-16,65.2500,49.438778,28408200,0,1,152.101854
2005-11-17,66.3800,50.294949,22203100,0,1,154.735955
2005-11-18,66.8900,50.681396,28896800,0,1,155.924797
2005-11-21,67.5700,51.196629,30758600,0,1,157.509920
2005-11-22,67.9300,51.469364,21208700,0,1,158.349103
2005-11-23,68.0100,51.530006,21290900,0,1,158.535588
2005-11-25,67.9600,51.492115,5901000,0,1,158.419035
2005-11-28,67.0600,50.810196,24596300,0,1,156.321078
2005-11-29,67.1600,50.885971,23177100,0,1,156.554184
2005-11-30,67.4500,51.105690,38323000,0,1,157.230192
2005-12-01,68.5500,51.939148,37384100,0,1,159.794362
2005-12-02,68.8200,52.143696,23767700,0,1,160.423749
2005-12-05,68.3300,51.772461,25918100,0,1,159.281528
2005-12-06,68.5400,51.931568,26482100,0,1,159.771051
2005-12-07,68.1200,51.613358,23412400,0,1,158.792005
2005-12-08,68.3000,51.749752,33286000,0,1,159.211596
2005-12-09,68.6400,52.007343,22101700,0,1,160.004157
2005-12-12,68.8500,52.166454,24178300,0,1,160.493680
2005-12-13,68.8600,52.174030,24765500,0,1,160.516991
2005-12-14,68.7800,52.113434,26972600,0,1,160.330506
2005-12-15,68.0800,51.583054,31912800,0,1,158.698762
2005-12-16,67.8400,51.401222,21479900,0,1,158.139307
2005-12-19,67.0000,50.764748,22938900,0,1,156.181214
2005-12-20,66.9800,50.749596,28762600,0,1,156.134593
2005-12-21,67.7900,51.363308,30167400,0,1,158.022754
2005-12-22,67.9700,51.698734,20624100,0.261,1,159.050753
2005-12-23,68.1300,51.820435,15255300,0,1,159.425155
2005-12-27,67.1100,51.044601,26201500,0,1,157.038341
2005-12-28,67.5100,51.348846,20488800,0,1,157.974346
2005-12-29,67.1500,51.075043,20883600,0,1,157.131941
2005-12-30,66.7200,50.747974,33860500,0,1,156.125735
2006-01-03,68.0500,51.759571,40428100,0,1,159.237954
2006-01-04,68.4200,52.040993,29795200,0,1,160.103759
2006-01-05,68.7900,52.322437,23712300,0,1,160.969564
2006-01-06,69.6100,52.946148,26874100,0,1,162.888376
2006-01-09,70.0700,53.296028,22285700,0,1,163.964782
2006-01-10,70.7000,53.775200,27130700,0,1,165.438991
2006-01-11,70.5800,53.683933,29588700,0,1,165.158189
2006-01-12,70.3300,53.493767,24564000,0,1,164.573186
2006-01-13,70.3600,53.516605,20630300,0,1,164.643386
2006-01-17,70.0300,53.265587,26979900,0,1,163.871181
2006-01-18,69.8800,53.151485,30545300,0,1,163.520179
2006-01-19,71.0000,54.003376,26801500,0,1,166.140995
2006-01-20,70.1900,53.387291,43301200,0,1,164.245584
2006-01-23,70.4100,53.554642,30482700,0,1,164.760387
2006-01-24,71.2000,54.155506,36770600,0,1,166.608998
2006-01-25,71.3800,54.292423,32586600,0,1,167.030200
2006-01-26,72.4100,55.075855,38990300,0,1,169.440415
2006-01-27,72.7700,55.349686,29044200,0,1,170.282820
2006-01-30,72.5600,55.189953,28170300,0,1,169.791417
2006-01-31,72.3500,55.030205,38124600,0,1,169.300014
2006-02-01,73.1000,55.600674,35011400,0,1,171.055024
2006-02-02,72.0000,54.764023,46751000,0,1,168.481009
2006-02-03,71.7800,54.596657,42793600,0,1,167.966206
2006-02-06,72.4200,55.083469,24741300,0,1,169.463815
2006-02-07,71.2500,54.193527,41861300,0,1,166.725999
2006-02-08,71.7000,54.535828,36002600,0,1,167.779005
2006-02-09,71.3300,54.254368,33152400,0,1,166.913200
2006-02-10,71.1800,54.140297,31342400,0,1,166.562198
2006-02-13,70.7100,53.782818,29784500,0,1,165.462391
2006-02-14,71.5300,54.406536,46124800,0,1,167.381202
2006-02-15,72.1600,54.885719,40853100,0,1,168.855411
2006-02-16,72.8000,55.372509,30261700,0,1,170.353020
2006-02-17,72.6500,55.258392,17558400,0,1,170.002018
2006-02-21,72.3300,55.015018,21177400,0,1,169.253214
2006-02-22,72.8200,55.387711,28699200,0,1,170.399821
2006-02-23,72.7700,55.349686,38795900,0,1,170.282820
2006-02-24,73.3500,55.790810,22995700,0,1,171.640028
2006-02-27,73.5500,55.942955,20584000,0,1,172.108031
2006-02-28,72.5800,55.205132,36395700,0,1,169.838217
2006-03-01,73.9000,56.209156,26244900,0,1,172.927036
2006-03-02,73.5900,55.973343,36546000,0,1,172.201631
2006-03-03,73.2200,55.691959,38377600,0,1,171.335826
2006-03-06,72.6500,55.258392,29340300,0,1,170.002018
2006-03-07,71.6000,54.459751,38899700,0,1,167.545003
2006-03-08,71.8500,54.649929,51662600,0,1,168.130007
2006-03-09,71.2200,54.170723,31106800,0,1,166.655798
2006-03-10,72.3200,55.007401,40266300,0,1,169.229814
2006-03-13,72.4700,55.121487,35127000,0,1,169.580816
2006-03-14,73.2700,55.729969,37978800,0,1,171.452827
2006-03-15,73.9400,56.239597,31951400,0,1,173.020636
2006-03-16,73.7700,56.110271,32559900,0,1,172.622834
2006-03-17,74.0700,56.338470,31551600,0,1,173.324838
2006-03-20,74.0300,56.308025,25640700,0,1,173.231237
2006-03-21,73.0000,55.524628,44425900,0,1,170.821023
2006-03-22,74.1300,56.384083,36219500,0,1,173.465239
2006-03-23,74.4500,56.627495,25409600,0,1,174.214043
2006-03-24,74.9000,57.099403,27560100,0.169,1,175.662512
2006-03-27,74.9100,57.107025,23334000,0,1,175.685965
2006-03-28,74.5200,56.809700,27179200,0,1,174.771300
2006-03-29,75.9000,57.861717,33875700,0,1,178.007806
2006-03-30,75.7000,57.709232,29733500,0,1,177.538747
2006-03-31,75.9700,57.915096,24722400,0,1,178.171977
2006-04-03,75.3400,57.434845,35542000,0,1,176.694441
2006-04-04,75.6800,57.694023,30181200,0,1,177.491841
2006-04-05,76.0700,57.991306,27471100,0,1,178.406506
2006-04-06,76.2300,58.113335,25663700,0,1,178.781753
2006-04-07,75.0100,57.183254,51457700,0,1,175.920494
2006-04-10,74.9300,57.122272,39109200,0,1,175.732871
2006-04-11,73.6000,56.108356,49801100,0,1,172.613630
2006-04-12,74.3700,56.695347,40981200,0,1,174.419506
2006-04-13,74.5600,56.840195,35415700,0,1,174.865112
2006-04-17,74.6100,56.878304,38356100,0,1,174.982377
2006-04-18,76.7000,58.471592,58648200,0,1,179.884041
2006-04-19,77.2600,58.898525,44101500,0,1,181.197406
2006-04-20,76.8500,58.585945,44622400,0,1,180.235835
2006-04-21,76.6800,58.456360,40075800,0,1,179.837135
2006-04-24,76.0700,57.991306,39232800,0,1,178.406506
2006-04-25,76.1200,58.029465,42940300,0,1,178.523771
2006-04-26,76.0600,57.983727,31348600,0,1,178.383053
2006-04-27,75.4300,57.503437,91908800,0,1,176.905518
2006-04-28,76.2000,58.090439,37918800,0,1,178.711394
2006-05-01,75.2600,57.373833,44216700,0,1,176.506818
2006-05-02,76.2900,58.159027,36131800,0,1,178.922471
2006-05-03,76.1600,58.059944,35151900,0,1,178.617582
2006-05-04,77.0900,58.768917,30351900,0,1,180.798706
2006-05-05,77.5200,59.096710,37838800,0,1,181.807182
2006-05-08,77.6300,59.180576,24715000,0,1,182.065164
2006-05-09,77.5200,59.096710,21579600,0,1,181.807182
2006-05-10,77.0500,58.738449,26824100,0,1,180.704894
2006-05-11,75.3100,57.411953,46910800,0,1,176.624083
2006-05-12,73.5000,56.032104,62645500,0,1,172.379101
2006-05-15,73.1700,55.780540,61905600,0,1,171.605154
2006-05-16,73.2900,55.872005,35594500,0,1,171.886589
2006-05-17,71.9500,54.850445,76491400,0,1,168.743895
2006-05-18,71.2700,54.332085,54127300,0,1,167.149095
2006-05-19,71.9000,54.812359,79031200,0,1,168.626630
2006-05-22,71.1000,54.202480,89895900,0,1,166.750395
2006-05-23,70.1800,53.501122,73644800,0,1,164.592725
2006-05-24,70.7200,53.912800,124700200,0,1,165.859184
2006-05-25,72.2100,55.048683,63332000,0,1,169.353671
2006-05-26,72.6400,55.376499,37483000,0,1,170.362148
2006-05-30,70.6400,53.851810,46837100,0,1,165.671560
2006-05-31,71.8700,54.789482,58723800,0,1,168.556272
2006-06-01,73.2700,55.856785,49499200,0,1,171.839683
2006-06-02,73.2200,55.818665,49690000,0,1,171.722418
2006-06-05,71.0900,54.194878,66165900,0,1,166.726942
2006-06-06,70.7900,53.966183,94747900,0,1,166.023354
2006-06-07,70.1000,53.440151,81935900,0,1,164.405101
2006-06-08,70.1600,53.485889,140237700,0,1,164.545819
2006-06-09,69.5400,53.013206,63028400,0,1,163.091737
2006-06-12,67.9400,51.793484,108263800,0,1,159.339267
2006-06-13,66.6500,50.810070,139584200,0,1,156.313837
2006-06-14,67.4500,51.419945,106669400,0,1,158.190073
2006-06-15,69.7600,53.180954,96971100,0,1,163.607701
2006-06-16,68.8500,52.487217,66852400,0,1,161.473484
2006-06-19,67.5000,51.458046,71705700,0,1,158.307337
2006-06-20,67.4200,51.397072,61105000,0,1,158.119714
2006-06-21,68.6000,52.296638,81035400,0,1,160.887161
2006-06-22,68.2400,52.101933,50947100,0.105,1,160.289111
2006-06-23,68.6500,52.414974,42901800,0,1,161.252161
2006-06-26,69.5000,53.063965,39933200,0,1,163.248728
2006-06-27,68.3000,52.147770,61567100,0,1,160.430045
2006-06-28,68.6000,52.376789,46405900,0,1,161.134716
2006-06-29,71.2500,54.400093,96533200,0,1,167.359307
2006-06-30,71.7300,54.766594,61004300,0,1,168.486781
2006-07-03,72.6300,55.453735,22967800,0,1,170.600793
2006-07-05,71.5700,54.644440,38621400,0,1,168.110956
2006-07-06,71.5500,54.629162,33830700,0,1,168.063978
2006-07-07,70.4900,53.819828,45330300,0,1,165.574141
2006-07-10,70.5000,53.827480,40166800,0,1,165.597630
2006-07-11,71.1200,54.300846,63444700,0,1,167.053950
2006-07-12,69.6500,53.178509,50664800,0,1,163.601063
2006-07-13,68.0700,51.972149,80467000,0,1,159.889797
2006-07-14,67.5300,51.559841,79083700,0,1,158.621390
2006-07-17,67.4400,51.491135,67427500,0,1,158.409989
2006-07-18,67.9000,51.842339,74235300,0,1,159.490484
2006-07-19,69.5000,53.063965,97816700,0,1,163.248728
2006-07-20,67.7200,51.704922,73657100,0,1,159.067681
2006-07-21,66.7500,50.964302,103313800,0,1,156.789246
2006-07-24,68.8800,52.590588,72230300,0,1,161.792408
2006-07-25,69.0500,52.720379,87433100,0,1,162.191722
2006-07-26,68.9000,52.605850,59831300,0,1,161.839386
2006-07-27,68.2400,52.101933,59015800,0,1,160.289111
2006-07-28,69.6700,53.193748,62209800,0,1,163.648041
2006-07-31,69.6800,53.201412,37902900,0,1,163.671530
2006-08-01,68.5900,52.369152,45003700,0,1,161.111227
2006-08-02,69.5000,53.063965,50137500,0,1,163.248728
2006-08-03,70.3400,53.705318,49316900,0,1,165.221806
2006-08-04,69.6200,53.155582,76609200,0,1,163.530596
2006-08-07,69.3500,52.949474,45882400,0,1,162.896392
2006-08-08,68.3900,52.216454,76243800,0,1,160.641446
2006-08-09,67.7000,51.689644,58126400,0,1,159.020703
2006-08-10,68.3000,52.147770,54415200,0,1,160.430045
2006-08-11,67.6000,51.613312,42757200,0,1,158.785813
2006-08-14,68.0000,51.918682,45029900,0,1,159.725374
2006-08-15,69.4200,53.002857,48780200,0,1,163.060816
2006-08-16,70.4200,53.766411,46160700,0,1,165.409718
2006-08-17,70.5300,53.850368,44642200,0,1,165.668097
2006-08-18,70.9400,54.163425,36413600,0,1,166.631148
2006-08-21,70.1800,53.583172,25383500,0,1,164.845982
2006-08-22,70.4100,53.758774,22657900,0,1,165.386229
2006-08-23,69.6000,53.140308,37109000,0,1,163.483618
2006-08-24,69.4800,53.048679,32255600,0,1,163.201750
2006-08-25,69.6000,53.140308,22449400,0,1,163.483618
2006-08-28,70.3400,53.705318,26650300,0,1,165.221806
2006-08-29,71.2500,54.400093,53031100,0,1,167.359307
2006-08-30,71.8000,54.820034,43890900,0,1,168.651204
2006-08-31,71.7700,54.797123,33830000,0,1,168.580737
2006-09-01,71.8200,54.835320,24118200,0,1,168.698182
2006-09-05,72.4700,55.331581,38075100,0,1,170.224968
2006-09-06,70.9300,54.155773,39718500,0,1,166.607659
2006-09-07,70.3000,53.674767,44611800,0,1,165.127850
2006-09-08,70.5700,53.880924,27806500,0,1,165.762054
2006-09-11,70.4800,53.812206,49544600,0,1,165.550652
2006-09-12,72.1400,55.079609,43200800,0,1,169.449831
2006-09-13,72.7500,55.545372,35612000,0,1,170.882661
2006-09-14,72.4900,55.346840,33680200,0,1,170.271947
2006-09-15,72.6600,55.476665,40826200,0,1,170.671260
2006-09-18,72.6400,55.461380,37907200,0,1,170.624282
2006-09-19,72.3200,55.217045,64200600,0,1,169.872633
2006-09-20,73.2900,55.957657,54786800,0,1,172.151069
2006-09-21,72.5000,55.354465,68561500,0,1,170.295436
2006-09-22,71.5400,54.621525,59289900,0,1,168.040489
2006-09-25,72.3900,55.270500,61688400,0,1,170.037056
2006-09-26,72.3900,55.447449,42739700,0.231,1,170.579653
2006-09-27,72.9200,55.853416,49884200,0,1,171.828544
2006-09-28,72.6300,55.631279,35641100,0,1,171.145188
2006-09-29,72.0000,55.148724,33558300,0,1,169.660658
2006-10-02,71.3200,54.627861,42184900,0,1,168.058307
2006-10-03,71.2200,54.551289,45911000,0,1,167.822667
2006-10-04,72.9500,55.876381,51122100,0,1,171.899236
2006-10-05,73.8800,56.588707,48038000,0,1,174.090686
2006-10-06,73.5000,56.297665,34893700,0,1,173.195255
2006-10-09,74.0600,56.726574,25997000,0,1,174.514837
2006-10-10,74.1000,56.757217,32950800,0,1,174.609093
2006-10-11,73.8100,56.535095,52430000,0,1,173.925738
2006-10-12,75.3000,57.676365,40618400,0,1,177.436771
2006-10-13,75.9000,58.135960,45517000,0,1,178.850610
2006-10-16,76.3500,58.480614,46458400,0,1,179.910989
2006-10-17,75.9700,58.189560,48733400,0,1,179.015558
2006-10-18,75.9800,58.197250,44694800,0,1,179.039122
2006-10-19,76.3500,58.480614,43889000,0,1,179.910989
2006-10-20,75.6000,57.906158,39507600,0,1,178.143690
2006-10-23,75.7500,58.021023,38995800,0,1,178.497150
2006-10-24,75.9000,58.135960,30504800,0,1,178.850610
2006-10-25,76.4000,58.518902,51574000,0,1,180.028809
2006-10-26,77.0400,59.009148,49379500,0,1,181.536904
2006-10-27,76.1400,58.319771,51799300,0,1,179.416145
2006-10-30,76.4700,58.572536,51246800,0,1,180.193757
2006-10-31,76.2300,58.388691,46092200,0,1,179.628221
2006-11-01,74.5800,57.124897,47212200,0,1,175.740164
2006-11-02,74.4700,57.040634,47585300,0,1,175.480961
2006-11-03,74.8300,57.316376,49053800,0,1,176.329264
2006-11-06,75.7000,57.982746,47702600,0,1,178.379330
2006-11-07,76.2000,58.365723,49200600,0,1,179.557529
2006-11-08,76.5900,58.664482,52411800,0,1,180.476524
2006-11-09,75.8900,58.128284,49553600,0,1,178.827046
2006-11-10,76.5200,58.610844,43722400,0,1,180.311577
2006-11-13,76.6300,58.695095,39373200,0,1,180.570780
2006-11-14,78.1100,59.828709,68600600,0,1,184.058249
2006-11-15,78.7000,60.280624,65076400,0,1,185.448524
2006-11-16,78.6400,60.234673,49327900,0,1,185.307140
2006-11-17,78.5900,60.196369,35969400,0,1,185.189320
2006-11-20,78.7000,60.280624,48400400,0,1,185.448524
2006-11-21,78.8300,60.380177,40727000,0,1,185.754856
2006-11-22,78.9200,60.449089,33281900,0,1,185.966932
2006-11-24,78.5600,60.173405,17933400,0,1,185.118629
2006-11-27,76.8000,58.825272,72824600,0,1,180.971368
2006-11-28,77.0600,59.024441,59174400,0,1,181.584031
2006-11-29,78.0600,59.790394,53282800,0,1,183.940430
2006-11-30,78.0700,59.798031,58605000,0,1,183.963993
2006-12-01,77.7800,59.575951,87109800,0,1,183.280638
2006-12-04,79.3200,60.755470,54369200,0,1,186.909491
2006-12-05,79.3800,60.801468,39558600,0,1,187.050875
2006-12-06,79.1100,60.594635,37810400,0,1,186.414647
2006-12-07,78.7700,60.334240,39544100,0,1,185.613472
2006-12-08,78.7800,60.341881,43109600,0,1,185.637036
2006-12-11,78.9800,60.495068,35233200,0,1,186.108316
2006-12-12,78.5500,60.165726,47917600,0,1,185.095065
2006-12-13,78.6500,60.242329,47296600,0,1,185.330704
2006-12-14,78.9700,60.487431,52286200,0,1,186.084752
2006-12-15,78.9000,60.433807,38923800,0,1,185.919804
2006-12-18,77.9100,59.675533,47013800,0,1,183.586970
2006-12-19,77.8600,59.637211,54066400,0,1,183.469150
2006-12-20,77.9800,59.982571,43288200,0.329,1,184.527173
2006-12-21,77.6200,59.705692,49951400,0,1,183.675290
2006-12-22,77.1100,59.313370,31230400,0,1,182.468457
2006-12-26,78.2100,60.159473,21798200,0,1,185.071431
2006-12-27,79.1400,60.874836,39294000,0,1,187.272127
2006-12-28,78.7800,60.597939,28257400,0,1,186.420244
2006-12-29,78.0300,60.021061,30795200,0,1,184.645490
2007-01-03,78.1600,60.121067,54095400,0,1,184.953114
2007-01-04,78.3700,60.282593,45577600,0,1,185.450045
2007-01-05,76.7300,59.021080,57486800,0,1,181.569248
2007-01-08,76.4300,58.790329,46117200,0,1,180.859346
2007-01-09,77.1500,59.344128,62791800,0,1,182.563111
2007-01-10,77.7500,59.805687,49239300,0,1,183.982914
2007-01-11,78.2300,60.174885,49188300,0,1,185.118758
2007-01-12,78.9800,60.751827,28392800,0,1,186.893512
2007-01-16,78.4500,60.344131,33914700,0,1,185.639352
2007-01-17,78.1100,60.082573,27481200,0,1,184.834797
2007-01-18,77.4600,59.582596,55936200,0,1,183.296676
2007-01-19,77.7600,59.813366,49715800,0,1,184.006578
2007-01-22,77.1900,59.374962,46305200,0,1,182.657764
2007-01-23,77.9200,59.936413,47783000,0,1,184.385192
2007-01-24,78.7700,60.590294,30401400,0,1,186.396581
2007-01-25,77.7800,59.828743,57289400,0,1,184.053905
2007-01-26,78.0700,60.051811,56630200,0,1,184.740143
2007-01-29,78.7500,60.574860,59602200,0,1,186.349254
2007-01-30,79.1800,60.905628,33830600,0,1,187.366780
2007-01-31,79.3500,61.036385,54267500,0,1,187.769058
2007-02-01,80.2000,61.690197,50571100,0,1,189.780447
2007-02-02,80.2500,61.728672,26512600,0,1,189.898764
2007-02-05,80.2400,61.720993,30893400,0,1,189.875100
2007-02-06,80.4400,61.874828,31445600,0,1,190.348368
2007-02-07,81.1800,62.444057,30708600,0,1,192.099460
2007-02-08,81.0500,62.344017,25417000,0,1,191.791836
2007-02-09,80.3100,61.774845,52164700,0,1,190.040744
2007-02-12,80.0900,61.605629,39561300,0,1,189.520149
2007-02-13,80.6800,62.059456,41995800,0,1,190.916290
2007-02-14,80.8000,62.151745,64326000,0,1,191.200251
2007-02-15,80.8600,62.197884,44086000,0,1,191.342231
2007-02-16,81.1700,62.436337,42160800,0,1,192.075796
2007-02-20,81.9500,63.036316,71903200,0,1,193.921541
2007-02-21,82.1000,63.151726,39549600,0,1,194.276492
2007-02-22,82.3900,63.374786,58815900,0,1,194.962731
2007-02-23,81.9500,63.036316,57987800,0,1,193.921541
2007-02-26,81.8900,62.990189,78736400,0,1,193.779561
2007-02-27,78.0500,60.036427,136636000,0,1,184.692816
2007-02-28,78.8300,60.636425,97620200,0,1,186.538561
2007-03-01,78.4200,60.320999,97674800,0,1,185.568362
2007-03-02,76.8600,59.121098,96274500,0,1,181.876872
2007-03-05,75.1700,57.821129,122207900,0,1,177.877758
2007-03-06,77.2200,59.397999,94041400,0,1,182.728754
2007-03-07,76.9700,59.205685,55408800,0,1,182.137169
2007-03-08,77.5500,59.651836,76876500,0,1,183.509647
2007-03-09,78.1800,60.136436,69129900,0,1,185.000441
2007-03-12,78.4000,60.305653,35945400,0,1,185.521035
2007-03-13,76.3900,58.759583,96417200,0,1,180.764692
2007-03-14,77.2000,59.382599,129087500,0,1,182.681428
2007-03-15,77.8000,59.844120,84037300,0,1,184.101231
2007-03-16,77.2700,59.436455,77107100,0,1,182.847071
2007-03-19,78.2300,60.174885,56720800,0,1,185.118758
2007-03-20,78.8500,60.651779,46527300,0,1,186.585888
2007-03-21,80.2700,61.744061,77517600,0,1,189.946091
2007-03-22,80.2700,61.744061,40940200,0,1,189.946091
2007-03-23,80.2400,61.839638,37200500,0.154,1,190.239517
2007-03-26,80.0700,61.708649,46665700,0,1,189.836467
2007-03-27,79.7000,61.423470,40734900,0,1,188.959241
2007-03-28,79.1500,60.999596,67939400,0,1,187.655256
2007-03-29,79.2500,61.076653,49841400,0,1,187.892344
2007-03-30,79.4500,61.230789,54280000,0,1,188.366521
2007-04-02,79.6500,61.384926,36558700,0,1,188.840697
2007-04-03,80.5000,62.040005,44410200,0,1,190.855946
2007-04-04,80.4900,62.032307,35754200,0,1,190.832237
2007-04-05,80.4400,61.993752,24666800,0,1,190.713693
2007-04-09,80.5500,62.078564,38545000,0,1,190.974490
2007-04-10,80.8000,62.271221,48521000,0,1,191.567210
2007-04-11,80.3000,61.885883,59019200,0,1,190.381770
2007-04-12,80.8400,62.302017,45075400,0,1,191.662046
2007-04-13,81.3600,62.702778,31467000,0,1,192.894904
2007-04-16,82.4800,63.565948,43967100,0,1,195.550291
2007-04-17,82.2300,63.373306,51536000,0,1,194.957571
2007-04-18,81.7500,63.003349,48993700,0,1,193.819548
2007-04-19,81.3600,62.702778,69360400,0,1,192.894904
2007-04-20,82.3100,63.434940,68702200,0,1,195.147241
2007-04-23,82.2200,63.365543,34858200,0,1,194.933862
2007-04-24,82.1800,63.334766,56640600,0,1,194.839026
2007-04-25,82.4100,63.512032,51964600,0,1,195.384329
2007-04-26,82.8700,63.866520,47381600,0,1,196.474935
2007-04-27,82.5200,63.596790,56761000,0,1,195.645126
2007-04-30,80.7400,62.224979,86447400,0,1,191.424957
2007-05-01,81.0700,62.479294,88311800,0,1,192.207348
2007-05-02,82.1500,63.311604,49850600,0,1,194.767900
2007-05-03,82.3000,63.427246,57008800,0,1,195.123532
2007-05-04,82.8200,63.827988,47940900,0,1,196.356391
2007-05-07,82.5800,63.643028,40421400,0,1,195.787379
2007-05-08,82.2900,63.419563,59329800,0,1,195.099823
2007-05-09,82.6200,63.673866,66106100,0,1,195.882214
2007-05-10,81.6000,62.887768,92481400,0,1,193.463915
2007-05-11,82.3400,63.458073,57249600,0,1,195.218368
2007-05-14,81.6200,62.903145,71975000,0,1,193.511333
2007-05-15,80.9700,62.402256,115258700,0,1,191.970260
2007-05-16,81.4100,62.741341,95727600,0,1,193.013448
2007-05-17,80.7800,62.255798,71780400,0,1,191.519793
2007-05-18,81.7300,62.987942,80552700,0,1,193.772130
2007-05-21,82.7600,63.781746,148866800,0,1,196.214138
2007-05-22,83.2700,64.174789,69634200,0,1,197.423287
2007-05-23,83.0500,64.005249,59384400,0,1,196.901693
2007-05-24,81.9600,63.165188,89560000,0,1,194.317433
2007-05-25,82.4900,63.573666,44083500,0,1,195.574000
2007-05-29,83.2500,64.159393,59397200,0,1,197.375870
2007-05-30,83.8100,64.590988,64383000,0,1,198.703563
2007-05-31,84.2700,64.945473,68767400,0,1,199.794168
2007-06-01,84.7000,65.276855,71003000,0,1,200.813647
2007-06-04,84.7900,65.346245,52419900,0,1,201.027027
2007-06-05,84.4500,65.084221,84623400,0,1,200.220927
2007-06-06,83.5100,64.359779,95052800,0,1,197.992299
2007-06-07,81.7800,63.026501,113824100,0,1,193.890674
2007-06-08,82.8500,63.851086,86239400,0,1,196.427517
2007-06-11,82.8700,63.866520,68082100,0,1,196.474935
2007-06-12,81.5000,62.810669,115376300,0,1,193.226827
2007-06-13,82.5900,63.650738,118706700,0,1,195.811088
2007-06-14,83.3400,64.228775,79451800,0,1,197.589249
2007-06-15,84.3300,64.991699,83706500,0,1,199.936421
2007-06-18,84.1700,64.868423,60117800,0,1,199.557080
2007-06-19,84.3900,65.037971,65541300,0,1,200.078674
2007-06-20,82.9300,63.912781,86929200,0,1,196.617187
2007-06-21,83.5800,64.413734,97110200,0,1,198.158260
2007-06-22,82.9200,63.905025,93984100,0,1,196.593479
2007-06-25,82.4900,63.573666,108393200,0,1,195.574000
2007-06-26,81.8800,63.103550,91436900,0,1,194.127762
2007-06-27,83.5900,64.421417,127640800,0,1,198.181969
2007-06-28,83.4200,64.412933,87866200,0.159,1,198.155889
2007-06-29,82.9000,64.011375,110203200,0,1,196.920681
2007-07-02,83.9700,64.837631,56318400,0,1,199.462360
2007-07-03,84.3700,65.146477,34591600,0,1,200.412520
2007-07-05,84.5100,65.254585,47326500,0,1,200.745076
2007-07-06,84.8000,65.478500,40975100,0,1,201.433942
2007-07-09,84.7200,65.416748,56954300,0,1,201.243910
2007-07-10,83.3300,64.343422,101069100,0,1,197.942103
2007-07-11,83.8300,64.729515,82880600,0,1,199.129804
2007-07-12,84.8200,65.493942,71638400,0,1,201.481450
2007-07-13,84.9000,65.555717,43138400,0,1,201.671482
2007-07-16,84.4800,65.231422,77268800,0,1,200.673814
2007-07-17,84.5400,65.277740,57654400,0,1,200.816338
2007-07-18,84.2700,65.069298,97201600,0,1,200.174980
2007-07-19,84.5100,65.254585,61461700,0,1,200.745076
2007-07-20,83.2500,64.281670,154037700,0,1,197.752071
2007-07-23,82.9400,64.042305,67737500,0,1,197.015697
2007-07-24,81.0000,62.544327,158240800,0,1,192.407421
2007-07-25,80.7000,62.312660,164307600,0,1,191.694801
2007-07-26,78.5400,60.644825,244724700,0,1,186.563936
2007-07-27,76.6300,59.169991,202037300,0,1,182.026922
2007-07-30,77.9600,60.196980,149169600,0,1,185.186204
2007-07-31,77.1000,59.532936,187777400,0,1,183.143360
2007-08-01,77.5200,59.857227,185942500,0,1,184.141028
2007-08-02,78.1300,60.328232,105762800,0,1,185.590022
2007-08-03,75.3500,58.181637,158340000,0,1,178.986409
2007-08-06,76.0300,58.706734,208307700,0,1,180.601682
2007-08-07,77.2000,59.610142,179153900,0,1,183.380900
2007-08-08,79.5200,61.401524,259607000,0,1,188.891828
2007-08-09,77.6900,59.988533,204699000,0,1,184.544846
2007-08-10,78.0600,60.274174,267042500,0,1,185.423744
2007-08-13,77.6400,59.949894,116492000,0,1,184.426076
2007-08-14,76.3100,58.922932,113169000,0,1,181.266794
2007-08-15,75.2000,58.065830,145850300,0,1,178.630099
2007-08-16,76.8700,59.355362,347851600,0,1,182.597018
2007-08-17,78.4100,60.544456,215542300,0,1,186.255134
2007-08-20,78.4700,60.590771,126893400,0,1,186.397658
2007-08-21,78.6900,60.760658,92754900,0,1,186.920246
2007-08-22,79.6300,61.486477,70351700,0,1,189.153122
2007-08-23,78.6100,60.698864,105471500,0,1,186.730214
2007-08-24,79.6300,61.486477,64735000,0,1,189.153122
2007-08-27,78.5300,60.637085,60380700,0,1,186.540182
2007-08-28,76.5500,59.108257,86275800,0,1,181.836890
2007-08-29,78.5600,60.660275,70723200,0,1,186.611444
2007-08-30,78.0300,60.250992,63330500,0,1,185.352482
2007-08-31,78.7400,60.799267,47035900,0,1,187.039016
2007-09-04,79.7500,61.579132,61375400,0,1,189.438171
2007-09-05,79.0100,61.007721,67145300,0,1,187.680374
2007-09-06,79.0300,61.023159,65069100,0,1,187.727882
2007-09-07,77.7300,60.019402,107970400,0,1,184.639862
2007-09-10,76.6500,59.185455,99748500,0,1,182.074430
2007-09-11,77.9900,60.220154,84890600,0,1,185.257466
2007-09-12,77.5000,59.841778,62793300,0,1,184.093520
2007-09-13,77.6900,59.988533,72390100,0,1,184.544846
2007-09-14,78.0900,60.297348,61830800,0,1,185.495006
2007-09-17,77.2300,59.633289,53416800,0,1,183.452162
2007-09-18,80.5200,62.173649,138693800,0,1,191.267229
2007-09-19,81.6000,63.007603,114738300,0,1,193.832661
2007-09-20,80.7900,62.382202,128460700,0,1,191.908587
2007-09-21,80.9600,62.513432,57473900,0,1,192.312405
2007-09-24,80.3400,62.034695,87072300,0,1,190.839657
2007-09-25,79.8200,61.783119,54940900,0.195,1,190.067652
2007-09-26,80.5200,62.324921,65425300,0,1,191.734494
2007-09-27,81.0000,62.696503,63248800,0,1,192.877472
2007-09-28,80.0400,61.953438,90453200,0,1,190.591516
2007-10-01,82.0300,63.493759,98833600,0,1,195.330111
2007-10-02,82.5600,63.904018,53654700,0,1,196.592149
2007-10-03,82.3300,63.725967,56474400,0,1,196.044472
2007-10-04,82.4600,63.826588,35783300,0,1,196.354028
2007-10-05,84.1300,65.119202,92101800,0,1,200.330638
2007-10-08,83.5000,64.631546,34535400,0,1,198.830480
2007-10-09,84.1800,65.157883,57974000,0,1,200.449698
2007-10-10,84.1100,65.103737,50123200,0,1,200.283014
2007-10-11,83.1600,64.368401,93750000,0,1,198.020871
2007-10-12,83.8200,64.879257,60997500,0,1,199.592465
2007-10-15,82.8500,64.128456,80770400,0,1,197.282698
2007-10-16,81.9000,63.393131,59345400,0,1,195.020555
2007-10-17,82.2200,63.640804,90253500,0,1,195.782540
2007-10-18,82.0200,63.486038,68562200,0,1,195.306299
2007-10-19,79.0900,61.218098,128571100,0,1,188.329373
2007-10-22,80.7600,62.510719,138153000,0,1,192.305983
2007-10-23,81.3800,62.990631,84843000,0,1,193.782329
2007-10-24,80.8600,62.588146,126810300,0,1,192.544103
2007-10-25,80.6600,62.433323,116690000,0,1,192.067862
2007-10-26,82.0100,63.478256,79290000,0,1,195.282487
2007-10-29,81.9200,63.408585,56217000,0,1,195.068179
2007-10-30,81.2700,62.905491,59967000,0,1,193.520396
2007-10-31,82.3200,63.718220,107684000,0,1,196.020660
2007-11-01,79.1400,61.256805,171158000,0,1,188.448433
2007-11-02,79.5300,61.558647,130182000,0,1,189.377103
2007-11-05,78.4800,60.745930,98542900,0,1,186.876839
2007-11-06,79.9600,61.891506,94974000,0,1,190.401020
2007-11-07,77.4800,59.971909,112492300,0,1,184.495636
2007-11-08,77.7100,60.149918,120883000,0,1,185.043313
2007-11-09,76.8500,59.484283,104492000,0,1,182.995478
2007-11-12,76.1100,58.911488,106800000,0,1,181.233387
2007-11-13,78.5000,60.761425,105192100,0,1,186.924463
2007-11-14,78.0500,60.413109,76347400,0,1,185.852922
2007-11-15,76.9400,59.553928,114145000,0,1,183.209786
2007-11-16,76.2900,59.050785,123470600,0,1,181.662004
2007-11-19,74.6400,57.773666,116186400,0,1,177.733018
2007-11-20,75.0700,58.106476,129813600,0,1,178.756936
2007-11-21,73.5000,56.891258,94961400,0,1,175.018446
2007-11-23,75.0600,58.098721,50849400,0,1,178.733124
2007-11-26,73.1000,56.581650,96764900,0,1,174.065965
2007-11-27,73.9500,57.239578,80871400,0,1,176.089988
2007-11-28,76.8700,59.499779,112697000,0,1,183.043102
2007-11-29,76.2100,58.988876,57418400,0,1,181.471507
2007-11-30,76.6500,59.329456,84981400,0,1,182.519237
2007-12-03,75.7500,58.632851,61964100,0,1,180.376154
2007-12-04,74.9500,58.013622,57670000,0,1,178.471191
2007-12-05,76.4400,59.166916,70221700,0,1,182.019184
2007-12-06,78.2500,60.567890,93204000,0,1,186.329162
2007-12-07,78.4900,60.753666,59125400,0,1,186.900651
2007-12-10,79.1100,61.233574,49937400,0,1,188.376997
2007-12-11,76.3500,59.097248,120369300,0,1,181.804876
2007-12-12,76.9100,59.530708,112505300,0,1,183.138350
2007-12-13,76.4900,59.205624,89826800,0,1,182.138244
2007-12-14,75.0000,58.052315,75866900,0,1,178.590251
2007-12-17,73.8500,57.162182,71635600,0,1,175.851868
2007-12-18,75.1700,58.183895,114501900,0,1,178.995056
2007-12-19,75.7000,58.594128,85850100,0,1,180.257094
2007-12-20,76.8400,59.476498,121965700,0,1,182.971666
2007-12-21,78.6000,60.838818,83426900,0,1,187.162583
2007-12-24,79.1700,61.280018,29867000,0,1,188.519869
2007-12-26,79.5400,61.566406,65572400,0,1,189.400915
2007-12-27,77.3900,60.104000,71490100,0.267,1,184.917109
2007-12-28,76.5600,59.459389,48207400,0,1,182.933891
2007-12-31,75.9000,58.946812,73932400,0,1,181.356875
2008-01-02,75.1600,58.372093,94259600,0,1,179.588705
2008-01-03,74.3300,57.727493,78036800,0,1,177.605488
2008-01-04,72.0900,55.987804,123498600,0,1,172.253190
2008-01-07,72.2500,56.112076,139672900,0,1,172.635497
2008-01-08,70.0200,54.380165,157222700,0,1,167.307093
2008-01-09,70.7300,54.931583,140191600,0,1,169.003581
2008-01-10,71.7000,55.684944,153878400,0,1,171.321317
2008-01-11,70.2200,54.535530,120320000,0,1,167.784977
2008-01-14,70.8000,54.985977,71078600,0,1,169.170840
2008-01-15,69.5000,53.976341,95261600,0,1,166.064596
2008-01-16,69.5700,54.030708,135714800,0,1,166.231855
2008-01-17,67.8800,52.718193,123268100,0,1,162.193737
2008-01-18,67.2200,52.205589,131880200,0,1,160.616721
2008-01-22,66.7400,51.832809,150963700,0,1,159.469800
2008-01-23,69.0200,53.603535,183099500,0,1,164.917675
2008-01-24,68.9700,53.564728,113683300,0,1,164.798204
2008-01-25,68.4700,53.176392,95436000,0,1,163.603494
2008-01-28,69.9200,54.302517,81259000,0,1,167.068151
2008-01-29,70.1000,54.442291,75340700,0,1,167.498247
2008-01-30,69.2200,53.758862,126086600,0,1,165.395558
2008-01-31,70.9400,55.094719,117643600,0,1,169.505358
2008-02-01,72.6100,56.391655,100612100,0,1,173.495688
2008-02-04,71.7900,55.754826,54583900,0,1,171.536364
2008-02-05,69.9500,54.325821,125988100,0,1,167.139834
2008-02-06,69.0200,53.603535,97259100,0,1,164.917675
2008-02-07,70.1100,54.450069,125972100,0,1,167.522141
2008-02-08,69.6700,54.108349,86493200,0,1,166.470797
2008-02-11,69.7000,54.131630,80655800,0,1,166.542479
2008-02-12,70.2500,54.558800,76564500,0,1,167.856660
2008-02-13,71.8400,55.793655,86241400,0,1,171.655835
2008-02-14,70.1800,54.504456,78328200,0,1,167.689400
2008-02-15,69.8700,54.263687,64549100,0,1,166.948681
2008-02-19,70.7300,54.931583,50724600,0,1,169.003581
2008-02-20,70.7700,54.962635,71204100,0,1,169.099157
2008-02-21,69.4200,53.914204,85702100,0,1,165.873442
2008-02-22,69.4200,53.914204,84228000,0,1,165.873442
2008-02-25,70.7700,54.962635,76367400,0,1,169.099157
2008-02-26,71.4300,55.475231,92917400,0,1,170.676174
2008-02-27,71.4000,55.451927,85186500,0,1,170.604491
2008-02-28,70.3200,54.613182,68720700,0,1,168.023919
2008-02-29,68.8600,53.479286,98588500,0,1,164.535368
2008-03-03,68.2000,52.966694,84853500,0,1,162.958351
2008-03-04,67.8000,52.656025,90523200,0,1,162.002584
2008-03-05,68.4500,53.160870,92841800,0,1,163.555706
2008-03-06,66.1700,51.390137,104781300,0,1,158.107832
2008-03-07,65.9600,51.227032,119085300,0,1,157.606054
2008-03-10,64.5000,50.093151,82737100,0,1,154.117502
2008-03-11,67.3000,52.267723,117570000,0,1,160.807875
2008-03-12,66.5200,51.661949,92575100,0,1,158.944128
2008-03-13,67.8500,52.694859,123504200,0,1,162.122055
2008-03-14,66.1400,51.366829,176997100,0,1,158.036149
2008-03-17,65.0600,50.528057,126969000,0,1,155.455577
2008-03-18,68.0500,52.850197,161001200,0,1,162.599939
2008-03-19,66.3500,51.529926,132792600,0,1,158.537927
2008-03-20,67.4800,52.407516,103328000,0,1,161.237970
2008-03-24,69.9900,54.445629,90751700,0.11,1,167.498247
2008-03-25,70.2200,54.624565,50600,0,1,168.048677
2008-03-26,69.6400,54.173359,63054100,0,1,166.660636
2008-03-27,69.0000,53.675503,63938500,0,1,165.129005
2008-03-28,68.1900,53.045410,228800,0,1,163.190534
2008-03-31,68.2900,53.123199,64266300,0,1,163.429851
2008-04-01,70.7900,55.067955,65928500,0,1,169.412786
2008-04-02,70.9600,55.200195,58947900,0,1,169.819626
2008-04-03,71.1800,55.371334,57228200,0,1,170.346124
2008-04-04,71.1600,55.355782,159400,0,1,170.298260
2008-04-07,71.0400,55.262436,40283000,0,1,170.011080
2008-04-08,70.9700,55.207966,49572900,0,1,169.843557
2008-04-09,69.8100,54.305607,71772700,0,1,167.067476
2008-04-10,70.5500,54.881233,56065900,0,1,168.838424
2008-04-11,68.7400,53.473236,79545300,0,1,164.506779
2008-04-14,68.5300,53.309902,57846400,0,1,164.004213
2008-04-15,68.9700,53.652184,45940300,0,1,165.057209
2008-04-16,71.2000,55.386890,72389400,0,1,170.393987
2008-04-17,70.9200,55.169090,48815600,0,1,169.723899
2008-04-18,71.6700,55.752529,70736400,0,1,171.518779
2008-04-21,71.6800,55.760315,40019000,0,1,171.542711
2008-04-22,70.3700,54.741222,68800,0,1,168.407653
2008-04-23,70.5500,54.881233,48056900,0,1,168.838424
2008-04-24,71.2300,55.410248,230600,0,1,170.465783
2008-04-25,71.9000,55.931446,56252000,0,1,172.069209
2008-04-28,72.3800,56.304829,35470700,0,1,173.217933
2008-04-29,71.7400,55.806969,40940300,0,1,171.686301
2008-04-30,71.4000,55.542492,62315700,0,1,170.872622
2008-05-01,72.6300,56.499298,55323500,0,1,173.816226
2008-05-02,72.5500,56.437073,58836700,0,1,173.624772
2008-05-05,72.2700,56.219261,39901300,0,1,172.954684
2008-05-06,72.8600,56.678223,60503800,0,1,174.366656
2008-05-07,71.5600,55.666954,57431100,0,1,171.255530
2008-05-08,71.7100,55.783630,60442700,0,1,171.614506
2008-05-09,71.5000,55.620262,51712800,0,1,171.111940
2008-05-12,73.0700,56.841583,48246600,0,1,174.869223
2008-05-13,73.4900,57.168304,52328700,0,1,175.874356
2008-05-14,73.4000,57.098286,60659500,0,1,175.658970
2008-05-15,73.5500,57.215000,46599700,0,1,176.017946
2008-05-16,73.9500,57.526131,64245200,0,1,176.975216
2008-05-19,73.9700,57.541691,102762700,0,1,177.023079
2008-05-20,73.7000,57.331688,82109000,0,1,176.376922
2008-05-21,72.6500,56.514885,100026600,0,1,173.864090
2008-05-22,73.1700,56.919376,60034900,0,1,175.108540
2008-05-23,72.2100,56.172585,64498000,0,1,172.811093
2008-05-27,73.3200,57.036053,62334000,0,1,175.467516
2008-05-28,73.6600,57.300568,54387400,0,1,176.281195
2008-05-29,74.4100,57.883991,69851700,0,1,178.076076
2008-05-30,74.6700,58.086231,41633900,0,1,178.698301
2008-06-02,73.9900,57.557262,69923200,0,1,177.070943
2008-06-03,73.8400,57.440567,87672400,0,1,176.711967
2008-06-04,74.3000,57.798420,85092200,0,1,177.812827
2008-06-05,76.2000,59.276405,106082100,0,1,182.359857
2008-06-06,73.9200,57.502800,123993000,0,1,176.903421
2008-06-09,73.6800,57.316113,98998100,0,1,176.329059
2008-06-10,73.1400,56.896023,98697900,0,1,175.036745
2008-06-11,71.8700,55.908108,97453600,0,1,171.997414
2008-06-12,72.0200,56.024776,98505200,0,1,172.356390
2008-06-13,73.3200,57.036053,84102300,0,1,175.467516
2008-06-16,73.7800,57.393913,67157700,0,1,176.568376
2008-06-17,73.7200,57.347263,52324000,0,1,176.424786
2008-06-18,73.1300,56.888260,88091900,0,1,175.012813
2008-06-19,73.7400,57.362797,105967200,0,1,176.472649
2008-06-20,72.5700,56.452629,121586400,0,1,173.672636
2008-06-23,71.8900,55.923656,73028000,0,1,172.045277
2008-06-24,70.7000,54.997940,112302100,0,1,169.197400
2008-06-25,71.5000,55.620262,116515200,0,1,171.111940
2008-06-26,69.6600,54.188931,114823500,0,1,166.708499
2008-06-27,69.7300,54.243370,118012300,0,1,166.876022
2008-06-30,69.0500,53.714401,115067900,0,1,165.248663
2008-07-01,69.1000,53.753300,150735900,0,1,165.368322
2008-07-02,66.8900,52.228374,148254900,0.257,1,160.694453
2008-07-03,66.5300,51.947277,166200,0,1,159.829600
2008-07-07,65.6900,51.291393,125544000,0,1,157.811611
2008-07-08,68.0700,53.149723,131778100,0,1,163.529248
2008-07-09,66.2500,51.728649,131076400,0,1,159.156937
2008-07-10,66.9000,52.236179,131228600,0,1,160.718477
2008-07-11,67.2700,52.525085,131381400,0,1,161.607353
2008-07-14,66.1600,51.658386,113936200,0,1,158.940724
2008-07-15,65.8800,51.439766,143442400,0,1,158.268061
2008-07-16,68.3000,53.329315,112222900,0,1,164.081793
2008-07-17,68.4000,53.407406,115518700,0,1,164.322030
2008-07-18,68.8800,53.782177,99585800,0,1,165.475167
2008-07-21,69.7200,54.438068,70224400,0,1,167.493157
2008-07-22,71.4700,55.804482,136363600,0,1,171.697303
2008-07-23,71.9300,56.163647,118339100,0,1,172.802392
2008-07-24,70.1100,54.742596,112118900,0,1,168.430081
2008-07-25,70.6800,55.187649,112551100,0,1,169.799431
2008-07-28,69.4800,54.250671,82119100,0,1,166.916589
2008-07-29,71.1800,55.578045,122965400,0,1,171.000616
2008-07-30,71.6100,55.913795,153225200,0,1,172.033634
2008-07-31,71.3200,55.687389,95287500,0,1,171.336947
2008-08-01,71.4100,55.757645,107406700,0,1,171.553160
2008-08-04,70.7500,55.242329,104200100,0,1,169.967597
2008-08-05,71.9600,56.187103,93469200,0,1,172.874463
2008-08-06,72.3200,56.468174,79587900,0,1,173.739316
2008-08-07,71.2400,55.624905,89727900,0,1,171.144758
2008-08-08,73.1200,57.092827,112771400,0,1,175.661211
2008-08-11,74.8700,58.459232,174577700,0,1,179.865357
2008-08-12,74.3100,58.021980,128837600,0,1,178.520030
2008-08-13,74.5800,58.232811,151007500,0,1,179.168670
2008-08-14,75.3000,58.795013,118194800,0,1,180.898375
2008-08-15,75.1000,58.638817,98174800,0,1,180.417902
2008-08-18,74.1300,57.881454,97838400,0,1,178.087604
2008-08-19,72.9000,56.921028,105131600,0,1,175.132690
2008-08-20,73.0000,56.999126,101308300,0,1,175.372927
2008-08-21,72.1600,56.343231,83526000,0,1,173.354937
2008-08-22,73.6800,57.530079,77915300,0,1,177.006538
2008-08-25,72.0600,56.265144,88256100,0,1,173.114700
2008-08-26,72.1700,56.351040,53866300,0,1,173.378961
2008-08-27,73.0300,57.022533,62031400,0,1,175.444998
2008-08-28,74.5100,58.178150,75512600,0,1,179.000504
2008-08-29,73.8700,57.678432,83919800,0,1,177.462988
2008-09-02,73.8500,57.662807,112584000,0,1,177.414940
2008-09-03,74.1500,57.897041,96282200,0,1,178.135651
2008-09-04,71.8200,56.077778,126675300,0,1,172.538132
2008-09-05,71.6400,55.937244,122285000,0,1,172.105705
2008-09-08,72.4800,56.593109,148091600,0,1,174.123695
2008-09-09,70.8100,55.289150,132381100,0,1,170.111739
2008-09-10,71.4700,55.804482,126869000,0,1,171.697303
2008-09-11,71.9200,56.155849,144283600,0,1,172.778369
2008-09-12,72.2500,56.413513,117705200,0,1,173.571150
2008-09-15,69.0100,53.883675,168634300,0,1,165.787475
2008-09-16,71.0000,55.437496,252238200,0,1,170.568189
2008-09-17,67.8000,52.938923,266078500,0,1,162.880609
2008-09-18,71.8000,56.062160,355117000,0,1,172.490084
2008-09-19,75.0000,58.560757,138448700,0,1,180.177665
2008-09-22,71.9500,56.179276,98340700,0,1,172.850440
2008-09-23,70.9900,55.429703,92894300,0,1,170.544166
2008-09-24,69.9400,54.725491,91760200,0.15,1,168.382034
2008-09-25,70.3000,55.007149,115328200,0,1,169.248741
2008-09-26,70.6300,55.265373,94646800,0,1,170.043223
2008-09-29,65.0500,50.899223,150003200,0,1,156.609255
2008-09-30,68.0000,53.207497,107271100,0,1,163.711442
2008-10-01,67.0200,52.440681,69571300,0,1,161.352072
2008-10-02,63.5800,49.749004,116143300,0,1,153.070199
2008-10-03,62.7000,49.060448,118870500,0,1,150.951580
2008-10-06,59.7200,46.728706,172301800,0,1,143.777167
2008-10-07,55.8000,43.661449,152283000,0,1,134.339684
2008-10-08,54.4600,42.612942,173741000,0,1,131.113605
2008-10-09,49.9900,39.115334,154548100,0,1,120.351985
2008-10-10,52.4500,41.040211,205089400,0,1,126.274488
2008-10-13,56.9800,44.584755,128725200,0,1,137.180559
2008-10-14,55.3800,43.332832,131474600,0,1,133.328525
2008-10-15,50.4100,39.443970,109147700,0,1,121.363144
2008-10-16,53.7100,42.026100,207587400,0,1,129.307964
2008-10-17,52.2000,40.844582,131845100,0,1,125.672607
2008-10-20,54.6900,42.792931,82673400,0,1,131.667335
2008-10-21,53.1800,41.611408,83005200,0,1,128.031978
2008-10-22,50.4900,39.506573,91861700,0,1,121.555746
2008-10-23,48.9900,38.332882,133202600,0,1,117.944464
2008-10-24,47.1700,36.908787,105748800,0,1,113.562776
2008-10-27,44.8600,35.101307,99416400,0,1,108.001402
2008-10-28,48.4500,37.910347,114981800,0,1,116.644403
2008-10-29,48.7000,38.105953,94984800,0,1,117.246283
2008-10-30,51.4300,40.242073,77436600,0,1,123.818816
2008-10-31,53.7500,42.057400,113060500,0,1,129.404265
2008-11-03,53.8200,42.112183,54872700,0,1,129.572792
2008-11-04,54.4400,42.597294,79680500,0,1,131.065455
2008-11-05,51.5900,40.367271,73881200,0,1,124.204019
2008-11-06,49.5900,38.802353,85233800,0,1,119.388977
2008-11-07,50.6200,39.608299,62313000,0,1,121.868724
2008-11-10,49.4500,38.692818,50459600,0,1,119.051924
2008-11-11,48.3800,37.855568,73187400,0,1,116.475876
2008-11-12,45.5600,35.649036,75376800,0,1,109.686666
2008-11-13,49.3100,38.583271,142362300,0,1,118.714871
2008-11-14,45.6400,35.711628,98697500,0,1,109.879268
2008-11-17,45.2500,35.406460,84029400,0,1,108.940335
2008-11-18,45.0300,35.234306,98246400,0,1,108.410680
2008-11-19,41.3600,32.362679,96005900,0,1,99.575077
2008-11-20,38.5300,30.148296,140070900,0,1,92.761792
2008-11-21,40.6400,31.799299,160636700,0,1,97.841662
2008-11-24,43.5000,34.037174,97052300,0,1,104.727173
2008-11-25,44.2200,34.600533,80072400,0,1,106.460588
2008-11-26,46.8700,36.674057,88144900,0,1,112.840519
2008-11-28,47.3400,37.041813,24156600,0,1,113.972054
2008-12-01,42.0200,32.879112,89163400,0,1,101.164041
2008-12-02,44.2300,34.608349,81228000,0,1,106.484663
2008-12-03,45.5700,35.656860,102868600,0,1,109.710742
2008-12-04,44.0600,34.475330,101436300,0,1,106.075385
2008-12-05,46.1000,36.071556,113947900,0,1,110.986728
2008-12-08,48.1400,37.667786,99336100,0,1,115.898071
2008-12-09,46.6500,36.501915,81950900,0,1,112.310865
2008-12-10,47.7500,37.362617,74636500,0,1,114.959138
2008-12-11,45.3300,35.469048,73178000,0,1,109.132937
2008-12-12,46.8900,36.689716,97291600,0,1,112.888670
2008-12-15,45.3800,35.508179,78607200,0,1,109.253313
2008-12-16,48.3300,37.816452,109318300,0,1,116.355500
2008-12-17,48.7700,38.160744,79576900,0,1,117.414810
2008-12-18,48.4600,37.918159,87888400,0,1,116.668478
2008-12-19,48.7000,38.105953,88221200,0,1,117.246283
2008-12-22,47.7600,37.370449,75338900,0,1,114.983213
2008-12-23,46.7100,36.827217,64575300,0.361,1,113.324431
2008-12-24,46.8800,36.961258,19412400,0,1,113.736873
2008-12-26,47.5500,37.489494,25104700,0,1,115.362378
2008-12-29,46.8200,36.913956,41442100,0,1,113.591305
2008-12-30,48.1200,37.938892,38835200,0,1,116.745271
2008-12-31,49.2400,38.821941,75369500,0,1,119.462534
2009-01-02,50.2200,39.594593,51588500,0,1,121.840140
2009-01-05,50.4000,39.736515,59247000,0,1,122.276843
2009-01-06,51.2500,40.406658,77980800,0,1,124.339051
2009-01-07,49.7400,39.216152,77662100,0,1,120.675598
2009-01-08,49.9800,39.405361,59214100,0,1,121.257869
2009-01-09,48.1300,37.946781,82725900,0,1,116.769532
2009-01-12,46.7000,36.819344,53721400,0,1,113.300170
2009-01-13,47.3200,37.308174,62644600,0,1,114.804369
2009-01-14,45.2400,35.668243,74519500,0,1,109.758023
2009-01-15,45.9700,36.243782,100622800,0,1,111.529096
2009-01-16,46.4800,36.645893,80512600,0,1,112.766422
2009-01-20,43.3300,34.162342,85180200,0,1,105.124119
2009-01-21,45.4900,35.865337,66088100,0,1,110.364555
2009-01-22,44.1700,34.824619,69790800,0,1,107.162066
2009-01-23,44.3900,34.998074,76444000,0,1,107.695814
2009-01-26,44.8900,35.392288,62967900,0,1,108.908878
2009-01-27,45.3800,35.778614,54932300,0,1,110.097681
2009-01-28,47.2500,37.252972,71034500,0,1,114.634540
2009-01-29,45.4000,35.794380,66434400,0,1,110.146204
2009-01-30,44.4800,35.069046,58185500,0,1,107.914166
2009-02-02,44.8400,35.352871,62907300,0,1,108.787572
2009-02-03,45.1600,35.605171,57452200,0,1,109.563933
2009-02-04,44.8300,35.345005,65080500,0,1,108.763311
2009-02-05,45.3500,35.754963,71623700,0,1,110.024897
2009-02-06,46.9600,37.024315,53776100,0,1,113.930963
2009-02-09,46.7500,36.858742,55265000,0,1,113.421476
2009-02-10,44.5900,35.155762,83914300,0,1,108.181040
2009-02-11,44.7600,35.289799,58417600,0,1,108.593482
2009-02-12,45.1400,35.589413,79209300,0,1,109.515410
2009-02-13,44.6700,35.218826,58901500,0,1,108.375130
2009-02-17,42.9000,33.823326,81542900,0,1,104.080884
2009-02-18,42.2900,33.342388,78276200,0,1,102.600946
2009-02-19,41.7000,32.877228,64544300,0,1,101.169531
2009-02-20,41.1400,32.435726,83388200,0,1,99.810899
2009-02-23,39.5600,31.189997,78804200,0,1,95.977617
2009-02-24,41.0200,32.341099,81463900,0,1,99.519764
2009-02-25,40.1700,31.670944,104493600,0,1,97.457555
2009-02-26,39.4200,31.079618,68400200,0,1,95.637959
2009-02-27,39.1500,30.866753,87450900,0,1,94.982905
2009-03-02,36.9400,29.124342,83622800,0,1,89.621162
2009-03-03,36.2400,28.572439,67796200,0,1,87.922873
2009-03-04,36.9900,29.163761,80120300,0,1,89.742468
2009-03-05,35.0200,27.610569,97980100,0,1,84.962997
2009-03-06,35.2000,27.752480,76036000,0,1,85.399700
2009-03-09,34.3900,27.113857,75737000,0,1,83.434536
2009-03-10,36.6300,28.879932,76181500,0,1,88.869062
2009-03-11,36.6800,28.919346,82274800,0,1,88.990369
2009-03-12,38.9600,30.716946,86839000,0,1,94.521940
2009-03-13,39.3700,31.040203,72449700,0,1,95.516653
2009-03-16,38.6600,30.480421,78042300,0,1,93.794102
2009-03-17,40.4500,31.891699,64727100,0,1,98.136871
2009-03-18,41.8500,32.995495,111491000,0,1,101.533450
2009-03-19,41.4100,32.648586,64512500,0,1,100.465953
2009-03-20,39.9800,31.521143,68436500,0,1,96.996591
2009-03-23,43.3800,34.201752,94771600,0,1,105.245425
2009-03-24,41.5600,32.873707,70562700,0.141,1,101.171957
2009-03-25,42.7300,33.799187,95016000,0,1,104.020157
2009-03-26,44.3800,35.104301,111103100,0,1,108.036849
2009-03-27,42.8900,33.925713,78132900,0,1,104.409654
2009-03-30,41.6600,32.952782,59094200,0,1,101.415393
2009-03-31,42.0500,33.261284,66094400,0,1,102.364793
2009-04-01,42.7800,33.838711,66464100,0,1,104.141875
2009-04-02,44.9200,35.531441,92895500,0,1,109.351403
2009-04-03,45.6300,36.093040,50763600,0,1,111.079797
2009-04-06,44.8500,35.476070,63427300,0,1,109.180998
2009-04-07,43.2600,34.218391,48410400,0,1,105.310367
2009-04-08,44.0600,34.851204,60265100,0,1,107.257854
2009-04-09,46.6400,36.891953,66699400,0,1,113.538500
2009-04-13,46.6600,36.907764,58557300,0,1,113.587187
2009-04-14,45.3100,35.839928,56579200,0,1,110.300803
2009-04-15,46.0000,36.385715,48436100,0,1,111.980510
2009-04-16,47.3300,37.437733,66307000,0,1,115.218208
2009-04-17,47.7500,37.769958,51981400,0,1,116.240638
2009-04-20,45.3000,35.832020,53370100,0,1,110.276459
2009-04-21,46.8700,37.073856,60408100,0,1,114.098403
2009-04-22,46.8600,37.065971,72784100,0,1,114.074059
2009-04-23,46.7500,36.978958,70030200,0,1,113.806279
2009-04-24,47.6200,37.667118,60773000,0,1,115.924172
2009-04-27,47.1100,37.263702,49385100,0,1,114.682649
2009-04-28,47.1800,37.319088,51197500,0,1,114.853054
2009-04-29,48.9700,38.734951,79875900,0,1,119.210556
2009-04-30,48.5200,38.379009,67809000,0,1,118.115095
2009-05-01,48.8200,38.616325,64532300,0,1,118.845402
2009-05-04,50.6000,40.024296,47528900,0,1,123.178561
2009-05-05,50.3500,39.826523,58364200,0,1,122.569972
2009-05-06,50.4900,39.937279,87550000,0,1,122.910782
2009-05-07,49.3000,38.995995,67577300,0,1,120.013895
2009-05-08,51.0100,40.348598,63463900,0,1,124.176648
2009-05-11,50.2600,39.755344,40051600,0,1,122.350879
2009-05-12,49.5500,39.193737,49453100,0,1,120.622484
2009-05-13,47.2800,37.398186,68822200,0,1,115.096490
2009-05-14,47.9400,37.920246,72813500,0,1,116.703167
2009-05-15,47.7600,37.777851,53885500,0,1,116.264982
2009-05-18,49.3600,39.043446,55512900,0,1,120.159956
2009-05-19,49.3800,39.059277,55704100,0,1,120.208643
2009-05-20,48.9200,38.695404,48021100,0,1,119.088838
2009-05-21,48.2900,38.197075,49312200,0,1,117.555192
2009-05-22,47.7900,37.801586,38440200,0,1,116.338013
2009-05-26,50.0700,39.605049,73480700,0,1,121.888351
2009-05-27,49.1000,38.837776,48207700,0,1,119.527023
2009-05-28,49.1600,38.885239,58832400,0,1,119.673084
2009-05-29,50.1700,39.684155,51665800,0,1,122.131787
2009-06-01,52.1300,41.234524,70173300,0,1,126.903130
2009-06-02,52.7800,41.748650,56794100,0,1,128.485464
2009-06-03,52.4300,41.471790,44068400,0,1,127.633438
2009-06-04,53.1800,42.065041,42972900,0,1,129.459207
2009-06-05,53.2000,42.080868,50619300,0,1,129.507894
2009-06-08,52.5700,41.582527,46325400,0,1,127.974248
2009-06-09,52.8100,41.772373,35033700,0,1,128.558495
2009-06-10,52.6000,41.606274,65032200,0,1,128.047279
2009-06-11,52.6200,41.622105,62963200,0,1,128.095966
2009-06-12,52.7800,41.748650,44094300,0,1,128.485464
2009-06-15,51.3600,40.625435,45942200,0,1,125.028674
2009-06-16,50.5000,39.945194,53065700,0,1,122.935125
2009-06-17,50.7700,40.158745,71985300,0,1,123.592402
2009-06-18,51.0000,40.340683,34317000,0,1,124.152305
2009-06-19,51.3100,40.585896,38711500,0,1,124.906956
2009-06-22,49.4900,39.146275,54877300,0,1,120.476423
2009-06-23,49.0900,38.829884,40810600,0,1,119.502679
2009-06-24,49.6200,39.249107,39962500,0,1,120.792890
2009-06-25,51.0500,40.380219,42339200,0,1,124.274023
2009-06-26,51.2300,40.522610,60379100,0,1,124.712207
2009-06-29,51.2300,40.522610,49196600,0,1,124.712207
2009-06-30,51.0800,40.403973,44575900,0,1,124.347054
2009-07-01,51.8700,41.028835,46382900,0,1,126.270197
2009-07-02,49.9100,39.616756,51688200,0.181,1,121.939473
2009-07-06,49.4700,39.267483,47241700,0,1,120.864470
2009-07-07,48.4000,38.418163,40473600,0,1,118.250260
2009-07-08,48.0700,38.156212,65594900,0,1,117.444008
2009-07-09,47.8700,37.997463,41678300,0,1,116.955371
2009-07-10,48.1000,38.180023,39883000,0,1,117.517304
2009-07-13,49.2600,39.100784,44825200,0,1,120.351401
2009-07-14,49.5500,39.330975,32721400,0,1,121.059925
2009-07-15,51.4600,40.847061,57645800,0,1,125.726413
2009-07-16,52.1000,41.355080,38353400,0,1,127.290053
2009-07-17,51.9000,41.196339,35682600,0,1,126.801415
2009-07-20,52.5400,41.704338,42596800,0,1,128.365055
2009-07-21,52.4500,41.632904,40423000,0,1,128.145168
2009-07-22,52.8600,41.958340,47552200,0,1,129.146875
2009-07-23,54.5300,43.283936,64531400,0,1,133.226997
2009-07-24,54.8100,43.506176,31293500,0,1,133.911090
2009-07-27,55.0900,43.728436,32672800,0,1,134.595182
2009-07-28,55.1200,43.752239,56192800,0,1,134.668478
2009-07-29,54.8400,43.529984,47421300,0,1,133.984385
2009-07-30,55.8000,44.291988,67822300,0,1,136.329845
2009-07-31,55.5700,44.109440,40477300,0,1,135.767912
2009-08-03,56.5400,44.879398,32392400,0,1,138.137804
2009-08-04,57.1100,45.331833,41223700,0,1,139.530420
2009-08-05,56.5400,44.879398,54105900,0,1,138.137804
2009-08-06,55.7500,44.252327,52403600,0,1,136.207686
2009-08-07,57.0900,45.315956,49363300,0,1,139.481557
2009-08-10,57.1900,45.395344,44780600,0,1,139.725875
2009-08-11,56.2700,44.665081,36077000,0,1,137.478143
2009-08-12,57.1200,45.339771,53618600,0,1,139.554852
2009-08-13,57.5900,45.712849,43539700,0,1,140.703150
2009-08-14,56.4100,44.776199,60224900,0,1,137.820189
2009-08-17,54.8200,43.514130,48853300,0,1,133.935522
2009-08-18,55.5500,44.093563,39358200,0,1,135.719048
2009-08-19,56.2300,44.633320,37740100,0,1,137.380416
2009-08-20,56.8400,45.117523,40013900,0,1,138.870760
2009-08-21,58.1500,46.157349,38321700,0,1,142.071335
2009-08-24,58.1300,46.141472,33986500,0,1,142.022471
2009-08-25,58.3800,46.339924,30197300,0,1,142.633268
2009-08-26,58.5100,46.443100,34163900,0,1,142.950882
2009-08-27,58.4200,46.371677,45253800,0,1,142.730996
2009-08-28,58.0500,46.077953,39328800,0,1,141.827016
2009-08-31,57.2000,45.403275,35360500,0,1,139.750307
2009-09-01,55.9200,44.387272,77077500,0,1,136.623028
2009-09-02,55.6400,44.165005,43436100,0,1,135.938935
2009-09-03,56.2600,44.657139,43089000,0,1,137.453711
2009-09-04,57.0500,45.284222,37229900,0,1,139.383829
2009-09-08,57.6800,45.784286,41062500,0,1,140.923037
2009-09-09,58.6700,46.570110,37219700,0,1,143.341792
2009-09-10,59.4000,47.149551,39171200,0,1,145.125319
2009-09-11,59.4200,47.165405,31718400,0,1,145.174183
2009-09-14,60.0500,47.665512,37896000,0,1,146.713391
2009-09-15,60.5400,48.054447,48814300,0,1,147.910552
2009-09-16,61.7900,49.046658,39404000,0,1,150.964536
2009-09-17,61.6600,48.943443,50596200,0,1,150.646922
2009-09-18,61.9100,49.141899,36822800,0,1,151.257719
2009-09-21,61.7400,49.006969,37511600,0,1,150.842377
2009-09-22,62.0200,49.345093,36266400,0.145,1,151.880732
2009-09-23,61.4300,48.875675,54838900,0,1,150.435881
2009-09-24,60.2000,47.897041,60639600,0,1,147.423735
2009-09-25,59.8300,47.602661,51804400,0,1,146.517642
2009-09-28,61.2600,48.740429,47925100,0,1,150.019568
2009-09-29,60.9900,48.525600,37453200,0,1,149.358365
2009-09-30,60.2400,47.928864,79344900,0,1,147.521691
2009-10-01,58.4400,46.496754,62840600,0,1,143.113672
2009-10-02,58.0000,46.146652,66448000,0,1,142.036157
2009-10-05,59.0400,46.974129,48919600,0,1,144.583012
2009-10-06,60.1400,47.849316,52211000,0,1,147.276801
2009-10-07,60.1600,47.865234,35534000,0,1,147.325779
2009-10-08,60.7100,48.302822,48971800,0,1,148.672674
2009-10-09,61.4200,48.867718,34597000,0,1,150.411392
2009-10-12,61.4300,48.875675,26895500,0,1,150.435881
2009-10-13,61.1700,48.668804,35459500,0,1,149.799167
2009-10-14,62.3400,49.599697,38634600,0,1,152.664379
2009-10-15,62.3000,49.567879,28632600,0,1,152.566423
2009-10-16,61.6800,49.074600,49031800,0,1,151.048106
2009-10-19,62.1900,49.480373,38229600,0,1,152.297044
2009-10-20,61.3300,48.796116,43952800,0,1,150.190991
2009-10-21,60.5000,48.135757,64591600,0,1,148.158405
2009-10-22,61.3400,48.804085,58421000,0,1,150.215480
2009-10-23,60.0600,47.785679,68826500,0,1,147.080889
2009-10-26,59.5200,47.356018,69899500,0,1,145.758483
2009-10-27,58.7900,46.775208,71958600,0,1,143.970787
2009-10-28,56.8300,45.215778,84951000,0,1,139.170944
2009-10-29,57.9100,46.075062,73615700,0,1,141.815756
2009-10-30,56.3300,44.817947,116215600,0,1,137.946495
2009-11-02,56.2200,44.730438,97996600,0,1,137.677116
2009-11-03,57.0700,45.406738,83105700,0,1,139.758680
2009-11-04,56.2500,44.754311,92803000,0,1,137.750583
2009-11-05,58.0400,46.178486,67422600,0,1,142.134113
2009-11-06,58.0800,46.210300,56216700,0,1,142.232069
2009-11-09,59.2200,47.117329,49200200,0,1,145.023814
2009-11-10,58.8500,46.822956,55864400,0,1,144.117721
2009-11-11,59.2600,47.149162,50320800,0,1,145.121770
2009-11-12,58.1700,46.281910,68550500,0,1,142.452469
2009-11-13,58.7300,46.727459,69258000,0,1,143.823853
2009-11-16,60.2800,47.960697,66099700,0,1,147.619647
2009-11-17,60.2800,47.960697,43026500,0,1,147.619647
2009-11-18,60.1600,47.865234,54309000,0,1,147.325779
2009-11-19,58.6600,46.671776,72350600,0,1,143.652430
2009-11-20,58.5900,46.616093,39780100,0,1,143.481007
2009-11-23,59.6100,47.427631,57935400,0,1,145.978884
2009-11-24,59.3400,47.212811,45238000,0,1,145.317682
2009-11-25,59.3300,47.204853,47641700,0,1,145.293193
2009-11-27,57.5800,45.812492,51862100,0,1,141.007619
2009-11-30,58.0900,46.218273,77936900,0,1,142.256558
2009-12-01,58.9900,46.934338,63141300,0,1,144.460567
2009-12-02,59.6900,47.491291,71220600,0,1,146.174796
2009-12-03,58.9600,46.910469,53866100,0,1,144.387100
2009-12-04,60.4200,48.072094,100434300,0,1,147.962493
2009-12-07,60.5100,48.143692,55543100,0,1,148.182894
2009-12-08,60.0400,47.769756,59576600,0,1,147.031911
2009-12-09,59.8500,47.618591,55537000,0,1,146.566620
2009-12-10,59.6100,47.427631,54319700,0,1,145.978884
2009-12-11,60.1700,47.873192,50543400,0,1,147.350268
2009-12-14,61.0800,48.597210,48248700,0,1,149.578766
2009-12-15,60.9100,48.461945,55378800,0,1,149.162453
2009-12-16,61.3000,48.772255,56550000,0,1,150.117524
2009-12-17,60.6200,48.231216,60917400,0,1,148.452273
2009-12-18,61.1800,48.676762,63876100,0,1,149.823656
2009-12-21,61.9900,49.321236,47658100,0,1,151.807265
2009-12-22,62.5700,49.782715,38750700,0,1,153.227626
2009-12-23,63.1200,50.424191,49503600,0.253,1,155.194092
2009-12-24,63.3600,50.615910,16521900,0,1,155.784184
2009-12-28,63.2600,50.536022,35784500,0,1,155.538312
2009-12-29,63.2300,50.512070,24085300,0,1,155.464551
2009-12-30,63.1900,50.480110,45268900,0,1,155.366202
2009-12-31,62.4400,49.880970,34407900,0,1,153.522166
2010-01-04,63.9800,51.111217,42863900,0,1,157.308587
2010-01-05,63.7600,50.935455,55523100,0,1,156.767670
2010-01-06,63.7000,50.887524,59708600,0,1,156.620147
2010-01-07,64.1700,51.263000,56123500,0,1,157.775743
2010-01-08,64.5200,51.542591,48811500,0,1,158.636293
2010-01-11,64.2600,51.334892,51638900,0,1,157.997027
2010-01-12,63.5600,50.775688,45854900,0,1,156.275927
2010-01-13,64.3800,51.430763,39501900,0,1,158.292073
2010-01-14,64.6200,51.622486,41859800,0,1,158.882165
2010-01-15,63.6800,50.871540,68725100,0,1,156.570973
2010-01-19,64.8500,51.806217,46839000,0,1,159.447669
2010-01-20,63.9100,51.055309,62485000,0,1,157.136477
2010-01-21,62.8600,50.216488,98323100,0,1,154.554826
2010-01-22,61.7300,49.313766,83757000,0,1,151.776478
2010-01-25,61.8000,49.369690,62298700,0,1,151.948588
2010-01-26,61.1900,48.882378,58213200,0,1,150.448772
2010-01-27,61.8400,49.401653,72565800,0,1,152.046937
2010-01-28,60.7800,48.554844,93814200,0,1,149.440699
2010-01-29,60.1100,48.019623,79325600,0,1,147.793360
2010-02-01,60.8200,48.586800,60731800,0,1,149.539048
2010-02-02,61.4900,49.122044,71047700,0,1,151.186387
2010-02-03,61.0800,48.794510,50241000,0,1,150.178314
2010-02-04,59.0400,47.164829,99167300,0,1,145.162535
2010-02-05,59.2700,47.348568,106752200,0,1,145.728039
2010-02-08,58.6800,46.877239,61579200,0,1,144.277398
2010-02-09,59.4900,47.524315,91986700,0,1,146.268957
2010-02-10,59.6300,47.636162,55715500,0,1,146.613177
2010-02-11,60.5800,48.395077,51969700,0,1,148.948956
2010-02-12,61.0200,48.746574,65909800,0,1,150.030791
2010-02-16,62.0500,49.569412,50057600,0,1,152.563267
2010-02-17,62.4700,49.904938,50459400,0,1,153.595928
2010-02-18,62.9800,50.312340,43072800,0,1,154.849872
2010-02-19,63.0600,50.376251,56840800,0,1,155.046569
2010-02-22,63.2500,50.528038,45344900,0,1,155.513725
2010-02-23,62.5100,49.936893,58965400,0,1,153.694276
2010-02-24,63.0400,50.360287,50476000,0,1,154.997395
2010-02-25,63.0600,50.376251,51949700,0,1,155.046569
2010-02-26,62.8000,50.168541,60093900,0,1,154.407303
2010-03-01,64.2600,51.334892,70967800,0,1,157.997027
2010-03-02,64.7500,51.726322,55605300,0,1,159.201798
2010-03-03,65.1200,52.021908,56207500,0,1,160.111522
2010-03-04,65.2900,52.157715,47174200,0,1,160.529504
2010-03-05,66.6200,53.220207,52293900,0,1,163.799595
2010-03-08,66.7400,53.316071,46046400,0,1,164.094641
2010-03-09,66.9800,53.507801,70685800,0,1,164.684732
2010-03-10,67.5500,53.963150,73655200,0,1,166.086200
2010-03-11,67.7500,54.122925,59964100,0,1,166.577943
2010-03-12,67.7200,54.098953,61862000,0,1,166.504181
2010-03-15,67.4900,53.915215,49862700,0,1,165.938677
2010-03-16,68.0700,54.378540,52874400,0,1,167.364732
2010-03-17,68.4700,54.698101,53589100,0,1,168.348218
2010-03-18,68.2600,54.530342,71527500,0,1,167.831888
2010-03-19,67.4100,53.851307,80546500,0,1,165.741980
2010-03-22,68.3600,54.610229,56679400,0,1,168.077759
2010-03-23,69.2300,55.305237,61187700,0,1,170.216841
2010-03-24,68.2700,54.674171,59664500,0.172,1,168.279374
2010-03-25,67.8400,54.329777,66977000,0,1,167.219463
2010-03-26,67.8100,54.305763,58114700,0,1,167.145515
2010-03-29,68.1800,54.602093,38646400,0,1,168.057532
2010-03-30,68.3900,54.770245,35773100,0,1,168.575163
2010-03-31,67.8000,54.297764,59821600,0,1,167.120866
2010-04-01,68.4300,54.802303,58838700,0,1,168.673759
2010-04-05,69.7100,55.827393,52020600,0,1,171.828843
2010-04-06,70.1200,56.155766,50203600,0,1,172.839456
2010-04-07,69.9000,55.979553,71418200,0,1,172.297176
2010-04-08,69.8300,55.923504,54603600,0,1,172.124633
2010-04-09,70.2500,56.259838,53070100,0,1,173.159895
2010-04-12,70.5400,56.492107,49301000,0,1,173.874718
2010-04-13,70.7000,56.620239,42151000,0,1,174.269104
2010-04-14,72.2100,57.829521,62041600,0,1,177.991117
2010-04-15,72.4300,58.005692,55141800,0,1,178.533397
2010-04-16,71.4600,57.228870,93241600,0,1,176.142435
2010-04-19,71.1100,56.948586,85284600,0,1,175.279717
2010-04-20,72.0800,57.725391,50736600,0,1,177.670679
2010-04-21,72.5800,58.125843,60382500,0,1,178.903134
2010-04-22,73.3500,58.742489,79289500,0,1,180.801114
2010-04-23,74.1300,59.367157,66271100,0,1,182.723743
2010-04-26,73.8500,59.142902,62710000,0,1,182.033569
2010-04-27,72.1600,57.789490,101050200,0,1,177.867872
2010-04-28,72.2800,57.885582,79762700,0,1,178.163661
2010-04-29,73.8100,59.110901,68869600,0,1,181.934972
2010-04-30,71.6500,57.381042,88759100,0,1,176.610768
2010-05-03,73.2600,58.670403,53775400,0,1,180.579272
2010-05-04,70.9600,56.828468,105727600,0,1,174.909980
2010-05-05,69.9200,55.995571,110340400,0,1,172.346474
2010-05-06,67.3000,53.897358,195388200,0,1,165.888411
2010-05-07,65.3600,52.343693,189573100,0,1,161.106487
2010-05-10,69.0300,55.282818,107703400,0,1,170.152705
2010-05-11,69.4900,55.651199,100027800,0,1,171.286563
2010-05-12,71.6200,57.357025,84618400,0,1,176.536821
2010-05-13,70.9300,56.804417,78553600,0,1,174.836033
2010-05-14,69.5600,55.707253,86134200,0,1,171.459107
2010-05-17,69.6900,55.811386,78565900,0,1,171.779545
2010-05-18,68.3500,54.738228,87146900,0,1,168.476566
2010-05-19,67.5400,54.089554,107292800,0,1,166.479990
2010-05-20,64.1200,51.350639,166841100,0,1,158.049999
2010-05-21,65.0700,52.111446,139644500,0,1,160.391663
2010-05-24,64.2000,51.414700,75991800,0,1,158.247192
2010-05-25,64.1900,51.406696,110830700,0,1,158.222543
2010-05-26,64.3500,51.534832,104172900,0,1,158.616928
2010-05-27,67.1100,53.745171,86856200,0,1,165.420079
2010-05-28,66.2500,53.056454,92369800,0,1,163.300256
2010-06-01,64.2400,51.446724,88420300,0,1,158.345788
2010-06-02,66.0700,52.912296,61553800,0,1,162.856573
2010-06-03,66.9200,53.592991,74864100,0,1,164.951746
2010-06-04,63.5600,50.902164,105547200,0,1,156.669650
2010-06-07,61.9200,49.588749,88434200,0,1,152.627198
2010-06-08,61.8900,49.564728,129072000,0,1,152.553251
2010-06-09,61.9300,49.596767,108638000,0,1,152.651847
2010-06-10,64.0700,51.310589,75497300,0,1,157.926754
2010-06-11,64.9400,52.007332,65295200,0,1,160.071225
2010-06-14,65.3500,52.335682,70543000,0,1,161.081838
2010-06-15,66.9900,53.649078,72336400,0,1,165.124289
2010-06-16,66.6800,53.400806,62369400,0,1,164.360167
2010-06-17,66.7600,53.464882,67327600,0,1,164.557360
2010-06-18,66.8000,53.496906,52760900,0,1,164.655957
2010-06-21,66.1100,52.944344,58648400,0,1,162.955169
2010-06-22,64.7500,51.855156,70827400,0,1,159.602892
2010-06-23,64.5700,51.711006,70315300,0,1,159.159208
2010-06-24,63.5400,50.886150,72504900,0,1,156.620352
2010-06-25,64.6300,51.759064,87177700,0,1,159.307103
2010-06-28,64.2600,51.462749,64643900,0,1,158.395086
2010-06-29,61.8300,49.516693,110269700,0,1,152.405356
2010-06-30,61.1200,48.948067,93806400,0,1,150.655271
2010-07-01,60.6800,48.595715,114225800,0,1,149.570710
2010-07-02,59.8200,48.064594,72084200,0.199,1,147.941405
2010-07-06,59.0400,47.437870,89452600,0,1,146.012380
2010-07-07,61.1000,49.093063,79640200,0,1,151.106985
2010-07-08,61.9800,49.800129,58770100,0,1,153.283321
2010-07-09,62.9400,50.571468,38202700,0,1,155.657506
2010-07-12,62.2300,50.000996,43038300,0,1,153.901599
2010-07-13,64.2000,51.583874,83581200,0,1,158.773624
2010-07-14,63.9700,51.399075,52526100,0,1,158.204809
2010-07-15,63.3800,50.924999,71044000,0,1,156.745675
2010-07-16,61.0700,49.068954,98127500,0,1,151.032792
2010-07-19,61.3300,49.277863,63879600,0,1,151.675800
2010-07-20,62.3600,50.105457,71430700,0,1,154.223103
2010-07-21,61.2400,49.205547,68456600,0,1,151.453220
2010-07-22,63.4200,50.957153,81000700,0,1,156.844599
2010-07-23,64.9800,52.210583,73916800,0,1,160.702650
2010-07-26,66.4600,53.399746,66248300,0,1,164.362852
2010-07-27,66.2200,53.206921,84127100,0,1,163.769305
2010-07-28,65.1500,52.347191,59705100,0,1,161.123078
2010-07-29,64.9800,52.210583,63214400,0,1,160.702650
2010-07-30,65.0200,52.242733,67453000,0,1,160.801574
2010-08-02,66.1500,53.150658,49896600,0,1,163.596188
2010-08-03,65.6200,52.724834,51145700,0,1,162.285440
2010-08-04,66.3100,53.279224,40817400,0,1,163.991885
2010-08-05,65.5300,52.652523,37991000,0,1,162.062860
2010-08-06,65.1400,52.339138,62483200,0,1,161.098347
2010-08-09,65.8600,52.917645,35100700,0,1,162.878986
2010-08-10,64.6200,51.921349,59841700,0,1,159.812330
2010-08-11,62.0800,49.880482,87392600,0,1,153.530632
2010-08-12,61.7700,49.631405,63300200,0,1,152.763968
2010-08-13,61.0700,49.068954,68238000,0,1,151.032792
2010-08-16,61.5600,49.462677,51371000,0,1,152.244615
2010-08-17,62.6200,50.314358,54593200,0,1,154.866111
2010-08-18,62.8100,50.467022,61766600,0,1,155.336002
2010-08-19,61.0900,49.085033,89236900,0,1,151.082254
2010-08-20,61.1500,49.133240,64085700,0,1,151.230641
2010-08-23,60.3200,48.466343,55423700,0,1,149.177960
2010-08-24,59.6300,47.911934,78875300,0,1,147.471514
2010-08-25,60.5300,48.635059,64025300,0,1,149.697313
2010-08-26,60.0800,48.273491,74569900,0,1,148.584414
2010-08-27,61.6500,49.534977,72003600,0,1,152.467195
2010-08-30,60.3000,48.450275,42401800,0,1,149.128498
2010-08-31,60.1800,48.353851,60625100,0,1,148.831724
2010-09-01,62.5100,50.225998,62585200,0,1,154.594069
2010-09-02,63.2000,50.780396,45824200,0,1,156.300515
2010-09-03,64.3300,51.688320,51986300,0,1,159.095129
2010-09-07,63.1100,50.708073,48881600,0,1,156.077935
2010-09-08,63.4800,51.005360,58863300,0,1,156.992986
2010-09-09,63.5200,51.037487,52494300,0,1,157.091910
2010-09-10,63.7200,51.198181,46973500,0,1,157.586532
2010-09-13,65.2700,52.443592,60551500,0,1,161.419851
2010-09-14,64.9900,52.218609,55811200,0,1,160.727381
2010-09-15,65.3600,52.515919,63008500,0,1,161.642431
2010-09-16,64.9400,52.178448,52659700,0,1,160.603725
2010-09-17,65.2100,52.395386,61775400,0,1,161.271465
2010-09-20,67.0200,53.849716,70669500,0,1,165.747793
2010-09-21,66.6300,53.536331,64974200,0,1,164.783280
2010-09-22,65.8400,52.901573,65225800,0,1,162.829524
2010-09-23,64.8800,52.261208,62724700,0.165,1,160.863402
2010-09-24,66.9900,53.960831,71675000,0,1,166.094934
2010-09-27,66.8200,53.823887,48357100,0,1,165.673436
2010-09-28,67.4800,54.355549,66176700,0,1,167.309839
2010-09-29,67.6700,54.508568,53580600,0,1,167.780925
2010-09-30,67.5000,54.371647,81818000,0,1,167.359427
2010-10-01,67.8600,54.661610,61763500,0,1,168.252011
2010-10-04,66.9400,53.920540,56292700,0,1,165.970964
2010-10-05,68.8400,55.451008,77655500,0,1,170.681822
2010-10-06,68.6100,55.265743,43163400,0,1,170.111560
2010-10-07,68.4100,55.104656,39955400,0,1,169.615680
2010-10-08,69.2800,55.805443,59953200,0,1,171.772757
2010-10-11,69.3400,55.853764,37345900,0,1,171.921521
2010-10-12,69.5200,55.998760,51099800,0,1,172.367813
2010-10-13,70.5800,56.852600,58582200,0,1,174.995976
2010-10-14,70.5300,56.812317,70382100,0,1,174.872006
2010-10-15,70.2900,56.619003,74953500,0,1,174.276950
2010-10-18,70.8800,57.094246,39841500,0,1,175.739795
2010-10-19,69.5000,55.982658,64627600,0,1,172.318225
2010-10-20,70.2100,56.554535,54118800,0,1,174.078598
2010-10-21,69.8700,56.280682,62505300,0,1,173.235602
2010-10-22,70.3200,56.643162,26267800,0,1,174.351332
2010-10-25,70.7400,56.981464,36095900,0,1,175.392679
2010-10-26,70.6900,56.941204,37884100,0,1,175.268710
2010-10-27,70.5100,56.796223,53515400,0,1,174.822418
2010-10-28,70.0800,56.449852,48482400,0,1,173.756276
2010-10-29,70.3000,56.627045,40455100,0,1,174.301744
2010-11-01,69.8200,56.240395,47357500,0,1,173.111632
2010-11-02,71.2700,57.408386,55102800,0,1,176.706761
2010-11-03,71.5500,57.633938,58044500,0,1,177.400993
2010-11-04,73.3600,59.091900,60908000,0,1,181.888705
2010-11-05,73.7700,59.422142,45659100,0,1,182.905258
2010-11-08,73.7100,59.373833,31656700,0,1,182.756494
2010-11-09,72.7300,58.584438,48438600,0,1,180.326683
2010-11-10,73.5400,59.236874,53667600,0,1,182.334996
2010-11-11,73.2500,59.003307,42989400,0,1,181.615971
2010-11-12,72.0300,58.020596,48799200,0,1,178.591104
2010-11-15,72.0400,58.028625,38922600,0,1,178.615898
2010-11-16,70.6400,56.900925,69965600,0,1,175.144740
2010-11-17,70.8300,57.053974,39512500,0,1,175.615825
2010-11-18,72.2100,58.165581,52638700,0,1,179.037396
2010-11-19,72.4500,58.358898,32830300,0,1,179.632452
2010-11-22,72.8000,58.640800,42163100,0,1,180.500241
2010-11-23,72.1100,58.085011,52202300,0,1,178.789456
2010-11-24,73.7300,59.389950,42138400,0,1,182.806082
2010-11-26,73.2200,58.979107,19004000,0,1,181.541589
2010-11-29,73.3300,59.067726,47897000,0,1,181.814323
2010-11-30,72.7500,58.600536,68631800,0,1,180.376271
2010-12-01,74.3800,59.913502,59974000,0,1,184.417692
2010-12-02,75.1300,60.517635,42529200,0,1,186.277241
2010-12-03,75.6700,60.952602,36549400,0,1,187.616116
2010-12-06,76.1400,61.331207,36177500,0,1,188.781434
2010-12-07,76.5800,61.685646,66769100,0,1,189.872369
2010-12-08,76.5300,61.645386,40388800,0,1,189.748399
2010-12-09,76.7900,61.854759,49384000,0,1,190.393043
2010-12-10,77.7500,62.628082,43303000,0,1,192.773266
2010-12-13,77.3500,62.305874,43025600,0,1,191.781506
2010-12-14,77.3100,62.273636,60000700,0,1,191.682330
2010-12-15,77.0700,62.080303,52002400,0,1,191.087275
2010-12-16,77.7800,62.652241,57936100,0,1,192.847648
2010-12-17,78.0200,62.845558,40362300,0,1,193.442704
2010-12-20,78.3300,63.095257,42692700,0,1,194.211317
2010-12-21,79.2000,63.796036,30166800,0,1,196.368394
2010-12-22,78.8200,63.777462,29812300,0.357,1,196.311368
2010-12-23,78.7200,63.696518,25239600,0,1,196.062305
2010-12-27,78.9600,63.890732,15770300,0,1,196.660056
2010-12-28,78.7400,63.712734,25827900,0,1,196.112118
2010-12-29,78.9100,63.850262,18138800,0,1,196.535525
2010-12-30,78.7600,63.728882,37997400,0,1,196.161930
2010-12-31,78.2400,63.308128,33323500,0,1,194.866803
2011-01-03,79.6000,64.408577,48878000,0,1,198.254059
2011-01-04,78.4200,63.453766,77509000,0,1,195.315117
2011-01-05,79.3400,64.198189,47145300,0,1,197.606495
2011-01-06,78.9700,63.898819,39392300,0,1,196.684962
2011-01-07,78.5200,63.534718,59486800,0,1,195.564179
2011-01-10,78.9700,63.898819,55020300,0,1,196.684962
2011-01-11,79.2900,64.157753,42124300,0,1,197.481964
2011-01-12,79.9700,64.707970,38442600,0,1,199.175591
2011-01-13,79.9400,64.683685,29687600,0,1,199.100872
2011-01-14,80.5400,65.169197,38036700,0,1,200.595250
2011-01-18,80.6000,65.217751,37824100,0,1,200.744688
2011-01-19,78.5300,63.542747,70707400,0,1,195.589086
2011-01-20,77.7100,62.879288,79653000,0,1,193.546770
2011-01-21,77.1900,62.458519,56676500,0,1,192.251643
2011-01-24,77.7600,62.919754,48142600,0,1,193.671302
2011-01-25,77.8800,63.016838,47013400,0,1,193.970177
2011-01-26,79.1200,64.020195,65896200,0,1,197.058557
2011-01-27,79.3500,64.206306,48174800,0,1,197.631401
2011-01-28,77.4100,62.636532,91023700,0,1,192.799581
2011-01-31,77.9500,63.073509,53265200,0,1,194.144521
2011-02-01,79.7500,64.529968,57786700,0,1,198.627653
2011-02-02,79.4500,64.287193,39937400,0,1,197.880464
2011-02-03,79.7300,64.513771,41156200,0,1,198.577840
2011-02-04,79.8700,64.627045,39532700,0,1,198.926528
2011-02-07,80.6600,65.266266,40835200,0,1,200.894125
2011-02-08,81.2300,65.727486,37563900,0,1,202.313784
2011-02-09,80.8700,65.436234,43298900,0,1,201.417157
2011-02-10,81.1900,65.695152,48001000,0,1,202.214159
2011-02-11,82.0700,66.407219,38579100,0,1,204.405912
2011-02-14,82.4900,66.747025,36730500,0,1,205.451976
2011-02-15,82.0200,66.366714,42908600,0,1,204.281381
2011-02-16,82.6800,66.900742,38284700,0,1,205.925196
2011-02-17,83.2600,67.370087,34891200,0,1,207.369760
2011-02-18,83.3500,67.442909,39514200,0,1,207.593917
2011-02-22,81.2100,65.711319,68370300,0,1,202.263971
2011-02-23,79.8100,64.578514,91258600,0,1,198.777091
2011-02-24,80.3200,64.991180,85126500,0,1,200.047311
2011-02-25,82.1800,66.496193,58566800,0,1,204.679881
2011-02-28,82.2700,66.569023,49869300,0,1,204.904038
2011-03-01,80.6200,65.233925,70865100,0,1,200.794500
2011-03-02,80.9600,65.509026,61072300,0,1,201.641314
2011-03-03,82.8000,66.997871,78937600,0,1,206.224071
2011-03-04,82.4400,66.706581,60907100,0,1,205.327445
2011-03-07,81.0900,65.614204,90777900,0,1,201.965096
2011-03-08,82.4100,66.682327,67755300,0,1,205.252726
2011-03-09,82.0800,66.415298,51216900,0,1,204.430818
2011-03-10,79.9700,64.707970,107642100,0,1,199.175591
2011-03-11,80.1800,64.877884,83202700,0,1,199.698623
2011-03-14,79.7500,64.529968,60138300,0,1,198.627653
2011-03-15,79.0400,63.955441,84941700,0,1,196.859306
2011-03-16,78.2500,63.316246,126014500,0,1,194.891710
2011-03-17,78.4200,63.453766,63992800,0,1,195.315117
2011-03-18,79.4600,64.295280,70017700,0,1,197.905371
2011-03-21,81.3000,65.784157,50638200,0,1,202.488128
2011-03-22,80.8700,65.436234,52372800,0,1,201.417157
2011-03-23,81.1200,65.638489,58044700,0,1,202.039815
2011-03-24,81.5100,66.091743,52850900,0.169,1,203.432076
2011-03-25,82.2200,66.667465,78164900,0,1,205.204089
2011-03-28,82.0400,66.521500,42798300,0,1,204.754846
2011-03-29,82.8100,67.145851,40967200,0,1,206.676607
2011-03-30,83.8800,68.013451,42147100,0,1,209.347105
2011-03-31,84.1700,68.248589,41625800,0,1,210.070885
2011-04-01,84.5400,68.548630,49160200,0,1,210.994328
2011-04-04,84.7300,68.702675,42236600,0,1,211.468529
2011-04-05,85.1900,69.075684,45454400,0,1,212.616594
2011-04-06,85.3800,69.229713,59035700,0,1,213.090794
2011-04-07,84.8700,68.816200,69434400,0,1,211.817940
2011-04-08,83.9800,68.094559,63650400,0,1,209.596684
2011-04-11,83.2300,67.486443,41784100,0,1,207.724840
2011-04-12,82.1400,66.602585,58103300,0,1,205.004426
2011-04-13,82.2500,66.691795,80424900,0,1,205.278963
2011-04-14,82.6300,66.999908,58532300,0,1,206.227364
2011-04-15,83.5100,67.713409,53690700,0,1,208.423662
2011-04-18,82.1300,66.594460,58593400,0,1,204.979468
2011-04-19,82.1500,66.610710,31991000,0,1,205.029384
2011-04-20,83.8300,67.972916,47061100,0,1,209.222316
2011-04-21,84.4500,68.475616,30293300,0,1,210.769707
2011-04-25,84.3400,68.386482,23441400,0,1,210.495170
2011-04-26,85.1800,69.067535,53200000,0,1,212.591636
2011-04-27,85.6900,69.481079,44680600,0,1,213.864490
2011-04-28,86.0800,69.797287,43464600,0,1,214.837849
2011-04-29,86.3900,70.048653,41030900,0,1,215.611545
2011-05-02,85.3800,69.229713,48962400,0,1,213.090794
2011-05-03,84.3000,68.354012,56070000,0,1,210.395338
2011-05-04,83.2100,67.470207,64754600,0,1,207.674924
2011-05-05,82.8300,67.162086,91858900,0,1,206.726523
2011-05-06,83.2700,67.518860,76446200,0,1,207.824672
2011-05-09,84.2400,68.305367,45806800,0,1,210.245591
2011-05-10,85.5300,69.351364,44373700,0,1,213.465163
2011-05-11,83.9500,68.070221,81313700,0,1,209.521811
2011-05-12,84.6900,68.670242,80109400,0,1,211.368697
2011-05-13,83.5100,67.713409,74669000,0,1,208.423662
2011-05-16,82.2900,66.724228,68771600,0,1,205.378795
2011-05-17,82.0300,66.513435,76475100,0,1,204.729888
2011-05-18,83.2900,67.535057,54512200,0,1,207.874587
2011-05-19,83.4700,67.681007,52914400,0,1,208.323830
2011-05-20,82.8600,67.186386,56016800,0,1,206.801396
2011-05-23,81.3700,65.978249,50696600,0,1,203.082665
2011-05-24,80.9800,65.662003,60223400,0,1,202.109306
2011-05-25,82.0000,66.489067,60009900,0,1,204.655015
2011-05-26,83.0800,67.364769,51821300,0,1,207.350471
2011-05-27,83.6500,67.826935,46619400,0,1,208.773073
2011-05-31,84.8400,68.791847,77456200,0,1,211.743066
2011-06-01,82.1100,66.578270,80933800,0,1,204.929552
2011-06-02,82.0800,66.553947,64666600,0,1,204.854678
2011-06-03,80.8800,65.580910,76493800,0,1,201.859727
2011-06-06,79.5500,64.502487,63782200,0,1,198.540322
2011-06-07,79.7400,64.656548,58242200,0,1,199.014523
2011-06-08,78.8500,63.934929,67740400,0,1,196.793267
2011-06-09,79.2700,64.275482,58469700,0,1,197.841500
2011-06-10,78.0000,63.245697,71823100,0,1,194.671843
2011-06-13,77.7800,63.067322,60285400,0,1,194.122769
2011-06-14,79.4500,64.421417,66662700,0,1,198.290743
2011-06-15,78.0300,63.270031,89262000,0,1,194.746717
2011-06-16,78.2100,63.415974,81849500,0,1,195.195960
2011-06-17,78.2300,63.432186,77862900,0,1,195.245876
2011-06-20,78.9500,64.016006,53343900,0,1,197.042846
2011-06-21,80.6600,65.402542,75970200,0,1,201.310652
2011-06-22,80.0400,64.899826,55839700,0,1,199.763261
2011-06-23,80.3500,65.151192,92521100,0,1,200.536956
2011-06-24,79.9400,64.818710,73865400,0,1,199.513681
2011-06-27,80.5600,65.321480,51195400,0,1,201.061073
2011-06-28,81.8100,66.335022,54021800,0,1,204.180814
2011-06-29,82.2000,66.651253,68230200,0,1,205.154173
2011-06-30,82.8000,67.137749,59915500,0,1,206.651649
2011-07-01,84.0900,68.183723,63908100,0,1,209.871222
2011-07-05,84.0400,68.347984,48268900,0.252,1,210.375372
2011-07-06,84.3800,68.624550,57094100,0,1,211.226486
2011-07-07,85.6500,69.657402,68556600,0,1,214.405647
2011-07-08,85.1300,69.234489,61977400,0,1,213.103943
2011-07-11,83.3200,67.762444,59769800,0,1,208.573013
2011-07-12,82.8500,67.380211,65322100,0,1,207.396473
2011-07-13,83.5900,67.982063,79327200,0,1,209.248897
2011-07-14,82.2600,66.900383,91726600,0,1,205.919539
2011-07-15,82.8100,67.347649,75496200,0,1,207.296342
2011-07-18,81.4800,66.266006,56859700,0,1,203.966984
2011-07-19,83.3200,67.762444,56060800,0,1,208.573013
2011-07-20,83.1800,67.648590,40277400,0,1,208.222554
2011-07-21,83.9400,68.266693,63405500,0,1,210.125044
2011-07-22,84.0500,68.356171,34540200,0,1,210.400405
2011-07-25,83.0600,67.550987,49764900,0,1,207.922161
2011-07-26,82.4300,67.038635,52205500,0,1,206.345096
2011-07-27,79.9700,65.037949,97533300,0,1,200.187036
2011-07-28,79.8400,64.932220,67439400,0,1,199.861610
2011-07-29,79.7400,64.850883,93519600,0,1,199.611282
2011-08-01,79.2200,64.427994,93483200,0,1,198.309578
2011-08-02,76.7500,62.419178,95669600,0,1,192.126485
2011-08-03,77.2600,62.833984,114910400,0,1,193.403156
2011-08-04,72.6000,59.044086,130904800,0,1,181.737887
2011-08-05,71.3300,58.011230,188585600,0,1,178.558725
2011-08-08,65.1200,52.960762,170159700,0,1,163.013377
2011-08-09,69.4600,56.490391,207867000,0,1,173.877598
2011-08-10,66.0600,53.725262,182376400,0,1,165.366457
2011-08-11,69.3600,56.409058,121880100,0,1,173.627270
2011-08-12,69.7900,56.758774,86475800,0,1,174.703679
2011-08-15,71.7600,58.360931,57616800,0,1,179.635134
2011-08-16,70.4400,57.287415,79484300,0,1,176.330809
2011-08-17,70.4600,57.303696,66789100,0,1,176.380875
2011-08-18,66.4500,54.042412,110692200,0,1,166.342735
2011-08-19,65.2800,53.090912,99196100,0,1,163.413901
2011-08-22,65.0500,52.903843,72211900,0,1,162.838148
2011-08-23,68.1900,55.457520,93274300,0,1,170.698437
2011-08-24,69.2000,56.278950,67698000,0,1,173.226746
2011-08-25,67.5000,54.896378,80732900,0,1,168.971176
2011-08-26,69.1100,56.205746,84468500,0,1,173.001451
2011-08-29,72.3800,58.865185,53069800,0,1,181.187166
2011-08-30,72.8000,59.206738,67801600,0,1,182.238542
2011-08-31,72.6500,59.084782,70313900,0,1,181.863050
2011-09-01,71.0900,57.816036,86788800,0,1,177.957939
2011-09-02,68.4600,55.677116,78920100,0,1,171.374321
2011-09-06,68.2700,55.522602,71493900,0,1,170.898699
2011-09-07,70.8500,57.620865,68952400,0,1,177.357152
2011-09-08,69.5500,56.563591,71124100,0,1,174.102893
2011-09-09,67.5000,54.896378,99453600,0,1,168.971176
2011-09-12,68.0800,55.368084,100109900,0,1,170.423076
2011-09-13,69.1800,56.262672,84144100,0,1,173.176680
2011-09-14,70.4200,57.271149,77019200,0,1,176.280744
2011-09-15,71.4100,58.076279,74213100,0,1,178.758987
2011-09-16,71.5200,58.165752,75773300,0,1,179.034348
2011-09-19,70.2400,57.124756,69216200,0,1,175.830154
2011-09-20,69.1500,56.238266,63453200,0,1,173.101582
2011-09-21,66.5900,54.156269,81413800,0,1,166.693194
2011-09-22,64.7300,52.643597,159808200,0,1,162.037099
2011-09-23,65.1400,53.182426,84086000,0.25,1,163.689262
2011-09-26,66.3700,54.186649,75555800,0,1,166.780109
2011-09-27,67.8000,55.354130,93999600,0,1,170.373533
2011-09-28,65.2000,53.231411,85412600,0,1,163.840035
2011-09-29,66.3300,54.154018,73927200,0,1,166.679594
2011-09-30,64.3000,52.496628,72124900,0,1,161.578439
2011-10-03,60.9900,49.794247,119485000,0,1,153.260793
2011-10-04,64.7900,52.896687,165100000,0,1,162.809752
2011-10-05,65.6800,53.623299,100371000,0,1,165.046219
2011-10-06,67.1400,54.815289,85789700,0,1,168.715030
2011-10-07,65.5000,53.476353,93662300,0,1,164.593900
2011-10-10,68.3700,55.819515,76366700,0,1,171.805877
2011-10-11,68.8400,56.203232,63173300,0,1,172.986933
2011-10-12,69.8200,57.003338,88580000,0,1,175.449559
2011-10-13,69.7600,56.954357,54163300,0,1,175.298786
2011-10-14,71.1400,58.081036,69768200,0,1,178.766566
2011-10-17,68.9800,56.317532,57529900,0,1,173.338736
2011-10-18,70.8100,57.811588,98948000,0,1,177.937314
2011-10-19,69.4300,56.684952,71071600,0,1,174.469534
2011-10-20,69.6200,56.840069,90998600,0,1,174.946982
2011-10-21,71.1300,58.072861,60408600,0,1,178.741437
2011-10-24,73.4200,59.942493,81399100,0,1,184.495941
2011-10-25,71.3600,58.260658,66767900,0,1,179.319400
2011-10-26,72.5900,59.264847,76643400,0,1,182.410247
2011-10-27,76.4200,62.391808,130508100,0,1,192.034593
2011-10-28,76.0300,62.073387,82397500,0,1,191.054568
2011-10-31,74.0100,60.424187,66969200,0,1,185.978543
2011-11-01,71.3900,58.285145,110064900,0,1,179.394787
2011-11-02,73.1500,59.722073,63821300,0,1,183.817462
2011-11-03,74.9700,61.207958,74622200,0,1,188.390911
2011-11-04,74.6000,60.905876,65262500,0,1,187.461144
2011-11-07,74.4500,60.783424,67136100,0,1,187.084212
2011-11-08,75.5400,61.673313,72278500,0,1,189.823255
2011-11-09,71.9400,58.734165,78806400,0,1,180.776873
2011-11-10,72.4700,59.166893,72175100,0,1,182.108701
2011-11-11,74.3800,60.726250,62452000,0,1,186.908310
2011-11-14,73.3100,59.852669,61114200,0,1,184.219524
2011-11-15,74.2400,60.611973,65795300,0,1,186.556506
2011-11-16,73.0400,59.632240,56938700,0,1,183.541045
2011-11-17,72.0000,58.783150,78923500,0,1,180.927646
2011-11-18,71.9800,58.766838,53462900,0,1,180.877388
2011-11-21,70.2600,57.362537,58233500,0,1,176.555228
2011-11-22,69.6700,56.880871,55404700,0,1,175.072626
2011-11-23,67.4800,55.092880,69700300,0,1,169.569410
2011-11-25,66.6200,54.390759,28167900,0,1,167.408330
2011-11-28,69.7900,56.978844,59167100,0,1,175.374172
2011-11-29,69.6600,56.872730,58157100,0,1,175.047497
2011-11-30,73.7300,60.195583,93802900,0,1,185.274935
2011-12-01,73.2000,59.762882,57394700,0,1,183.943107
2011-12-02,73.5000,60.007820,47671500,0,1,184.696972
2011-12-05,74.7600,61.036530,58429900,0,1,187.863206
2011-12-06,74.8300,61.093636,43597000,0,1,188.039107
2011-12-07,74.6800,60.971207,55904400,0,1,187.662175
2011-12-08,72.3600,59.077091,71486700,0,1,181.832284
2011-12-09,74.5400,60.856907,72184900,0,1,187.310371
2011-12-12,73.4700,59.983322,47638600,0,1,184.621585
2011-12-13,71.9400,58.734165,79040300,0,1,180.776873
2011-12-14,71.0400,57.999374,77704900,0,1,178.515277
2011-12-15,71.7000,58.538227,50096100,0,1,180.173781
2011-12-16,72.2600,58.995445,66225600,0,1,181.580996
2011-12-19,71.0100,57.974892,52897500,0,1,178.439891
2011-12-20,73.8600,60.301708,74174400,0,1,185.601610
2011-12-21,74.1600,60.546638,59194600,0,1,186.355475
2011-12-22,74.2700,60.932224,41502800,0.36,1,187.536531
2011-12-23,74.5500,61.161964,24333600,0,1,188.243549
2011-12-27,74.7700,61.342438,26922400,0,1,188.799063
2011-12-28,73.4100,60.226704,37827500,0,1,185.364975
2011-12-29,74.1500,60.833786,27090500,0,1,187.233523
2011-12-30,73.7500,60.505627,31979800,0,1,186.223497
2012-01-03,74.9700,61.506531,60504700,0,1,189.304076
2012-01-04,74.5600,61.170155,34648500,0,1,188.268799
2012-01-05,74.9800,61.514740,57274600,0,1,189.329326
2012-01-06,74.7900,61.358833,45499800,0,1,188.849564
2012-01-09,75.1700,61.670639,52042400,0,1,189.809089
2012-01-10,76.2700,62.573112,42977600,0,1,192.586659
2012-01-11,76.5700,62.819218,33445800,0,1,193.344179
2012-01-12,76.8000,63.007904,36131400,0,1,193.924944
2012-01-13,76.3900,62.671524,42600400,0,1,192.889667
2012-01-17,76.3600,62.646915,34518400,0,1,192.813915
2012-01-18,77.7200,63.762703,49330800,0,1,196.248003
2012-01-19,78.2000,64.156502,35830500,0,1,197.460034
2012-01-20,78.2500,64.197517,42221200,0,1,197.586287
2012-01-23,78.1500,64.115463,37481400,0,1,197.333780
2012-01-24,78.6000,64.484665,49856900,0,1,198.470059
2012-01-25,79.2700,65.034340,68272900,0,1,200.161853
2012-01-26,79.1800,64.960510,52755700,0,1,199.934597
2012-01-27,79.7200,65.403488,52203500,0,1,201.298132
2012-01-30,79.1000,64.894875,46332400,0,1,199.732592
2012-01-31,79.0200,64.829239,52024000,0,1,199.530586
2012-02-01,80.7200,66.223923,67292200,0,1,203.823196
2012-02-02,81.1800,66.601318,46400100,0,1,204.984725
2012-02-03,82.9500,68.053421,72738000,0,1,209.454089
2012-02-06,82.6800,67.831940,34516000,0,1,208.772322
2012-02-07,82.6300,67.790924,41623400,0,1,208.646069
2012-02-08,82.8100,67.938591,46697400,0,1,209.100580
2012-02-09,82.4000,67.602226,48712500,0,1,208.065304
2012-02-10,81.2700,66.675148,42503000,0,1,205.211981
2012-02-13,82.3200,67.536598,38574100,0,1,207.863299
2012-02-14,81.9500,67.233032,49375200,0,1,206.929025
2012-02-15,81.2700,66.675148,59836600,0,1,205.211981
2012-02-16,82.8000,67.930397,61456800,0,1,209.075330
2012-02-17,82.7900,67.922195,33292000,0,1,209.050079
2012-02-21,82.2300,67.462761,39889400,0,1,207.636043
2012-02-22,81.5800,66.929474,42626900,0,1,205.994751
2012-02-23,82.8000,67.930397,53177500,0,1,209.075330
2012-02-24,82.6400,67.799133,37607700,0,1,208.671319
2012-02-27,82.5000,67.684258,51807700,0,1,208.317810
2012-02-28,82.2800,67.503761,47680600,0,1,207.762296
2012-02-29,81.0500,66.494652,64213200,0,1,204.656467
2012-03-01,81.4700,66.839226,69526300,0,1,205.716994
2012-03-02,80.2500,65.838333,70789500,0,1,202.636416
2012-03-05,80.3400,65.912163,44334800,0,1,202.863671
2012-03-06,78.7400,64.599495,80769300,0,1,198.823568
2012-03-07,79.4800,65.206604,57456300,0,1,200.692116
2012-03-08,80.5100,66.051636,43803100,0,1,203.292932
2012-03-09,81.6000,66.945869,61462900,0,1,206.045253
2012-03-12,81.4400,66.814636,34084200,0,1,205.641242
2012-03-13,83.0600,68.143707,60998100,0,1,209.731847
2012-03-14,82.3800,67.585793,46707700,0,1,208.014803
2012-03-15,83.0700,68.151909,58740500,0,1,209.757097
2012-03-16,83.0000,68.094505,42045800,0,1,209.580343
2012-03-19,83.7000,68.668777,66822800,0,1,211.347888
2012-03-20,82.9500,68.053421,43829100,0,1,209.454089
2012-03-21,82.9300,68.037033,40504700,0,1,209.403588
2012-03-22,82.1300,67.380707,60102900,0,1,207.383537
2012-03-23,82.6800,68.039871,46464800,0.251,1,209.406113
2012-03-26,84.4000,69.455315,56454000,0,1,213.762409
2012-03-27,83.8100,68.969788,41730700,0,1,212.268098
2012-03-28,83.3200,68.566551,48836000,0,1,211.027060
2012-03-29,83.0800,68.369064,45615600,0,1,210.419205
2012-03-30,82.8100,68.146858,45904700,0,1,209.735368
2012-04-02,83.8300,68.986275,52756800,0,1,212.318753
2012-04-03,83.2700,68.525421,52012300,0,1,210.900424
2012-04-04,81.9400,67.430893,65172400,0,1,207.531893
2012-04-05,81.5800,67.134644,31978700,0,1,206.620110
2012-04-09,80.2400,66.031898,50062200,0,1,203.226252
2012-04-10,78.3500,64.476585,101228600,0,1,198.439392
2012-04-11,79.4600,65.390060,54346800,0,1,201.250723
2012-04-12,80.6000,66.328186,60728700,0,1,204.138035
2012-04-13,79.5400,65.455864,53965200,0,1,201.453341
2012-04-16,79.6700,65.562851,44725900,0,1,201.782596
2012-04-17,80.8200,66.509232,46737700,0,1,204.695235
2012-04-18,80.2100,66.007263,49008100,0,1,203.150270
2012-04-19,79.7500,65.628700,74260400,0,1,201.985214
2012-04-20,80.2100,66.007263,46632000,0,1,203.150270
2012-04-23,79.1000,65.093811,62477000,0,1,200.338940
2012-04-24,79.7000,65.587540,44810200,0,1,201.858578
2012-04-25,80.9400,66.607986,50263300,0,1,204.999163
2012-04-26,81.7400,67.266327,43147600,0,1,207.025347
2012-04-27,82.3800,67.792992,46796400,0,1,208.646294
2012-04-30,81.4700,67.044136,38093600,0,1,206.341510
2012-05-01,81.5500,67.109955,60493600,0,1,206.544128
2012-05-02,81.7700,67.291000,52095800,0,1,207.101329
2012-05-03,80.6200,66.344635,61487800,0,1,204.188689
2012-05-04,79.0900,65.085548,75093300,0,1,200.313613
2012-05-07,79.3000,65.258408,47361400,0,1,200.845486
2012-05-08,79.2500,65.217232,62939600,0,1,200.718849
2012-05-09,78.8000,64.846901,64431000,0,1,199.579121
2012-05-10,79.1000,65.093811,45697800,0,1,200.338940
2012-05-11,78.9000,64.929199,44862900,0,1,199.832394
2012-05-14,77.8500,64.065132,51220200,0,1,197.173027
2012-05-15,77.7100,63.949928,54317800,0,1,196.818445
2012-05-16,77.1500,63.489075,52659400,0,1,195.400117
2012-05-17,75.4000,62.048954,71665100,0,1,190.967839
2012-05-18,74.6900,61.464684,77636200,0,1,189.169601
2012-05-21,76.4500,62.913048,61384400,0,1,193.627206
2012-05-22,75.9900,62.534466,59678300,0,1,192.462150
2012-05-23,76.4800,62.937714,66981800,0,1,193.703187
2012-05-24,76.6400,63.069389,54576500,0,1,194.108424
2012-05-25,76.5900,63.028244,33847700,0,1,193.981788
2012-05-29,77.7000,63.941681,51160000,0,1,196.793118
2012-05-30,76.2100,62.715557,47891500,0,1,193.019350
2012-05-31,76.1100,62.633228,59563900,0,1,192.766077
2012-06-01,73.8200,60.748734,76127100,0,1,186.966126
2012-06-04,73.6500,60.608818,50123200,0,1,186.535562
2012-06-05,74.6000,61.390640,48270600,0,1,188.941655
2012-06-06,76.4400,62.904823,48638400,0,1,193.601878
2012-06-07,75.9400,62.493313,57907100,0,1,192.335513
2012-06-08,76.9700,63.340954,50420100,0,1,194.944225
2012-06-11,75.2700,61.941967,52803000,0,1,190.638584
2012-06-12,76.2200,62.723763,56599400,0,1,193.044678
2012-06-13,75.3400,61.999569,62715800,0,1,190.815875
2012-06-14,76.2000,62.707279,53619000,0,1,192.994023
2012-06-15,77.2200,63.546684,57935000,0,1,195.577408
2012-06-18,77.3100,63.620754,45656600,0,1,195.805353
2012-06-19,78.6500,64.723465,66897000,0,1,199.199211
2012-06-20,78.5300,64.624702,54642300,0,1,198.895284
2012-06-21,76.6200,63.052917,62486400,0,1,194.057770
2012-06-22,77.4900,63.768894,41001200,0,1,196.261245
2012-06-25,76.2800,62.773125,48620100,0,1,193.196641
2012-06-26,76.2000,63.018730,42495600,0.377,1,193.948862
2012-06-27,77.4400,64.044258,38510400,0,1,197.104985
2012-06-28,77.3100,63.936749,58183700,0,1,196.774102
2012-06-29,79.5600,65.797523,71660200,0,1,202.500938
2012-07-02,80.4800,66.558388,53370400,0,1,204.842578
2012-07-03,81.5300,67.426788,32322500,0,1,207.515102
2012-07-05,81.4400,67.352341,42819900,0,1,207.286028
2012-07-06,80.5300,66.599724,38530600,0,1,204.969841
2012-07-09,80.2200,66.343361,34636100,0,1,204.180810
2012-07-10,79.3300,65.607338,49990800,0,1,201.915528
2012-07-11,79.0600,65.384010,40171300,0,1,201.228308
2012-07-12,78.7900,65.160721,55502600,0,1,200.541087
2012-07-13,79.7700,65.971199,42114800,0,1,203.035443
2012-07-16,79.4500,65.706551,31922600,0,1,202.220959
2012-07-17,79.7300,65.938141,43662500,0,1,202.933632
2012-07-18,80.2200,66.343361,46045000,0,1,204.180810
2012-07-19,79.9500,66.120064,49405400,0,1,203.493590
2012-07-20,78.9300,65.276505,42314300,0,1,200.897424
2012-07-23,77.6700,64.234428,47367200,0,1,197.690395
2012-07-24,76.6500,63.390907,55609200,0,1,195.094230
2012-07-25,76.8200,63.531498,37217500,0,1,195.526924
2012-07-26,77.4800,64.077332,44745100,0,1,197.206796
2012-07-27,79.3200,65.599045,67297100,0,1,201.890076
2012-07-30,79.0500,65.375755,34785200,0,1,201.202855
2012-07-31,78.3500,64.796829,48933500,0,1,199.421173
2012-08-01,77.0600,63.729980,63601100,0,1,196.137786
2012-08-02,76.7800,63.498413,43374800,0,1,195.425113
2012-08-03,78.6100,65.011864,52414100,0,1,200.082940
2012-08-06,79.2200,65.516327,34662800,0,1,201.635549
2012-08-07,79.9400,66.111816,50064000,0,1,203.468137
2012-08-08,79.8200,66.012558,28011700,0,1,203.162706
2012-08-09,80.2000,66.326836,24045900,0,1,204.129905
2012-08-10,79.9200,66.095261,26068400,0,1,203.417232
2012-08-13,79.7900,65.987724,31544800,0,1,203.086348
2012-08-14,79.6000,65.830635,26052900,0,1,202.602748
2012-08-15,80.3000,66.409538,27061400,0,1,204.384431
2012-08-16,81.1400,67.104218,46037700,0,1,206.522450
2012-08-17,81.7100,67.575630,33453500,0,1,207.973248
2012-08-20,81.5300,67.426788,32657000,0,1,207.515102
2012-08-21,81.4800,67.385406,43743800,0,1,207.387839
2012-08-22,81.0900,67.062874,37611400,0,1,206.395187
2012-08-23,80.5200,66.591461,32208500,0,1,204.944388
2012-08-24,80.7400,66.773392,25676100,0,1,205.504346
2012-08-27,80.9800,66.971870,23628400,0,1,206.115208
2012-08-28,81.3500,67.277878,28505600,0,1,207.056955
2012-08-29,81.6000,67.484634,30858800,0,1,207.693270
2012-08-30,80.7900,66.814781,24562900,0,1,205.631609
2012-08-31,81.1200,67.087700,34088500,0,1,206.471545
2012-09-04,82.1100,67.906433,69560700,0,1,208.991353
2012-09-05,82.1300,67.922958,35103700,0,1,209.042258
2012-09-06,83.6400,69.171761,46332500,0,1,212.885602
2012-09-07,84.2600,69.684502,32012900,0,1,214.463663
2012-09-10,83.8800,69.370247,30671300,0,1,213.496464
2012-09-11,84.0600,69.519096,33164100,0,1,213.954611
2012-09-12,84.4900,69.874718,29751700,0,1,215.049073
2012-09-13,85.6000,70.792717,69437600,0,1,217.874312
2012-09-14,86.4000,71.454338,46040200,0,1,219.910521
2012-09-17,86.0000,71.123543,30183000,0,1,218.892417
2012-09-18,85.7200,70.891968,32991100,0,1,218.179744
2012-09-19,85.5700,70.767899,29342000,0,1,217.797955
2012-09-20,85.1900,70.453636,34939800,0,1,216.830756
2012-09-21,85.5000,70.710037,38826000,0,1,217.619786
2012-09-24,84.8900,70.479202,54635300,0.332,1,216.912204
2012-09-25,83.6700,69.466316,74752200,0,1,213.794842
2012-09-26,83.1400,69.026276,42167400,0,1,212.440578
2012-09-27,84.0400,69.773499,33252800,0,1,214.740271
2012-09-28,83.4400,69.275337,43944300,0,1,213.207142
2012-10-01,83.7200,69.507820,43705600,0,1,213.922602
2012-10-02,83.8800,69.640671,25792500,0,1,214.331437
2012-10-03,83.6400,69.441437,38568500,0,1,213.718185
2012-10-04,84.2100,69.914642,43327200,0,1,215.174658
2012-10-05,84.1100,69.831619,40981400,0,1,214.919136
2012-10-08,83.5800,69.391602,21062200,0,1,213.564872
2012-10-09,82.6000,68.577965,45221200,0,1,211.060761
2012-10-10,82.4700,68.470032,32465600,0,1,210.728584
2012-10-11,82.7700,68.719078,38978500,0,1,211.495148
2012-10-12,82.1000,68.162834,31847100,0,1,209.783154
2012-10-15,82.6400,68.611168,34413700,0,1,211.162970
2012-10-16,83.2500,69.117622,29234800,0,1,212.721651
2012-10-17,84.0000,69.740334,35466500,0,1,214.638063
2012-10-18,83.5400,69.358368,31431700,0,1,213.462664
2012-10-19,81.8500,67.955269,53565500,0,1,209.144350
2012-10-22,81.8300,67.938652,30682000,0,1,209.093246
2012-10-23,81.4200,67.598236,40737600,0,1,208.045608
2012-10-24,81.2000,67.415634,24472200,0,1,207.483460
2012-10-25,81.5300,67.689621,27794000,0,1,208.326681
2012-10-26,81.1400,67.365768,41402800,0,1,207.330148
2012-10-31,81.6300,67.772606,24879800,0,1,208.582203
2012-11-01,82.4900,68.486618,77113300,0,1,210.779688
2012-11-02,81.1900,67.407303,39322100,0,1,207.457908
2012-11-05,81.7300,67.855652,26861600,0,1,208.837724
2012-11-06,82.3400,68.362106,27342500,0,1,210.396406
2012-11-07,80.3400,66.701607,65095500,0,1,205.285976
2012-11-08,79.2100,65.763451,42653100,0,1,202.398583
2012-11-09,79.3800,65.904579,33030000,0,1,202.832969
2012-11-12,79.1500,65.713600,20155100,0,1,202.245270
2012-11-13,78.7000,65.340027,34408200,0,1,201.095423
2012-11-14,77.2400,64.127853,54653100,0,1,197.364809
2012-11-15,76.8400,63.795780,55966400,0,1,196.342723
2012-11-16,77.4800,64.327118,62748300,0,1,197.978061
2012-11-19,79.1200,65.688728,45621100,0,1,202.168613
2012-11-20,79.2600,65.804939,36928500,0,1,202.526343
2012-11-21,79.6800,66.153641,19254500,0,1,203.599534
2012-11-23,80.4700,66.809547,20093300,0,1,205.618153
2012-11-26,80.7300,67.025429,31180700,0,1,206.282509
2012-11-27,80.6300,66.942398,39942000,0,1,206.026988
2012-11-28,81.3100,67.506950,51316900,0,1,207.764534
2012-11-29,82.2400,68.279060,53043500,0,1,210.140884
2012-11-30,82.0800,68.146248,35722500,0,1,209.732050
2012-12-03,81.9900,68.071487,24959800,0,1,209.502080
2012-12-04,82.0900,68.154541,37225000,0,1,209.757602
2012-12-05,81.9900,68.071487,40376100,0,1,209.502080
2012-12-06,82.1200,68.179474,31829500,0,1,209.834258
2012-12-07,82.1800,68.229279,24123400,0,1,209.987571
2012-12-10,82.5400,68.528145,29173000,0,1,210.907449
2012-12-11,83.4100,69.250450,40262100,0,1,213.130486
2012-12-12,82.9400,68.860260,40570000,0,1,211.929535
2012-12-13,82.4100,68.420212,33439300,0,1,210.575271
2012-12-14,82.3600,68.378731,28508000,0,1,210.447510
2012-12-17,83.5200,69.341774,35849400,0,1,213.411559
2012-12-18,84.6600,70.288254,53500700,0,1,216.324504
2012-12-19,84.1200,70.444878,49010900,0.727,1,216.802330
2012-12-20,84.5400,70.796562,50304600,0,1,217.884795
2012-12-21,84.1900,70.503494,54923200,0,1,216.982741
2012-12-24,83.7800,70.160118,10103000,0,1,215.926048
2012-12-26,83.1800,69.657661,24671600,0,1,214.379669
2012-12-27,83.1200,69.607430,35567700,0,1,214.225031
2012-12-28,82.5300,69.113350,34262200,0,1,212.704425
2012-12-31,84.3200,70.612343,67461100,0,1,217.317789
2013-01-02,86.8000,72.689201,116410600,0,1,223.709489
2013-01-03,86.6000,72.521698,45872900,0,1,223.194029
2013-01-04,87.2400,73.057663,29852500,0,1,224.843500
2013-01-07,86.9100,72.781319,23693400,0,1,223.992992
2013-01-08,86.8500,72.731056,23760000,0,1,223.838354
2013-01-09,87.2700,73.082764,27425500,0,1,224.920819
2013-01-10,87.4700,73.250267,39753000,0,1,225.436279
2013-01-11,87.3400,73.141380,27322400,0,1,225.101230
2013-01-14,87.3900,73.183220,24351900,0,1,225.230095
2013-01-15,87.7700,73.501495,34704100,0,1,226.209468
2013-01-16,87.5100,73.283768,20881400,0,1,225.539371
2013-01-17,88.3200,73.962059,34219400,0,1,227.626982
2013-01-18,88.5700,74.171417,23256900,0,1,228.271307
2013-01-22,89.2100,74.707382,31589000,0,1,229.920778
2013-01-23,89.0000,74.531525,32818900,0,1,229.379545
2013-01-24,89.2900,74.774376,39814600,0,1,230.126962
2013-01-25,89.9400,75.318695,34620300,0,1,231.802206
2013-01-28,90.0000,75.368980,42633600,0,1,231.956843
2013-01-29,90.0500,75.410835,37055100,0,1,232.085708
2013-01-30,88.9700,74.506416,39299300,0,1,229.302226
2013-01-31,89.5800,75.017250,36924200,0,1,230.874378
2013-02-01,90.3700,75.678802,33925100,0,1,232.910444
2013-02-04,89.2800,74.766006,27006300,0,1,230.101189
2013-02-05,90.0800,75.435989,26551000,0,1,232.163027
2013-02-06,90.4600,75.754181,24297800,0,1,233.142401
2013-02-07,90.1600,75.502945,30206500,0,1,232.369211
2013-02-08,90.8000,76.038895,25189600,0,1,234.018682
2013-02-11,90.7000,75.955170,15722100,0,1,233.760952
2013-02-12,91.1000,76.290123,19792700,0,1,234.791872
2013-02-13,91.4800,76.608360,22591300,0,1,235.771245
2013-02-14,91.7100,76.800980,22359300,0,1,236.364023
2013-02-15,91.7400,76.826088,29339100,0,1,236.441342
2013-02-19,92.5500,77.504417,21162300,0,1,238.528954
2013-02-20,90.8300,76.064049,41753800,0,1,234.096001
2013-02-21,89.9500,75.327103,45067400,0,1,231.827979
2013-02-22,91.0300,76.231522,24762300,0,1,234.611461
2013-02-25,89.0200,74.548279,53492800,0,1,229.431091
2013-02-26,89.3700,74.841377,47522800,0,1,230.333146
2013-02-27,90.3100,75.628593,41192300,0,1,232.755806
2013-02-28,90.4800,75.770943,31208800,0,1,233.193947
2013-03-01,90.8900,76.114250,49278200,0,1,234.250639
2013-03-04,91.1300,76.315247,27577000,0,1,234.869190
2013-03-05,92.1900,77.202942,35612300,0,1,237.601127
2013-03-06,92.4300,77.403915,28483000,0,1,238.219678
2013-03-07,92.8700,77.772385,27907700,0,1,239.353689
2013-03-08,93.7300,78.492607,38066100,0,1,241.570166
2013-03-11,93.7000,78.467445,26716100,0,1,241.492847
2013-03-12,93.5100,78.308311,21489000,0,1,241.003160
2013-03-13,93.8600,78.601463,28662200,0,1,241.905215
2013-03-14,94.8000,79.388664,24747300,0,1,244.327875
2013-03-15,94.7500,79.346748,35361700,0,1,244.199010
2013-03-18,94.2300,78.911285,36700800,0,1,242.858815
2013-03-19,93.8300,78.576347,51516400,0,1,241.827896
2013-03-20,94.7000,79.304893,27958600,0,1,244.070145
2013-03-21,93.8700,78.609833,37122600,0,1,241.930988
2013-03-22,94.1600,78.852669,33429900,0,1,242.678404
2013-03-25,93.9500,78.898010,36680500,0.264,1,242.817578
2013-03-26,94.2500,79.149986,26348000,0,1,243.592940
2013-03-27,94.3100,79.200340,28461800,0,1,243.748013
2013-03-28,94.4300,79.301140,24160700,0,1,244.058158
2013-04-01,93.1600,78.234596,59660300,0,1,240.775791
2013-04-02,92.5800,77.747505,47917200,0,1,239.276758
2013-04-03,91.1300,76.529839,65441400,0,1,235.529174
2013-04-04,91.9100,77.184853,37706300,0,1,237.545116
2013-04-05,91.7300,77.033722,46418300,0,1,237.079898
2013-04-08,92.4900,77.671944,28886500,0,1,239.044149
2013-04-09,92.2200,77.445190,36828400,0,1,238.346323
2013-04-10,93.8900,78.847656,50119600,0,1,242.662506
2013-04-11,94.0200,78.956825,32619000,0,1,242.998496
2013-04-12,93.6400,78.637695,41931800,0,1,242.016371
2013-04-15,90.1100,75.673241,100204000,0,1,232.892943
2013-04-16,91.6700,76.983315,58061700,0,1,236.924826
2013-04-17,90.0800,75.648048,77710600,0,1,232.815407
2013-04-18,89.5800,75.228180,58516600,0,1,231.523136
2013-04-19,90.6100,76.093132,44931600,0,1,234.185213
2013-04-22,90.8700,76.311516,49190300,0,1,234.857194
2013-04-23,92.3100,77.520798,55313200,0,1,238.578932
2013-04-24,92.7900,77.923866,41020800,0,1,239.819511
2013-04-25,93.4000,78.436165,36543300,0,1,241.396081
2013-04-26,92.9000,78.016235,32405600,0,1,240.103811
2013-04-29,93.5700,78.578896,20791400,0,1,241.835453
2013-04-30,94.1000,79.024002,30488500,0,1,243.205259
2013-05-01,91.8200,77.109283,120177800,0,1,237.312507
2013-05-02,93.2800,78.335365,38830300,0,1,241.085936
2013-05-03,94.7600,79.578255,51981000,0,1,244.911056
2013-05-06,95.3700,80.090500,26893800,0,1,246.487626
2013-05-07,96.1500,80.745544,29920800,0,1,248.503567
2013-05-08,96.4300,80.980698,37669300,0,1,249.227239
2013-05-09,96.1000,80.703560,32331100,0,1,248.374340
2013-05-10,96.8300,81.316628,39288900,0,1,250.261055
2013-05-13,96.7600,81.257820,22522300,0,1,250.080137
2013-05-14,98.0000,82.299179,33539600,0,1,253.284967
2013-05-15,98.2000,82.467102,34000200,0,1,253.801875
2013-05-16,97.9500,82.257172,42053300,0,1,253.155740
2013-05-17,99.0500,83.180977,35675100,0,1,255.998735
2013-05-20,99.2100,83.315292,25027400,0,1,256.412261
2013-05-21,99.2300,83.332123,23596700,0,1,256.463952
2013-05-22,97.7800,82.114403,68650700,0,1,252.716368
2013-05-23,97.9000,82.215195,44524500,0,1,253.026513
2013-05-24,97.8800,82.198387,33332500,0,1,252.974822
2013-05-28,99.1500,83.264931,46121100,0,1,256.257189
2013-05-29,98.2300,82.492317,40491500,0,1,253.879412
2013-05-30,98.8900,83.046562,30620300,0,1,255.585208
2013-05-31,97.8000,82.131226,38953700,0,1,252.768059
2013-06-03,98.7300,82.912216,87088500,0,1,255.171682
2013-06-04,97.6800,82.030434,68206900,0,1,252.457914
2013-06-05,96.4300,80.980698,58967500,0,1,249.227239
2013-06-06,97.4500,81.837296,46335300,0,1,251.863470
2013-06-07,98.2000,82.467102,44757500,0,1,253.801875
2013-06-10,98.8000,82.971016,32136500,0,1,255.352600
2013-06-11,97.7300,82.072426,43461300,0,1,252.587141
2013-06-12,96.7600,81.257820,58446900,0,1,250.080137
2013-06-13,98.4700,82.693871,47768600,0,1,254.499701
2013-06-14,97.7100,82.055595,37838400,0,1,252.535451
2013-06-17,98.3500,82.593094,33308600,0,1,254.189556
2013-06-18,99.5100,83.567245,40520200,0,1,257.187623
2013-06-19,98.2900,82.542709,43193500,0,1,254.034484
2013-06-20,95.6900,80.359261,76262300,0,1,247.314679
2013-06-21,95.9700,80.594414,66115300,0,1,248.038350
2013-06-24,94.7100,79.536255,58774600,0,1,244.781829
2013-06-25,95.6200,80.300468,32418400,0,1,247.133761
2013-06-26,96.0700,80.678421,33752300,0,1,248.296804
2013-06-27,97.5600,81.929680,40852300,0,1,252.147769
2013-06-28,97.0000,81.459404,46135800,0,1,250.700427
2013-07-01,98.5800,82.786240,37805800,0,1,254.784001
2013-07-02,98.0800,82.727219,36848900,0.43,1,254.603083
2013-07-03,98.2800,82.895912,19153600,0,1,255.122257
2013-07-05,99.6700,84.068306,29427500,0,1,258.730519
2013-07-08,100.0700,84.405701,30905300,0,1,259.768867
2013-07-09,101.0000,85.190109,36010700,0,1,262.183028
2013-07-10,101.2800,85.426292,36061100,0,1,262.909872
2013-07-11,102.4700,86.430008,34434200,0,1,265.998959
2013-07-12,102.6800,86.607155,28584000,0,1,266.544092
2013-07-15,103.5800,87.366287,30786600,0,1,268.880377
2013-07-16,103.0600,86.927658,38630800,0,1,267.530523
2013-07-17,103.4600,87.265022,28476600,0,1,268.568872
2013-07-18,104.1500,87.847031,32034100,0,1,270.360023
2013-07-19,104.3100,87.981987,22806600,0,1,270.775363
2013-07-22,104.5300,88.167572,25854900,0,1,271.346454
2013-07-23,104.4600,88.108513,26309700,0,1,271.164743
2013-07-24,103.5900,87.374725,31809700,0,1,268.906335
2013-07-25,104.5400,88.175980,46093900,0,1,271.372413
2013-07-26,104.1200,87.821739,23036800,0,1,270.282147
2013-07-29,103.3900,87.206009,30360800,0,1,268.387161
2013-07-30,103.4800,87.281929,26311000,0,1,268.620789
2013-07-31,103.6600,87.433739,38330400,0,1,269.088046
2013-08-01,105.0700,88.623032,34487100,0,1,272.748225
2013-08-02,105.1600,88.698959,22983000,0,1,272.981854
2013-08-05,105.5200,89.002586,14985000,0,1,273.916367
2013-08-06,104.4600,88.108513,24689300,0,1,271.164743
2013-08-07,103.7200,87.484352,23362200,0,1,269.243799
2013-08-08,104.1500,87.847031,27640300,0,1,270.360023
2013-08-09,104.0400,87.754288,27686900,0,1,270.074477
2013-08-12,104.5900,88.218178,18960800,0,1,271.502207
2013-08-13,104.4500,88.100121,22812900,0,1,271.138785
2013-08-14,104.0400,87.754288,23629000,0,1,270.074477
2013-08-15,102.1100,86.126366,50044500,0,1,265.064445
2013-08-16,101.6800,85.763680,36059500,0,1,263.948221
2013-08-19,100.6500,84.894920,25184600,0,1,261.274473
2013-08-20,102.1000,86.117920,32450400,0,1,265.038487
2013-08-21,101.4800,85.594994,41452900,0,1,263.429046
2013-08-22,102.9100,86.801163,24006100,0,1,267.141143
2013-08-23,103.1700,87.020439,20801100,0,1,267.816069
2013-08-26,103.1800,87.028893,23376100,0,1,267.842028
2013-08-27,100.7600,84.987671,47269300,0,1,261.560019
2013-08-28,100.9600,85.156364,28927500,0,1,262.079193
2013-08-29,101.9700,86.008316,27628600,0,1,264.701023
2013-08-30,100.3800,84.667160,43334600,0,1,260.573588
2013-09-03,101.0600,85.240723,37995800,0,1,262.338780
2013-09-04,101.9500,85.991417,22580800,0,1,264.649106
2013-09-05,102.1100,86.126366,22770200,0,1,265.064445
2013-09-06,102.3900,86.362549,36792000,0,1,265.791289
2013-09-09,103.9400,87.669914,27358500,0,1,269.814890
2013-09-10,104.9600,88.530258,25126300,0,1,272.462679
2013-09-11,105.0100,88.572395,26412500,0,1,272.592473
2013-09-12,104.2400,87.922935,32707600,0,1,270.593652
2013-09-13,104.8100,88.403717,29478700,0,1,272.073299
2013-09-16,105.0400,88.597748,28755900,0,1,272.670349
2013-09-17,106.0800,89.474953,28901400,0,1,275.370055
2013-09-18,107.0900,90.326843,46237100,0,1,277.991886
2013-09-19,106.9800,90.234062,34775900,0,1,277.706340
2013-09-20,106.5900,89.905083,49522500,0,1,276.693950
2013-09-23,106.6000,89.913544,47759700,0,1,276.719909
2013-09-24,106.6700,90.212082,45267000,0.283,1,277.636251
2013-09-25,106.4700,90.042923,37106600,0,1,277.115700
2013-09-26,107.0600,90.541924,29490600,0,1,278.651327
2013-09-27,106.5800,90.135948,30296400,0,1,277.402003
2013-09-30,106.6100,90.161308,45771700,0,1,277.480086
2013-10-01,107.8500,91.210030,39344400,0,1,280.707506
2013-10-02,107.4100,90.837898,30622900,0,1,279.562293
2013-10-03,106.3100,89.907631,57799200,0,1,276.699258
2013-10-04,107.0200,90.508080,25902800,0,1,278.547217
2013-10-07,105.7700,89.450912,32924200,0,1,275.293769
2013-10-08,104.0600,88.004768,61365000,0,1,270.843052
2013-10-09,103.6400,87.649574,52604900,0,1,269.749893
2013-10-10,106.1400,89.763855,53157800,0,1,276.256789
2013-10-11,107.6800,91.066246,43197100,0,1,280.265037
2013-10-14,108.2200,91.522911,38774800,0,1,281.670527
2013-10-15,107.1600,90.626480,42263500,0,1,278.911603
2013-10-16,108.4900,91.751266,34333600,0,1,282.373272
2013-10-17,109.4400,92.554718,38967200,0,1,284.845892
2013-10-18,110.6900,93.611839,39496400,0,1,288.099341
2013-10-21,110.4700,93.425781,29198900,0,1,287.526734
2013-10-22,110.7600,93.671043,38112600,0,1,288.281534
2013-10-23,110.3900,93.358124,32275300,0,1,287.318513
2013-10-24,110.9800,93.857094,24711800,0,1,288.854141
2013-10-25,111.0800,93.941673,21321900,0,1,289.114416
2013-10-28,111.0300,93.899391,22512200,0,1,288.984278
2013-10-29,111.3500,94.169983,30026900,0,1,289.817161
2013-10-30,109.8300,92.884521,46076600,0,1,285.860968
2013-10-31,109.1900,92.343285,47370000,0,1,284.195203
2013-11-01,108.7200,91.945793,117030400,0,1,282.971906
2013-11-04,109.9700,93.002960,31960000,0,1,286.225354
2013-11-05,109.5900,92.681541,26643500,0,1,285.236306
2013-11-06,109.1200,92.284058,31773400,0,1,284.013010
2013-11-07,107.2800,90.727959,60459700,0,1,279.223934
2013-11-08,109.2300,92.377113,48147500,0,1,284.299313
2013-11-11,109.3800,92.503975,19897700,0,1,284.689727
2013-11-12,109.4700,92.580070,28075100,0,1,284.923975
2013-11-13,110.5200,93.468048,36465900,0,1,287.656872
2013-11-14,110.4100,93.375031,33226800,0,1,287.370568
2013-11-15,110.8300,93.730255,27518500,0,1,288.463727
2013-11-18,110.0500,93.070587,35509600,0,1,286.433575
2013-11-19,109.3700,92.495514,36081300,0,1,284.663699
2013-11-20,109.3300,92.461647,43376700,0,1,284.559589
2013-11-21,111.3000,94.127747,45585000,0,1,289.687023
2013-11-22,111.8500,94.592888,28786400,0,1,291.118540
2013-11-25,111.9900,94.711281,22968600,0,1,291.482927
2013-11-26,112.8200,95.413208,30760700,0,1,293.643216
2013-11-27,113.4500,95.945992,29099600,0,1,295.282954
2013-11-29,113.5100,95.996758,15675500,0,1,295.439120
2013-12-02,112.3700,95.032646,43155200,0,1,292.471975
2013-12-03,111.8300,94.575943,36930700,0,1,291.066485
2013-12-04,111.5300,94.322258,40609500,0,1,290.285658
2013-12-05,111.6100,94.389877,37926700,0,1,290.493878
2013-12-06,112.4800,95.125641,36471900,0,1,292.758278
2013-12-09,112.4500,95.100273,31236500,0,1,292.680196
2013-12-10,111.4300,94.237663,34938800,0,1,290.025382
2013-12-11,109.6000,92.689995,47181600,0,1,285.262334
2013-12-12,109.8400,92.892982,37706200,0,1,285.886996
2013-12-13,110.2000,93.197449,32980300,0,1,286.823989
2013-12-16,111.5100,94.305328,33991200,0,1,290.233603
2013-12-17,111.3500,94.169983,32399800,0,1,289.817161
2013-12-18,112.8800,95.463943,52979000,0,1,293.799382
2013-12-19,112.0400,94.753548,32871100,0,1,291.613065
2013-12-20,113.9300,96.351944,48770500,0,1,296.532278
2013-12-23,114.7800,97.444550,37049100,0.437,1,299.882028
2013-12-24,115.2200,97.818100,17371200,0,1,301.031602
2013-12-26,115.2300,97.826607,19670000,0,1,301.057729
2013-12-27,115.1600,97.767204,20069700,0,1,300.874842
2013-12-30,115.0900,97.707741,28917400,0,1,300.691955
2013-12-31,115.3600,97.936958,38357200,0,1,301.397376
2014-01-02,114.1100,96.875778,44247700,0,1,298.131541
2014-01-03,114.6900,97.368179,26468000,0,1,299.646888
2014-01-06,113.7600,96.578613,36198000,0,1,297.217107
2014-01-07,114.7100,97.385117,28545300,0,1,299.699142
2014-01-08,114.8600,97.512474,30763600,0,1,300.091042
2014-01-09,114.8900,97.537941,29872800,0,1,300.169422
2014-01-10,115.5200,98.072807,29174600,0,1,301.815403
2014-01-13,113.9400,96.731415,45370800,0,1,297.687387
2014-01-14,115.3400,97.919960,39125300,0,1,301.345122
2014-01-15,116.2000,98.650085,31644100,0,1,303.592017
2014-01-16,116.3400,98.768974,23091900,0,1,303.957790
2014-01-17,115.9300,98.420906,28722300,0,1,302.886597
2014-01-21,116.6200,99.006668,29828700,0,1,304.689337
2014-01-22,117.2100,99.507553,24011500,0,1,306.230812
2014-01-23,116.4200,98.836853,36057500,0,1,304.166804
2014-01-24,113.4500,96.315453,53591900,0,1,296.407180
2014-01-27,111.7900,94.906143,60368200,0,1,292.070151
2014-01-28,112.9700,95.907936,43722200,0,1,295.153099
2014-01-29,111.3400,94.524101,61904600,0,1,290.894451
2014-01-30,113.0000,95.933403,40851600,0,1,295.231479
2014-01-31,112.1600,95.220291,49293400,0,1,293.036838
2014-02-03,108.6500,92.240417,91686000,0,1,283.866374
2014-02-04,109.4700,92.936539,53138100,0,1,286.008761
2014-02-05,108.6500,92.240417,60644600,0,1,283.866374
2014-02-06,109.5100,92.970512,57611700,0,1,286.113268
2014-02-07,110.7500,94.023216,44068600,0,1,289.352976
2014-02-10,111.0400,94.269409,38211600,0,1,290.110650
2014-02-11,112.0300,95.109886,44394100,0,1,292.697191
2014-02-12,112.4700,95.483437,42307500,0,1,293.846765
2014-02-13,113.9000,96.697479,42082400,0,1,297.582881
2014-02-14,114.0600,96.833275,32428200,0,1,298.000907
2014-02-18,115.2500,97.843567,33630400,0,1,301.109982
2014-02-19,114.0700,96.841782,44024300,0,1,298.027034
2014-02-20,115.3000,97.886047,35919600,0,1,301.240616
2014-02-21,115.6600,98.191666,34814100,0,1,302.181176
2014-02-24,116.5100,98.913300,43102800,0,1,304.401944
2014-02-25,116.6300,99.015137,28474200,0,1,304.715464
2014-02-26,117.3500,99.626396,40794800,0,1,306.596585
2014-02-27,117.9900,100.169762,29906200,0,1,308.268693
2014-02-28,117.5200,99.770737,47362700,0,1,307.040739
2014-03-03,116.8900,99.235901,50892800,0,1,305.394758
2014-03-04,119.8300,101.731850,112793900,0,1,313.076002
2014-03-05,119.7600,101.672432,34691300,0,1,312.893115
2014-03-06,119.7400,101.655441,35087600,0,1,312.840861
2014-03-07,119.7000,101.621475,36931800,0,1,312.736355
2014-03-10,119.3000,101.281914,32089000,0,1,311.691288
2014-03-11,118.0600,100.229179,50359500,0,1,308.451579
2014-03-12,118.4200,100.534798,37159100,0,1,309.392140
2014-03-13,117.0500,99.371727,53542800,0,1,305.812785
2014-03-14,117.5400,99.787720,46888100,0,1,307.092992
2014-03-17,118.0600,100.229179,41561600,0,1,308.451579
2014-03-18,119.7800,101.689415,41606600,0,1,312.945368
2014-03-19,119.0000,101.027191,47423000,0,1,310.907487
2014-03-20,119.1600,101.163063,33212900,0,1,311.325514
2014-03-21,118.6100,100.696114,47110800,0,1,309.888547
2014-03-24,117.2600,99.549995,66747000,0,1,306.361445
2014-03-25,116.9300,99.526146,47699700,0.302,1,306.288290
2014-03-26,114.6900,97.619576,69052500,0,1,300.420799
2014-03-27,114.4000,97.372734,65234900,0,1,299.661168
2014-03-28,114.2900,97.279099,50558000,0,1,299.373032
2014-03-31,116.3400,99.023994,44599200,0,1,304.742835
2014-04-01,117.8700,100.326279,47906600,0,1,308.750541
2014-04-02,118.4000,100.777367,33856500,0,1,310.138831
2014-04-03,117.2000,99.755966,38473500,0,1,306.995532
2014-04-04,114.4900,97.449326,86345900,0,1,299.896916
2014-04-07,112.8200,96.027885,68537700,0,1,295.522491
2014-04-08,113.6100,96.700302,60087900,0,1,297.591830
2014-04-09,115.2500,98.096207,42744900,0,1,301.887672
2014-04-10,111.9600,95.295906,74860200,0,1,293.269794
2014-04-11,110.4100,93.976631,70998200,0,1,289.209699
2014-04-14,110.7200,94.240471,62657700,0,1,290.021718
2014-04-15,111.1500,94.606476,76968000,0,1,291.148067
2014-04-16,112.3600,95.636383,49353800,0,1,294.317560
2014-04-17,112.9200,96.113022,50275100,0,1,295.784433
2014-04-21,113.4500,96.564140,31970700,0,1,297.172723
2014-04-22,114.6200,97.559998,40541900,0,1,300.237440
2014-04-23,113.9000,96.947159,33859500,0,1,298.351460
2014-04-24,113.6100,96.700302,44318900,0,1,297.591830
2014-04-25,111.6100,94.998001,58386300,0,1,292.352998
2014-04-28,110.9600,94.444748,66050100,0,1,290.650378
2014-04-29,111.2400,94.683090,34487600,0,1,291.383814
2014-04-30,111.9800,95.312943,43929700,0,1,293.322182
2014-05-01,111.9400,95.278900,78690900,0,1,293.217405
2014-05-02,112.0300,95.355476,43450300,0,1,293.453153
2014-05-05,111.8900,95.236328,28108400,0,1,293.086435
2014-05-06,110.0700,93.687225,45354700,0,1,288.319098
2014-05-07,110.1400,93.746796,64243800,0,1,288.502457
2014-05-08,109.0300,92.802002,58520300,0,1,285.594905
2014-05-09,110.0300,93.653160,48409900,0,1,288.214321
2014-05-12,112.5300,95.781082,76291700,0,1,294.762861
2014-05-13,111.4300,94.844780,58122800,0,1,291.881503
2014-05-14,109.6200,93.304176,65720700,0,1,287.140361
2014-05-15,108.8800,92.674355,75870500,0,1,285.201993
2014-05-16,109.5700,93.261642,44666200,0,1,287.009390
2014-05-19,110.7500,94.265999,35336900,0,1,290.100301
2014-05-20,109.0600,92.827530,89567900,0,1,285.673488
2014-05-21,109.6200,93.304176,55278500,0,1,287.140361
2014-05-22,110.7600,94.274513,41295000,0,1,290.126495
2014-05-23,111.9700,95.304420,42643800,0,1,293.295988
2014-05-27,113.5800,96.674774,46373900,0,1,297.513247
2014-05-28,112.9900,96.172569,37055400,0,1,295.967792
2014-05-29,113.3700,96.496040,25556800,0,1,296.963170
2014-05-30,112.8600,96.061928,38856000,0,1,295.627268
2014-06-02,112.2500,95.542732,40369700,0,1,294.029424
2014-06-03,111.9800,95.312943,31143700,0,1,293.322182
2014-06-04,112.4200,95.687416,28835500,0,1,294.474725
2014-06-05,114.7800,97.696190,67182000,0,1,300.656546
2014-06-06,115.8800,98.632439,45854000,0,1,303.537904
2014-06-09,116.9000,99.500618,44025700,0,1,306.209708
2014-06-10,116.6700,99.304871,39799900,0,1,305.607242
2014-06-11,116.1000,98.819710,30144700,0,1,304.114175
2014-06-12,115.3900,98.215393,39481200,0,1,302.254390
2014-06-13,115.5900,98.385597,33779400,0,1,302.778273
2014-06-16,116.1500,98.862259,30051100,0,1,304.245146
2014-06-17,116.9700,99.560219,62573000,0,1,306.393067
2014-06-18,117.7600,100.232643,37448900,0,1,308.462405
2014-06-19,117.8600,100.317757,30915900,0,1,308.724347
2014-06-20,118.2500,100.649719,30104400,0,1,309.745919
2014-06-23,118.0200,100.453934,21388700,0,1,309.143453
2014-06-24,116.7600,99.381477,41788300,0,1,305.842990
2014-06-25,117.7500,100.224098,34620800,0,1,308.436211
2014-06-26,117.5500,100.053902,28018300,0,1,307.912328
2014-06-27,118.3400,100.726318,38525100,0,1,309.981666
2014-06-30,118.8100,101.126328,34195600,0,1,311.212792
2014-07-01,120.0200,102.156265,65733200,0,1,314.382285
2014-07-02,119.1000,101.762383,30796700,0.459,1,313.174734
2014-07-03,119.8200,102.377571,15933900,0,1,315.067982
2014-07-07,117.7700,100.625992,32279000,0,1,309.677485
2014-07-08,116.3400,99.404144,52537600,0,1,305.917285
2014-07-09,116.4900,99.532303,27891700,0,1,306.311711
2014-07-10,115.2500,98.472801,50834300,0,1,303.051118
2014-07-11,115.1000,98.344650,33923700,0,1,302.656691
2014-07-14,115.6900,98.848770,28823400,0,1,304.208103
2014-07-15,114.5500,97.874710,49534700,0,1,301.210460
2014-07-16,114.2400,97.609848,63433000,0,1,300.395312
2014-07-17,112.4800,96.106033,62221500,0,1,295.767373
2014-07-18,114.2300,97.601295,46164100,0,1,300.369017
2014-07-21,113.7700,97.208244,32720500,0,1,299.159442
2014-07-22,114.7300,98.028511,31326500,0,1,301.683772
2014-07-23,114.8700,98.148148,26417600,0,1,302.051904
2014-07-24,114.6400,97.951599,31905100,0,1,301.447116
2014-07-25,113.6000,97.063026,46514500,0,1,298.712425
2014-07-28,113.0300,96.575996,37373400,0,1,297.213604
2014-07-29,113.3400,96.840820,30574500,0,1,298.028752
2014-07-30,113.7900,97.225342,30219000,0,1,299.212032
2014-07-31,111.1900,95.003845,61507700,0,1,292.375304
2014-08-01,110.6800,94.568062,67805300,0,1,291.034254
2014-08-04,111.6600,95.405418,34646200,0,1,293.611174
2014-08-05,111.3800,95.166183,44375000,0,1,292.874911
2014-08-06,111.7300,95.465225,33658300,0,1,293.795240
2014-08-07,111.1900,95.003845,40852200,0,1,292.375304
2014-08-08,112.2700,95.926613,32667200,0,1,295.215176
2014-08-11,113.3400,96.840820,31000700,0,1,298.028752
2014-08-12,112.5600,96.174416,31188400,0,1,295.977734
2014-08-13,113.4400,96.926308,23122900,0,1,298.291703
2014-08-14,113.6100,97.071533,20882100,0,1,298.738720
2014-08-15,113.3900,96.883560,53713800,0,1,298.160228
2014-08-18,115.0400,98.293388,33287300,0,1,302.498921
2014-08-19,115.4400,98.635170,22692600,0,1,303.550725
2014-08-20,114.9500,98.216461,26266900,0,1,302.262265
2014-08-21,115.2000,98.430092,33018200,0,1,302.919642
2014-08-22,115.2100,98.438652,30100100,0,1,302.945937
2014-08-25,115.7500,98.900032,27808600,0,1,304.365873
2014-08-26,116.8000,99.797157,34831700,0,1,307.126860
2014-08-27,116.5100,99.549385,19070100,0,1,306.364301
2014-08-28,115.9100,99.036743,22817800,0,1,304.786595
2014-08-29,116.5600,99.592110,26231100,0,1,306.495777
2014-09-02,117.2000,100.138924,38816400,0,1,308.178664
2014-09-03,116.4600,99.506653,33266600,0,1,306.232826
2014-09-04,116.0100,99.122177,26523500,0,1,305.049546
2014-09-05,116.3800,99.438332,26935300,0,1,306.022465
2014-09-08,116.5600,99.592110,20347300,0,1,306.495777
2014-09-09,115.1800,98.413025,36390100,0,1,302.867052
2014-09-10,115.8600,98.994019,23060600,0,1,304.655119
2014-09-11,116.6100,99.634834,27075600,0,1,306.627252
2014-09-12,115.3700,98.575348,32892900,0,1,303.366659
2014-09-15,114.1100,97.498772,41644400,0,1,300.053476
2014-09-16,114.4300,97.772194,51365900,0,1,300.894919
2014-09-17,114.7300,98.028511,45543000,0,1,301.683772
2014-09-18,115.4300,98.626595,24714600,0,1,303.524430
2014-09-19,113.9700,97.379158,52459600,0,1,299.685344
2014-09-22,112.3700,96.012093,45800600,0,1,295.478127
2014-09-23,111.3200,95.114891,51616800,0,1,292.717140
2014-09-24,112.0200,95.975960,34323100,0.305,1,295.359799
2014-09-25,110.1300,94.356644,49733600,0,1,290.376492
2014-09-26,111.1200,95.204872,26473300,0,1,292.986796
2014-09-29,111.0300,95.127754,30619000,0,1,292.749495
2014-09-30,109.3500,93.688362,55596900,0,1,288.319889
2014-10-01,107.8000,92.360397,88621100,0,1,284.233050
2014-10-02,108.8300,93.242889,71825900,0,1,286.948821
2014-10-03,109.6500,93.945435,44034600,0,1,289.110890
2014-10-06,108.7100,93.140045,35571200,0,1,286.632420
2014-10-07,106.9200,91.606422,40271900,0,1,281.912781
2014-10-08,108.9700,93.362801,51589200,0,1,287.317955
2014-10-09,106.0300,90.843880,60783400,0,1,279.566144
2014-10-10,104.7400,89.738647,66579500,0,1,276.164840
2014-10-13,104.3200,89.378807,72054300,0,1,275.057438
2014-10-14,105.5400,90.424088,70034800,0,1,278.274176
2014-10-15,106.6000,91.332245,117497300,0,1,281.069046
2014-10-16,107.8000,92.360397,100532300,0,1,284.233050
2014-10-17,107.4800,92.086189,72675000,0,1,283.389316
2014-10-20,108.7400,93.165741,34914400,0,1,286.711520
2014-10-21,110.5300,94.699379,44748100,0,1,291.431160
2014-10-22,108.9500,93.345673,48798300,0,1,287.265221
2014-10-23,110.8800,94.999222,60795100,0,1,292.353995
2014-10-24,111.0700,95.162041,41927400,0,1,292.854962
2014-10-27,111.0100,95.110626,31133700,0,1,292.696762
2014-10-28,114.1700,97.818039,84912900,0,1,301.028640
2014-10-29,113.9000,97.586739,67133500,0,1,300.316739
2014-10-30,114.8700,98.417809,59046200,0,1,302.874309
2014-10-31,116.5600,99.865753,53133300,0,1,307.330282
2014-11-03,116.3600,99.694405,39729600,0,1,306.802948
2014-11-04,115.8200,99.231697,37347600,0,1,305.379146
2014-11-05,116.0300,99.411644,31073500,0,1,305.932846
2014-11-06,116.5300,99.840027,31720900,0,1,307.251182
2014-11-07,116.7100,99.994255,28657700,0,1,307.725782
2014-11-10,117.2900,100.491203,29371800,0,1,309.255051
2014-11-11,117.3700,100.559708,23536800,0,1,309.465985
2014-11-12,117.9000,101.013824,34594700,0,1,310.863420
2014-11-13,116.9000,100.157036,25135200,0,1,308.226749
2014-11-14,116.6900,99.977135,23321400,0,1,307.673049
2014-11-17,115.7200,99.146027,29847300,0,1,305.115479
2014-11-18,116.3900,99.720070,33717200,0,1,306.882048
2014-11-19,115.1500,98.657677,38258700,0,1,303.612577
2014-11-20,116.4400,99.762932,26555000,0,1,307.013881
2014-11-21,116.5800,99.882866,43240400,0,1,307.383015
2014-11-24,117.9700,101.073769,24573200,0,1,311.047987
2014-11-25,118.0600,101.150902,26745900,0,1,311.285287
2014-11-26,118.4500,101.485039,14640700,0,1,312.313588
2014-11-28,116.6900,99.977135,21110700,0,1,307.673049
2014-12-01,114.8700,98.417809,36244100,0,1,302.874309
2014-12-02,116.2500,99.600136,31812100,0,1,306.512914
2014-12-03,117.3700,100.559708,29148000,0,1,309.465985
2014-12-04,116.8100,100.079941,28631900,0,1,307.989449
2014-12-05,117.6900,100.833908,30261400,0,1,310.309719
2014-12-08,116.2200,99.574432,32295000,0,1,306.433814
2014-12-09,118.1700,101.245140,52645900,0,1,311.575321
2014-12-10,115.6600,99.094650,45413600,0,1,304.957278
2014-12-11,116.1200,99.488777,36021800,0,1,306.170147
2014-12-12,114.7100,98.280685,44816000,0,1,302.452442
2014-12-15,113.5500,97.286858,66361200,0,1,299.393904
2014-12-16,113.3900,97.149719,62849700,0,1,298.972037
2014-12-17,116.8900,100.148491,70379400,0,1,308.200383
2014-12-18,118.6300,101.639259,54315600,0,1,312.788189
2014-12-19,118.9000,101.870590,49041800,0,1,313.500090
2014-12-22,119.7100,102.564568,27043400,0,1,315.635793
2014-12-23,119.8600,102.693092,34533000,0,1,316.031293
2014-12-24,119.7600,102.989792,19175400,0.445,1,316.940945
2014-12-26,120.5400,103.660538,18261900,0,1,319.005189
2014-12-29,121.0500,104.099182,27692500,0,1,320.354888
2014-12-30,120.3400,103.488571,23996000,0,1,318.475896
2014-12-31,119.6200,102.869370,35688700,0,1,316.570439
2015-01-02,118.9300,102.275993,46133100,0,1,314.744377
2015-01-05,117.3400,100.908661,51141900,0,1,310.536493
2015-01-06,115.3100,99.162926,67446000,0,1,305.164164
2015-01-07,116.7300,100.384087,32252100,0,1,308.922148
2015-01-08,118.7100,102.086815,28361700,0,1,314.162154
2015-01-09,117.5700,101.106461,26975200,0,1,311.145181
2015-01-12,117.1800,100.771065,27316800,0,1,310.113059
2015-01-13,117.2700,100.848442,49991400,0,1,310.351241
2015-01-14,116.8000,100.444283,34224200,0,1,309.107401
2015-01-15,114.8300,98.750122,46199400,0,1,303.893860
2015-01-16,116.7000,100.358261,41895700,0,1,308.842754
2015-01-20,116.2100,99.936905,36444400,0,1,307.545985
2015-01-21,115.8400,99.618690,27333500,0,1,306.566792
2015-01-22,118.2000,101.648232,37877000,0,1,312.812455
2015-01-23,118.1200,101.579437,28173400,0,1,312.600738
2015-01-26,119.2600,102.559784,23006800,0,1,315.617711
2015-01-27,118.6900,102.069611,26919100,0,1,314.109224
2015-01-28,116.6900,100.349686,38086100,0,1,308.816289
2015-01-29,118.3000,101.734245,39299900,0,1,313.077102
2015-01-30,115.7000,99.498329,49739800,0,1,306.196287
2015-02-02,116.7600,100.409904,44819100,0,1,309.001542
2015-02-03,118.8500,102.207184,43920000,0,1,314.532659
2015-02-04,118.4100,101.828827,28597100,0,1,313.368214
2015-02-05,119.9400,103.144539,32337100,0,1,317.417309
2015-02-06,119.8100,103.032791,31694900,0,1,317.073268
2015-02-09,118.8600,102.215813,32367900,0,1,314.559124
2015-02-10,119.6200,102.869370,28960800,0,1,316.570439
2015-02-11,119.4500,102.723198,23794200,0,1,316.120540
2015-02-12,120.8100,103.892738,27854600,0,1,319.719735
2015-02-13,121.5300,104.511932,20446900,0,1,321.625192
2015-02-17,121.9100,104.838730,16868500,0,1,322.630850
2015-02-18,122.0400,104.950508,20450200,0,1,322.974890
2015-02-19,122.0500,104.959129,16620500,0,1,323.001355
2015-02-20,122.3800,105.242874,30331600,0,1,323.874689
2015-02-23,122.5000,105.346069,25778200,0,1,324.192265
2015-02-24,122.6600,105.483711,20023600,0,1,324.615700
2015-02-25,122.8000,105.604080,17059600,0,1,324.986206
2015-02-26,123.2500,105.991066,24379000,0,1,326.177116
2015-02-27,122.5800,105.414902,23821700,0,1,324.403983
2015-03-02,123.4700,106.180244,29683500,0,1,326.759339
2015-03-03,122.7400,105.552460,23068400,0,1,324.827418
2015-03-04,122.3600,105.225708,22822500,0,1,323.821760
2015-03-05,122.7200,105.535316,19725600,0,1,324.774488
2015-03-06,121.1700,104.202339,37319900,0,1,320.672464
2015-03-09,121.7000,104.658112,17556300,0,1,322.075091
2015-03-10,120.3000,103.454155,32440300,0,1,318.370037
2015-03-11,121.0400,104.090538,20914500,0,1,320.328423
2015-03-12,123.0500,105.819069,41063300,0,1,325.647823
2015-03-13,122.6100,105.440666,26371000,0,1,324.483377
2015-03-16,123.3300,106.059868,19906300,0,1,326.388833
2015-03-17,123.6600,106.343681,23142600,0,1,327.262168
2015-03-18,124.6500,107.195030,40292600,0,1,329.882171
2015-03-19,124.8900,107.401421,34008200,0,1,330.517323
2015-03-20,125.9900,108.347366,34165600,0,1,333.428437
2015-03-23,125.8800,108.252800,17132400,0,1,333.137326
2015-03-24,125.8500,108.226982,30115600,0,1,333.057932
2015-03-25,122.4700,105.641792,42514000,0.383,1,325.126468
2015-03-26,122.3200,105.512375,26899200,0,1,324.728257
2015-03-27,123.1000,106.185234,23066800,0,1,326.798957
2015-03-30,124.7700,107.625755,20487000,0,1,331.232379
2015-03-31,124.3700,107.280708,24507800,0,1,330.170482
2015-04-01,124.4200,107.323875,31955200,0,1,330.303219
2015-04-02,124.6500,107.522247,23586400,0,1,330.913810
2015-04-06,125.2000,107.996689,22045600,0,1,332.373919
2015-04-07,124.4000,107.306587,20214700,0,1,330.250124
2015-04-08,125.4700,108.229546,19314400,0,1,333.090700
2015-04-09,125.0200,107.841415,22325300,0,1,331.896065
2015-04-10,125.6200,108.358986,14966300,0,1,333.488911
2015-04-13,125.7000,108.427971,22819200,0,1,333.701291
2015-04-14,125.6700,108.402069,22600800,0,1,333.621649
2015-04-15,126.5500,109.161171,37282300,0,1,335.957823
2015-04-16,126.4800,109.100807,24439900,0,1,335.771991
2015-04-17,124.4300,107.332497,48283500,0,1,330.329766
2015-04-20,125.6500,108.384834,24602300,0,1,333.568554
2015-04-21,125.5200,108.272705,13844600,0,1,333.223437
2015-04-22,125.7100,108.436600,21991300,0,1,333.727838
2015-04-23,126.2800,108.928291,18025800,0,1,335.241042
2015-04-24,125.8600,108.565971,14992500,0,1,334.126050
2015-04-27,124.4700,107.366982,32924600,0,1,330.435956
2015-04-28,125.1600,107.962166,35654900,0,1,332.267729
2015-04-29,123.8000,106.789062,26437900,0,1,328.657278
2015-04-30,121.1800,104.529068,72393800,0,1,321.701849
2015-05-01,121.9700,105.210518,47996200,0,1,323.799097
2015-05-04,122.4100,105.590042,37675100,0,1,324.967184
2015-05-05,120.8500,104.244392,56891600,0,1,320.825784
2015-05-06,121.2700,104.606689,34348300,0,1,321.940776
2015-05-07,121.7300,105.003471,29826100,0,1,323.161958
2015-05-08,122.6400,105.788429,26357100,0,1,325.577775
2015-05-11,122.7100,105.848824,28406700,0,1,325.763607
2015-05-12,122.4900,105.659042,34961600,0,1,325.179563
2015-05-13,122.4900,105.659042,27214700,0,1,325.179563
2015-05-14,123.7900,106.780434,23293200,0,1,328.630730
2015-05-15,123.6500,106.659637,22055600,0,1,328.259066
2015-05-18,125.0500,107.867279,30846000,0,1,331.975707
2015-05-19,124.8800,107.720634,23256800,0,1,331.524401
2015-05-20,125.1100,107.919029,20838500,0,1,332.134992
2015-05-21,124.9700,107.798279,16229300,0,1,331.763328
2015-05-22,124.4300,107.332497,22601400,0,1,330.329766
2015-05-26,123.2400,106.305992,44037800,0,1,327.170621
2015-05-27,124.7500,107.608482,32086300,0,1,331.179284
2015-05-28,124.6400,107.513626,18631900,0,1,330.887262
2015-05-29,123.8900,106.866669,33468900,0,1,328.896205
2015-06-01,124.2800,107.203079,35649400,0,1,329.931555
2015-06-02,124.5200,107.410110,29477600,0,1,330.568693
2015-06-03,125.7600,108.479706,30774800,0,1,333.860575
2015-06-04,124.5000,107.392830,25820600,0,1,330.515598
2015-06-05,125.4000,108.169174,36626500,0,1,332.904868
2015-06-08,124.8200,107.668892,18798700,0,1,331.365116
2015-06-09,124.4400,107.341095,23928300,0,1,330.356314
2015-06-10,125.9900,108.678146,42563500,0,1,334.471167
2015-06-11,126.3100,108.954155,17489400,0,1,335.320685
2015-06-12,125.9300,108.626366,23578600,0,1,334.311882
2015-06-15,125.5300,108.281342,30618300,0,1,333.249984
2015-06-16,126.4200,109.049034,32800900,0,1,335.612706
2015-06-17,126.2300,108.885132,32467000,0,1,335.108305
2015-06-18,127.9200,110.342934,39642100,0,1,339.594822
2015-06-19,127.8600,110.291168,23310900,0,1,339.435537
2015-06-22,128.7400,111.050247,25230000,0,1,341.771712
2015-06-23,129.0100,111.283134,23378500,0,1,342.488493
2015-06-24,127.9200,110.342934,26436800,0,1,339.594822
2015-06-25,127.8500,110.282578,24100900,0,1,339.408990
2015-06-26,127.5000,109.980659,38219900,0,1,338.479830
2015-06-29,124.2800,107.203079,49224900,0,1,329.931555
2015-06-30,124.8600,107.703400,39631300,0,1,331.471306
2015-07-01,125.2300,108.022514,28627700,0,1,332.453561
2015-07-02,123.7800,107.224709,31486400,0.529,1,330.008542
2015-07-06,123.7400,107.190071,27852200,0,1,329.901899
2015-07-07,123.8800,107.311371,39347100,0,1,330.275151
2015-07-08,121.9900,105.674126,40724500,0,1,325.236242
2015-07-09,122.4300,106.055267,29770400,0,1,326.409322
2015-07-10,124.1300,107.527946,28735800,0,1,330.941674
2015-07-13,125.5300,108.740692,21349900,0,1,334.674199
2015-07-14,126.2300,109.347038,21009500,0,1,336.540461
2015-07-15,125.5600,108.766663,22238300,0,1,334.754181
2015-07-16,126.3100,109.416359,33568400,0,1,336.753748
2015-07-17,125.7600,108.939888,24739900,0,1,335.287399
2015-07-20,125.0800,108.350883,23271100,0,1,333.474458
2015-07-21,124.4900,107.839783,28118700,0,1,331.901466
2015-07-22,124.9500,108.238235,20654200,0,1,333.127867
2015-07-23,123.5700,107.042824,39712100,0,1,329.448663
2015-07-24,121.5800,105.318993,39533000,0,1,324.143146
2015-07-27,120.5700,104.444031,35627200,0,1,321.450395
2015-07-28,121.6000,105.336319,53474800,0,1,324.196467
2015-07-29,121.9400,105.630821,32411300,0,1,325.102938
2015-07-30,122.2900,105.934021,29383900,0,1,326.036069
2015-07-31,122.9600,106.514412,31812700,0,1,327.822349
2015-08-03,122.3500,105.985985,34033200,0,1,326.196034
2015-08-04,122.0600,105.734779,21728900,0,1,325.422869
2015-08-05,122.3400,105.977325,25673500,0,1,326.169374
2015-08-06,120.6900,104.548012,42225300,0,1,321.770326
2015-08-07,119.8800,103.846313,42261400,0,1,319.610794
2015-08-10,121.2600,105.041786,28798900,0,1,323.289997
2015-08-11,120.2200,104.140869,33383800,0,1,320.517264
2015-08-12,119.9900,103.941643,46500100,0,1,319.904064
2015-08-13,119.5900,103.595146,35698300,0,1,318.837628
2015-08-14,120.3600,104.262138,21091500,0,1,320.890517
2015-08-17,121.6300,105.362305,22328200,0,1,324.276450
2015-08-18,120.6600,104.522034,26360400,0,1,321.690343
2015-08-19,119.4100,103.439201,45178900,0,1,318.357732
2015-08-20,116.3900,100.823120,51879800,0,1,310.306142
2015-08-21,115.0300,99.645004,79168300,0,1,306.680260
2015-08-24,110.5400,95.755585,83809200,0,1,294.709519
2015-08-25,109.6900,95.019257,59240200,0,1,292.443343
2015-08-26,112.4800,97.436066,51605300,0,1,299.881732
2015-08-27,114.4900,99.177223,49533700,0,1,305.240572
2015-08-28,115.6200,100.156097,41601400,0,1,308.253253
2015-08-31,115.2000,99.792267,29250900,0,1,307.133495
2015-09-01,111.9000,96.933632,45129200,0,1,298.335401
2015-09-02,113.9100,98.674835,26865800,0,1,303.694240
2015-09-03,113.7300,98.518906,33334500,0,1,303.214344
2015-09-04,112.8700,97.773911,31154600,0,1,300.921507
2015-09-08,115.4500,100.008850,29916300,0,1,307.800018
2015-09-09,114.1200,98.856728,40963000,0,1,304.254119
2015-09-10,114.6400,99.307205,29877900,0,1,305.640485
2015-09-11,115.1800,99.774956,27949400,0,1,307.080174
2015-09-14,114.6500,99.315857,22365800,0,1,305.667146
2015-09-15,115.9400,100.433319,26745300,0,1,309.106402
2015-09-16,116.9400,101.299568,27127800,0,1,311.772491
2015-09-17,117.3400,101.646080,50405400,0,1,312.838927
2015-09-18,115.7200,100.242744,42736100,0,1,308.519862
2015-09-21,115.5100,100.060822,33021700,0,1,307.959983
2015-09-22,113.7600,98.544876,35786900,0,1,303.294327
2015-09-23,113.4200,98.250351,25506800,0,1,302.387856
2015-09-24,113.2300,98.085762,39810300,0,1,301.881299
2015-09-25,111.4200,96.794815,43750300,0.324,1,297.919491
2015-09-28,108.3000,94.084389,56765300,0,1,289.577103
2015-09-29,107.5300,93.415428,49980700,0,1,287.518245
2015-09-30,109.2000,94.866241,50834500,0,1,291.983561
2015-10-01,109.0100,94.701172,44985900,0,1,291.475531
2015-10-02,110.6300,96.108528,58019200,0,1,295.807155
2015-10-05,113.2700,98.402008,45220500,0,1,302.866099
2015-10-06,112.4900,97.724388,34140000,0,1,300.780502
2015-10-07,114.4800,99.453148,36371000,0,1,306.101448
2015-10-08,115.5100,100.347939,43072200,0,1,308.855505
2015-10-09,115.7400,100.547783,26497200,0,1,309.470489
2015-10-12,115.5700,100.400078,22984000,0,1,309.015935
2015-10-13,113.9900,99.027504,37445300,0,1,304.791265
2015-10-14,112.8700,98.054504,39987400,0,1,301.796562
2015-10-15,115.5700,100.400078,42503400,0,1,309.015935
2015-10-16,115.4200,100.269760,33685600,0,1,308.614859
2015-10-19,115.6400,100.460899,24949500,0,1,309.203104
2015-10-20,115.4800,100.321922,20531400,0,1,308.775290
2015-10-21,113.7200,98.792953,34060300,0,1,304.069328
2015-10-22,114.7200,99.661690,36882600,0,1,306.743170
2015-10-23,115.8500,100.643326,40172500,0,1,309.764611
2015-10-26,115.0600,99.957031,19783300,0,1,307.652276
2015-10-27,113.8000,98.862442,38189200,0,1,304.283235
2015-10-28,117.1200,101.746613,65529900,0,1,313.160391
2015-10-29,115.8700,100.660721,27252000,0,1,309.818088
2015-10-30,115.3400,100.200272,28018700,0,1,308.400952
2015-11-02,117.7400,102.285248,33836900,0,1,314.818173
2015-11-03,118.3500,102.815170,28626300,0,1,316.449217
2015-11-04,118.2900,102.763069,25696000,0,1,316.288786
2015-11-05,118.3800,102.841232,27141300,0,1,316.529432
2015-11-06,119.2200,103.570992,35141300,0,1,318.775459
2015-11-09,117.8200,102.354736,32983100,0,1,315.032080
2015-11-10,118.1700,102.658813,21892200,0,1,315.967925
2015-11-11,117.1400,101.763985,22037600,0,1,313.213868
2015-11-12,114.9000,99.818054,39916100,0,1,307.224461
2015-11-13,114.0700,99.097000,43883000,0,1,305.005172
2015-11-16,115.0500,99.948341,28979100,0,1,307.625538
2015-11-17,114.6100,99.566101,34441000,0,1,306.449047
2015-11-18,116.5500,101.251450,35554300,0,1,311.636301
2015-11-19,116.0600,100.825783,25512500,0,1,310.326118
2015-11-20,116.8100,101.477341,31697700,0,1,312.331500
2015-11-23,117.3900,101.981201,22716400,0,1,313.882328
2015-11-24,118.2500,102.728325,24994500,0,1,316.181832
2015-11-25,119.1700,103.527542,20772600,0,1,318.641767
2015-11-27,119.6200,103.918480,14129300,0,1,319.844996
2015-11-30,119.1000,103.466721,30165400,0,1,318.454598
2015-12-01,119.8900,104.153030,27899900,0,1,320.566933
2015-12-02,118.6000,103.032372,22238300,0,1,317.117677
2015-12-03,116.6000,101.294891,39485400,0,1,311.769993
2015-12-04,117.7800,102.320007,32669900,0,1,314.925127
2015-12-07,116.0100,100.782333,29621400,0,1,310.192426
2015-12-08,115.3700,100.226349,30946000,0,1,308.481167
2015-12-09,114.0800,99.105682,41980400,0,1,305.031911
2015-12-10,114.4600,99.435776,31278800,0,1,306.047971
2015-12-11,111.9100,97.220505,52609300,0,1,299.229673
2015-12-14,111.1100,96.525513,53400400,0,1,297.090600
2015-12-15,112.7100,97.915474,48273900,0,1,301.368747
2015-12-16,114.4300,99.409744,44560600,0,1,305.967755
2015-12-17,113.2100,98.349876,41318000,0,1,302.705668
2015-12-18,111.4800,96.846947,49876600,0,1,298.079921
2015-12-21,112.3200,97.576714,26479300,0,1,300.325949
2015-12-22,113.3500,98.471512,28108700,0,1,303.080006
2015-12-23,114.7800,99.713791,29609700,0,1,306.903600
2015-12-24,114.5000,99.902260,13370500,0.496,1,307.481150
2015-12-28,113.9700,99.439819,22125500,0,1,306.057875
2015-12-29,115.2000,100.512993,22841500,0,1,309.360948
2015-12-30,114.0400,99.500900,21273200,0,1,306.245855
2015-12-31,112.6200,98.261955,39517700,0,1,302.432551
2016-01-04,110.0100,95.984703,66665900,0,1,295.423592
2016-01-05,110.2500,96.194084,28253300,0,1,296.068094
2016-01-06,108.5700,94.728287,35569200,0,1,291.556580
2016-01-07,105.6700,92.197998,52482000,0,1,283.768848
2016-01-08,103.8500,90.610023,60299300,0,1,278.881375
2016-01-11,103.4000,90.217407,47144800,0,1,277.672934
2016-01-12,103.7100,90.487892,53702900,0,1,278.505415
2016-01-13,100.3800,87.582428,70591600,0,1,269.562951
2016-01-14,101.7700,88.795204,69373400,0,1,273.295691
2016-01-15,100.1200,87.355576,85759200,0,1,268.864740
2016-01-19,98.7700,86.177681,51391100,0,1,265.239417
2016-01-20,99.1800,86.535385,94385800,0,1,266.340441
2016-01-21,98.9500,86.334740,65798200,0,1,265.722793
2016-01-22,101.3700,88.446182,46056700,0,1,272.221521
2016-01-25,99.1200,86.483063,35019600,0,1,266.179315
2016-01-26,101.1000,88.210625,33349600,0,1,271.496457
2016-01-27,99.7100,86.997841,47973900,0,1,267.763716
2016-01-28,99.6900,86.980392,41951100,0,1,267.710007
2016-01-29,102.9600,89.833496,42245300,0,1,276.491347
2016-02-01,102.4900,89.423416,33615700,0,1,275.229197
2016-02-02,100.2800,87.495163,39692700,0,1,269.294408
2016-02-03,100.4100,87.608597,55262500,0,1,269.643513
2016-02-04,100.8000,87.948914,51188400,0,1,270.690829
2016-02-05,98.0400,85.540733,53366600,0,1,263.279056
2016-02-08,96.4300,84.136009,61107700,0,1,258.955522
2016-02-09,95.7800,83.568893,55857200,0,1,257.209996
2016-02-10,95.8300,83.612503,42756100,0,1,257.344267
2016-02-11,94.7900,82.705101,57923200,0,1,254.551425
2016-02-12,96.5900,84.275627,40097300,0,1,259.385190
2016-02-16,98.8800,86.273651,38882100,0,1,265.534813
2016-02-17,100.4300,87.626030,40940400,0,1,269.697222
2016-02-18,99.9500,87.207237,35043600,0,1,268.408218
2016-02-19,100.4500,87.643509,32424800,0,1,269.750930
2016-02-22,101.5700,88.620697,28867400,0,1,272.758606
2016-02-23,100.6400,87.809280,29857100,0,1,270.261161
2016-02-24,101.6100,88.655602,36909600,0,1,272.866023
2016-02-25,102.5400,89.467049,22612600,0,1,275.363468
2016-02-26,103.1900,90.034180,27474700,0,1,277.108995
2016-02-29,102.7300,89.632843,32014400,0,1,275.873699
2016-03-01,104.9400,91.561058,36422700,0,1,281.808488
2016-03-02,106.0200,92.503380,24937100,0,1,284.708747
2016-03-03,107.1300,93.471863,28216300,0,1,287.689569
2016-03-04,107.7200,93.986649,38180900,0,1,289.273969
2016-03-07,108.8900,95.007484,38739900,0,1,292.415916
2016-03-08,106.2600,92.712791,46193900,0,1,285.353249
2016-03-09,106.8000,93.183968,25627200,0,1,286.803378
2016-03-10,105.9300,92.424858,47051200,0,1,284.467059
2016-03-11,108.2000,94.405434,33625000,0,1,290.562973
2016-03-14,107.9200,94.161118,24422700,0,1,289.811054
2016-03-15,106.2400,92.695335,34258400,0,1,285.299540
2016-03-16,106.9900,93.349701,37952200,0,1,287.313609
2016-03-17,108.6300,94.780617,41724500,0,1,291.717706
2016-03-18,109.6100,95.635681,36512600,0,1,294.349422
2016-03-21,109.3500,95.408821,29903700,0,1,293.651212
2016-03-22,109.2200,95.295410,23602100,0,1,293.302107
2016-03-23,106.8800,93.533775,39243300,0.327,1,287.896346
2016-03-24,107.2000,93.813820,30924300,0,1,288.758311
2016-03-28,107.3300,93.927589,21096400,0,1,289.108485
2016-03-29,110.3100,96.535492,46761100,0,1,297.135535
2016-03-30,110.3200,96.544205,35683500,0,1,297.162471
2016-03-31,110.6300,96.815506,28555900,0,1,297.997500
2016-04-01,111.1200,97.244278,29981400,0,1,299.317384
2016-04-04,110.1900,96.430428,21529400,0,1,296.812298
2016-04-05,108.9400,95.336540,32515800,0,1,293.445247
2016-04-06,110.1700,96.412910,28157800,0,1,296.758425
2016-04-07,108.6800,95.109001,33298400,0,1,292.744900
2016-04-08,109.1100,95.485291,26151700,0,1,293.903166
2016-04-11,108.7700,95.187775,25842100,0,1,292.987328
2016-04-12,109.9400,96.211662,25058700,0,1,296.138888
2016-04-13,112.3100,98.285706,40534700,0,1,302.522817
2016-04-14,112.1700,98.163185,25538600,0,1,302.145707
2016-04-15,112.4500,98.408226,21176100,0,1,302.899927
2016-04-18,113.3000,99.152084,19428300,0,1,305.189521
2016-04-19,113.3900,99.230858,23228100,0,1,305.431949
2016-04-20,113.5600,99.379631,21422500,0,1,305.889868
2016-04-21,112.9900,98.880814,20535700,0,1,304.354493
2016-04-22,114.1100,99.860954,29094500,0,1,307.371371
2016-04-25,113.3000,99.152084,16369600,0,1,305.189521
2016-04-26,114.4100,100.123505,30564100,0,1,308.179463
2016-04-27,114.8100,100.473518,24360300,0,1,309.256919
2016-04-28,113.5000,99.327103,26126500,0,1,305.728250
2016-04-29,112.4800,98.434486,33284500,0,1,302.980736
2016-05-02,113.4800,99.309631,21881000,0,1,305.674377
2016-05-03,111.6200,97.681870,37929600,0,1,300.664205
2016-05-04,110.7000,96.876762,30767200,0,1,298.186055
2016-05-05,110.2600,96.491714,26249200,0,1,297.000853
2016-05-06,110.9100,97.060524,25497400,0,1,298.751719
2016-05-09,111.2300,97.340561,23427000,0,1,299.613685
2016-05-10,112.3500,98.320717,18635300,0,1,302.630562
2016-05-11,110.9600,97.104309,23604600,0,1,298.886401
2016-05-12,110.3700,96.587967,34803000,0,1,297.297153
2016-05-13,109.6400,95.949112,24510300,0,1,295.330795
2016-05-16,111.0300,97.165543,27337000,0,1,299.074956
2016-05-17,109.2700,95.625313,46676300,0,1,294.334148
2016-05-18,109.8400,96.124146,35734400,0,1,295.869524
2016-05-19,108.9600,95.354050,36995600,0,1,293.499120
2016-05-20,110.7900,96.955521,37404500,0,1,298.428483
2016-05-23,110.6600,96.841751,23721700,0,1,298.078309
2016-05-24,112.9400,98.837059,41124300,0,1,304.219811
2016-05-25,113.6000,99.414650,26202900,0,1,305.997614
2016-05-26,113.4700,99.300865,15157200,0,1,305.647440
2016-05-27,114.6000,100.289764,21265100,0,1,308.691255
2016-05-31,115.0000,100.639801,32764400,0,1,309.768711
2016-06-01,115.7800,101.322411,26806100,0,1,311.869751
2016-06-02,116.6700,102.101288,23303300,0,1,314.267091
2016-06-03,115.9700,101.488701,28733200,0,1,312.381543
2016-06-06,117.2200,102.582588,26946000,0,1,315.748594
2016-06-07,117.5600,102.880119,21038500,0,1,316.664432
2016-06-08,118.4300,103.641495,27999900,0,1,319.007899
2016-06-09,117.6700,102.976410,23440700,0,1,316.960732
2016-06-10,116.0700,101.576225,32686800,0,1,312.650907
2016-06-13,114.8100,100.473518,36169500,0,1,309.256919
2016-06-14,114.4800,100.184746,34267600,0,1,308.368018
2016-06-15,114.5600,100.254730,24197700,0,1,308.583509
2016-06-16,114.5500,100.246017,36306600,0,1,308.556573
2016-06-17,114.0600,99.817200,30096400,0,1,307.236688
2016-06-20,115.3000,100.902367,28219800,0,1,310.576803
2016-06-21,115.0800,100.709839,34706800,0,1,309.984202
2016-06-22,114.6300,100.316025,27226100,0,1,308.772064
2016-06-23,116.8200,102.232559,30240300,0,1,314.671138
2016-06-24,112.3800,98.346985,74945400,0,1,302.711372
2016-06-27,108.6900,95.117775,58358800,0,1,292.771836
2016-06-28,110.3700,96.587967,42040600,0,1,297.297153
2016-06-29,112.8800,98.784546,34031600,0,1,304.058192
2016-06-30,114.9800,100.622307,42973800,0,1,309.714838
2016-07-01,115.3900,100.981133,24401900,0,1,310.819231
2016-07-05,113.6900,99.493401,29347200,0,1,306.240041
2016-07-06,113.8900,100.215828,24678300,0.621,1,308.451521
2016-07-07,114.1300,100.427017,20780600,0,1,309.101519
2016-07-08,116.7900,102.767654,37964800,0,1,316.305673
2016-07-11,118.1400,103.955559,26987300,0,1,319.961916
2016-07-12,119.7200,105.345848,44153000,0,1,324.241075
2016-07-13,119.2500,104.932274,28050200,0,1,322.968161
2016-07-14,119.3700,105.037872,19345400,0,1,323.293160
2016-07-15,119.7000,105.328262,23857300,0,1,324.186909
2016-07-18,119.9000,105.504234,17422400,0,1,324.728574
2016-07-19,119.3000,104.976273,19734100,0,1,323.103577
2016-07-20,120.0800,105.662651,22390500,0,1,325.216073
2016-07-21,119.5100,105.161049,19018700,0,1,323.672326
2016-07-22,120.4000,105.944199,17796100,0,1,326.082738
2016-07-25,120.2200,105.785812,13694600,0,1,325.595239
2016-07-26,120.8000,106.296188,19551100,0,1,327.166070
2016-07-27,121.1400,106.595360,21064700,0,1,328.086901
2016-07-28,120.8300,106.322578,16540100,0,1,327.247320
2016-07-29,121.0700,106.533737,30267900,0,1,327.897318
2016-08-01,121.1700,106.621750,34771700,0,1,328.168151
2016-08-02,119.4800,105.134666,28691000,0,1,323.591076
2016-08-03,120.4500,105.988190,17830300,0,1,326.218155
2016-08-04,120.5600,106.084991,17526700,0,1,326.516071
2016-08-05,122.3000,107.616089,28643400,0,1,331.228562
2016-08-08,122.2400,107.563263,14625700,0,1,331.066063
2016-08-09,122.3700,107.677673,12487700,0,1,331.418145
2016-08-10,121.4900,106.903351,19138100,0,1,329.034816
2016-08-11,122.0700,107.413689,21144600,0,1,330.605647
2016-08-12,122.1900,107.519287,12251200,0,1,330.930646
2016-08-15,123.4000,108.583977,22048000,0,1,334.207724
2016-08-16,122.4000,107.704094,20244300,0,1,331.499395
2016-08-17,122.0400,107.387306,20632600,0,1,330.524397
2016-08-18,122.9400,108.179253,16244600,0,1,332.961892
2016-08-19,122.9400,108.179253,17379500,0,1,332.961892
2016-08-22,123.2200,108.425629,16929700,0,1,333.720224
2016-08-23,124.0800,109.182335,21539400,0,1,336.049387
2016-08-24,123.0700,108.293663,21533400,0,1,333.313975
2016-08-25,123.3100,108.504814,17023200,0,1,333.963974
2016-08-26,123.0600,108.284836,26734400,0,1,333.286892
2016-08-29,123.7000,108.847969,14013900,0,1,335.020222
2016-08-30,123.9300,109.050377,14031300,0,1,335.643138
2016-08-31,123.2300,108.434410,29236300,0,1,333.747308
2016-09-01,123.3200,108.513634,22964700,0,1,333.991057
2016-09-02,124.5100,109.560745,23083300,0,1,337.213968
2016-09-06,124.6300,109.666328,13711000,0,1,337.538967
2016-09-07,125.4100,110.352684,17830500,0,1,339.651464
2016-09-08,125.1600,110.132683,16265500,0,1,338.974382
2016-09-09,121.2500,106.692146,54239000,0,1,328.384818
2016-09-12,122.9400,108.179253,33408100,0,1,332.961892
2016-09-13,120.5800,106.102547,47536200,0,1,326.570237
2016-09-14,120.6000,106.120193,30545500,0,1,326.624404
2016-09-15,122.0400,107.387306,29499800,0,1,330.524397
2016-09-16,121.8600,107.228912,31940500,0,1,330.036898
2016-09-19,122.6700,107.941635,22807000,0,1,332.230644
2016-09-20,122.1500,107.484100,16877900,0,1,330.822313
2016-09-21,123.9200,109.041580,30784700,0,1,335.616054
2016-09-22,125.7000,110.607864,36287700,0,1,340.436879
2016-09-23,124.8100,109.824707,26118000,0,1,338.026467
2016-09-26,123.2300,108.734116,20028000,0.344,1,334.678973
2016-09-27,123.7300,109.175308,16939500,0,1,336.036917
2016-09-28,124.6800,110.013542,19426400,0,1,338.617011
2016-09-29,122.8600,108.407631,26657700,0,1,333.674094
2016-09-30,124.2100,109.598808,31764500,0,1,337.340544
2016-10-03,123.8200,109.254715,18674300,0,1,336.281347
2016-10-04,123.2100,108.716469,26057300,0,1,334.624655
2016-10-05,123.9500,109.369408,24317300,0,1,336.634413
2016-10-06,123.8200,109.254715,18937100,0,1,336.281347
2016-10-07,122.8300,108.381172,28732700,0,1,333.592617
2016-10-10,124.3000,109.678276,21481700,0,1,337.584974
2016-10-11,122.0300,107.675262,31931300,0,1,331.419906
2016-10-12,121.9300,107.587044,20210400,0,1,331.148317
2016-10-13,120.9200,106.695816,26302500,0,1,328.405270
2016-10-14,120.4300,106.263474,24554600,0,1,327.074484
2016-10-17,120.2900,106.139961,17119500,0,1,326.694260
2016-10-18,120.9800,106.748756,19158900,0,1,328.568223
2016-10-19,121.4900,107.198807,18477400,0,1,329.953326
2016-10-20,121.1300,106.881111,20485600,0,1,328.975606
2016-10-21,121.0700,106.828194,21093700,0,1,328.812653
2016-10-24,121.8400,107.507629,15421600,0,1,330.903887
2016-10-25,120.9300,106.704651,16459800,0,1,328.432429
2016-10-26,119.7300,105.645836,24975300,0,1,325.173362
2016-10-27,118.3600,104.436966,29525700,0,1,321.452594
2016-10-28,118.0300,104.145798,35473700,0,1,320.556351
2016-10-31,118.5000,104.560509,20311800,0,1,321.832819
2016-11-01,117.0500,103.281097,34147200,0,1,317.894780
2016-11-02,115.5600,101.966347,29859900,0,1,313.848106
2016-11-03,115.0000,101.472229,22717500,0,1,312.327208
2016-11-04,115.7400,102.125198,35237200,0,1,314.336966
2016-11-07,118.5700,104.622276,32370900,0,1,322.022931
2016-11-08,118.8800,104.895805,26196800,0,1,322.864857
2016-11-09,122.5400,108.125259,77416800,0,1,332.805009
2016-11-10,124.5000,109.854713,83440700,0,1,338.128151
2016-11-11,127.3600,112.378281,95612800,0,1,345.895593
2016-11-14,129.1500,113.957703,83119400,0,1,350.757034
2016-11-15,129.5500,114.310692,38704500,0,1,351.843390
2016-11-16,129.5400,114.301849,42325500,0,1,351.816231
2016-11-17,130.3000,114.972458,42576900,0,1,353.880306
2016-11-18,130.9900,115.581291,41380600,0,1,355.754270
2016-11-21,131.6000,116.119507,32293100,0,1,357.410962
2016-11-22,132.8000,117.178398,39681500,0,1,360.670028
2016-11-23,133.6300,117.910713,37939200,0,1,362.924216
2016-11-25,134.0700,118.299004,13373400,0,1,364.119207
2016-11-28,132.3300,116.763657,32505700,0,1,359.393560
2016-11-29,132.2600,116.701881,27993700,0,1,359.203448
2016-11-30,131.6100,116.128357,32491200,0,1,357.438121
2016-12-01,130.9700,115.563652,39815900,0,1,355.699952
2016-12-02,130.9000,115.501846,24054100,0,1,355.509840
2016-12-05,133.1500,117.487183,27547100,0,1,361.620589
2016-12-06,134.5900,118.757790,27820000,0,1,365.531469
2016-12-07,135.9000,119.913681,31825800,0,1,369.089283
2016-12-08,138.0400,121.801971,49048900,0,1,374.901285
2016-12-09,138.3100,122.040230,34313500,0,1,375.634575
2016-12-12,136.8500,120.751953,34592900,0,1,371.669378
2016-12-13,136.8600,120.760796,32624600,0,1,371.696537
2016-12-14,135.1500,119.251915,45923700,0,1,367.052367
2016-12-15,136.1600,120.143135,41352500,0,1,369.795414
2016-12-16,135.9100,119.922508,39348200,0,1,369.116442
2016-12-19,136.8000,120.707817,33393900,0,1,371.533583
2016-12-20,137.9600,121.731369,31753600,0,1,374.684014
2016-12-21,137.0600,120.937210,23215900,0,1,372.239714
2016-12-22,135.3200,119.894447,34737900,0.563,1,369.043113
2016-12-23,136.0400,120.532356,17081400,0,1,371.006689
2016-12-27,136.6500,121.072784,13571700,0,1,372.670274
2016-12-28,135.2500,119.832397,22712400,0,1,368.852210
2016-12-29,135.3700,119.938728,21312900,0,1,369.179473
2016-12-30,134.8500,119.477982,28399300,0,1,367.761335
2017-01-03,135.5200,120.071617,29792400,0,1,369.588551
2017-01-04,137.7800,122.073990,34499400,0,1,375.751996
2017-01-05,136.1900,120.665215,30286900,0,1,371.415767
2017-01-06,135.6900,120.222260,23436000,0,1,370.052173
2017-01-09,134.8000,119.433655,24077900,0,1,367.624975
2017-01-10,136.0900,120.576614,21684900,0,1,371.143048
2017-01-11,136.3300,120.789284,27428800,0,1,371.797573
2017-01-12,135.2800,119.858986,41844200,0,1,368.934026
2017-01-13,136.2600,120.727264,27784500,0,1,371.606670
2017-01-17,134.4100,119.088188,28197800,0,1,366.561372
2017-01-18,134.8500,119.477982,21289700,0,1,367.761335
2017-01-19,133.7500,118.503426,34105900,0,1,364.761428
2017-01-20,134.4400,119.114723,29286100,0,1,366.643188
2017-01-23,133.8800,118.618607,20537000,0,1,365.115962
2017-01-24,135.9300,120.434891,34313800,0,1,370.706698
2017-01-25,137.2100,121.568985,29127300,0,1,374.197499
2017-01-26,136.6600,121.081680,22255600,0,1,372.697546
2017-01-27,136.1900,120.665215,19467800,0,1,371.415767
2017-01-30,134.2900,118.981812,40464400,0,1,366.234109
2017-01-31,135.2300,119.814674,32945000,0,1,368.797666
2017-02-01,135.1500,119.743782,30010500,0,1,368.579491
2017-02-02,134.8100,119.442551,19935700,0,1,367.652247
2017-02-03,136.8700,121.267700,24534100,0,1,373.270255
2017-02-06,135.8400,120.355125,23691500,0,1,370.461251
2017-02-07,135.2400,119.823547,30342200,0,1,368.824938
2017-02-08,135.0000,119.610878,32956900,0,1,368.170413
2017-02-09,136.9000,121.294327,28267600,0,1,373.352071
2017-02-10,137.9400,122.215736,27287600,0,1,376.188346
2017-02-13,138.3000,122.534691,23245100,0,1,377.170134
2017-02-14,138.7600,122.942261,27145000,0,1,378.424641
2017-02-15,139.5900,123.677650,20253500,0,1,380.688207
2017-02-16,139.2000,123.332161,24613600,0,1,379.624604
2017-02-17,139.1100,123.252411,26703200,0,1,379.379157
2017-02-21,140.2000,124.218124,21353500,0,1,382.351792
2017-02-22,139.5800,123.668793,14890800,0,1,380.660935
2017-02-23,138.7500,122.933434,24596200,0,1,378.397369
2017-02-24,138.6500,122.844872,24512300,0,1,378.124650
2017-02-27,140.0000,124.040901,28269000,0,1,381.806354
2017-02-28,137.8400,122.127159,40184100,0,1,375.915628
2017-03-01,140.3600,124.359848,35719800,0,1,382.788142
2017-03-02,138.7500,122.933434,25937000,0,1,378.397369
2017-03-03,138.6500,122.844872,30989800,0,1,378.124650
2017-03-06,137.7000,122.003120,23892100,0,1,375.533821
2017-03-07,136.8000,121.205704,29711300,0,1,373.079352
2017-03-08,135.9000,120.408287,34115100,0,1,370.624882
2017-03-09,135.3600,119.929855,35223800,0,1,369.152201
2017-03-10,135.9600,120.461464,39516600,0,1,370.788514
2017-03-13,136.2800,120.744949,21295000,0,1,371.661214
2017-03-14,135.6300,120.169075,30037800,0,1,369.888542
2017-03-15,137.7300,122.029716,31230400,0,1,375.615637
2017-03-16,137.9100,122.189171,25306600,0,1,376.106531
2017-03-17,138.4600,122.676468,33324600,0,1,377.606484
2017-03-20,137.8600,122.144882,19091200,0,1,375.970171
2017-03-21,133.9700,118.698326,61869000,0,1,365.361409
2017-03-22,134.0000,118.724892,46332600,0,1,365.443225
2017-03-23,134.7800,119.415970,37764600,0,1,367.570432
2017-03-24,134.4900,119.502159,33514400,0.387,1,367.834969
2017-03-27,134.7400,119.724312,35596700,0,1,368.518728
2017-03-28,135.7900,120.657303,26891900,0,1,371.390515
2017-03-29,136.2300,121.048256,22119500,0,1,372.593931
2017-03-30,137.2600,121.963425,25792900,0,1,375.411018
2017-03-31,137.4800,122.158920,29434300,0,1,376.012726
2017-04-03,136.0300,120.870560,38834900,0,1,372.046924
2017-04-04,135.8700,120.728363,25642600,0,1,371.609318
2017-04-05,134.3300,119.359978,44968800,0,1,367.397363
2017-04-06,135.5800,120.470673,41012100,0,1,370.816158
2017-04-07,135.5200,120.417381,24300200,0,1,370.652056
2017-04-10,135.8200,120.683952,22779900,0,1,371.472567
2017-04-11,136.9000,121.643585,32589200,0,1,374.426405
2017-04-12,135.0400,119.990868,25700800,0,1,369.339239
2017-04-13,133.7200,118.817978,30207000,0,1,365.728991
2017-04-17,135.2900,120.213013,18278800,0,1,370.022998
2017-04-18,135.3200,120.239662,24553300,0,1,370.105049
2017-04-19,135.7900,120.657303,34627600,0,1,371.390515
2017-04-20,137.5200,122.194504,31934400,0,1,376.122127
2017-04-21,137.2100,121.919052,29386000,0,1,375.274266
2017-04-24,138.9200,123.438461,33836900,0,1,379.951178
2017-04-25,140.2700,124.638016,32751700,0,1,383.643476
2017-04-26,140.9900,125.277802,41669200,0,1,385.612702
2017-04-27,140.9500,125.242271,23004300,0,1,385.503300
2017-04-28,139.0600,123.562820,31113900,0,1,380.334083
2017-05-01,139.8600,124.273659,20925200,0,1,382.522111
2017-05-02,139.1500,123.642815,17993900,0,1,380.580236
2017-05-03,138.2900,122.878662,27050300,0,1,378.228105
2017-05-04,138.1000,122.709869,25799100,0,1,377.708448
2017-05-05,138.9900,123.500702,23806500,0,1,380.142630
2017-05-08,138.4100,122.985298,16680000,0,1,378.556309
2017-05-09,138.3500,122.932007,23988400,0,1,378.392207
2017-05-10,139.2100,123.696198,19791500,0,1,380.744338
2017-05-11,138.2400,122.834282,28617300,0,1,378.091353
2017-05-12,137.5100,122.185623,24111200,0,1,376.094777
2017-05-15,138.5800,123.136375,31132200,0,1,379.021265
2017-05-16,138.6300,123.180809,18520900,0,1,379.158017
2017-05-17,134.8900,119.857574,50791200,0,1,368.928983
2017-05-18,135.3800,120.292969,44805100,0,1,370.269151
2017-05-19,136.0300,120.870560,44450500,0,1,372.046924
2017-05-22,136.9500,121.688026,20062700,0,1,374.563157
2017-05-23,137.4000,122.087852,16681400,0,1,375.793923
2017-05-24,137.4900,122.167847,21256000,0,1,376.040076
2017-05-25,137.5800,122.247818,22804200,0,1,376.286230
2017-05-26,137.5400,122.212265,20047300,0,1,376.176828
2017-05-30,136.4600,121.252625,25544100,0,1,373.222989
2017-05-31,136.3200,121.128235,34345400,0,1,372.840084
2017-06-01,138.9500,123.465126,44618600,0,1,380.033229
2017-06-02,139.8500,124.264839,46680200,0,1,382.494761
2017-06-05,138.9800,123.491760,20808900,0,1,380.115280
2017-06-06,138.8500,123.376251,25460900,0,1,379.759725
2017-06-07,138.9800,123.491760,20542200,0,1,380.115280
2017-06-08,140.8800,125.180038,33956400,0,1,385.311848
2017-06-09,141.6100,125.828674,56979400,0,1,387.308424
2017-06-12,141.3800,125.624344,34665500,0,1,386.679366
2017-06-13,142.1000,126.264099,22046800,0,1,388.648592
2017-06-14,141.2600,125.517723,33021900,0,1,386.351161
2017-06-15,140.5400,124.877922,27376800,0,1,384.381936
2017-06-16,140.1900,124.566956,35608400,0,1,383.424673
2017-06-19,141.2300,125.491058,25163300,0,1,386.269110
2017-06-20,139.8000,124.220390,20111900,0,1,382.358009
2017-06-21,139.4500,123.909416,23351400,0,1,381.400747
2017-06-22,139.9800,124.380318,17917200,0,1,382.850316
2017-06-23,140.9100,125.206711,20772500,0,1,385.393899
2017-06-26,141.0800,125.357765,22988300,0,1,385.858855
2017-06-27,139.8400,124.255913,24610100,0,1,382.467411
2017-06-28,141.9800,126.157433,25085400,0,1,388.320387
2017-06-29,141.1400,125.411049,38794900,0,1,386.022957
2017-06-30,140.9200,125.215614,22798500,0,1,385.421249
2017-07-03,142.1000,126.264099,12968200,0,1,388.648592
2017-07-05,141.5900,125.810951,21865500,0,1,387.253723
2017-07-06,139.1400,124.168053,30563400,0.609,1,382.218522
2017-07-07,140.4900,125.372810,20511000,0,1,385.926981
2017-07-10,139.8800,124.828400,17206000,0,1,384.251307
2017-07-11,140.2900,125.194252,16192900,0,1,385.377580
2017-07-12,141.3700,126.158081,19358600,0,1,388.344347
2017-07-13,141.4900,126.265160,16559300,0,1,388.673988
2017-07-14,141.7300,126.479324,15465300,0,1,389.333270
2017-07-17,142.0600,126.773834,15374600,0,1,390.239782
2017-07-18,141.6900,126.443619,16653300,0,1,389.223390
2017-07-19,143.1000,127.701920,16985500,0,1,393.096669
2017-07-20,143.2000,127.791145,17047800,0,1,393.371370
2017-07-21,142.5500,127.211082,21662700,0,1,391.585815
2017-07-24,142.7500,127.389587,16694000,0,1,392.135217
2017-07-25,144.0500,128.549683,21066400,0,1,395.706326
2017-07-26,143.2500,127.835800,13574900,0,1,393.508720
2017-07-27,142.3400,127.023651,24355800,0,1,391.008944
2017-07-28,141.9600,126.684563,19933300,0,1,389.965081
2017-07-31,141.5100,126.283005,16417700,0,1,388.728928
2017-08-01,141.7800,126.523964,19835900,0,1,389.470620
2017-08-02,140.2300,125.140770,19934300,0,1,385.212760
2017-08-03,139.5300,124.516052,19624900,0,1,383.289855
2017-08-04,140.2100,125.122902,16473500,0,1,385.157820
2017-08-07,140.4400,125.328140,9176200,0,1,385.789631
2017-08-08,140.0000,124.935448,27248700,0,1,384.580948
2017-08-09,138.7900,123.855675,26534300,0,1,381.257070
2017-08-10,136.2700,121.606827,40983500,0,1,374.334613
2017-08-11,136.4700,121.785278,32779600,0,1,374.884014
2017-08-14,138.5400,123.632622,21710900,0,1,380.570318
2017-08-15,137.4000,122.615242,16646000,0,1,377.438731
2017-08-16,137.4400,122.650955,21858600,0,1,377.548611
2017-08-17,134.9300,120.411003,32722900,0,1,370.653624
2017-08-18,134.9200,120.402092,42401900,0,1,370.626154
2017-08-21,134.8300,120.321793,21504100,0,1,370.378923
2017-08-22,136.2900,121.624718,25170600,0,1,374.389553
2017-08-23,136.0700,121.428368,18381900,0,1,373.785212
2017-08-24,136.4900,121.803177,15726600,0,1,374.938954
2017-08-25,136.8800,122.151184,17163000,0,1,376.010287
2017-08-28,137.4600,122.668800,16333300,0,1,377.603551
2017-08-29,137.4900,122.695580,20277600,0,1,377.685961
2017-08-30,138.3700,123.480850,15915500,0,1,380.103327
2017-08-31,139.7300,124.694489,29260600,0,1,383.839256
2017-09-01,140.5200,125.399544,17412500,0,1,386.009392
2017-09-05,139.1700,124.194771,21908400,0,1,382.300933
2017-09-06,139.4600,124.453590,18399700,0,1,383.097564
2017-09-07,139.1100,124.141258,18159800,0,1,382.136112
2017-09-08,139.2200,124.239464,21870500,0,1,382.438283
2017-09-11,140.6800,125.542282,22617700,0,1,386.448913
2017-09-12,141.5400,126.309746,22679600,0,1,388.811339
2017-09-13,141.9600,126.684563,25052500,0,1,389.965081
2017-09-14,141.8300,126.568604,18353800,0,1,389.607971
2017-09-15,142.4100,127.086128,23184000,0,1,391.201234
2017-09-18,143.3800,127.951759,24427400,0,1,393.865831
2017-09-19,143.3800,127.951759,16346300,0,1,393.865831
2017-09-20,143.8400,128.362274,20244700,0,1,395.129454
2017-09-21,143.6900,128.228470,17395900,0,1,394.717403
2017-09-22,144.3000,128.772781,25203000,0,1,396.393077
2017-09-25,144.5000,128.951233,30012800,0,1,396.942479
2017-09-26,144.6100,129.361862,28238100,0.349,1,398.203355
2017-09-27,147.4400,131.893448,66351700,0,1,405.996146
2017-09-28,147.8300,132.242325,29291400,0,1,407.070064
2017-09-29,148.1800,132.555435,21738700,0,1,408.033837
2017-10-02,150.0000,134.183517,29772400,0,1,413.045455
2017-10-03,150.3300,134.478714,28372800,0,1,413.954155
2017-10-04,149.8500,134.049332,22024700,0,1,412.632409
2017-10-05,150.2600,134.416153,22538500,0,1,413.761400
2017-10-06,150.0500,134.228271,19350800,0,1,413.183137
2017-10-09,149.4300,133.673630,13981300,0,1,411.475882
2017-10-10,149.8600,134.058273,21951900,0,1,412.659946
2017-10-11,149.7500,133.959915,15137100,0,1,412.357046
2017-10-12,149.6400,133.861496,17185600,0,1,412.054146
2017-10-13,149.3700,133.619934,15464400,0,1,411.310664
2017-10-16,149.2400,133.503723,20653100,0,1,410.952691
2017-10-17,148.8100,133.119003,18046800,0,1,409.768627
2017-10-18,149.5200,133.754150,20541700,0,1,411.723709
2017-10-19,149.2900,133.548355,17164900,0,1,411.090373
2017-10-20,149.9800,134.165649,25224500,0,1,412.990382
2017-10-23,148.8600,133.163742,14676400,0,1,409.906309
2017-10-24,149.1700,133.441055,17527700,0,1,410.759937
2017-10-25,148.4500,132.796967,27235300,0,1,408.777318
2017-10-26,148.7600,133.074249,15205900,0,1,409.630946
2017-10-27,149.7900,133.995651,32744100,0,1,412.467191
2017-10-30,148.2100,132.582275,30524800,0,1,408.116446
2017-10-31,149.2600,133.521576,22449400,0,1,411.007764
2017-11-01,148.2700,132.635986,31585500,0,1,408.281664
2017-11-02,148.7100,133.029587,28176600,0,1,409.493264
2017-11-03,148.6100,132.940109,22312700,0,1,409.217900
2017-11-06,148.7800,133.092209,15576800,0,1,409.686018
2017-11-07,147.0000,131.499878,29549300,0,1,404.784546
2017-11-08,147.2000,131.678757,30682500,0,1,405.335273
2017-11-09,146.6800,131.213593,40144400,0,1,403.903382
2017-11-10,146.5700,131.115204,17823700,0,1,403.600482
2017-11-13,146.6100,131.150940,14680000,0,1,403.710627
2017-11-14,146.2100,130.793182,19682200,0,1,402.609173
2017-11-15,145.6300,130.274307,23925200,0,1,401.012064
2017-11-16,147.7700,132.188705,25889000,0,1,406.904846
2017-11-17,148.4500,132.796967,25816700,0,1,408.777318
2017-11-20,149.5300,133.763107,22793000,0,1,411.751246
2017-11-21,151.0900,135.158554,29392300,0,1,416.046918
2017-11-22,150.8900,134.979706,14136600,0,1,415.496191
2017-11-24,150.9500,135.033340,6816300,0,1,415.661409
2017-11-27,150.4900,134.621811,18416900,0,1,414.394737
2017-11-28,152.8600,136.741928,35898300,0,1,420.920855
2017-11-29,153.3700,137.198181,38234200,0,1,422.325209
2017-11-30,153.6500,137.448624,32230700,0,1,423.096227
2017-12-01,153.0200,136.885071,62734800,0,1,421.361437
2017-12-04,152.4500,136.375137,36366800,0,1,419.791864
2017-12-05,150.9300,135.015427,29667200,0,1,415.606337
2017-12-06,150.2200,134.380371,21273800,0,1,413.651255
2017-12-07,151.2700,135.319611,29675200,0,1,416.542573
2017-12-08,151.4100,135.444839,20832400,0,1,416.928082
2017-12-11,151.3500,135.391205,26654100,0,1,416.762864
2017-12-12,150.8800,134.970749,25854800,0,1,415.468655
2017-12-13,151.7800,135.775879,30082600,0,1,417.946927
2017-12-14,150.1000,134.272995,32882600,0,1,413.320818
2017-12-15,152.2400,136.187317,42851600,0,1,419.213600
2017-12-18,154.3000,138.030121,22714300,0,1,424.886091
2017-12-19,153.0800,136.938782,24313600,0,1,421.526655
2017-12-20,153.3800,137.207153,19042800,0,1,422.352746
2017-12-21,153.4700,137.807938,16772600,0.579,1,424.194928
2017-12-22,153.1900,137.556473,13599400,0,1,423.421001
2017-12-26,153.2800,137.637268,11949600,0,1,423.669764
2017-12-27,153.1300,137.502548,15949900,0,1,423.255160
2017-12-28,153.7300,138.041351,10167300,0,1,424.913575
2017-12-29,152.4600,136.900970,21006500,0,1,421.403263
2018-01-02,153.9000,138.194000,20489600,0,1,425.383459
2018-01-03,154.0600,138.337662,21836600,0,1,425.825703
2018-01-04,154.4700,138.705856,14207100,0,1,426.958953
2018-01-05,154.7900,138.993164,19883900,0,1,427.843441
2018-01-08,155.0300,139.208664,18457300,0,1,428.506807
2018-01-09,154.8200,139.020096,16571300,0,1,427.926362
2018-01-10,154.8400,139.038025,18516800,0,1,427.981643
2018-01-11,157.5000,141.426620,26522400,0,1,435.333949
2018-01-12,158.1600,142.019241,24089800,0,1,437.158206
2018-01-16,156.1400,140.205353,27704700,0,1,431.574875
2018-01-17,157.6200,141.534348,18571600,0,1,435.665632
2018-01-18,156.5400,140.564545,17903600,0,1,432.680485
2018-01-19,158.6000,142.414322,31040900,0,1,438.374377
2018-01-22,159.4500,143.177551,12702400,0,1,440.723798
2018-01-23,159.9600,143.635574,16904600,0,1,442.133451
2018-01-24,158.9700,142.746597,20340900,0,1,439.397066
2018-01-25,159.0300,142.800430,20290900,0,1,439.562908
2018-01-26,159.6000,143.312241,16120300,0,1,441.138402
2018-01-29,158.7000,142.504120,18293300,0,1,438.650779
2018-01-30,157.1800,141.139252,24533800,0,1,434.449461
2018-01-31,156.3600,140.402939,27468900,0,1,432.182961
2018-02-01,156.8500,140.842896,21413000,0,1,433.537333
2018-02-02,153.8300,138.131088,33314100,0,1,425.189977
2018-02-05,147.9200,132.824249,52622200,0,1,408.854589
2018-02-06,149.6900,134.413589,69232400,0,1,413.746914
2018-02-07,149.8400,134.548355,37101000,0,1,414.161517
2018-02-08,145.4400,130.597382,44704500,0,1,401.999807
2018-02-09,146.7700,131.791641,53315300,0,1,405.675960
2018-02-12,148.1600,133.039734,36213900,0,1,409.517955
2018-02-13,148.4800,133.327087,25021200,0,1,410.402443
2018-02-14,151.1500,135.724609,36286900,0,1,417.782390
2018-02-15,152.8000,137.206223,23773600,0,1,422.343032
2018-02-16,153.3400,137.691177,27973900,0,1,423.835605
2018-02-20,152.0800,136.559708,24046200,0,1,420.352933
2018-02-21,152.2400,136.703369,26735500,0,1,420.795178
2018-02-22,152.0000,136.487885,16340000,0,1,420.131811
2018-02-23,153.9800,138.265793,18065200,0,1,425.604581
2018-02-26,154.9900,139.172775,15267700,0,1,428.396246
2018-02-27,152.7600,137.170319,18125500,0,1,422.232471
2018-02-28,150.3500,135.006287,29951800,0,1,415.571170
2018-03-01,149.9500,134.647095,38943200,0,1,414.465560
2018-03-02,152.3500,136.802216,31842300,0,1,421.099220
2018-03-05,153.7100,138.023346,19603700,0,1,424.858294
2018-03-06,155.3700,139.513947,17304000,0,1,429.446576
2018-03-07,156.7400,140.744125,22684600,0,1,433.233290
2018-03-08,156.4200,140.456833,23391300,0,1,432.348802
2018-03-09,158.9200,142.701630,24927200,0,1,439.258865
2018-03-12,159.2000,142.953110,15310100,0,1,440.032792
2018-03-13,158.4600,142.288589,17757200,0,1,437.987413
2018-03-14,157.7100,141.615128,18097500,0,1,435.914395
2018-03-15,156.9200,140.905823,14172100,0,1,433.730815
2018-03-16,157.8000,141.695969,36000300,0,1,436.163157
2018-03-19,156.2800,140.331070,25663000,0,1,431.961839
2018-03-20,156.2400,140.295197,11418500,0,1,431.851278
2018-03-21,157.1500,141.112305,22213500,0,1,434.366541
2018-03-22,153.3500,138.018036,29774800,0.362,1,424.863822
2018-03-23,150.0500,135.047943,35744100,0,1,415.721008
2018-03-26,153.3300,138.000000,28442400,0,1,424.808411
2018-03-27,150.3600,135.326981,32820600,0,1,416.579878
2018-03-28,150.3100,135.281967,26510900,0,1,416.441351
2018-03-29,151.8300,136.650009,22617700,0,1,420.652587
2018-04-02,148.1300,133.319901,35040700,0,1,410.401552
2018-04-03,150.2500,135.227951,29857800,0,1,416.275118
2018-04-04,152.1600,136.947052,29619700,0,1,421.566868
2018-04-05,153.4200,138.081039,17301600,0,1,425.057761
2018-04-06,150.3600,135.326981,25762700,0,1,416.579878
2018-04-09,150.5400,135.488983,18997000,0,1,417.078577
2018-04-10,153.3800,138.045074,23420000,0,1,424.946939
2018-04-11,153.7100,138.342102,14884600,0,1,425.861220
2018-04-12,154.7600,139.287048,14413200,0,1,428.770298
2018-04-13,153.9500,138.558075,19813600,0,1,426.526152
2018-04-16,155.3700,139.836044,18846900,0,1,430.460333
2018-04-17,157.0600,141.357086,18624200,0,1,435.142562
2018-04-18,157.4800,141.735138,16974200,0,1,436.306193
2018-04-19,156.3900,140.754105,16174500,0,1,433.286294
2018-04-20,155.5500,139.998154,21480600,0,1,430.959032
2018-04-23,155.3200,139.791077,13268200,0,1,430.321806
2018-04-24,154.4300,138.990036,24859700,0,1,427.856016
2018-04-25,154.2000,138.783081,21981400,0,1,427.218790
2018-04-26,154.9100,139.422043,14862900,0,1,429.185880
2018-04-27,154.6900,139.224106,17734300,0,1,428.576359
2018-04-30,153.3200,137.991028,15624600,0,1,424.780706
2018-05-01,154.0700,138.666092,24977500,0,1,426.858618
2018-05-02,154.6500,139.188019,16786800,0,1,428.465537
2018-05-03,153.8100,138.432053,20985900,0,1,426.138275
2018-05-04,155.7300,140.160095,17927900,0,1,431.457731
2018-05-07,157.0500,141.348129,16303500,0,1,435.114857
2018-05-08,157.8300,142.050125,17281200,0,1,437.275886
2018-05-09,158.6800,142.815140,15758500,0,1,439.630853
2018-05-10,159.5300,143.580124,15828700,0,1,441.985821
2018-05-11,159.8400,143.859146,14413600,0,1,442.844691
2018-05-14,159.2300,143.310165,15028500,0,1,441.154656
2018-05-15,159.2600,143.337128,17544900,0,1,441.237772
2018-05-16,160.9200,144.831192,21004400,0,1,445.836885
2018-05-17,161.6600,145.497238,18639700,0,1,447.887092
2018-05-18,161.8700,145.686203,17579800,0,1,448.468907
2018-05-21,162.9400,146.649246,15667300,0,1,451.433396
2018-05-22,161.7600,145.587250,13212000,0,1,448.164147
2018-05-23,161.9700,145.776199,14235700,0,1,448.745962
2018-05-24,162.0300,145.830200,12785000,0,1,448.912195
2018-05-25,161.7400,145.569183,11150200,0,1,448.108736
2018-05-29,161.5200,145.371201,20986900,0,1,447.499215
2018-05-30,164.0800,147.675247,25169000,0,1,454.591823
2018-05-31,162.7700,146.496216,28573700,0,1,450.962402
2018-06-01,163.8400,147.459244,21108200,0,1,453.926891
2018-06-04,164.7100,148.242249,14836000,0,1,456.337269
2018-06-05,165.7300,149.160263,13283600,0,1,459.163230
2018-06-06,166.9300,150.240280,16661300,0,1,462.487890
2018-06-07,166.0200,149.421310,17571900,0,1,459.966689
2018-06-08,166.5200,149.871277,17569800,0,1,461.351964
2018-06-11,166.7700,150.096344,15923000,0,1,462.044602
2018-06-12,167.5300,150.780350,16166700,0,1,464.150220
2018-06-13,166.8700,150.186340,19853700,0,1,462.321657
2018-06-14,167.7600,150.987350,19248100,0,1,464.787446
2018-06-15,167.8100,151.032333,24922600,0,1,464.925974
2018-06-18,168.6000,151.743317,18616500,0,1,467.114708
2018-06-19,168.6100,151.752304,24605900,0,1,467.142413
2018-06-20,169.9700,152.976395,19216900,0,1,470.910361
2018-06-21,168.3800,151.545349,26946200,0,1,466.505187
2018-06-22,167.8200,151.041351,33638200,0,1,464.953679
2018-06-25,165.0800,148.575256,37005100,0,1,457.362372
2018-06-26,166.0400,149.439285,20464000,0,1,460.022100
2018-06-27,163.3800,147.045227,27511800,0,1,452.652438
2018-06-28,163.8800,147.495300,26759100,0,1,454.037713
2018-06-29,163.7700,147.396301,24146500,0,1,453.732952
2018-07-02,164.9000,148.413239,24283600,0,1,456.863673
2018-07-03,164.9600,149.004868,13561300,0.595,1,458.678384
2018-07-05,166.8400,150.703064,18640500,0,1,463.905805
2018-07-06,168.2500,151.976715,19597500,0,1,467.826370
2018-07-09,169.3100,152.934113,16565200,0,1,470.773746
2018-07-10,168.5400,152.238617,18790700,0,1,468.632728
2018-07-11,167.1100,150.946976,23912600,0,1,464.656551
2018-07-12,167.9200,151.678604,19617600,0,1,466.908791
2018-07-13,167.4200,151.226944,15409100,0,1,465.518520
2018-07-16,166.7700,150.639877,15946900,0,1,463.711167
2018-07-17,167.5100,151.308273,15134700,0,1,465.768768
2018-07-18,167.9800,151.732788,13780000,0,1,467.075624
2018-07-19,169.1700,152.807693,18398300,0,1,470.384470
2018-07-20,168.4800,152.184418,17570700,0,1,468.465895
2018-07-23,168.6900,152.374130,12335000,0,1,469.049809
2018-07-24,166.8900,150.748199,25831300,0,1,464.044832
2018-07-25,167.5000,151.299240,18401200,0,1,465.740963
2018-07-26,168.4000,152.112183,20944200,0,1,468.243452
2018-07-27,165.2600,149.275848,28777100,0,1,459.512546
2018-07-30,164.2000,148.318390,20093700,0,1,456.565171
2018-07-31,165.8700,149.826920,23567300,0,1,461.208678
2018-08-01,165.7600,149.727539,17942600,0,1,460.902818
2018-08-02,166.9700,150.820526,18292200,0,1,464.267275
2018-08-03,166.3900,150.296616,21734900,0,1,462.654560
2018-08-06,167.3200,151.136642,16288800,0,1,465.240465
2018-08-07,167.7200,151.497971,15045700,0,1,466.352682
2018-08-08,167.5700,151.362488,14789500,0,1,465.935601
2018-08-09,168.0000,151.750854,10437800,0,1,467.131234
2018-08-10,167.5300,151.326370,20521900,0,1,465.824379
2018-08-13,166.5500,150.441132,20517200,0,1,463.099447
2018-08-14,168.2000,151.931519,17683100,0,1,467.687343
2018-08-15,166.0900,150.025574,27479900,0,1,461.820397
2018-08-16,167.6300,151.416672,15484700,0,1,466.102434
2018-08-17,168.3500,152.067017,15106700,0,1,468.104425
2018-08-20,168.8200,152.491547,12547300,0,1,469.411280
2018-08-21,170.7600,154.243942,20661200,0,1,474.805533
2018-08-22,171.1800,154.623260,14329200,0,1,475.973361
2018-08-23,170.6600,154.153595,12945800,0,1,474.527479
2018-08-24,171.5900,154.993668,11894300,0,1,477.113384
2018-08-27,171.8400,155.219482,15880400,0,1,477.808520
2018-08-28,172.0000,155.363998,13170300,0,1,478.253407
2018-08-29,172.5000,155.815674,13157900,0,1,479.643678
2018-08-30,172.3600,155.689209,14199600,0,1,479.254402
2018-08-31,173.0200,156.285355,12240500,0,1,481.089561
2018-09-04,172.2500,155.589813,17923500,0,1,478.948542
2018-09-05,171.7900,155.174286,15166100,0,1,477.669493
2018-09-06,170.6300,154.126495,16647700,0,1,474.444063
2018-09-07,170.5400,154.045212,17248000,0,1,474.193814
2018-09-10,170.7500,154.234970,11067100,0,1,474.777728
2018-09-11,171.0300,154.487823,14078400,0,1,475.556280
2018-09-12,170.6200,154.117447,21572300,0,1,474.416257
2018-09-13,170.6600,154.153595,14570500,0,1,474.527479
2018-09-14,171.3800,154.803970,15734900,0,1,476.529470
2018-09-17,169.5600,153.159988,20023200,0,1,471.468882
2018-09-18,170.2700,153.801315,13018000,0,1,473.443067
2018-09-19,169.6500,153.241272,17593500,0,1,471.719131
2018-09-20,171.2200,154.659454,16918700,0,1,476.084583
2018-09-21,170.4000,153.918701,32539000,0,1,473.804538
2018-09-24,169.7700,153.349716,15786700,0,1,472.052796
2018-09-25,170.0300,153.584503,13758500,0,1,472.775737
2018-09-26,168.0300,152.180771,17787200,0.45,1,468.465895
2018-09-27,168.0400,152.189819,14471900,0,1,468.493775
2018-09-28,168.5500,152.651703,22740300,0,1,469.915650
2018-10-01,166.3300,150.641068,27893100,0,1,463.726313
2018-10-02,164.5300,149.010910,28440300,0,1,458.707931
2018-10-03,165.9700,150.315094,26027200,0,1,462.722637
2018-10-04,163.6400,148.204849,29463000,0,1,456.226621
2018-10-05,162.1600,146.864395,31240100,0,1,452.100396
2018-10-08,161.8200,146.556458,21330700,0,1,451.152480
2018-10-09,161.1900,145.985931,20620400,0,1,449.396046
2018-10-10,156.5600,141.792618,46921800,0,1,436.487654
2018-10-11,153.5700,139.084641,68877400,0,1,428.151565
2018-10-12,153.6000,139.111847,53492600,0,1,428.235205
2018-10-15,154.1700,139.628052,32747600,0,1,429.824359
2018-10-16,158.6400,143.676422,35569100,0,1,442.286673
2018-10-17,157.9600,143.060562,24140100,0,1,440.390840
2018-10-18,155.0000,140.379745,31042700,0,1,432.138390
2018-10-19,153.3600,138.894485,34214200,0,1,427.566087
2018-10-22,153.0300,138.595566,28218300,0,1,426.646051
2018-10-23,151.6600,137.354843,37228100,0,1,422.826505
2018-10-24,145.9500,132.183395,40412400,0,1,406.907084
2018-10-25,149.1100,135.045319,32311300,0,1,415.717132
2018-10-26,147.4800,133.569077,36986100,0,1,411.172709
2018-10-29,146.6700,132.835526,33031300,0,1,408.914437
2018-10-30,149.7300,135.606918,29017200,0,1,417.445685
2018-10-31,150.0300,135.878571,36785400,0,1,418.282082
2018-11-01,153.4900,139.012207,28496400,0,1,427.928526
2018-11-02,154.0000,139.474106,26671600,0,1,429.350401
2018-11-05,153.8800,139.365433,16940900,0,1,429.015842
2018-11-06,154.6400,140.053726,15572900,0,1,431.134714
2018-11-07,157.4100,142.562469,22127800,0,1,438.857445
2018-11-08,156.9900,142.182083,14987700,0,1,437.686490
2018-11-09,154.0800,139.546585,20654400,0,1,429.573440
2018-11-12,151.0300,136.784225,21886800,0,1,421.070072
2018-11-13,150.5500,136.349533,18468500,0,1,419.731837
2018-11-14,149.4500,135.353256,24549100,0,1,416.665048
2018-11-15,151.5800,137.282379,24482000,0,1,422.603466
2018-11-16,151.9400,137.608414,29323500,0,1,423.607142
2018-11-19,148.8600,134.818924,21540900,0,1,415.020134
2018-11-20,145.9900,132.219681,25907000,0,1,407.018604
2018-11-21,148.0300,134.067184,17902300,0,1,412.706103
2018-11-23,147.8900,133.940445,11134800,0,1,412.315784
2018-11-26,149.8100,135.679306,15346400,0,1,417.668724
2018-11-27,148.5700,134.556305,14461800,0,1,414.211617
2018-11-28,152.2400,137.880112,26125900,0,1,424.443539
2018-11-29,151.8300,137.508774,15134500,0,1,423.300463
2018-11-30,152.6200,138.224274,20304700,0,1,425.502975
2018-12-03,154.0800,139.546585,23379800,0,1,429.573440
2018-12-04,147.5200,133.605377,41077900,0,1,411.284228
2018-12-06,147.2000,133.315521,37581200,0,1,410.392071
2018-12-07,144.0200,130.435486,28525100,0,1,401.526264
2018-12-10,143.6000,130.055099,30776600,0,1,400.355309
2018-12-11,143.4500,129.919220,29229300,0,1,399.937110
2018-12-12,144.8200,131.160049,27894800,0,1,403.756656
2018-12-13,142.7700,129.303375,23205400,0,1,398.041277
2018-12-14,140.6100,127.347099,24037200,0,1,392.019220
2018-12-17,137.0200,124.511024,36468500,0.469,1,383.317904
2018-12-18,136.8500,124.356537,42277200,0,1,382.842324
2018-12-19,134.0000,121.766716,47676600,0,1,374.869356
2018-12-20,131.7900,119.758461,57908100,0,1,368.686809
2018-12-21,128.3700,116.650719,59404800,0,1,359.119248
2018-12-24,125.8800,114.388031,28575700,0,1,352.153392
2018-12-26,131.9300,119.885681,40182700,0,1,369.078464
2018-12-27,132.4800,120.385498,39527900,0,1,370.617107
2018-12-28,132.8600,120.730812,35994400,0,1,371.680169
2018-12-31,133.9000,121.675835,29173400,0,1,374.589603
2019-01-02,134.6600,122.366501,27295100,0,1,376.715728
2019-01-03,132.2500,120.176476,29294600,0,1,369.973674
2019-01-04,137.1900,124.665504,35355300,0,1,383.793485
2019-01-07,139.5900,126.846397,30477900,0,1,390.507563
2019-01-08,141.7300,128.791016,27320900,0,1,396.494282
2019-01-09,142.9000,129.854187,25764600,0,1,399.767395
2019-01-10,143.6400,130.526657,22896800,0,1,401.837569
2019-01-11,143.6800,130.563004,22428400,0,1,401.949471
2019-01-14,142.2500,129.263535,29185000,0,1,397.948999
2019-01-15,143.4500,130.354004,25678900,0,1,401.306038
2019-01-16,144.5200,131.326340,20827300,0,1,404.299398
2019-01-17,145.8300,132.516754,19273400,0,1,407.964166
2019-01-18,147.3300,133.879776,28306700,0,1,412.160464
2019-01-22,145.0000,131.762527,27741100,0,1,405.642214
2019-01-23,144.6000,131.399017,20621300,0,1,404.523201
2019-01-24,145.4700,132.189590,16976300,0,1,406.957054
2019-01-25,147.3400,133.888840,22266900,0,1,412.188440
2019-01-28,146.5500,133.171021,22784700,0,1,409.978389
2019-01-29,146.2000,132.852966,12084800,0,1,408.999253
2019-01-30,147.8000,134.306915,25516900,0,1,413.475305
2019-01-31,149.0600,135.451843,27252900,0,1,417.000196
2019-02-01,149.1800,135.560913,17057900,0,1,417.335900
2019-02-04,150.9600,137.178406,21301700,0,1,422.315507
2019-02-05,151.1200,137.323792,18295900,0,1,422.763113
2019-02-06,150.9300,137.151093,13720600,0,1,422.231581
2019-02-07,149.6900,136.024353,22850800,0,1,418.762641
2019-02-08,149.8500,136.169754,13463000,0,1,419.210246
2019-02-11,151.1000,137.305634,16374800,0,1,422.707162
2019-02-12,152.9900,139.023087,20779900,0,1,427.994498
2019-02-13,153.4200,139.413788,15534500,0,1,429.197437
2019-02-14,153.7700,139.731857,18251000,0,1,430.176574
2019-02-15,156.2200,141.958221,27240200,0,1,437.030528
2019-02-19,156.6500,142.348907,15856900,0,1,438.233467
2019-02-20,157.3900,143.021393,18317400,0,1,440.303641
2019-02-21,156.7900,142.476105,17497000,0,1,438.625122
2019-02-22,158.1500,143.711990,20411800,0,1,442.429766
2019-02-25,158.1900,143.748337,17957100,0,1,442.541667
2019-02-26,157.1000,142.757843,21497300,0,1,439.492357
2019-02-27,157.3200,142.957809,18194900,0,1,440.107814
2019-02-28,156.7800,142.467072,18155300,0,1,438.597147
2019-03-01,158.2400,143.793793,19247100,0,1,442.681544
2019-03-04,156.8100,142.494339,23301800,0,1,438.681073
2019-03-05,156.0800,141.830994,16798200,0,1,436.638874
2019-03-06,153.0200,139.050323,29604600,0,1,428.078424
2019-03-07,151.6800,137.832672,26822500,0,1,424.329731
2019-03-08,151.6400,137.796295,20466800,0,1,424.217830
2019-03-11,154.2900,140.204407,20854500,0,1,431.631291
2019-03-12,154.3700,140.277115,18966800,0,1,431.855093
2019-03-13,154.9800,140.831375,24109100,0,1,433.561588
2019-03-14,154.3500,140.258942,14217500,0,1,431.799143
2019-03-15,154.7600,140.631500,22025900,0,1,432.946131
2019-03-18,155.7500,141.531097,24510200,0,1,435.715688
2019-03-19,154.9600,140.813248,18633100,0,1,433.505637
2019-03-20,153.2600,139.639694,29463200,0.412,1,429.902416
2019-03-21,155.2700,141.471069,31845000,0,1,435.540572
2019-03-22,149.6200,136.323196,40663000,0,1,419.692023
2019-03-25,150.2800,136.924484,26454700,0,1,421.543358
2019-03-26,151.8600,138.364090,21308600,0,1,425.975341
2019-03-27,151.2700,137.826538,23477100,0,1,424.320360
2019-03-28,152.6200,139.056564,19473300,0,1,428.107182
2019-03-29,153.0900,139.484802,28298900,0,1,429.425557
2019-04-01,154.7600,141.006393,20075200,0,1,434.109995
2019-04-02,154.3600,140.641937,18253500,0,1,432.987974
2019-04-03,155.1600,141.370834,19554700,0,1,435.232016
2019-04-04,155.9200,142.063293,15909500,0,1,437.363856
2019-04-05,157.3800,143.393555,21379000,0,1,441.459234
2019-04-08,157.1200,143.156647,14202400,0,1,440.729920
2019-04-09,155.2000,141.407303,18534200,0,1,435.344218
2019-04-10,157.3100,143.329758,18938800,0,1,441.262880
2019-04-11,157.1100,143.147583,12218700,0,1,440.701869
2019-04-12,157.6800,143.666855,14120300,0,1,442.300750
2019-04-15,157.1700,143.202209,10964000,0,1,440.870173
2019-04-16,157.5400,143.539322,16782900,0,1,441.908042
2019-04-17,156.1000,142.227280,17108500,0,1,437.868766
2019-04-18,155.6400,141.808167,23276300,0,1,436.578442
2019-04-22,155.2300,141.434631,15596800,0,1,435.428370
2019-04-23,157.5700,143.566650,23396100,0,1,441.992194
2019-04-24,158.0600,144.013168,18053100,0,1,443.366670
2019-04-25,156.7500,142.819504,19365100,0,1,439.692050
2019-04-26,158.2700,144.204453,16999100,0,1,443.955731
2019-04-29,159.0300,144.896866,13698900,0,1,446.087571
2019-04-30,158.2900,144.222656,24127500,0,1,444.011832
2019-05-01,156.7900,142.855942,17734300,0,1,439.804253
2019-05-02,157.5200,143.521103,22715700,0,1,441.851941
2019-05-03,160.5300,146.263596,20178800,0,1,450.295151
2019-05-06,160.7100,146.427612,21262100,0,1,450.800060
2019-05-07,157.5300,143.530182,25434500,0,1,441.879992
2019-05-08,156.7600,142.828644,16113700,0,1,439.720101
2019-05-09,156.1900,142.309311,25259900,0,1,438.121221
2019-05-10,156.6200,142.701111,26544700,0,1,439.327394
2019-05-13,151.6300,138.154526,26936500,0,1,425.330179
2019-05-14,153.5400,139.894760,15519200,0,1,430.687830
2019-05-15,154.0400,140.350388,18410600,0,1,432.090357
2019-05-16,155.0000,141.225052,13772100,0,1,434.783208
2019-05-17,152.8400,139.257004,21534000,0,1,428.724293
2019-05-20,151.7800,138.291260,18689800,0,1,425.750937
2019-05-21,153.8200,140.149887,11659100,0,1,431.473245
2019-05-22,152.5300,138.974594,13922600,0,1,427.854727
2019-05-23,149.3900,136.113571,26379400,0,1,419.046861
2019-05-24,150.7900,137.389206,16093100,0,1,422.973935
2019-05-28,149.5900,136.295898,14042200,0,1,419.607871
2019-05-29,148.3400,135.156906,22622300,0,1,416.101555
2019-05-30,147.9300,134.783356,17739100,0,1,414.951483
2019-05-31,145.8600,132.897354,25411300,0,1,409.145024
2019-06-03,146.3700,133.361954,26554500,0,1,410.575601
2019-06-04,150.1600,136.815201,21217600,0,1,421.206751
2019-06-05,150.1900,136.842514,18184100,0,1,421.290903
2019-06-06,149.8000,136.487183,20772500,0,1,420.196932
2019-06-07,150.8600,137.452957,17107500,0,1,423.170289
2019-06-10,151.7500,138.263870,18912300,0,1,425.666786
2019-06-11,151.3000,137.853882,15373000,0,1,424.404512
2019-06-12,151.4700,138.008759,11957600,0,1,424.881371
2019-06-13,153.0700,139.466537,14839400,0,1,429.369456
2019-06-14,151.7300,138.245651,16154800,0,1,425.610685
2019-06-17,152.2400,139.199356,12509300,0.533,1,428.536355
2019-06-18,154.0100,140.817719,22100800,0,1,433.518681
2019-06-19,154.5600,141.320587,15625000,0,1,435.066862
2019-06-20,155.2900,141.988068,17595700,0,1,437.121719
2019-06-21,153.9500,140.762848,19854400,0,1,433.349789
2019-06-24,152.0800,139.053040,24002600,0,1,428.085975
2019-06-25,151.1500,138.202698,17462200,0,1,425.468143
2019-06-26,150.8000,137.882629,15726900,0,1,424.482937
2019-06-27,153.6300,140.470245,22278400,0,1,432.449029
2019-06-28,155.5000,142.180054,35089900,0,1,437.712843
2019-07-01,156.1000,142.728714,22850500,0,1,439.401767
2019-07-02,155.1500,141.860031,19024600,0,1,436.727637
2019-07-03,156.2600,142.874985,9115100,0,1,439.852147
2019-07-05,156.6800,143.259033,14156700,0,1,441.034394
2019-07-08,155.1900,141.896637,9735700,0,1,436.840232
2019-07-09,155.4000,142.088623,12381600,0,1,437.431355
2019-07-10,155.6700,142.335526,17325400,0,1,438.191371
2019-07-11,154.9100,141.640594,14260800,0,1,436.052067
2019-07-12,156.1100,142.737778,16678000,0,1,439.429916
2019-07-15,155.2900,141.988068,12194300,0,1,437.121719
2019-07-16,155.2400,141.942307,15152700,0,1,436.980976
2019-07-17,154.1300,140.927414,14155100,0,1,433.856466
2019-07-18,154.7100,141.457733,15705500,0,1,435.489093
2019-07-19,153.8200,140.643951,17182600,0,1,432.983855
2019-07-22,153.6800,140.515991,14474600,0,1,432.589773
2019-07-23,154.7000,141.448593,15493200,0,1,435.460944
2019-07-24,157.2600,143.789322,23823100,0,1,442.667020
2019-07-25,155.3600,142.052078,17902500,0,1,437.318760
2019-07-26,157.2000,143.734451,14260300,0,1,442.498128
2019-07-29,156.1500,142.774384,13192200,0,1,439.542511
2019-07-30,157.8400,144.319611,1200,0,1,444.299647
2019-07-31,156.5600,143.149246,40445900,0,1,440.696609
2019-08-01,154.2900,141.073730,38070200,0,1,434.306846
2019-08-02,152.5800,139.510208,30148300,0,1,429.493412
2019-08-05,148.0000,135.322540,39221500,0,1,416.601291
2019-08-06,149.3600,136.566010,24283300,0,1,420.429519
2019-08-07,149.3200,136.529465,23952100,0,1,420.316924
2019-08-08,152.5400,139.473618,19415600,0,1,429.380817
2019-08-09,150.6200,137.718094,19313200,0,1,423.976260
2019-08-12,148.6700,135.935135,15963000,0,1,418.487256
2019-08-13,150.2700,137.398087,21912600,0,1,422.991054
2019-08-14,146.0700,133.557877,28235800,0,1,411.168585
2019-08-15,145.4900,133.027557,24202400,0,1,409.535958
2019-08-16,148.6300,135.898560,22783400,0,1,418.374661
2019-08-19,150.1300,137.270096,17023400,0,1,422.596972
2019-08-20,149.1500,136.373993,13324100,0,1,419.838395
2019-08-21,150.3800,137.498581,13446100,0,1,423.300690
2019-08-22,150.0300,137.178604,12979100,0,1,422.315484
2019-08-23,145.4300,132.972656,36974600,0,1,409.367066
2019-08-26,147.0300,134.435593,19167100,0,1,413.870863
2019-08-27,144.8500,132.442322,24546200,0,1,407.734439
2019-08-28,146.5400,133.987518,20115500,0,1,412.491575
2019-08-29,149.1100,136.337387,18786300,0,1,419.725801
2019-08-30,148.8400,136.090576,18727100,0,1,418.965785
2019-09-03,146.6600,134.097305,20688000,0,1,412.829360
2019-09-04,147.8400,135.176239,13107500,0,1,416.150911
2019-09-05,150.5900,137.690628,25666700,0,1,423.891813
2019-09-06,149.9000,137.059769,14645900,0,1,421.949551
2019-09-09,151.9100,138.897537,25780100,0,1,427.607447
2019-09-10,153.8500,140.671432,29576200,0,1,433.068301
2019-09-11,157.0000,143.551590,42970500,0,1,441.935153
2019-09-12,157.0400,143.588165,38648300,0,1,442.047748
2019-09-13,157.3100,143.835068,31042800,0,1,442.807764
2019-09-16,157.9000,144.374466,23242600,0,1,444.468539
2019-09-17,157.4900,143.999603,22986700,0,1,443.314441
2019-09-18,156.5200,143.112701,19735700,0,1,440.584014
2019-09-19,155.7600,142.417755,21531600,0,1,438.444710
2019-09-20,155.4300,142.116058,22707200,0,1,437.515802
2019-09-23,155.3100,142.006348,14944600,0,1,437.178017
2019-09-24,152.4300,139.862900,27576700,0.544,1,430.602472
2019-09-25,154.1000,141.395264,21917500,0,1,435.320088
2019-09-26,152.3800,139.817047,20641600,0,1,430.461226
2019-09-27,151.1600,138.697617,20181900,0,1,427.014824
2019-09-30,151.3400,138.862793,16905400,0,1,427.523310
2019-10-01,148.3700,136.137665,34093500,0,1,419.133299
2019-10-02,147.2500,135.110001,24894600,0,1,415.969389
2019-10-03,147.7400,135.559586,25362800,0,1,417.353600
2019-10-04,149.1400,136.844177,18640400,0,1,421.308487
2019-10-07,148.8800,136.605606,15762800,0,1,420.574008
2019-10-08,146.4600,134.385132,18110600,0,1,413.737703
2019-10-09,147.1300,134.999924,10929500,0,1,415.630399
2019-10-10,147.7200,135.541275,16349000,0,1,417.297101
2019-10-11,150.2200,137.835144,29236300,0,1,424.359400
2019-10-14,149.6700,137.330505,10692600,0,1,422.805694
2019-10-15,151.3900,138.908676,16801200,0,1,427.664556
2019-10-16,151.5500,139.055496,13119100,0,1,428.116543
2019-10-17,153.3400,140.697906,13175800,0,1,433.173149
2019-10-18,152.6100,140.028061,14490200,0,1,431.110958
2019-10-21,154.0400,141.340179,17450300,0,1,435.150592
2019-10-22,154.2100,141.496216,12471800,0,1,435.630829
2019-10-23,154.4000,141.670502,8728000,0,1,436.167563
2019-10-24,154.1800,141.468628,9091400,0,1,435.546081
2019-10-25,155.0000,142.221024,10531500,0,1,437.862515
2019-10-28,156.3400,143.450577,15392400,0,1,441.647907
2019-10-29,156.8500,143.918549,11978300,0,1,443.088616
2019-10-30,156.3300,143.441406,14451500,0,1,441.619658
2019-10-31,155.4500,142.633942,17344200,0,1,439.133729
2019-11-01,158.1000,145.065491,18421600,0,1,446.619765
2019-11-04,158.9500,145.845413,16182000,0,1,449.020947
2019-11-05,159.1500,146.028915,13760200,0,1,449.585931
2019-11-06,158.2300,145.184723,16025500,0,1,446.987005
2019-11-07,158.6500,145.570099,13448900,0,1,448.173471
2019-11-08,159.0800,145.964661,11967400,0,1,449.388186
2019-11-11,158.7800,145.689453,10508700,0,1,448.540711
2019-11-12,158.8300,145.735321,14316900,0,1,448.681957
2019-11-13,158.1500,145.111343,14514400,0,1,446.761011
2019-11-14,158.1000,145.065491,13054000,0,1,446.619765
2019-11-15,158.9200,145.817902,13119200,0,1,448.936199
2019-11-18,158.5200,145.450851,10759500,0,1,447.806232
2019-11-19,159.1100,145.992188,15203700,0,1,449.472934
2019-11-20,158.5100,145.441650,21314300,0,1,447.777982
2019-11-21,157.7300,144.726013,15388300,0,1,445.574545
2019-11-22,158.2200,145.175552,13482400,0,1,446.958756
2019-11-25,161.5800,148.258545,24753000,0,1,456.450485
2019-11-26,161.6900,148.359497,15496700,0,1,456.761226
2019-11-27,162.8300,149.405518,13202500,0,1,459.981634
2019-11-29,161.7700,148.432877,9988200,0,1,456.987220
2019-12-02,160.1900,146.983170,17190900,0,1,452.523847
2019-12-03,159.6800,146.515198,14884400,0,1,451.083138
2019-12-04,160.7800,147.524567,10833200,0,1,454.190549
2019-12-05,160.9400,147.671341,11470700,0,1,454.642537
2019-12-06,162.8200,149.396332,16486200,0,1,459.953385
2019-12-09,162.5100,149.111938,13476700,0,1,459.077660
2019-12-10,162.6100,149.203629,13704400,0,1,459.360152
2019-12-11,162.5600,149.157776,19612200,0,1,459.218906
2019-12-12,163.9600,150.442368,24857000,0,1,463.173793
2019-12-13,163.3300,149.864304,23279600,0,1,461.394094
2019-12-16,163.8800,150.920578,20115300,0.597,1,464.634277
2019-12-17,164.7000,151.675751,12980000,0,1,466.959149
2019-12-18,165.0200,151.970459,15379300,0,1,467.866417
2019-12-19,165.7300,152.624298,11919800,0,1,469.879416
2019-12-20,165.9700,152.845352,25449500,0,1,470.559866
2019-12-23,166.3000,153.149231,13372100,0,1,471.495486
2019-12-24,166.6800,153.499191,4334500,0,1,472.572866
2019-12-26,166.6800,153.499191,9371200,0,1,472.572866
2019-12-27,165.8600,152.743973,12261800,0,1,470.247993
2019-12-30,165.4400,152.357224,14912700,0,1,469.057205
2019-12-31,165.6700,152.569016,17362400,0,1,469.709303
2020-01-02,165.7800,152.670319,18297500,0,1,470.021176
2020-01-03,165.1300,152.071793,19295600,0,1,468.178290
2020-01-06,165.3500,152.274338,17150900,0,1,468.802036
2020-01-07,164.8000,151.767838,11817900,0,1,467.242670
2020-01-08,165.3100,152.237473,13832400,0,1,468.688628
2020-01-09,165.5100,152.421692,11895400,0,1,469.255670
2020-01-10,164.8900,151.850708,15353000,0,1,467.497839
2020-01-13,165.9600,152.836105,17271100,0,1,470.531514
2020-01-14,166.5700,153.397842,18323000,0,1,472.260993
2020-01-15,167.3700,154.134613,15437200,0,1,474.529161
2020-01-16,169.5300,156.123749,19976200,0,1,480.653215
2020-01-17,169.0700,155.700165,18306400,0,1,479.349019
2020-01-21,167.6700,154.410858,17935100,0,1,475.379724
2020-01-22,167.5600,154.309601,14916300,0,1,475.067851
2020-01-23,167.4500,154.208282,15954300,0,1,474.755978
2020-01-24,165.3900,152.311172,20491400,0,1,468.915444
2020-01-27,163.5100,150.579834,18539000,0,1,463.585249
2020-01-28,164.8700,151.832291,16690400,0,1,467.441135
2020-01-29,163.9300,150.966599,14944400,0,1,464.776037
2020-01-30,163.9300,150.966599,21889700,0,1,464.776037
2020-01-31,160.5300,147.835510,30439000,0,1,455.136322
2020-02-03,162.3200,149.483948,17373200,0,1,460.211348
2020-02-04,164.7700,151.740234,15994200,0,1,467.157614
2020-02-05,167.3100,154.079346,17807000,0,1,474.359048
2020-02-06,166.9300,153.729416,14768900,0,1,473.281668
2020-02-07,164.8800,151.841492,18029600,0,1,467.469487
2020-02-10,165.8100,152.697983,11428800,0,1,470.106233
2020-02-11,166.9600,153.757004,15005600,0,1,473.366725
2020-02-12,168.1100,154.816055,12123000,0,1,476.627217
2020-02-13,168.5500,155.221313,12649300,0,1,477.874709
2020-02-14,167.9000,154.622681,16006200,0,1,476.031822
2020-02-18,167.5400,154.291138,13412100,0,1,475.011147
2020-02-19,168.4000,155.083130,11084600,0,1,477.449428
2020-02-20,168.8100,155.460739,20383800,0,1,478.611864
2020-02-21,167.1000,153.885971,18729900,0,1,473.763654
2020-02-24,162.0700,149.253738,28239500,0,1,459.502546
2020-02-25,156.3100,143.949203,45047000,0,1,443.171734
2020-02-26,154.5000,142.282349,39465000,0,1,438.040003
2020-02-27,149.0600,137.272552,50530300,0,1,422.616459
2020-02-28,146.3300,134.758423,72036400,0,1,414.876335
2020-03-02,151.0300,139.086761,33569300,0,1,428.201823
2020-03-03,147.9500,136.250320,42941300,0,1,419.469375
2020-03-04,152.1600,140.127350,36195800,0,1,431.405611
2020-03-05,147.3200,135.670105,32729400,0,1,417.683193
2020-03-06,144.4000,132.981064,39688300,0,1,409.404379
2020-03-09,130.3600,120.051323,56320000,0,1,369.598025
2020-03-10,134.4300,123.799446,54432700,0,1,381.137331
2020-03-11,125.8800,115.925583,51354800,0,1,356.896282
2020-03-12,111.9700,103.115570,70114300,0,1,317.458506
2020-03-13,119.4700,110.022469,57915100,0,1,338.722584
2020-03-16,103.6200,95.425842,59095700,0,1,293.784499
2020-03-17,108.3700,99.800232,59344800,0,1,307.251749
2020-03-18,99.9700,92.064522,62296700,0,1,283.435981
2020-03-19,103.8700,95.656113,62654700,0,1,294.493302
2020-03-20,101.4000,93.381432,76203700,0,1,287.490332
2020-03-23,99.9000,92.000038,63534700,0,1,283.237517
2020-03-24,109.0400,100.417252,73386700,0,1,309.151340
2020-03-25,109.9700,101.665314,56043700,0.42,1,312.978874
2020-03-26,116.8100,107.988754,51657600,0,1,332.445778
2020-03-27,112.5600,104.059723,39931500,0,1,320.350114
2020-03-30,115.0400,106.352417,41552100,0,1,327.408290
2020-03-31,114.4600,105.816231,52948000,0,1,325.757587
2020-04-01,106.6600,98.605278,54224200,0,1,303.558486
2020-04-02,107.6700,99.538986,43774200,0,1,306.432985
2020-04-03,104.6200,96.719330,42189200,0,1,297.752567
2020-04-06,112.6300,104.124435,48708100,0,1,320.549336
2020-04-07,112.9200,104.392532,57546100,0,1,321.374688
2020-04-08,118.0700,109.153618,52822300,0,1,336.031787
2020-04-09,123.7200,114.376930,69528600,0,1,352.111905
2020-04-13,120.3700,111.279915,40198200,0,1,342.577676
2020-04-14,122.8100,113.535660,35089700,0,1,349.522010
2020-04-15,117.8000,108.903999,34809900,0,1,335.263356
2020-04-16,116.9100,108.081192,49501300,0,1,332.730382
2020-04-17,122.0600,112.842293,46250200,0,1,347.387481
2020-04-20,120.6200,111.511047,36700500,0,1,343.289186
2020-04-21,117.7400,108.848518,31608900,0,1,335.092594
2020-04-22,119.1700,110.170555,24333800,0,1,339.162429
2020-04-23,120.3400,111.252174,38571200,0,1,342.492295
2020-04-24,122.4100,113.165871,27147500,0,1,348.383595
2020-04-27,127.2600,117.649597,39021300,0,1,362.186882
2020-04-28,129.1100,119.359909,47292700,0,1,367.452054
2020-04-29,135.4600,125.230331,50390500,0,1,385.524400
2020-04-30,130.3100,120.469292,43727500,0,1,370.867300
2020-05-01,125.1400,115.689713,43352000,0,1,356.153280
2020-05-04,125.6800,116.188896,28498200,0,1,357.690141
2020-05-05,126.6500,117.085686,31209400,0,1,360.450799
2020-05-06,125.7200,116.225906,29836800,0,1,357.803983
2020-05-07,127.4400,117.816025,27493000,0,1,362.699169
2020-05-08,132.3600,122.364494,32122900,0,1,376.701680
2020-05-11,131.7000,121.754311,33983200,0,1,374.823294
2020-05-12,126.9700,117.381500,44275300,0,1,361.361531
2020-05-13,122.7200,113.452438,58719300,0,1,349.265867
2020-05-14,123.1200,113.822250,55904300,0,1,350.404282
2020-05-15,125.0800,115.634232,40236600,0,1,355.982518
2020-05-18,132.6800,122.660309,46981100,0,1,377.612412
2020-05-19,130.0600,120.238159,30270000,0,1,370.155791
2020-05-20,134.0000,123.880592,35901300,0,1,381.369183
2020-05-21,134.2400,124.102501,32716500,0,1,382.052232
2020-05-22,134.8900,124.703423,24035200,0,1,383.902157
2020-05-26,138.7800,128.299637,36971000,0,1,394.973248
2020-05-27,143.0900,132.284149,42682000,0,1,407.239675
2020-05-28,139.7000,129.150162,42105000,0,1,397.591604
2020-05-29,138.9000,128.410583,41536400,0,1,395.314773
2020-06-01,140.2300,129.640137,25567500,0,1,399.100004
2020-06-02,141.3900,130.712570,24666200,0,1,402.401409
2020-06-03,144.8000,133.865036,36111700,0,1,412.106401
2020-06-04,144.5900,133.670914,28904700,0,1,411.508733
2020-06-05,150.1800,138.838730,53513400,0,1,427.418089
2020-06-08,153.0900,141.528992,33834300,0,1,435.700061
2020-06-09,150.2600,138.912689,39646000,0,1,427.645772
2020-06-10,146.1800,135.140793,51774500,0,1,416.033934
2020-06-11,135.0300,124.832825,72041500,0,1,384.300603
2020-06-12,138.2700,127.828186,63864900,0,1,393.521768
2020-06-15,140.9900,130.783524,57354800,0.466,1,402.589247
2020-06-16,144.3800,133.928131,48957000,0,1,412.269207
2020-06-17,141.7700,131.507019,34811400,0,1,404.816495
2020-06-18,141.7200,131.460693,26974100,0,1,404.673723
2020-06-19,140.9900,130.783524,50293800,0,1,402.589247
2020-06-22,142.4000,132.091415,28983200,0,1,406.615425
2020-06-23,143.0000,132.648026,20344200,0,1,408.328693
2020-06-24,138.3600,128.343933,42998700,0,1,395.079426
2020-06-25,140.4500,130.282623,37191200,0,1,401.047307
2020-06-26,136.6700,126.776230,39100100,0,1,390.253723
2020-06-29,141.1400,130.922684,33935200,0,1,403.017564
2020-06-30,143.1800,132.814941,32865900,0,1,408.842673
2020-07-01,141.8200,131.553467,26457500,0,1,404.959267
2020-07-02,142.4000,132.091415,24022400,0,1,406.615425
2020-07-06,143.4300,133.046860,19858200,0,1,409.556534
2020-07-07,140.8900,130.690735,22661000,0,1,402.303703
2020-07-08,141.9400,131.664749,27358900,0,1,405.301921
2020-07-09,139.0700,129.002548,34647800,0,1,397.106792
2020-07-10,141.3100,131.080368,24008200,0,1,403.502990
2020-07-13,139.5200,129.419937,34235500,0,1,398.391743
2020-07-14,141.8300,131.562698,28114000,0,1,404.987822
2020-07-15,147.0300,136.386261,40770100,0,1,419.836138
2020-07-16,146.1600,135.579285,30530800,0,1,417.351900
2020-07-17,146.5900,135.978104,20644100,0,1,418.579742
2020-07-20,145.9600,135.393738,19663300,0,1,416.780811
2020-07-21,148.0300,137.313873,24503800,0,1,422.691583
2020-07-22,148.1100,137.388077,24424800,0,1,422.920019
2020-07-23,148.2600,137.527206,21704900,0,1,423.348336
2020-07-24,146.0800,135.505051,20015500,0,1,417.123465
2020-07-27,147.6000,136.914993,13370700,0,1,421.463742
2020-07-28,146.1300,135.551422,13268000,0,1,417.266237
2020-07-29,149.3500,138.538284,19864400,0,1,426.460771
2020-07-30,148.7600,137.991013,23618900,0,1,424.776058
2020-07-31,147.3600,136.692368,29881500,0,1,420.778435
2020-08-03,149.7600,138.918640,20777100,0,1,427.631504
2020-08-04,150.7900,139.874100,20285000,0,1,430.572612
2020-08-05,153.7900,142.656921,18190200,0,1,439.138949
2020-08-06,153.7300,142.601288,18237700,0,1,438.967622
2020-08-07,156.1700,144.864578,20475200,0,1,445.934909
2020-08-10,157.7900,146.367325,24000500,0,1,450.560730
2020-08-11,156.8800,145.523224,30359400,0,1,447.962275
2020-08-12,157.5200,146.116898,23378300,0,1,449.789760
2020-08-13,157.1900,145.810806,15799900,0,1,448.847463
2020-08-14,157.0900,145.717987,13360900,0,1,448.561918
2020-08-17,157.9000,146.469345,9744200,0,1,450.874829
2020-08-18,156.3900,145.068710,14670400,0,1,446.563107
2020-08-19,156.4000,145.077957,14337300,0,1,446.591661
2020-08-20,155.7600,144.484268,15413000,0,1,444.764176
2020-08-21,154.6100,143.417587,20685100,0,1,441.480414
2020-08-24,156.2300,144.920288,13707100,0,1,446.106235
2020-08-25,156.4000,145.077957,16269700,0,1,446.591661
2020-08-26,155.4200,144.168915,13772700,0,1,443.793325
2020-08-27,155.8000,144.521408,17508400,0,1,444.878394
2020-08-28,157.1200,145.745834,12371400,0,1,448.647582
2020-08-31,155.4300,144.178177,17051500,0,1,443.821879
2020-09-01,157.2100,145.829361,15638800,0,1,448.904572
2020-09-02,158.4600,146.988831,16763400,0,1,452.473879
2020-09-03,153.7800,142.647614,32117600,0,1,439.110394
2020-09-04,152.8000,141.738556,30618800,0,1,436.312058
2020-09-08,149.8600,139.011383,26447800,0,1,427.917048
2020-09-09,152.1300,141.117111,20160800,0,1,434.398909
2020-09-10,150.1500,139.280426,23005500,0,1,428.745127
2020-09-11,149.1500,138.352814,20851000,0,1,425.889682
2020-09-14,153.0800,141.998306,21991300,0,1,437.111582
2020-09-15,153.3700,142.267303,16175500,0,1,437.939662
2020-09-16,154.8200,143.612335,22178400,0,1,442.080057
2020-09-17,153.6900,142.564148,20002900,0,1,438.853404
2020-09-18,153.2900,142.193085,38352800,0,1,437.711226
2020-09-21,147.9200,137.211838,40652500,0,1,422.377484
2020-09-22,149.0600,138.269333,19385800,0,1,425.632692
2020-09-23,144.0700,134.149963,33403400,0.566,1,413.000201
2020-09-24,144.0700,134.149963,31723700,0,1,413.000201
2020-09-25,146.4100,136.328827,20689300,0,1,419.708194
2020-09-28,150.0200,139.690216,17600900,0,1,430.056849
2020-09-29,149.3400,139.057068,18683800,0,1,428.107518
2020-09-30,149.7900,139.476013,29073700,0,1,429.397516
2020-10-01,152.1800,141.701477,25872000,0,1,436.248842
2020-10-02,152.8500,142.325409,29452000,0,1,438.169506
2020-10-05,157.0700,146.254837,18553600,0,1,450.266826
2020-10-06,156.6200,145.835815,36348000,0,1,448.976828
2020-10-07,160.0400,149.020294,27049700,0,1,458.780816
2020-10-08,161.8600,150.714951,37278600,0,1,463.998144
2020-10-09,162.7000,151.497131,25038100,0,1,466.406141
2020-10-12,163.7900,152.512131,20336200,0,1,469.530804
2020-10-13,162.7000,151.497131,20106500,0,1,466.406141
2020-10-14,161.0900,149.998016,19024900,0,1,461.790813
2020-10-15,162.7500,151.543671,22865100,0,1,466.549474
2020-10-16,162.3500,151.171265,17637900,0,1,465.402809
2020-10-19,160.4100,149.364838,18360600,0,1,459.841482
2020-10-20,160.7600,149.690720,18927700,0,1,460.844814
2020-10-21,159.3800,148.405777,17504100,0,1,456.888819
2020-10-22,162.1300,150.966385,20673900,0,1,464.772143
2020-10-23,163.0700,151.841660,20889800,0,1,467.466807
2020-10-26,159.5500,148.564041,26509900,0,1,457.376151
2020-10-27,158.1800,147.288361,20523000,0,1,453.448822
2020-10-28,153.3100,142.753693,32338700,0,1,439.488172
2020-10-29,155.1400,144.457703,27203200,0,1,444.734166
2020-10-30,153.0900,142.548874,31764500,0,1,438.857506
2020-11-02,155.8200,145.090866,25252100,0,1,446.683497
2020-11-03,160.2400,149.206543,30257400,0,1,459.354149
2020-11-04,160.4200,149.374146,45226300,0,1,459.870149
2020-11-05,164.9100,153.554993,31911000,0,1,472.741467
2020-11-06,163.6200,152.353775,24930400,0,1,469.043472
2020-11-09,169.5500,157.875534,55052700,0,1,486.042786
2020-11-10,172.7000,160.808563,35492200,0,1,495.072776
2020-11-11,172.6300,160.743439,23972600,0,1,494.872109
2020-11-12,169.9800,158.275909,33986800,0,1,487.275451
2020-11-13,173.5000,161.553513,25440400,0,1,497.366106
2020-11-16,177.6300,165.399124,31812300,0,1,509.205426
2020-11-17,178.4600,166.171982,26154500,0,1,511.584757
2020-11-18,175.9600,163.844116,24377800,0,1,504.418098
2020-11-19,177.3100,165.101196,20187600,0,1,508.288094
2020-11-20,177.5000,165.278076,24898800,0,1,508.832760
2020-11-23,180.8200,168.369507,24816000,0,1,518.350083
2020-11-24,184.2200,171.535370,34945400,0,1,528.096738
2020-11-25,183.5900,170.948746,21082700,0,1,526.290740
2020-11-27,184.3700,171.675049,10384400,0,1,528.526738
2020-11-30,181.0200,168.555695,25481600,0,1,518.923415
2020-12-01,182.7000,170.120010,30265000,0,1,523.739410
2020-12-02,182.8900,170.296967,20142800,0,1,524.284076
2020-12-03,183.9200,171.256027,19603600,0,1,527.236739
2020-12-04,188.2000,175.241318,24415700,0,1,539.506059
2020-12-07,188.3800,175.408936,14671500,0,1,540.022058
2020-12-08,190.8000,177.662262,20165600,0,1,546.959384
2020-12-09,189.4100,176.367981,29507600,0,1,542.974722
2020-12-10,191.2400,178.071976,21245300,0,1,548.220716
2020-12-11,190.3000,177.196716,30865000,0,1,545.526052
2020-12-14,189.9300,177.404053,32237700,0.592,1,546.162451
2020-12-15,194.6800,181.840805,26807000,0,1,559.821545
2020-12-16,193.9800,181.187012,25494600,0,1,557.808626
2020-12-17,196.2900,183.344604,23834200,0,1,564.451259
2020-12-18,195.3400,182.457260,37033400,0,1,561.719440
2020-12-21,195.2400,182.363907,30873000,0,1,561.431880
2020-12-22,197.4600,184.437500,21919700,0,1,567.815709
2020-12-23,199.1400,186.006668,18392000,0,1,572.646715
2020-12-24,199.0100,185.885315,8904900,0,1,572.272887
2020-12-28,198.2700,185.194077,27168400,0,1,570.144944
2020-12-29,194.4300,181.607285,33901300,0,1,559.102645
2020-12-30,196.4100,183.456726,20595700,0,1,564.796331
2020-12-31,196.0600,183.129807,24747700,0,1,563.789871
2021-01-04,193.5000,180.738647,33664200,0,1,556.428339
2021-01-05,196.4900,183.531464,27442900,0,1,565.026379
2021-01-06,204.5300,191.041214,52952200,0,1,588.146192
2021-01-07,208.1700,194.441116,24031400,0,1,598.613371
2021-01-08,207.7200,194.020828,29017000,0,1,597.319351
2021-01-11,207.5400,193.852692,20945100,0,1,596.801744
2021-01-12,211.2600,197.327362,24892200,0,1,607.498971
2021-01-13,209.7500,195.916931,22782200,0,1,603.156817
2021-01-14,213.9400,199.830643,33913700,0,1,615.205575
2021-01-15,210.7500,196.851013,41043500,0,1,606.032415
2021-01-19,213.4500,199.372910,19744300,0,1,613.796532
2021-01-20,214.3900,200.250946,25474200,0,1,616.499594
2021-01-21,212.5300,198.513611,21180500,0,1,611.150981
2021-01-22,215.0000,200.820679,24800200,0,1,618.253709
2021-01-25,214.7900,200.624512,33985000,0,1,617.649834
2021-01-26,213.3000,199.232819,23969800,0,1,613.365192
2021-01-27,209.3900,195.580688,45830300,0,1,602.121601
2021-01-28,208.7200,194.954895,32202500,0,1,600.194950
2021-01-29,205.5600,192.003265,40591900,0,1,591.108058
2021-02-01,210.6100,196.720245,26375100,0,1,605.629831
2021-02-02,213.6100,199.522385,22773100,0,1,614.256627
2021-02-03,214.2500,200.120209,23923200,0,1,616.097011
2021-02-04,218.6200,204.201981,25400800,0,1,628.663377
2021-02-05,221.6500,207.032166,23338800,0,1,637.376441
2021-02-08,227.3100,212.318878,20831500,0,1,653.652329
2021-02-09,228.3800,213.318314,19510900,0,1,656.729219
2021-02-10,226.8800,211.917252,27955400,0,1,652.415821
2021-02-11,226.6200,211.674347,25847600,0,1,651.668166
2021-02-12,227.2600,212.272171,17440200,0,1,653.508549
2021-02-16,225.8300,210.936493,22999500,0,1,649.396443
2021-02-17,224.0600,209.283203,25042300,0,1,644.306633
2021-02-18,220.5900,206.042068,24501500,0,1,634.328306
2021-02-19,225.1900,210.338684,31238200,0,1,647.556060
2021-02-22,223.7300,208.974991,23272100,0,1,643.357686
2021-02-23,221.7600,207.134888,38646800,0,1,637.692756
2021-02-24,227.0000,212.029312,27584900,0,1,652.760893
2021-02-25,218.6100,204.192627,49961400,0,1,628.634621
2021-02-26,218.3100,203.912415,47734200,0,1,627.771941
2021-03-01,226.0700,211.160675,26161000,0,1,650.086587
2021-03-02,221.7200,207.097534,26895400,0,1,637.577732
2021-03-03,219.3200,204.855881,33407600,0,1,630.676296
2021-03-04,213.1900,199.130096,59126500,0,1,613.048876
2021-03-05,217.7100,203.351990,53204300,0,1,626.046582
2021-03-08,218.7400,204.314072,40619700,0,1,629.008448
2021-03-09,223.3400,208.610703,32247300,0,1,642.236202
2021-03-10,227.2200,212.234833,36812000,0,1,653.393525
2021-03-11,232.2200,216.905060,25256700,0,1,667.771518
2021-03-12,233.5900,218.184708,23732200,0,1,671.711088
2021-03-15,234.4200,218.959961,21497400,0,1,674.097835
2021-03-16,230.5000,215.298462,24675000,0,1,662.825489
2021-03-17,232.3100,216.989105,29422600,0,1,668.030322
2021-03-18,225.2400,210.385391,35637200,0,1,647.699840
2021-03-19,226.9400,211.973282,40855600,0,1,652.588357
2021-03-22,225.2300,210.376038,26128400,0,1,647.671084
2021-03-23,217.0600,202.744827,43660700,0,1,624.177443
2021-03-24,212.0400,198.055908,47270200,0,1,609.741937
2021-03-25,216.6600,202.751801,59244600,0.398,1,624.171692
2021-03-26,220.6100,206.448242,34452600,0,1,635.551172
2021-03-29,214.4000,200.636871,38078800,0,1,617.660900
2021-03-30,218.0100,204.015121,36205400,0,1,628.060881
2021-03-31,220.9400,206.757065,34800100,0,1,636.501862
2021-04-01,223.7400,209.377319,29799200,0,1,644.568329
2021-04-05,224.9700,210.528366,27826600,0,1,648.111813
2021-04-06,224.3100,209.910721,24907800,0,1,646.210432
2021-04-07,220.6900,206.523102,26233700,0,1,635.781642
2021-04-08,222.5600,208.273056,23989400,0,1,641.168890
2021-04-09,222.5900,208.301163,23267400,0,1,641.255316
2021-04-12,221.7200,207.486969,20533900,0,1,638.748950
2021-04-13,221.1400,206.944214,24608400,0,1,637.078039
2021-04-14,223.3200,208.984283,27362000,0,1,643.358359
2021-04-15,224.2900,209.892014,20587300,0,1,646.152814
2021-04-16,224.6500,210.228912,23943000,0,1,647.189931
2021-04-19,221.7300,207.496368,25285900,0,1,638.777759
2021-04-20,217.1900,203.247803,35570800,0,1,625.698558
2021-04-21,222.5000,208.216904,31147800,0,1,640.996037
2021-04-22,221.5800,207.356003,31943700,0,1,638.345626
2021-04-23,225.7600,211.267654,27999500,0,1,650.387709
2021-04-26,228.1100,213.466797,19069200,0,1,657.157780
2021-04-27,228.4500,213.784897,19648100,0,1,658.137279
2021-04-28,228.8400,214.149948,16222700,0,1,659.260823
2021-04-29,227.9900,213.354507,25500300,0,1,656.812074
2021-04-30,224.8900,210.453476,27006000,0,1,647.881343
2021-05-03,225.9900,211.482895,18693400,0,1,651.050312
2021-05-04,223.2900,208.956192,26892700,0,1,643.271933
2021-05-05,222.4000,208.123352,25139500,0,1,640.707949
2021-05-06,222.5900,208.301163,27647300,0,1,641.255316
2021-05-07,225.3900,210.921417,26172700,0,1,649.321783
2021-05-10,219.6600,205.559250,28109100,0,1,632.814335
2021-05-11,218.9600,204.904160,39519500,0,1,630.797718
2021-05-12,211.8500,198.250565,42113400,0,1,610.314654
2021-05-13,215.7500,201.900208,37739900,0,1,621.550090
2021-05-14,221.0200,206.831940,25070400,0,1,636.732333
2021-05-17,221.3200,207.112656,20048500,0,1,637.596597
2021-05-18,219.6400,205.540497,24564500,0,1,632.756717
2021-05-19,217.9500,203.958984,31202800,0,1,627.888028
2021-05-20,219.4000,205.315887,24932800,0,1,632.065306
2021-05-21,219.9700,205.849335,24213700,0,1,633.707408
2021-05-24,221.4000,207.187531,18324200,0,1,637.827068
2021-05-25,219.2600,205.184891,20514900,0,1,631.661982
2021-05-26,223.3500,209.012360,20388200,0,1,643.444786
2021-05-27,225.6500,211.164703,21225700,0,1,650.070812
2021-05-28,225.5000,211.024323,20668400,0,1,649.638680
2021-06-01,228.0600,213.419968,23081500,0,1,657.013736
2021-06-02,228.3300,213.672668,18927500,0,1,657.791574
2021-06-03,226.4200,211.885300,24811500,0,1,652.289091
2021-06-04,227.4000,212.802353,19395800,0,1,655.112354
2021-06-07,230.4500,215.656586,24049900,0,1,663.899041
2021-06-08,232.8900,217.939941,27770300,0,1,670.928391
2021-06-09,231.3400,216.489426,18700600,0,1,666.463026
2021-06-10,229.2800,214.883987,29069000,0.347,1,661.528076
2021-06-11,231.7000,217.152039,16707200,0,1,668.510360
2021-06-14,231.0200,216.514771,19182800,0,1,666.548396
2021-06-15,230.3600,215.896179,17039900,0,1,664.644137
2021-06-16,229.8700,215.436935,24527000,0,1,663.230369
2021-06-17,227.2900,213.018921,48292500,0,1,655.786447
2021-06-18,222.1300,208.182922,54023700,0,1,640.898603
2021-06-21,226.8800,212.634705,26736400,0,1,654.603498
2021-06-22,227.9100,213.600037,21188500,0,1,657.575296
2021-06-23,228.6600,214.302902,22387500,0,1,659.739227
2021-06-24,231.8900,217.330093,21732500,0,1,669.058556
2021-06-25,232.2800,217.695633,27619000,0,1,670.183800
2021-06-28,230.4400,215.971176,25006000,0,1,664.874956
2021-06-29,229.3400,214.940201,18844300,0,1,661.701191
2021-06-30,229.3700,214.968323,26039000,0,1,661.787748
2021-07-01,231.3900,216.861511,18089100,0,1,667.615935
2021-07-02,229.1900,214.799652,21029700,0,1,661.268405
2021-07-06,225.8600,211.678757,27771300,0,1,651.660552
2021-07-07,223.7600,209.710617,28521500,0,1,645.601545
2021-07-08,221.7000,207.779938,42297900,0,1,639.657949
2021-07-09,226.3800,212.166092,23976400,0,1,653.160877
2021-07-12,226.5700,212.344147,16831000,0,1,653.709073
2021-07-13,222.3000,208.342270,25357500,0,1,641.389094
2021-07-14,218.8700,205.127625,30594100,0,1,631.492717
2021-07-15,217.6300,203.965500,45477000,0,1,627.915018
2021-07-16,214.9500,201.453766,36620200,0,1,620.182572
2021-07-19,211.7300,198.435928,58571000,0,1,610.892095
2021-07-20,218.3000,204.593430,40794600,0,1,629.848129
2021-07-21,222.0600,208.117294,28278700,0,1,640.696636
2021-07-22,218.5300,204.808929,32879000,0,1,630.511735
2021-07-23,219.5500,205.764938,23660300,0,1,633.454681
2021-07-26,220.1900,206.364761,22194200,0,1,635.301235
2021-07-27,217.6200,203.956116,35063600,0,1,627.886165
2021-07-28,220.8200,206.955185,33043700,0,1,637.118937
2021-07-29,222.5200,208.548447,22634800,0,1,642.023847
2021-07-30,221.0500,207.170776,28473000,0,1,637.782542
2021-08-02,219.9500,206.139801,24192600,0,1,634.608777
2021-08-03,220.8600,206.992661,27798600,0,1,637.234346
2021-08-04,218.1100,204.415329,25588500,0,1,629.299933
2021-08-05,222.0300,208.089233,23915200,0,1,640.610078
2021-08-06,223.3900,209.363800,24429200,0,1,644.534006
2021-08-09,222.1600,208.211060,17225600,0,1,640.985160
2021-08-10,222.6000,208.623444,22681600,0,1,642.254666
2021-08-11,223.6900,209.644974,25691300,0,1,645.399579
2021-08-12,223.1600,209.148270,23269500,0,1,643.870401
2021-08-13,221.1300,207.245728,20813700,0,1,638.013361
2021-08-16,219.0700,205.315079,24074400,0,1,632.069765
2021-08-17,216.4000,202.812653,35161500,0,1,624.366171
2021-08-18,214.5100,201.041382,29102300,0,1,618.913065
2021-08-19,211.9400,198.632767,38119900,0,1,611.497996
2021-08-20,215.5200,201.987946,31759500,0,1,621.827159
2021-08-23,219.6200,205.830566,25778800,0,1,633.656647
2021-08-24,221.7800,207.854904,18677900,0,1,639.888768
2021-08-25,222.5600,208.585922,21548000,0,1,642.139256
2021-08-26,220.2000,206.374084,22380300,0,1,635.330087
2021-08-27,226.4100,212.194214,33998500,0,1,653.247434
2021-08-30,225.4800,211.322571,20733300,0,1,650.564160
2021-08-31,225.9200,211.734909,20839800,0,1,651.833666
2021-09-01,227.4400,213.159576,20451500,0,1,656.219233
2021-09-02,229.0200,214.640366,22810100,0,1,660.777914
2021-09-03,227.9600,213.646866,18213100,0,1,657.719558
2021-09-07,226.3900,212.175461,19153400,0,1,653.189730
2021-09-08,223.9200,209.860550,25241500,0,1,646.063184
2021-09-09,223.8100,209.757446,27180500,0,1,645.745808
2021-09-10,221.6200,207.704956,24366100,0,1,639.427130
2021-09-13,222.8800,208.885818,34693100,0,1,643.062533
2021-09-14,220.0400,206.224152,30312600,0,1,634.868449
2021-09-15,222.0300,208.089233,27572000,0,1,640.610078
2021-09-16,222.1900,208.239136,22369000,0,1,641.071717
2021-09-17,222.4800,208.510971,39957600,0,1,641.908437
2021-09-20,217.1900,203.553101,44958500,0,1,626.645512
2021-09-21,217.5200,203.862366,26711200,0,1,627.597641
2021-09-22,220.9000,207.030121,32100300,0,1,637.349756
2021-09-23,224.8100,210.694656,31057800,0,1,648.631049
2021-09-24,223.0500,209.678436,28866000,0.679,1,645.512103
2021-09-27,226.4400,212.865265,29743200,0,1,655.322845
2021-09-28,221.2900,208.023941,39938200,0,1,640.418620
2021-09-29,220.8200,207.582138,23628900,0,1,639.058429
2021-09-30,218.7500,205.636261,33153600,0,1,633.067799
2021-10-01,222.2800,208.954636,32647000,0,1,643.283704
2021-10-04,220.2600,207.055710,32580200,0,1,637.437775
2021-10-05,221.0200,207.770172,20407600,0,1,639.637234
2021-10-06,219.8700,206.689117,32893300,0,1,636.309106
2021-10-07,223.2600,209.875870,24289300,0,1,646.119848
2021-10-08,221.5800,208.296600,17989600,0,1,641.257887
2021-10-11,220.3100,207.102722,15929800,0,1,637.582477
2021-10-12,221.5200,208.240189,18800600,0,1,641.084246
2021-10-13,222.5700,209.227264,19676200,0,1,644.122971
2021-10-14,225.8700,212.329422,18160000,0,1,653.673251
2021-10-15,225.1600,211.661972,27555300,0,1,651.618494
2021-10-18,225.0300,211.539810,19082600,0,1,651.242271
2021-10-19,225.8700,212.329422,15498400,0,1,653.673251
2021-10-20,227.3700,213.739487,18130500,0,1,658.014288
2021-10-21,227.9500,214.284744,17851600,0,1,659.692822
2021-10-22,227.4100,213.777115,16887000,0,1,658.130049
2021-10-25,229.5700,215.807648,16387100,0,1,664.381141
2021-10-26,227.8400,214.181320,25290200,0,1,659.374479
2021-10-27,223.6500,210.242477,27088500,0,1,647.248518
2021-10-28,228.1100,214.435120,22890600,0,1,660.155866
2021-10-29,228.0500,214.378738,20777700,0,1,659.982224
2021-11-01,233.9600,219.934448,35500800,0,1,677.085907
2021-11-02,234.4500,220.395050,24949700,0,1,678.503979
2021-11-03,238.6400,224.333862,47648500,0,1,690.629941
2021-11-04,238.5500,224.249298,26514000,0,1,690.369478
2021-11-05,241.8100,227.313828,42041700,0,1,699.803997
2021-11-08,242.5600,228.018875,31324500,0,1,701.974516
2021-11-09,241.1500,226.693420,29895900,0,1,697.893941
2021-11-10,237.3500,223.121185,32471600,0,1,686.896649
2021-11-11,239.2600,224.916687,17987500,0,1,692.424236
2021-11-12,239.5000,225.142334,20526700,0,1,693.118801
2021-11-15,238.5500,224.249298,27390000,0,1,690.369478
2021-11-16,238.9900,224.662918,21925200,0,1,691.642849
2021-11-17,235.8600,221.720551,26527800,0,1,682.584553
2021-11-18,234.8600,220.780487,30637300,0,1,679.690529
2021-11-19,232.7200,218.768768,33994000,0,1,673.497317
2021-11-22,231.7300,217.838074,31042100,0,1,670.632233
2021-11-23,231.3300,217.462112,33843800,0,1,669.474624
2021-11-24,231.5800,217.697098,24099300,0,1,670.198130
2021-11-26,222.8500,209.490509,62595400,0,1,644.933298
2021-11-29,222.7100,209.358841,45982400,0,1,644.528135
2021-11-30,218.1700,205.091034,64908400,0,1,631.389265
2021-12-01,213.2600,200.475388,69120100,0,1,617.179606
2021-12-02,219.2100,206.068649,64315700,0,1,634.399050
2021-12-03,214.7100,201.838440,64425200,0,1,621.375941
2021-12-06,219.0200,205.890060,43878300,0,1,633.849185
2021-12-07,224.1000,210.665527,44679200,0,1,648.550828
2021-12-08,225.6300,212.103806,36546400,0,1,652.978686
2021-12-09,220.5200,207.300110,34830300,0,1,638.190222
2021-12-10,219.9100,206.726715,32924600,0,1,636.424867
2021-12-13,216.0400,203.705643,33478400,0.666,1,627.152413
2021-12-14,214.1800,201.951797,36543500,0,1,621.752934
2021-12-15,217.5800,205.157700,51261000,0,1,631.622950
2021-12-16,213.1800,201.008911,52743800,0,1,618.849988
2021-12-17,215.1400,202.857040,62620900,0,1,624.539762
2021-12-20,212.1200,200.009460,49993000,0,1,615.772866
2021-12-21,218.1800,205.723480,38545300,0,1,633.364717
2021-12-22,220.2800,207.703552,32442000,0,1,639.460904
2021-12-23,222.0400,209.363068,22125400,0,1,644.570088
2021-12-27,224.1200,211.324295,24196700,0,1,650.608216
2021-12-28,222.7500,210.032562,23120300,0,1,646.631180
2021-12-29,222.9900,210.258835,19444400,0,1,647.327887
2021-12-30,222.9300,210.202225,23607700,0,1,647.153710
2021-12-31,222.4500,209.749664,23997400,0,1,645.760296
2022-01-03,225.3200,212.455811,30618800,0,1,654.091750
2022-01-04,224.9800,212.135269,22013100,0,1,653.104749
2022-01-05,217.3600,204.950287,40582100,0,1,630.984302
2022-01-06,218.6000,206.119492,39105900,0,1,634.583955
2022-01-07,216.0700,203.733902,31583900,0,1,627.239502
2022-01-10,215.3200,203.026733,45778100,0,1,625.062292
2022-01-11,217.6100,205.185974,35209900,0,1,631.710038
2022-01-12,215.9900,203.658478,35284500,0,1,627.007266
2022-01-13,214.0100,201.791519,34489600,0,1,621.259433
2022-01-14,214.3100,202.074402,42020900,0,1,622.130317
2022-01-18,207.8300,195.964386,49434400,0,1,603.319228
2022-01-19,204.4500,192.777313,46209100,0,1,593.507271
2022-01-20,200.7500,189.288605,50466000,0,1,582.766372
2022-01-21,196.9900,185.743271,85821000,0,1,571.851296
2022-01-24,201.5300,190.024063,85782000,0,1,585.030670
2022-01-25,198.8400,187.487595,61088500,0,1,577.221745
2022-01-26,195.9700,184.781494,71471700,0,1,568.890291
2022-01-27,191.5200,180.585571,59829000,0,1,555.972182
2022-01-28,195.2500,184.102615,65870000,0,1,566.800170
2022-01-31,201.2400,189.750610,53393800,0,1,584.188815
2022-02-01,203.3600,191.749603,43429400,0,1,590.343060
2022-02-02,201.3400,189.844894,42777800,0,1,584.479110
2022-02-03,197.5300,186.252426,39629400,0,1,573.418886
2022-02-04,198.3800,187.053909,34291100,0,1,575.886390
2022-02-07,199.3600,187.977936,33242600,0,1,578.731277
2022-02-08,202.7600,191.183807,28341900,0,1,588.601293
2022-02-09,206.6100,194.814026,27329300,0,1,599.777634
2022-02-10,203.4400,191.824982,44788100,0,1,590.575296
2022-02-11,201.3800,189.882614,41516600,0,1,584.595228
2022-02-14,200.6800,189.222595,32262700,0,1,582.563166
2022-02-15,206.0600,194.295425,25847500,0,1,598.181014
2022-02-16,206.4900,194.700867,30104800,0,1,599.429281
2022-02-17,201.2000,189.712860,27140200,0,1,584.072697
2022-02-18,199.4700,188.081680,36255400,0,1,579.050601
2022-02-22,196.6600,185.432098,31847100,0,1,570.893323
2022-02-23,192.9800,181.962189,31491500,0,1,560.210483
2022-02-24,198.0400,186.733322,52221100,0,1,574.899389
2022-02-25,202.5000,190.938675,33656200,0,1,587.846527
2022-02-28,203.3200,191.711838,34975900,0,1,590.226943
2022-03-01,199.4900,188.100510,40638900,0,1,579.108660
2022-03-02,204.2400,192.579376,29978600,0,1,592.897653
2022-03-03,201.8200,190.297501,30142700,0,1,585.872524
2022-03-04,198.6600,187.317886,31610400,0,1,576.699215
2022-03-07,193.7200,182.659958,39279800,0,1,562.358663
2022-03-08,194.7900,183.668854,45715800,0,1,565.464815
2022-03-09,200.2800,188.845413,29048000,0,1,581.401987
2022-03-10,199.9200,188.505981,25661000,0,1,580.356927
2022-03-11,196.7300,185.498093,24990000,0,1,571.096530
2022-03-14,192.7100,181.707611,34969500,0,1,559.426688
2022-03-15,195.7800,184.602310,25464300,0,1,568.338731
2022-03-16,201.9400,190.410629,31869700,0,1,586.220877
2022-03-17,205.1100,193.399673,25783100,0,1,595.423216
2022-03-18,207.2700,195.436325,37092200,0,1,601.693579
2022-03-21,205.4400,193.710815,26747500,0,1,596.381188
2022-03-22,207.5000,195.653168,24699900,0,1,602.361256
2022-03-23,203.9000,192.258728,19775000,0,1,591.910651
2022-03-24,205.8400,194.469482,19781200,0.4,1,598.703544
2022-03-25,206.1200,194.734024,19430400,0,1,599.517949
2022-03-28,206.1900,194.800156,18999100,0,1,599.721550
2022-03-29,211.7100,200.015274,29550600,0,1,615.776950
2022-03-30,207.4600,196.000031,26251500,0,1,603.415455
2022-03-31,205.2700,193.931000,26771600,0,1,597.045650
2022-04-01,207.5700,196.103973,25948500,0,1,603.735400
2022-04-04,207.9100,196.425156,20333900,0,1,604.724319
2022-04-05,202.9900,191.776901,26509800,0,1,590.414071
2022-04-06,200.1100,189.056000,34903900,0,1,582.037341
2022-04-07,199.4600,188.441925,29291200,0,1,580.146759
2022-04-08,197.8700,186.939758,25249600,0,1,575.522106
2022-04-11,196.5400,185.683212,33702300,0,1,571.653685
2022-04-12,197.1600,186.268951,33699800,0,1,573.457009
2022-04-13,200.9100,189.811798,22303600,0,1,584.364211
2022-04-14,198.9600,187.969574,27107000,0,1,578.692466
2022-04-18,197.6200,186.703537,22246400,0,1,574.794959
2022-04-19,201.5600,190.425919,22786700,0,1,586.254792
2022-04-20,202.3300,191.153351,20516200,0,1,588.494404
2022-04-21,197.8000,186.873611,31547700,0,1,575.318505
2022-04-22,192.6800,182.036407,35686900,0,1,560.426540
2022-04-25,193.8500,183.141800,35556500,0,1,563.829586
2022-04-26,187.7400,177.369339,40513600,0,1,546.058120
2022-04-27,186.9600,176.632446,37808000,0,1,543.789422
2022-04-28,190.4500,179.929642,37405200,0,1,553.940391
2022-04-29,184.9500,174.733414,41193400,0,1,537.943162
2022-05-02,186.8900,176.566269,38002100,0,1,543.585821
2022-05-03,188.4900,178.077866,30246300,0,1,548.239560
2022-05-04,193.5200,182.830017,38834700,0,1,562.869753
2022-05-05,185.6700,175.413666,41468700,0,1,540.037345
2022-05-06,182.5800,172.494339,45457900,0,1,531.049811
2022-05-09,174.9000,165.238602,53682200,0,1,508.711863
2022-05-10,174.9500,165.285873,53650800,0,1,508.857293
2022-05-11,170.6000,161.176117,64377800,0,1,496.204939
2022-05-12,172.6000,163.065643,52967400,0,1,502.022113
2022-05-13,178.0700,168.233475,36517000,0,1,517.932084
2022-05-16,177.2200,167.430435,28225500,0,1,515.459785
2022-05-17,182.6400,172.551025,31833700,0,1,531.224326
2022-05-18,176.2400,166.504562,36093800,0,1,512.609370
2022-05-19,176.5300,166.778549,33627700,0,1,513.452860
2022-05-20,176.0800,166.353424,42243700,0,1,512.143996
2022-05-23,178.2100,168.365768,24644100,0,1,518.339286
2022-05-24,175.5700,165.871582,26861800,0,1,510.660616
2022-05-25,178.7300,168.857056,27950100,0,1,519.851751
2022-05-26,182.7200,172.626602,25702700,0,1,531.457013
2022-05-27,187.6400,177.274857,24952100,0,1,545.767261
2022-05-31,185.3100,175.073563,29794500,0,1,538.990254
2022-06-01,184.2600,174.081558,28352100,0,1,535.936237
2022-06-02,188.7600,178.332977,24876000,0,1,549.024879
2022-06-03,187.0600,176.726913,18972100,0,1,544.080281
2022-06-06,187.8700,177.492142,24678700,0,1,546.436236
2022-06-07,190.9000,180.354767,21661600,0,1,555.249255
2022-06-08,187.9500,177.567703,21521700,0,1,546.668923
2022-06-09,183.5700,173.886734,21697200,0.494,1,535.366154
2022-06-10,178.5900,169.169434,37153600,0,1,520.842412
2022-06-13,170.2000,161.221970,39712700,0,1,496.373696
2022-06-14,169.3800,160.445236,30282400,0,1,493.982237
2022-06-15,171.8600,162.794418,32150500,0,1,501.214944
2022-06-16,163.9000,155.254303,43810600,0,1,478.000287
2022-06-17,165.1800,156.466766,40327300,0,1,481.733297
2022-06-21,168.1400,159.270630,34665400,0,1,490.365883
2022-06-22,167.8200,158.967529,29303500,0,1,489.432631
2022-06-23,169.8300,160.871506,27089800,0,1,495.294623
2022-06-24,175.0900,165.854065,37138500,0,1,510.634962
2022-06-27,175.7400,166.469772,24745400,0,1,512.530631
2022-06-28,172.4400,163.343826,25909200,0,1,502.906464
2022-06-29,170.6900,161.686111,21292500,0,1,497.802739
2022-06-30,169.3600,160.426285,31466300,0,1,493.923909
2022-07-01,171.4100,162.368118,24598600,0,1,499.902558
2022-07-05,172.8300,163.713242,25151100,0,1,504.043866
2022-07-06,171.5500,162.500793,25697600,0,1,500.310856
2022-07-07,175.6100,166.346588,24822500,0,1,512.151497
2022-07-08,175.5900,166.327652,20547000,0,1,512.093169
2022-07-11,172.0600,162.983856,22031500,0,1,501.798227
2022-07-12,171.4700,162.424973,23864200,0,1,500.077542
2022-07-13,171.3200,162.282944,25535600,0,1,499.640080
2022-07-14,169.5600,160.615707,25102200,0,1,494.507191
2022-07-15,173.0900,163.959518,34935900,0,1,504.802133
2022-07-18,172.6000,163.495377,23031500,0,1,503.373091
2022-07-19,178.6900,169.264114,24234600,0,1,521.134053
2022-07-20,181.4900,171.916428,26049300,0,1,529.300013
2022-07-21,182.4200,172.797363,21709900,0,1,532.012278
2022-07-22,179.5100,170.040863,25116100,0,1,523.525513
2022-07-25,180.4400,170.921814,19267200,0,1,526.237778
2022-07-26,179.3300,169.870377,19391200,0,1,523.000558
2022-07-27,183.4100,173.735153,21670700,0,1,534.899528
2022-07-28,185.9300,176.122238,22838500,0,1,542.248892
2022-07-29,187.2500,177.372589,21760600,0,1,546.098559
2022-08-01,187.1800,177.306290,23905600,0,1,545.894410
2022-08-02,187.0000,177.135757,17492600,0,1,545.369455
2022-08-03,189.7500,179.740707,19157700,0,1,553.389594
2022-08-04,189.3500,179.361816,14838900,0,1,552.223028
2022-08-05,190.8000,180.735321,18540300,0,1,556.451829
2022-08-08,192.8200,182.648773,22188700,0,1,562.342986
2022-08-09,190.1900,180.157501,18247300,0,1,554.672816
2022-08-10,195.6200,185.301071,20796400,0,1,570.508945
2022-08-11,196.3500,185.992615,23727600,0,1,572.637928
2022-08-12,200.3600,189.791016,21726600,0,1,584.332749
2022-08-15,201.0700,190.463577,17414800,0,1,586.403403
2022-08-16,200.9900,190.387833,18833100,0,1,586.170090
2022-08-17,197.6100,187.186081,22428000,0,1,576.312610
2022-08-18,198.9200,188.427002,18368100,0,1,580.133112
2022-08-19,194.6500,184.382233,27416400,0,1,567.680024
2022-08-22,190.6400,180.583740,22937000,0,1,555.985203
2022-08-23,190.9500,180.877426,20069800,0,1,556.889291
2022-08-24,192.4100,182.260406,16038300,0,1,561.147256
2022-08-25,195.4000,185.092682,14795000,0,1,569.867334
2022-08-26,188.9800,179.011322,24177200,0,1,551.143955
2022-08-29,187.2400,177.363144,19753300,0,1,546.069394
2022-08-30,184.6200,174.881317,22548900,0,1,538.428389
2022-08-31,183.5000,173.820435,22412500,0,1,535.162005
2022-09-01,181.5000,171.925919,30706600,0,1,529.329177
2022-09-02,180.0900,170.590256,27468200,0,1,525.217033
2022-09-06,178.3100,168.904160,23837100,0,1,520.025816
2022-09-07,182.1900,172.579514,24781200,0,1,531.341503
2022-09-08,183.7100,174.019302,25273200,0,1,535.774452
2022-09-09,187.4000,177.514679,23208800,0,1,546.536021
2022-09-12,189.6700,179.664948,23134600,0,1,553.156281
2022-09-13,182.2500,172.636353,34144700,0,1,531.516488
2022-09-14,182.9600,173.308914,25278300,0,1,533.587142
2022-09-15,181.6300,172.049072,25378700,0,1,529.708311
2022-09-16,178.9900,169.548325,41155900,0,1,522.008977
2022-09-19,180.5200,170.997604,25412200,0,1,526.471091
2022-09-20,178.0600,168.667404,22247500,0,1,519.296712
2022-09-21,175.3400,166.090820,29357100,0,1,511.364065
2022-09-22,171.3900,162.349213,33468600,0,1,499.844229
2022-09-23,167.3100,158.484421,40336900,0,1,487.945259
2022-09-26,164.1700,156.314499,30597800,0.861,1,481.298751
2022-09-27,164.7300,156.847687,42406600,0,1,482.940509
2022-09-28,169.9400,161.808395,35186500,0,1,498.214715
2022-09-29,166.1300,158.180695,31464000,0,1,487.044902
2022-09-30,164.9200,157.028625,40643800,0,1,483.497534
2022-10-03,169.2900,161.189468,33611600,0,1,496.309104
2022-10-04,176.0000,167.578415,37537300,0,1,515.980875
2022-10-05,174.7000,166.340607,25281400,0,1,512.169653
2022-10-06,173.7200,165.407547,22635900,0,1,509.296577
2022-10-07,168.6100,160.542023,26536100,0,1,494.315542
2022-10-10,167.6700,159.647003,23386400,0,1,491.559735
2022-10-11,167.7200,159.694611,28009100,0,1,491.706320
2022-10-12,167.2600,159.256577,26796700,0,1,490.357734
2022-10-13,171.4000,163.198517,45376500,0,1,502.495011
2022-10-14,166.8100,158.828110,29608600,0,1,489.038465
2022-10-17,172.1300,163.893600,28199200,0,1,504.635159
2022-10-18,174.1700,165.835999,34523100,0,1,510.615847
2022-10-19,171.2100,163.017624,27146900,0,1,501.937986
2022-10-20,169.0300,160.941925,26710700,0,1,495.546860
2022-10-21,172.7000,164.436310,45402700,0,1,506.306234
2022-10-24,173.4400,165.140915,27284500,0,1,508.475699
2022-10-25,178.1700,169.644577,33105700,0,1,522.342685
2022-10-26,179.0500,170.482452,37084700,0,1,524.922589
2022-10-27,179.0900,170.520554,28651800,0,1,525.039857
2022-10-28,183.1600,174.395798,33221600,0,1,536.971915
2022-10-31,183.3300,174.557632,25699400,0,1,537.470306
2022-11-01,183.5800,174.795715,27446700,0,1,538.203233
2022-11-02,177.4900,168.997086,38139600,0,1,520.349122
2022-11-03,176.3000,167.864059,29093200,0,1,516.860388
2022-11-04,178.6800,170.130173,25842400,0,1,523.837857
2022-11-07,179.4900,170.901382,20689900,0,1,526.212541
2022-11-08,179.5600,170.968063,20265200,0,1,526.417761
2022-11-09,174.6300,166.273972,27277000,0,1,511.964433
2022-11-10,185.3800,176.509598,38572800,0,1,543.480310
2022-11-11,186.9000,177.956848,28765400,0,1,547.936509
2022-11-14,184.8100,175.966827,26499600,0,1,541.809236
2022-11-15,187.5500,178.575760,26128800,0,1,549.842120
2022-11-16,184.2500,175.433640,24802000,0,1,540.167479
2022-11-17,182.5400,173.805450,20835700,0,1,535.154255
2022-11-18,183.7200,174.928986,27269100,0,1,538.613673
2022-11-21,182.7600,174.014923,19038900,0,1,535.799231
2022-11-22,184.7100,175.871658,16869700,0,1,541.516065
2022-11-23,185.1900,176.328690,19758800,0,1,542.923286
2022-11-25,185.5800,176.700012,13393400,0,1,544.066652
2022-11-28,181.8400,173.138962,17465600,0,1,533.102059
2022-11-29,182.3700,173.643570,14020600,0,1,534.655865
2022-11-30,187.3700,178.404343,28030100,0,1,549.314412
2022-12-01,186.9600,178.013992,21996400,0,1,548.112411
2022-12-02,188.0500,179.051804,22574800,0,1,551.307975
2022-12-05,182.8700,174.119675,25449300,0,1,536.121719
2022-12-06,180.0700,171.453659,18502100,0,1,527.912933
2022-12-07,179.5400,170.948959,17177800,0,1,526.359127
2022-12-08,180.8400,172.186813,20971400,0,1,530.170349
2022-12-09,178.6200,170.073044,22046500,0,1,523.661954
2022-12-12,180.7200,172.072556,22765400,0,1,529.818544
2022-12-13,181.3800,173.497787,38445300,0.83,1,534.186791
2022-12-14,180.1900,172.359528,32406900,0,1,530.682092
2022-12-15,175.6800,168.045517,33546700,0,1,517.399578
2022-12-16,174.3700,166.792435,38502400,0,1,513.541464
2022-12-19,172.0100,164.535004,25614000,0,1,506.590969
2022-12-20,172.9200,165.405457,18050800,0,1,509.271033
2022-12-21,175.9000,168.255920,22997200,0,1,518.047506
2022-12-22,173.6000,166.055908,21297600,0,1,511.273718
2022-12-23,174.3900,166.811554,11647700,0,1,513.600367
2022-12-27,173.2200,165.692398,13553800,0,1,510.154570
2022-12-28,170.5300,163.119293,19648000,0,1,502.232184
2022-12-29,174.8500,167.251602,22311300,0,1,514.955124
2022-12-30,174.3600,166.782867,21275600,0,1,513.512013
2023-01-03,173.4000,165.864594,22503800,0,1,510.684693
2023-01-04,175.5600,167.930725,22973500,0,1,517.046163
2023-01-05,173.6800,166.132416,17032600,0,1,511.509328
2023-01-06,177.5800,169.862930,21986900,0,1,522.995316
2023-01-09,177.8800,170.149887,18366500,0,1,523.878853
2023-01-10,180.5100,172.665619,18751100,0,1,531.624532
2023-01-11,182.7600,174.817825,18222700,0,1,538.251064
2023-01-12,185.8300,177.754440,29650800,0,1,547.292598
2023-01-13,187.0500,178.921402,22120000,0,1,550.885650
2023-01-17,186.8200,178.701431,22422600,0,1,550.208272
2023-01-18,183.8000,175.812653,23507800,0,1,541.313994
2023-01-19,182.0400,174.129120,24624500,0,1,536.130574
2023-01-20,185.0400,176.998779,36070300,0,1,544.965949
2023-01-23,187.3300,179.189209,20329900,0,1,551.710286
2023-01-24,186.9300,178.806595,19263500,0,1,550.532235
2023-01-25,187.4500,179.304031,18174600,0,1,552.063701
2023-01-26,188.5600,180.365784,18369100,0,1,555.332789
2023-01-27,189.5800,181.341446,20019900,0,1,558.336817
2023-01-30,186.9400,178.816193,18395100,0,1,550.561687
2023-01-31,191.4800,183.158890,21567900,0,1,563.932555
2023-02-01,194.4900,186.038071,27007300,0,1,572.797381
2023-02-02,198.3200,189.701675,31020400,0,1,584.077210
2023-02-03,196.9900,188.429428,24981500,0,1,580.160194
2023-02-06,194.1400,185.703278,18160100,0,1,571.766587
2023-02-07,195.5800,187.080734,27074100,0,1,576.007568
2023-02-08,192.7200,184.345016,17933500,0,1,567.584510
2023-02-09,189.9300,181.676224,20516600,0,1,559.367611
2023-02-10,190.3100,182.039749,15248700,0,1,560.486758
2023-02-13,192.6000,184.230209,15754400,0,1,567.231095
2023-02-14,192.5100,184.144180,21889600,0,1,566.966034
2023-02-15,194.4600,186.009354,18721200,0,1,572.709027
2023-02-16,192.6000,184.230209,21366300,0,1,567.231095
2023-02-17,193.1300,184.737213,23892200,0,1,568.792011
2023-02-21,187.4300,179.284866,26004000,0,1,552.004798
2023-02-22,187.9400,179.772736,24651700,0,1,553.506812
2023-02-23,189.2800,181.054504,21311700,0,1,557.453279
2023-02-24,187.5100,179.361420,24280700,0,1,552.240408
2023-02-27,188.1700,179.992722,17562900,0,1,554.184191
2023-02-28,188.1800,180.002304,19542600,0,1,554.213642
2023-03-01,188.4200,180.231873,22532800,0,1,554.920472
2023-03-02,188.8700,180.662277,18104400,0,1,556.245778
2023-03-03,191.5000,183.178024,22774300,0,1,563.991457
2023-03-06,188.7000,180.499680,23266700,0,1,555.745107
2023-03-07,186.5100,178.404861,25865700,0,1,549.295283
2023-03-08,186.6000,178.490952,22505900,0,1,549.560344
2023-03-09,181.4100,173.526505,33546900,0,1,534.275145
2023-03-10,176.1800,168.523773,69274200,0,1,518.872141
2023-03-13,173.3100,165.778519,74171500,0,1,510.419632
2023-03-14,176.5200,168.849014,48946200,0,1,519.873483
2023-03-15,173.6100,166.065430,54405800,0,1,511.303169
2023-03-16,175.9800,168.332458,52392300,0,1,518.283116
2023-03-17,171.2300,163.788879,70239900,0,1,504.293771
2023-03-20,173.4500,165.912430,46103200,0,1,510.831949
2023-03-21,176.6500,168.973328,34465900,0,1,520.256349
2023-03-22,171.6400,164.181076,56098200,0,1,505.501273
2023-03-23,170.2500,163.452362,47720900,0.631,1,503.265923
2023-03-24,171.7900,164.930893,47519700,0,1,507.818225
2023-03-27,173.7000,166.764648,33880600,0,1,513.464263
2023-03-28,173.4500,166.524628,28555100,0,1,512.725253
2023-03-29,175.4200,168.415955,25564800,0,1,518.548653
2023-03-30,175.1800,168.185516,26728600,0,1,517.839203
2023-03-31,178.4000,171.276962,39602900,0,1,527.357654
2023-04-03,178.4800,171.353775,27609000,0,1,527.594137
2023-04-04,175.3500,168.348740,33487200,0,1,518.341730
2023-04-05,173.6300,166.697418,28247300,0,1,513.257340
2023-04-06,173.8900,166.947052,26366300,0,1,514.025911
2023-04-10,175.7500,168.732803,22237800,0,1,519.524146
2023-04-11,177.1400,170.067291,21876200,0,1,523.633043
2023-04-12,175.8400,168.819199,27018100,0,1,519.790190
2023-04-13,178.1700,171.056168,23259900,0,1,526.677765
2023-04-14,176.5100,169.462433,29600400,0,1,521.770737
2023-04-17,178.7800,171.641800,22177300,0,1,528.480950
2023-04-18,178.0200,170.912155,22873100,0,1,526.234359
2023-04-19,178.2500,171.132980,19306800,0,1,526.914248
2023-04-20,177.3300,170.249695,20336300,0,1,524.194691
2023-04-21,177.5600,170.470490,25972800,0,1,524.874580
2023-04-24,177.4400,170.355301,17781000,0,1,524.519855
2023-04-25,173.0600,166.150208,28857900,0,1,511.572397
2023-04-26,171.3900,164.546875,30309800,0,1,506.635809
2023-04-27,173.6800,166.745422,33424100,0,1,513.405142
2023-04-28,175.2000,168.204727,31911900,0,1,517.898324
2023-05-01,175.3000,168.300735,27420100,0,1,518.193928
2023-05-02,171.7000,164.844513,40851100,0,1,507.552182
2023-05-03,172.3300,165.449356,43261400,0,1,509.414487
2023-05-04,170.4000,163.596390,42382100,0,1,503.709329
2023-05-05,174.4500,167.484695,35456800,0,1,515.681293
2023-05-08,174.0500,167.100677,22109900,0,1,514.498877
2023-05-09,173.5300,166.601425,21465500,0,1,512.961736
2023-05-10,174.4100,167.446259,27281900,0,1,515.563052
2023-05-11,173.0700,166.159805,25884600,0,1,511.601957
2023-05-12,172.7200,165.823761,20406400,0,1,510.567343
2023-05-15,174.8300,167.849503,24310000,0,1,516.804589
2023-05-16,172.2800,165.401337,24212900,0,1,509.266685
2023-05-17,176.1200,169.088013,38231600,0,1,520.617881
2023-05-18,177.1900,170.115280,30446600,0,1,523.780845
2023-05-19,176.1100,169.078400,34316300,0,1,520.588321
2023-05-22,178.2600,171.142548,28207200,0,1,526.943808
2023-05-23,177.4200,170.336090,32708900,0,1,524.460734
2023-05-24,175.5400,168.531174,28744200,0,1,518.903378
2023-05-25,174.1700,167.215866,36202600,0,1,514.853602
2023-05-26,176.1500,169.116806,29841300,0,1,520.706563
2023-05-30,175.5000,168.492783,25572600,0,1,518.785136
2023-05-31,173.7700,166.831848,34598800,0,1,513.671186
2023-06-01,175.6500,168.636765,27800900,0,1,519.228542
2023-06-02,182.0200,174.752441,50212400,0,1,538.058521
2023-06-05,179.5800,172.409836,34465800,0,1,530.845782
2023-06-06,184.3100,176.951004,58584500,0,1,544.827854
2023-06-07,187.2400,180.261856,60685600,0.509,1,554.993678
2023-06-08,186.5400,179.587936,34185000,0,1,552.918825
2023-06-09,185.0300,178.134216,30242200,0,1,548.443069
2023-06-12,185.8000,178.875504,26580500,0,1,550.725408
2023-06-13,187.9300,180.926117,35758200,0,1,557.038891
2023-06-14,185.9100,178.981400,37114100,0,1,551.051457
2023-06-15,187.4400,180.454391,36488400,0,1,555.586494
2023-06-16,185.9400,179.010300,50684500,0,1,551.140379
2023-06-20,185.1300,178.230484,33269300,0,1,548.739477
2023-06-21,184.7000,177.816498,30730200,0,1,547.464924
2023-06-22,183.3300,176.497543,27063700,0,1,543.404139
2023-06-23,180.5700,173.840424,50610100,0,1,535.223288
2023-06-26,180.7500,174.013702,31507900,0,1,535.756822
2023-06-27,183.3600,176.526413,28818800,0,1,543.493062
2023-06-28,184.2600,177.392914,23187600,0,1,546.160730
2023-06-29,186.3800,179.433884,32084100,0,1,552.444572
2023-06-30,187.2700,180.290695,30287300,0,1,555.082601
2023-07-03,187.6500,180.656555,14011900,0,1,556.208950
2023-07-05,185.7800,178.856262,24092100,0,1,550.666127
2023-07-06,182.7800,175.968063,39080800,0,1,541.773897
2023-07-07,184.7100,177.826126,31706700,0,1,547.494565
2023-07-10,187.8700,180.868362,29725100,0,1,556.861046
2023-07-11,189.8000,182.726440,26738800,0,1,562.581714
2023-07-12,191.8700,184.719284,40127300,0,1,568.717352
2023-07-13,193.4200,186.211517,23523000,0,1,573.311671
2023-07-14,191.5300,184.391953,32198600,0,1,567.709566
2023-07-17,193.5800,186.365555,23283700,0,1,573.785923
2023-07-18,195.9700,188.666489,28489800,0,1,580.870066
2023-07-19,196.8000,189.465546,23679000,0,1,583.330249
2023-07-20,195.0800,187.809662,27278100,0,1,578.232038
2023-07-21,194.4600,187.212753,28982400,0,1,576.394310
2023-07-24,194.9400,187.674850,16929800,0,1,577.817067
2023-07-25,194.9200,187.655594,18961100,0,1,577.757786
2023-07-26,196.4600,189.138260,20377900,0,1,582.322463
2023-07-27,193.9200,186.692902,31159300,0,1,574.793709
2023-07-28,196.4300,189.109299,21612200,0,1,582.233541
2023-07-31,198.7100,191.304398,24203900,0,1,588.991635
2023-08-01,197.8000,190.428284,27444300,0,1,586.294326
2023-08-02,195.1100,187.838547,28079700,0,1,578.320960
2023-08-03,194.5600,187.309021,24279300,0,1,576.690718
2023-08-04,194.1700,186.933563,24950400,0,1,575.534728
2023-08-07,194.3000,187.058701,20185000,0,1,575.920058
2023-08-08,193.0800,185.884186,25578200,0,1,572.303885
2023-08-09,191.5700,184.430466,22293200,0,1,567.828129
2023-08-10,190.7200,183.612122,29378800,0,1,565.308664
2023-08-11,190.9900,183.872101,21789000,0,1,566.108965
2023-08-14,190.6600,183.554382,20354900,0,1,565.130820
2023-08-15,188.1400,181.128311,25491300,0,1,557.661347
2023-08-16,185.8400,178.914032,27018400,0,1,550.843971
2023-08-17,183.6500,176.805634,26715100,0,1,544.352644
2023-08-18,184.6500,177.768341,33375200,0,1,547.316720
2023-08-21,184.3800,177.508423,22678100,0,1,546.516420
2023-08-22,183.8300,176.978943,21299200,0,1,544.886177
2023-08-23,185.7900,178.865860,21231100,0,1,550.695767
2023-08-24,183.2200,176.391647,26582300,0,1,543.078091
2023-08-25,184.0000,177.142593,29340400,0,1,545.390070
2023-08-28,185.6400,178.721497,23002000,0,1,550.251156
2023-08-29,188.2300,181.214935,22986000,0,1,557.928114
2023-08-30,188.9400,181.898483,19869900,0,1,560.032608
2023-08-31,188.6100,181.580780,17953400,0,1,559.054463
2023-09-01,190.8500,183.737289,25094600,0,1,565.693994
2023-09-05,186.8300,179.867111,27160100,0,1,553.778407
2023-09-06,186.1300,179.193207,26406200,0,1,551.703553
2023-09-07,184.3300,177.460312,23894800,0,1,546.368216
2023-09-08,183.9200,177.065567,19399100,0,1,545.152944
2023-09-11,184.3600,177.489136,17424700,0,1,546.457138
2023-09-12,184.1800,177.315872,16826300,0,1,545.923604
2023-09-13,182.9700,176.150986,24415700,0,1,542.337072
2023-09-14,185.5500,178.634811,27952500,0,1,549.984389
2023-09-15,183.6100,176.767105,39695500,0,1,544.234081
2023-09-18,182.3900,175.592590,19287800,0,1,540.617907
2023-09-19,181.6800,174.909058,24085900,0,1,538.513413
2023-09-20,179.8600,173.156860,27642900,0,1,533.118794
2023-09-21,177.0700,170.470840,31625600,0,1,524.849021
2023-09-22,176.6700,170.085754,23164700,0,1,523.663390
2023-09-25,177.4600,170.846313,22416200,0,1,526.005010
2023-09-26,174.3600,168.649689,30476000,0.829,1,519.273593
2023-09-27,175.9900,170.226318,37293000,0,1,524.128009
2023-09-28,177.5800,171.764252,31372400,0,1,528.863298
2023-09-29,176.7400,170.951752,36689000,0,1,526.361636
2023-10-02,174.0700,168.369202,42139300,0,1,518.409924
2023-10-03,171.1400,165.535141,42733600,0,1,509.683888
2023-10-04,171.2200,165.612549,42491900,0,1,509.922141
2023-10-05,171.3500,165.738266,33365100,0,1,510.309303
2023-10-06,173.0000,167.334244,42160900,0,1,515.223282
2023-10-09,174.0000,168.301483,26658400,0,1,518.201452
2023-10-10,175.9700,170.206970,31585000,0,1,524.068445
2023-10-11,175.6700,169.916779,27427200,0,1,523.174994
2023-10-12,171.7000,166.076782,38693800,0,1,511.351662
2023-10-13,170.2700,164.693649,33955600,0,1,507.092880
2023-10-16,173.0200,167.353592,31140300,0,1,515.282846
2023-10-17,174.9500,169.220352,39823200,0,1,521.030713
2023-10-18,171.3500,165.738266,38501400,0,1,510.309303
2023-10-19,168.6200,163.097672,51397300,0,1,502.178901
2023-10-20,166.4400,160.989105,54421900,0,1,495.686492
2023-10-23,165.0300,159.625259,45590900,0,1,491.487273
2023-10-24,166.4700,161.018082,32666300,0,1,495.775837
2023-10-25,163.7200,158.358170,36832900,0,1,487.585872
2023-10-26,164.1400,158.764389,50525600,0,1,488.836703
2023-10-27,162.2100,156.897629,46017100,0,1,483.088836
2023-10-30,163.1100,157.768097,35156300,0,1,485.769188
2023-10-31,164.5200,159.131958,31533200,0,1,489.968407
2023-11-01,165.4600,160.041183,44367100,0,1,492.767886
2023-11-02,169.8700,164.306717,50458100,0,1,505.901613
2023-11-03,174.4900,168.775421,57060700,0,1,519.660755
2023-11-06,172.3100,166.666824,35294400,0,1,513.168346
2023-11-07,171.7000,166.076782,31168900,0,1,511.351662
2023-11-08,169.8700,164.306717,44938600,0,1,505.901613
2023-11-09,167.2400,161.762894,38577400,0,1,498.069028
2023-11-10,169.1100,163.571625,36121300,0,1,503.638204
2023-11-13,169.1700,163.629654,27610300,0,1,503.816894
2023-11-14,178.4600,172.615417,77611000,0,1,531.484087
2023-11-15,178.7700,172.915253,59641400,0,1,532.407319
2023-11-16,175.8800,170.119934,46616700,0,1,523.800410
2023-11-17,178.2900,172.450974,43418700,0,1,530.977798
2023-11-20,179.3300,173.456924,26665100,0,1,534.075094
2023-11-21,177.0200,171.222595,30457000,0,1,527.195523
2023-11-22,178.1300,172.296219,28940900,0,1,530.501291
2023-11-24,179.3300,173.456924,13846900,0,1,534.075094
2023-11-27,178.7300,172.876587,30665800,0,1,532.288192
2023-11-28,178.0400,172.209183,28350200,0,1,530.233256
2023-11-29,178.9800,173.118378,31590200,0,1,533.032735
2023-11-30,179.6600,173.776138,32216800,0,1,535.057890
2023-12-01,184.9100,178.854202,64221300,0,1,550.693278
2023-12-04,186.8900,180.769333,44862600,0,1,556.590054
2023-12-05,184.3900,178.351212,36873500,0,1,549.144630
2023-12-06,184.0600,178.032013,43637900,0,1,548.161835
2023-12-07,185.3900,179.318481,32662300,0,1,552.122800
2023-12-08,186.8000,180.682312,36087100,0,1,556.322018
2023-12-11,187.1900,181.059509,29302100,0,1,557.483504
2023-12-12,187.0000,180.875717,32024000,0,1,556.917652
2023-12-13,193.3300,186.998413,69484800,0,1,575.769464
2023-12-14,198.7100,192.202255,83649300,0,1,591.792014
2023-12-15,197.0400,190.586884,74160700,0,1,586.818472
2023-12-18,197.1100,190.654617,44451100,0,1,587.026943
2023-12-19,200.9300,194.349518,52156200,0,1,598.403550
2023-12-20,196.2800,190.547867,62360300,0.734,1,586.741039
2023-12-21,199.6200,193.790344,38613400,0,1,596.725322
2023-12-22,201.4800,195.596039,39173800,0,1,602.285432
2023-12-26,204.1000,198.139511,26879000,0,1,610.117414
2023-12-27,204.8200,198.838455,35806400,0,1,612.269715
2023-12-28,204.0400,198.081253,28930100,0,1,609.938056
2023-12-29,200.7100,194.848511,41496800,0,1,599.983666
2024-01-02,199.5200,193.693268,44341500,0,1,596.426392
2024-01-03,194.2000,188.528625,57532500,0,1,580.523282
2024-01-04,193.8200,188.159714,43114200,0,1,579.387346
2024-01-05,193.2500,187.606339,40964900,0,1,577.683441
2024-01-08,196.7300,190.984711,31545400,0,1,588.086227
2024-01-09,194.9700,189.276154,28998700,0,1,582.825048
2024-01-10,195.0800,189.382950,35075200,0,1,583.153872
2024-01-11,193.5500,187.897614,48939200,0,1,578.580233
2024-01-12,193.2300,187.586975,42992100,0,1,577.623655
2024-01-16,190.8400,185.266724,42213000,0,1,570.479213
2024-01-17,189.4800,183.946472,37787700,0,1,566.413756
2024-01-18,190.6000,185.033768,41760000,0,1,569.761779
2024-01-19,192.4300,186.810303,63338300,0,1,575.232210
2024-01-22,196.5400,190.800293,42379500,0,1,587.518259
2024-01-23,195.9700,190.246964,42471200,0,1,585.814354
2024-01-24,194.3600,188.683960,41120100,0,1,581.001571
2024-01-25,195.9700,190.246964,37659500,0,1,585.814354
2024-01-26,195.9800,190.256622,33478600,0,1,585.844247
2024-01-29,199.4100,193.586472,29234400,0,1,596.097568
2024-01-30,197.7100,191.936111,33121200,0,1,591.015747
2024-01-31,192.8800,187.247177,68126700,0,1,576.577398
2024-02-01,195.4400,189.732407,59479000,0,1,584.230022
2024-02-02,194.4100,188.732498,52839300,0,1,581.151036
2024-02-05,191.9400,186.334610,39751900,0,1,573.767450
2024-02-06,193.6700,188.014114,34689100,0,1,578.938950
2024-02-07,193.2200,187.577240,31713900,0,1,577.593762
2024-02-08,196.1500,190.421692,35370800,0,1,586.352429
2024-02-09,199.3400,193.518539,46107100,0,1,595.888316
2024-02-12,202.9600,197.032822,43291000,0,1,606.709605
2024-02-13,194.6100,188.926666,86247400,0,1,581.748898
2024-02-14,199.1300,193.314667,43808000,0,1,595.260562
2024-02-15,204.4400,198.469589,44931900,0,1,611.133779
2024-02-16,201.6600,195.770752,48346200,0,1,602.823507
2024-02-20,198.8800,193.071945,30547500,0,1,594.513236
2024-02-21,197.9400,192.159409,28669100,0,1,591.703288
2024-02-22,199.4400,193.615616,38184700,0,1,596.187247
2024-02-23,199.8900,194.052475,37667700,0,1,597.532435
2024-02-26,201.1500,195.275650,29118200,0,1,601.298961
2024-02-27,204.0000,198.042435,32268600,0,1,609.818484
2024-02-28,202.3200,196.411499,30143900,0,1,604.796449
2024-02-29,203.7300,197.780304,40404100,0,1,609.011371
2024-03-01,205.8900,199.877213,35156900,0,1,615.468273
2024-03-04,205.7000,199.692734,24785400,0,1,614.900304
2024-03-05,203.7300,197.780304,34163500,0,1,609.011371
2024-03-06,205.2500,199.255936,34255200,0,1,613.555117
2024-03-07,206.9600,200.916000,28020200,0,1,618.666830
2024-03-08,206.8300,200.789795,41447800,0,1,618.278221
2024-03-11,205.1900,199.197693,24435800,0,1,613.375758
2024-03-12,204.9100,198.925858,34958900,0,1,612.538752
2024-03-13,205.7100,199.702484,25140700,0,1,614.930198
2024-03-14,202.0300,196.129944,47509100,0,1,603.929550
2024-03-15,202.4100,196.498871,53217000,0,1,605.065487
2024-03-18,201.2500,195.372742,32405100,0,1,601.597891
2024-03-19,202.1000,196.197937,29864100,0,1,604.138802
2024-03-20,206.1000,200.081116,49609600,0,1,616.096027
2024-03-21,207.9400,202.379974,43067300,0.522,1,623.156768
2024-03-22,205.0700,199.586700,28437300,0,1,614.555922
2024-03-25,205.5400,200.044128,20107800,0,1,615.964423
2024-03-26,205.1700,199.684006,23434800,0,1,614.855603
2024-03-27,209.6400,204.034500,35028400,0,1,628.251346
2024-03-28,210.3000,204.676849,37675100,0,1,630.229241
2024-04-01,208.3200,202.749802,25684200,0,1,624.295556
2024-04-02,204.4900,199.022186,36632100,0,1,612.817772
2024-04-03,205.8300,200.326385,27362800,0,1,616.833498
2024-04-04,203.7700,198.321442,32265200,0,1,610.660069
2024-04-05,204.4500,198.983246,27569400,0,1,612.697900
2024-04-08,205.5700,200.073334,21331000,0,1,616.054328
2024-04-09,206.3800,200.861664,23289100,0,1,618.481744
2024-04-10,200.9300,195.557373,57130500,0,1,602.149127
2024-04-11,202.2900,196.881012,37184000,0,1,606.224789
2024-04-12,198.6900,193.377304,35388700,0,1,595.436272
2024-04-15,195.7800,190.545090,41119300,0,1,586.715553
2024-04-16,195.0600,189.844330,43267500,0,1,584.557850
2024-04-17,193.0000,187.839417,38589500,0,1,578.384420
2024-04-18,192.8400,187.683685,40238200,0,1,577.904930
2024-04-19,193.1400,187.975677,42666500,0,1,578.803974
2024-04-22,195.3000,190.077911,31553000,0,1,585.277084
2024-04-23,198.5700,193.260483,31838300,0,1,595.076654
2024-04-24,197.6800,192.394302,28791700,0,1,592.409493
2024-04-25,196.4800,191.226364,31915600,0,1,588.813320
2024-04-26,198.3600,193.056107,24613600,0,1,594.447324
2024-04-29,199.9600,194.613327,20494600,0,1,599.242221
2024-04-30,195.9000,190.661865,30606800,0,1,587.075170
2024-05-01,196.3100,191.060928,38782100,0,1,588.303863
2024-05-02,199.9200,194.574371,27201000,0,1,599.122348
2024-05-03,201.9000,196.501450,30880600,0,1,605.056033
2024-05-06,204.5100,199.041656,23129800,0,1,612.877709
2024-05-07,204.9700,199.489349,20116900,0,1,614.256241
2024-05-08,203.7800,198.331192,18349400,0,1,610.690037
2024-05-09,205.8600,200.355560,22914300,0,1,616.923403
2024-05-10,204.3100,198.847000,21520200,0,1,612.278346
2024-05-13,204.7400,199.265533,18585300,0,1,613.566975
2024-05-14,206.8600,201.328827,33169000,0,1,619.920213
2024-05-15,209.4400,203.839844,33412300,0,1,627.651984
2024-05-16,207.9300,202.370193,26731100,0,1,623.126800
2024-05-17,208.0800,202.516190,35219800,0,1,623.576322
2024-05-20,208.5400,202.963898,15695900,0,1,624.954855
2024-05-21,208.3400,202.769226,13466800,0,1,624.355493
2024-05-22,206.5800,201.056320,20853100,0,1,619.081106
2024-05-23,203.1900,197.756973,34039800,0,1,608.921919
2024-05-24,205.4400,199.946793,19946100,0,1,615.664742
2024-05-28,205.1600,199.674286,18475900,0,1,614.825635
2024-05-29,202.1300,196.725311,25654800,0,1,605.745300
2024-05-30,204.0500,198.593979,20428200,0,1,611.499176
2024-05-31,205.7700,200.267975,25784900,0,1,616.653690
2024-06-03,204.6100,199.138977,23902900,0,1,613.177390
2024-06-04,201.9700,196.569565,27098900,0,1,605.265810
2024-06-05,205.0600,199.576935,20707600,0,1,614.525954
2024-06-06,203.5900,198.146271,17335500,0,1,610.120643
2024-06-07,201.2000,195.820175,26036000,0,1,602.958266
2024-06-10,201.8900,196.491714,25075300,0,1,605.026065
2024-06-11,200.6400,195.820251,23768400,0.562,1,602.964260
2024-06-12,203.7200,198.826248,43668700,0,1,612.220290
2024-06-13,201.9400,197.089005,28021100,0,1,606.871026
2024-06-14,198.7300,193.956131,33453700,0,1,597.224319
2024-06-17,200.4000,195.586014,25538100,0,1,602.243010
2024-06-18,200.7500,195.927612,25446900,0,1,603.294832
2024-06-20,199.9000,195.098038,27999700,0,1,600.740408
2024-06-21,200.3500,195.537231,37511300,0,1,602.092750
2024-06-24,201.2200,196.386322,22289600,0,1,604.707278
2024-06-25,200.5600,195.742172,15925400,0,1,602.723843
2024-06-26,200.0300,195.224899,19313500,0,1,601.131085
2024-06-27,202.0600,197.206146,17432600,0,1,607.231650
2024-06-28,202.8900,198.016190,35026000,0,1,609.725970
2024-07-01,201.1900,196.357056,21886200,0,1,604.617122
2024-07-02,201.8800,197.030457,17219100,0,1,606.690713
2024-07-03,201.8300,196.981659,15167200,0,1,606.540453
2024-07-05,200.8700,196.044739,17282500,0,1,603.655457
2024-07-08,202.2800,197.420883,20823800,0,1,607.892795
2024-07-09,201.4000,196.561981,17864200,0,1,605.248215
2024-07-10,203.3700,198.484665,19286100,0,1,611.168468
2024-07-11,210.6800,205.619064,65443600,0,1,633.136514
2024-07-12,213.1400,208.019989,50810700,0,1,640.529318
2024-07-15,217.1900,211.972702,48925300,0,1,652.700396
2024-07-16,224.6000,219.204697,67945700,0,1,674.968963
2024-07-17,222.2500,216.911118,66092100,0,1,667.906732
2024-07-18,217.9500,212.714432,53180000,0,1,654.984352
2024-07-19,216.8400,211.631073,37933500,0,1,651.648575
2024-07-22,220.2900,214.998199,36185900,0,1,662.016531
2024-07-23,222.6300,217.282013,44884600,0,1,669.048710
2024-07-24,217.8500,212.616821,42443000,0,1,654.683831
2024-07-25,220.5700,215.271484,45053100,0,1,662.857988
2024-07-26,224.2200,218.833801,40822600,0,1,673.826985
2024-07-29,221.7300,216.403610,33869700,0,1,666.344025
2024-07-30,222.5700,217.223465,26876800,0,1,668.868397
2024-07-31,223.8600,218.482483,52387700,0,1,672.745111
2024-08-01,216.5800,211.377350,71508100,0,1,650.867222
2024-08-02,208.9200,203.901337,66850200,0,1,627.847354
2024-08-05,202.2000,197.342773,65683100,0,1,607.652379
2024-08-06,204.4000,199.489914,37072500,0,1,614.263829
2024-08-07,201.9800,197.128067,30594500,0,1,606.991234
2024-08-08,206.8900,201.920105,26550300,0,1,621.746789
2024-08-09,206.4600,201.500458,20954500,0,1,620.454551
2024-08-12,204.6000,199.685120,20357900,0,1,614.864870
2024-08-13,207.9700,202.974152,25458300,0,1,624.992410
2024-08-14,206.6800,201.715149,25345600,0,1,621.115696
2024-08-15,212.0400,206.946396,42561600,0,1,637.223592
2024-08-16,212.6000,207.492950,30427400,0,1,638.906507
2024-08-19,215.2000,210.030518,17246200,0,1,646.720039
2024-08-20,212.6900,207.580795,21703900,0,1,639.176975
2024-08-21,215.4600,210.284256,19623100,0,1,647.501392
2024-08-22,213.5600,208.429886,18084300,0,1,641.791503
2024-08-23,220.3800,215.086060,40003100,0,1,662.286999
2024-08-26,220.4500,215.154388,24865500,0,1,662.497363
2024-08-27,218.7400,213.485489,19577900,0,1,657.358464
2024-08-28,217.2600,212.040985,19685000,0,1,652.910761
2024-08-29,218.8100,213.553757,24599500,0,1,657.568828
2024-08-30,220.0800,214.793274,23010500,0,1,661.385438
2024-09-03,213.3500,208.224930,31338500,0,1,641.160411
2024-09-04,212.9900,207.873581,23706300,0,1,640.078537
2024-09-05,211.9300,206.839035,23910500,0,1,636.893020
2024-09-06,207.9000,202.905838,34561300,0,1,624.782045
2024-09-09,208.4800,203.471909,23584100,0,1,626.525064
2024-09-10,208.3100,203.306015,23025700,0,1,626.014179
2024-09-11,208.9200,203.901337,27175600,0,1,627.847354
2024-09-12,211.6100,206.526749,27611700,0,1,635.931354
2024-09-13,216.8300,211.621338,37388100,0,1,651.618523
2024-09-16,217.6100,212.382599,23289000,0,1,653.962582
2024-09-17,219.4100,214.139343,35563500,0,1,659.371951
2024-09-18,219.4500,214.178391,54085200,0,1,659.492159
2024-09-19,223.9700,218.589828,35369500,0,1,673.075684
2024-09-20,221.5700,216.247467,34587500,0,1,665.863193
2024-09-23,220.7600,215.456940,20157700,0,1,663.428977
2024-09-24,221.1300,215.818054,20939800,0,1,664.540903
2024-09-25,217.6900,213.185669,23242300,0.752,1,656.462913
2024-09-26,218.8500,214.321671,24974700,0,1,659.960992
2024-09-27,220.3300,215.771072,23959600,0,1,664.424060
2024-09-30,220.8900,216.319458,21938200,0,1,666.112788
2024-10-01,217.8900,213.381546,30016000,0,1,657.066030
2024-10-02,217.5900,213.087708,14455400,0,1,656.161354
2024-10-03,216.1300,211.657944,21353000,0,1,651.758598
2024-10-04,219.1500,214.615433,27901500,0,1,660.865668
2024-10-07,217.4300,212.931061,14891800,0,1,655.678860
2024-10-08,217.5800,213.077957,18118600,0,1,656.131198
2024-10-09,218.0600,213.547989,18230700,0,1,657.578679
2024-10-10,216.8500,212.363052,24571400,0,1,653.929820
2024-10-11,221.2600,216.681793,19950900,0,1,667.228555
2024-10-14,222.8900,218.278091,19263300,0,1,672.143960
2024-10-15,223.0700,218.454361,25998800,0,1,672.686765
2024-10-16,226.7400,222.048416,27656700,0,1,683.753966
2024-10-17,226.1200,221.441223,18003600,0,1,681.884302
2024-10-18,225.6500,220.980972,20047400,0,1,680.466977
2024-10-21,222.1000,217.504395,24243800,0,1,669.761647
2024-10-22,221.2600,216.681793,15813900,0,1,667.228555
2024-10-23,219.2400,214.703598,23263500,0,1,661.137071
2024-10-24,219.7200,215.173660,18381900,0,1,662.584552
2024-10-25,218.8900,214.360840,23807800,0,1,660.081616
2024-10-28,222.4600,217.856979,19877700,0,1,670.847258
2024-10-29,221.7400,217.151855,20282200,0,1,668.676036
2024-10-30,221.4400,216.858093,19754800,0,1,667.771360
2024-10-31,217.7600,213.254227,24078400,0,1,656.674004
2024-11-01,218.9800,214.448990,21222200,0,1,660.353018
2024-11-04,220.0900,215.535995,20463700,0,1,663.700319
2024-11-05,224.2300,219.590363,26404600,0,1,676.184845
2024-11-06,237.2200,232.311539,75554600,0,1,715.357307
2024-11-07,236.3800,231.488937,34970300,0,1,712.824215
2024-11-08,238.1200,233.192917,26597800,0,1,718.071334
2024-11-11,241.7000,236.698868,29207700,0,1,728.867132
2024-11-12,237.4600,232.546600,35314300,0,1,716.081047
2024-11-13,235.1100,230.245224,25947700,0,1,708.994420
2024-11-14,231.9400,227.140839,29272100,0,1,699.435013
2024-11-15,228.4800,223.752411,37930000,0,1,689.001085
2024-11-18,228.9300,224.193085,29368500,0,1,690.358099
2024-11-19,230.6300,225.857925,26009400,0,1,695.484595
2024-11-20,230.9300,226.151672,24222700,0,1,696.389271
2024-11-21,234.4400,229.589081,28679400,0,1,706.973978
2024-11-22,238.7700,233.829498,22693100,0,1,720.031465
2024-11-25,242.4000,237.384369,33534000,0,1,730.978042
2024-11-26,240.6200,235.641205,22581400,0,1,725.610299
2024-11-27,240.9500,235.964355,19472800,0,1,726.605443
2024-11-29,241.8700,236.865326,16782700,0,1,729.379782
2024-12-02,241.7500,236.747818,25274800,0,1,729.017911
2024-12-03,240.0300,235.063431,21376700,0,1,723.831103
2024-12-04,240.8900,235.905624,19903000,0,1,726.424507
2024-12-05,238.0800,233.153763,20227000,0,1,717.950711
2024-12-06,238.9300,233.986176,20760900,0,1,720.513959
2024-12-09,237.7300,232.811020,16684300,0,1,716.895256
2024-12-10,236.7000,231.802307,19946500,0,1,713.789202
2024-12-11,237.7700,232.850189,23156900,0,1,717.015879
2024-12-12,234.6800,229.824097,21454500,0,1,707.697718
2024-12-13,233.0700,228.247437,23972900,0,1,702.842625
2024-12-16,234.4400,229.589081,32293500,0,1,706.973978
2024-12-17,231.0700,226.960678,33064300,0.694,1,698.904270
2024-12-18,220.8400,216.912613,52267500,0,1,667.962171
2024-12-19,219.8600,215.950043,51871700,0,1,664.998021
2024-12-20,221.9200,217.973404,53882200,0,1,671.228786
2024-12-23,221.4100,217.472458,29606800,0,1,669.686218
2024-12-24,223.3900,219.417282,13399600,0,1,675.675011
2024-12-26,225.6800,221.666519,20024800,0,1,682.601444
2024-12-27,222.3900,218.435059,26956000,0,1,672.650368
2024-12-30,220.6800,216.755447,25706100,0,1,667.478228
2024-12-31,220.9600,217.030487,26208300,0,1,668.325128
2025-01-02,221.1400,217.207275,29363000,0,1,668.869564
2025-01-03,224.4300,220.438766,24525300,0,1,678.820640
2025-01-06,224.5200,220.527176,23541900,0,1,679.092858
2025-01-07,222.7200,218.759155,28835200,0,1,673.648500
2025-01-08,221.7100,217.767151,26795900,0,1,670.593611
2025-01-10,216.8300,212.973907,37379400,0,1,655.833353
2025-01-13,217.2500,213.386475,28603800,0,1,657.103703
2025-01-14,219.7200,215.812531,25447500,0,1,664.574571
2025-01-15,224.0400,220.055679,30124700,0,1,677.641029
2025-01-16,224.4900,220.497711,21029800,0,1,679.002118
2025-01-17,225.4600,221.450470,26754900,0,1,681.936022
2025-01-21,229.7900,225.703430,26086300,0,1,695.032727
2025-01-22,228.2900,224.230118,21307300,0,1,690.495762
2025-01-23,229.3300,225.251633,20850700,0,1,693.641391
2025-01-24,228.6900,224.623001,19074500,0,1,691.705619
2025-01-27,226.5000,222.471970,27461700,0,1,685.081651
2025-01-28,226.7500,222.717514,16847400,0,1,685.837812
2025-01-29,226.2300,222.206741,20280500,0,1,684.264997
2025-01-30,228.5300,224.465866,25575100,0,1,691.221676
2025-01-31,226.4800,222.452301,35330700,0,1,685.021158
2025-02-03,223.8300,219.849442,34023300,0,1,677.005854
2025-02-04,226.9300,222.894287,17985500,0,1,686.382247
2025-02-05,229.4000,225.320358,15197300,0,1,693.853116
2025-02-06,228.6500,224.583710,18809400,0,1,691.584633
2025-02-07,226.0000,221.980835,28914400,0,1,683.569329
2025-02-10,227.0200,222.982727,14574700,0,1,686.654465
2025-02-11,225.7000,221.686172,18215700,0,1,682.661936
2025-02-12,223.6200,219.643158,25572800,0,1,676.370679
2025-02-13,226.1400,222.118332,21419400,0,1,683.992779
2025-02-14,225.9700,221.951416,13574500,0,1,683.478590
2025-02-18,227.2100,223.169327,15166500,0,1,687.229148
2025-02-19,226.4300,222.403183,16194800,0,1,684.869926
2025-02-20,224.2600,220.271759,18507700,0,1,678.306451
2025-02-21,217.8000,213.926666,45036900,0,1,658.767256
2025-02-24,216.2300,212.384583,30246200,0,1,654.018567
2025-02-25,215.4100,211.579163,33665100,0,1,651.538360
2025-02-26,215.6800,211.844360,25464200,0,1,652.355013
2025-02-27,212.3900,208.612885,29378500,0,1,642.403937
2025-02-28,214.6500,210.832672,32015400,0,1,649.239631
2025-03-03,208.7800,205.067078,36330000,0,1,631.484976
2025-03-04,206.4200,202.749054,56427100,0,1,624.346818
2025-03-05,208.4700,204.762589,35778500,0,1,630.547337
2025-03-06,205.2800,201.629303,39206300,0,1,620.898725
2025-03-07,205.9500,202.287415,43514000,0,1,622.925236
2025-03-10,200.7700,197.199524,39442800,0,1,607.257585
2025-03-11,200.7500,197.179901,51509700,0,1,607.197092
2025-03-12,201.1000,197.523682,36881700,0,1,608.255717
2025-03-13,198.1000,194.576996,31336900,0,1,599.181788
2025-03-14,202.8900,199.281815,34089400,0,1,613.669829
2025-03-17,205.4500,201.796310,26947600,0,1,621.412915
2025-03-18,203.2100,200.044037,22888000,0.46,1,616.029050
2025-03-19,206.3700,203.154800,31595600,0,1,625.608558
2025-03-20,205.0600,201.865219,25665900,0,1,621.637306
2025-03-21,203.7900,200.614990,39470200,0,1,617.787314
2025-03-24,208.8600,205.606018,25774700,0,1,633.156968
2025-03-25,207.7000,204.464081,17836900,0,1,629.640439
2025-03-26,205.5900,202.386963,19344600,0,1,623.243996
2025-03-27,204.6100,201.422226,23960000,0,1,620.273136
2025-03-28,200.4500,197.327026,26656200,0,1,607.662138
2025-03-31,199.4900,196.382004,32250800,0,1,604.751908
2025-04-01,199.5100,196.401657,26054100,0,1,604.812538
2025-04-02,202.6600,199.502609,36603000,0,1,614.361731
2025-04-03,189.6500,186.695282,60551500,0,1,574.922048
2025-04-04,181.1900,178.367111,92612800,0,1,549.275644
2025-04-07,179.5500,176.752640,96706200,0,1,544.304001
2025-04-08,174.8200,172.096344,61090600,0,1,529.965054
2025-04-09,189.6800,186.724808,123015100,0,1,575.012993
2025-04-10,181.7100,178.879013,67503000,0,1,550.852019
2025-04-11,184.3600,181.487732,44954400,0,1,558.885467
2025-04-14,186.5300,183.623886,35214600,0,1,565.463800
2025-04-15,186.7600,183.850311,30715500,0,1,566.161042
2025-04-16,184.9700,182.088226,35063300,0,1,560.734675
2025-04-17,186.4800,183.574677,42359200,0,1,565.312225
2025-04-21,182.7400,179.892960,26019000,0,1,553.974453
2025-04-22,187.4700,184.549255,34477100,0,1,568.313400
2025-04-23,190.2500,187.285934,44866100,0,1,576.740942
2025-04-24,194.0600,191.036606,29820100,0,1,588.290918
2025-04-25,194.1200,191.095642,25029000,0,1,588.472807
2025-04-28,194.9400,191.902863,22482300,0,1,590.958629
2025-04-29,196.0900,193.034943,20118200,0,1,594.444842
2025-04-30,194.8600,191.824127,29046100,0,1,590.716110
2025-05-01,196.0700,193.015289,33169700,0,1,594.384213
2025-05-02,200.4800,197.356567,30201800,0,1,607.753083
2025-05-05,198.9400,195.840576,20834200,0,1,603.084588
2025-05-06,196.7700,193.704376,24642100,0,1,596.506256
2025-05-07,197.4200,194.344238,23623300,0,1,598.476724
2025-05-08,201.1800,198.045654,32646300,0,1,609.875126
2025-05-09,200.8100,197.681427,17203000,0,1,608.753474
2025-05-12,207.8700,204.631424,38207200,0,1,630.155793
2025-05-13,208.6300,205.379608,28295800,0,1,632.459725
2025-05-14,206.7800,203.558426,26316100,0,1,626.851469
2025-05-15,208.1300,204.887390,21563700,0,1,630.943980
2025-05-16,209.8500,206.580597,28906400,0,1,636.158143
2025-05-19,208.9700,205.714294,25859600,0,1,633.490432
2025-05-20,209.0800,205.822571,22053100,0,1,633.823895
2025-05-21,203.2100,200.044037,36704400,0,1,616.029050
2025-05-22,203.2000,200.034180,31831300,0,1,615.998735
2025-05-23,202.5600,199.404144,29114600,0,1,614.058582
2025-05-27,207.7000,204.464081,31655900,0,1,629.640439
2025-05-28,205.5100,202.308197,26046700,0,1,623.001477
2025-05-29,206.1200,202.908676,32749500,0,1,624.850686
2025-05-30,205.0700,201.875061,37768900,0,1,621.667621
2025-06-02,205.7100,202.505081,30334300,0,1,623.607775
2025-06-03,209.0300,205.773361,37702200,0,1,633.672321
2025-06-04,208.4400,205.192566,27225300,0,1,631.883742
2025-06-05,208.5300,205.281158,35728700,0,1,632.156576
2025-06-06,211.9000,208.598618,32144500,0,1,642.372697
2025-06-09,213.3600,210.035904,33984400,0,1,646.798672
2025-06-10,214.5100,211.167984,30182200,0,1,650.284885
2025-06-11,213.6300,210.301712,31113400,0,1,647.617174
2025-06-12,212.7800,209.464935,25367000,0,1,645.040408
2025-06-13,208.8900,205.635529,60580000,0,1,633.247912
2025-06-16,210.7700,208.059952,28974000,0.576,1,640.693251
2025-06-17,208.5500,205.868515,32843200,0,1,633.944952
2025-06-18,209.6500,206.954346,42850500,0,1,637.288704
2025-06-20,209.2100,206.520035,36978100,0,1,635.951203
2025-06-23,211.7700,209.047104,35516400,0,1,643.733026
2025-06-24,214.4700,211.712387,31772500,0,1,651.940417
2025-06-25,211.9700,209.244537,27725600,0,1,644.340981
2025-06-26,215.4100,212.640305,26261200,0,1,654.797805
2025-06-27,215.4800,212.709396,47717300,0,1,655.010589
2025-06-30,215.7900,213.015396,25558000,0,1,655.952919
2025-07-01,218.0100,215.206863,43864800,0,1,662.701218
2025-07-02,221.0300,218.188049,35735200,0,1,671.881337
2025-07-03,223.0800,220.211700,23515700,0,1,678.112874
2025-07-07,219.7300,216.904739,41551200,0,1,667.929630
2025-07-08,221.2500,218.405212,36339300,0,1,672.550087
2025-07-09,223.6500,220.774353,32425200,0,1,679.845546
2025-07-10,224.8000,221.909561,33865900,0,1,683.341286
2025-07-11,221.7000,218.849426,31579600,0,1,673.917986
2025-07-14,223.1900,220.320267,24632200,0,1,678.447250
2025-07-15,218.8200,216.006454,44215400,0,1,665.163435
2025-07-16,221.0200,218.178192,48199800,0,1,671.850939
2025-07-17,223.9200,221.040894,43548000,0,1,680.666285
2025-07-18,222.3300,219.471329,49009900,0,1,675.833044
2025-07-21,221.4300,218.582886,28191400,0,1,673.097247
2025-07-22,223.2700,220.399246,30873300,0,1,678.690431
2025-07-23,226.6800,223.765381,37478100,0,1,689.056062
2025-07-24,223.5500,220.675644,29446700,0,1,679.541568
2025-07-25,224.3800,221.494980,24555500,0,1,682.064581
2025-07-28,224.1200,221.238312,24934900,0,1,681.274240
2025-07-29,222.6900,219.826691,28685900,0,1,676.927362
2025-07-30,221.5600,218.711227,48924400,0,1,673.492417
2025-07-31,219.3900,216.569138,42913900,0,1,666.896107
2025-08-01,214.9200,212.156601,63854100,0,1,653.308315
2025-08-04,219.7300,216.904739,34989600,0,1,667.929630
2025-08-05,220.8500,218.010345,31337100,0,1,671.334177
2025-08-06,220.5600,217.724075,23142100,0,1,670.452643
2025-08-07,219.8400,217.013321,37088000,0,1,668.264005
2025-08-08,220.3200,217.487183,28318100,0,1,669.723097
2025-08-11,220.2700,217.437820,25212800,0,1,669.571108
2025-08-12,226.8100,223.893723,43815500,0,1,689.451233
2025-08-13,231.2200,228.247025,41705800,0,1,702.856638
2025-08-14,228.2400,225.305328,55945500,0,1,693.798110
2025-08-15,227.1300,224.209625,33571400,0,1,690.423961
2025-08-18,227.9600,225.028961,20144100,0,1,692.946973
2025-08-19,226.2100,223.301453,25000700,0,1,687.627368
2025-08-20,225.4100,222.511719,29229700,0,1,685.195549
2025-08-21,225.9700,223.064545,24539400,0,1,686.897822
2025-08-22,234.8300,231.810608,58205500,0,1,713.830224
2025-08-25,232.3600,229.372360,28453700,0,1,706.321981
2025-08-26,234.2800,231.267670,25121500,0,1,712.158348
2025-08-27,235.9400,232.906342,25395400,0,1,717.204373
2025-08-28,236.2200,233.182739,25011200,0,1,718.055510
2025-08-29,235.1700,232.146225,29254800,0,1,714.863747
2025-09-02,233.9000,230.892548,33108600,0,1,711.003233
2025-09-03,233.6700,230.665512,33252400,0,1,710.304085
2025-09-04,236.5900,233.547958,30323800,0,1,719.180227
2025-09-05,237.7700,234.712799,47542500,0,1,722.767160
2025-09-08,238.2500,235.186615,31487700,0,1,724.226252
2025-09-09,236.8500,233.804642,35395800,0,1,719.970568
2025-09-10,236.4300,233.390030,33910200,0,1,718.693863
2025-09-11,240.8000,237.703842,43629800,0,1,731.977677
2025-09-12,238.3400,235.275467,46097600,0,1,724.499832
2025-09-15,239.3500,236.272507,33014000,0,1,727.570004
2025-09-16,238.2800,235.883438,37059300,0.677,1,726.375373
2025-09-17,238.8900,236.487305,79955600,0,1,728.234903
2025-09-18,244.8400,242.377457,49167700,0,1,746.372949
2025-09-19,242.9800,240.536163,56092000,0,1,740.702904
2025-09-22,244.3900,241.931976,53572900,0,1,745.001164
2025-09-23,243.8400,241.387497,41854500,0,1,743.324538
2025-09-24,241.6000,239.170059,36002200,0,1,736.496097
2025-09-25,239.2900,236.883270,37209500,0,1,729.454268
2025-09-26,241.3400,238.912659,28942800,0,1,735.703510
2025-09-29,241.6200,239.189835,26391500,0,1,736.557065
2025-09-30,241.9600,239.526428,33447700,0,1,737.593525
2025-10-01,242.4900,240.051086,28520000,0,1,739.209183
2025-10-02,244.0200,241.565704,28687400,0,1,743.873252
2025-10-03,245.8300,243.357513,34579600,0,1,749.390876
2025-10-06,246.8100,244.327637,31507400,0,1,752.378318
2025-10-07,244.1600,241.704300,31766600,0,1,744.300029
2025-10-08,246.7200,244.238556,25825000,0,1,752.103961
2025-10-09,245.1300,242.664536,26243100,0,1,747.256988
2025-10-10,237.7900,235.398361,70569400,0,1,724.881651
2025-10-13,244.4100,241.951782,36298600,0,1,745.062132
2025-10-14,247.9000,245.406662,45320800,0,1,755.701086
2025-10-15,250.3300,247.812241,45369000,0,1,763.108725
2025-10-16,245.0600,242.595230,52740400,0,1,747.043599
2025-10-17,243.4100,240.961853,55379500,0,1,742.013721
2025-10-20,248.1600,245.664062,32545000,0,1,756.493673
2025-10-21,246.9900,244.505844,26337900,0,1,752.927032
2025-10-22,243.3400,240.892548,46578400,0,1,741.800332
2025-10-23,246.4200,243.941559,28591000,0,1,751.189438
2025-10-24,249.4300,246.921295,26627000,0,1,760.365155
2025-10-27,250.3000,247.782532,31798100,0,1,763.017273
2025-10-28,248.9600,246.456009,28075900,0,1,758.932402
2025-10-29,246.8400,244.357330,56235300,0,1,752.469771
2025-10-30,244.8500,242.387360,44538700,0,1,746.403433
2025-10-31,246.2300,243.753479,37214700,0,1,750.610240
2025-11-03,245.4400,242.971420,28887900,0,1,748.201995
2025-11-04,241.2000,238.774063,34468700,0,1,735.276733
2025-11-05,244.6800,242.219055,38229200,0,1,745.885203
2025-11-06,240.3500,237.932617,40601200,0,1,732.685583
2025-11-07,241.6100,239.179947,54978900,0,1,736.526581
2025-11-10,244.0300,241.575607,31238000,0,1,743.903736
2025-11-11,244.2400,241.783508,27357900,0,1,744.543902
2025-11-12,243.6400,241.189514,34543200,0,1,742.714856
2025-11-13,236.7900,234.408432,65710000,0,1,721.833240
2025-11-14,237.4800,235.091492,58344400,0,1,723.936644
2025-11-17,232.7600,230.418930,55765900,0,1,709.548144
2025-11-18,233.4700,231.121826,63092500,0,1,711.712516
2025-11-19,233.4300,231.082214,57280500,0,1,711.590579
2025-11-20,229.1100,226.805664,95483000,0,1,698.421444
2025-11-21,235.6000,233.230392,99504100,0,1,718.205631
2025-11-24,239.9000,237.487137,36135300,0,1,731.313798
2025-11-25,245.1300,242.664536,46160800,0,1,747.256988
2025-11-26,247.3000,244.812729,34636600,0,1,753.872040
2025-11-28,248.7500,246.248123,18911800,0,1,758.292236
2025-12-01,245.6200,243.149597,36920000,0,1,748.750709
2025-12-02,245.1700,242.704147,31918500,0,1,747.378924
2025-12-03,249.6300,247.119278,32846300,0,1,760.974837
2025-12-04,251.8200,249.287262,40245800,0,1,767.650857
2025-12-05,250.7700,248.247818,36956600,0,1,764.450026
2025-12-08,250.8700,248.346817,29100000,0,1,764.754867
2025-12-09,251.3900,248.861588,30170100,0,1,766.340041
2025-12-10,254.8100,252.247192,51105200,0,1,776.765606
2025-12-11,257.8000,255.207092,41345200,0,1,785.880355
2025-12-12,253.8500,251.296844,57657700,0,1,773.839132
2025-12-15,251.9300,249.396133,43120100,0,1,767.986183
2025-12-16,249.9000,248.216141,43115300,0.842,1,764.364670
2025-12-17,247.2400,245.574066,38132400,0,1,756.228576
2025-12-18,248.7100,247.034164,39068000,0,1,760.724839
2025-12-19,250.7900,249.100143,43610400,0,1,767.086898
2025-12-22,253.5800,251.871368,40497300,0,1,775.620621
2025-12-23,252.0800,250.381470,24973500,0,1,771.032598
2025-12-24,252.7100,251.007217,12103000,0,1,772.959567
2025-12-26,251.4200,249.725922,17429900,0,1,769.013867
2025-12-29,249.8800,248.196304,25218800,0,1,764.303497
2025-12-30,248.0300,246.358749,22123600,0,1,758.644935
2025-12-31,246.1600,244.501358,35352000,0,1,752.925199
2026-01-02,248.7800,247.103699,40007700,0,1,760.938946
2026-01-05,252.7300,251.027084,37428100,0,1,773.020741
2026-01-06,256.0800,254.354507,40677800,0,1,783.267326
2026-01-07,255.4800,253.758560,33052000,0,1,781.432117
2026-01-08,258.2700,256.529755,37957000,0,1,789.965840
2026-01-09,260.2300,258.476562,36301500,0,1,795.960857
2026-01-12,261.5000,259.737976,28423400,0,1,799.845383
2026-01-13,261.3500,259.589020,33882400,0,1,799.386581
2026-01-14,263.1900,261.416595,37164300,0,1,805.014556
2026-01-15,265.5100,263.720978,33465200,0,1,812.110699
2026-01-16,265.7600,263.969299,33844900,0,1,812.875369
2026-01-20,262.5800,260.810699,47911500,0,1,803.148760
2026-01-21,267.7900,265.985596,59952800,0,1,819.084494
2026-01-22,269.7900,267.972137,35110800,0,1,825.201858
2026-01-23,264.8100,263.025696,42636700,0,1,809.969621
2026-01-26,263.9800,262.201294,32119300,0,1,807.430915
2026-01-27,264.7300,262.946228,26975500,0,1,809.724927
2026-01-28,263.3000,261.525848,37139100,0,1,805.351011
2026-01-29,263.3700,261.595398,43922900,0,1,805.565119
2026-01-30,259.6500,257.900452,59164200,0,1,794.186821
2026-02-02,262.1800,260.413391,42896200,0,1,801.925287
2026-02-03,262.7800,261.009369,54588000,0,1,803.760497
2026-02-04,260.5200,258.764587,48826500,0,1,796.847875
2026-02-05,255.8300,254.106201,48279600,0,1,782.502656
2026-02-06,265.0200,263.234283,43354900,0,1,810.611945
2026-02-09,266.8800,265.081757,29064800,0,1,816.301093
2026-02-10,266.1600,264.366577,24661700,0,1,814.098842
2026-02-11,264.9500,263.164764,41829400,0,1,810.397837
2026-02-12,259.5400,257.791229,47628200,0,1,793.850366
2026-02-13,262.9600,261.188171,45360300,0,1,804.311059
2026-02-17,263.0400,261.267639,33734800,0,1,804.555754
2026-02-18,263.9900,262.211212,36034700,0,1,807.461502
2026-02-19,264.6000,262.817108,31006000,0,1,809.327298
2026-02-20,264.6100,262.827057,47126600,0,1,809.357885
2026-02-23,260.4900,258.734772,44001100,0,1,796.756114
2026-02-24,263.3300,261.555634,34884200,0,1,805.442772
2026-02-25,264.5800,262.797211,26012100,0,1,809.266124
2026-02-26,265.9900,264.197723,41206500,0,1,813.578866
2026-02-27,261.4100,259.648621,40631500,0,1,799.570102
2026-03-02,263.8100,262.032440,53495700,0,1,806.910939
2026-03-03,259.2400,257.493195,59537000,0,1,792.932762
2026-03-04,261.7600,259.996246,37979700,0,1,800.640641
2026-03-05,256.7600,255.029938,60414600,0,1,785.347230
2026-03-06,250.8900,249.199493,64192000,0,1,767.392766
2026-03-09,253.6200,251.911087,65369500,0,1,775.742968
2026-03-10,253.3600,251.652832,55879100,0,1,774.947711
2026-03-11,252.8500,251.146301,50418100,0,1,773.387783
2026-03-12,247.4100,245.742950,61802900,0,1,756.748552
2026-03-13,246.5900,244.928452,53933300,0,1,754.240433
2026-03-16,248.9200,247.242767,48755700,0,1,761.367162
2026-03-17,250.0500,248.806946,40642800,0.442,1,766.175410
2026-03-18,246.0200,244.796982,43192600,0,1,753.827132
2026-03-19,247.6300,246.398972,59219500,0,1,758.760315
2026-03-20,242.2200,241.015884,76749900,0,1,742.183595
2026-03-23,247.4500,246.219864,78746600,0,1,758.208779
2026-03-24,248.7800,247.543259,45210800,0,1,762.284017
2026-03-25,251.8200,250.568161,45671700,0,1,771.598847
2026-03-26,247.4400,246.209930,46830200,0,1,758.178138
2026-03-27,243.1000,241.891510,48114400,0,1,744.879993
2026-03-30,239.6100,238.418839,51290500,0,1,734.186323
2026-03-31,248.0000,246.767136,58660800,0,1,759.894028
2026-04-01,249.5600,248.319382,51295900,0,1,764.674007
2026-04-02,251.2900,250.040771,30369200,0,1,769.974880
2026-04-06,252.3600,251.105469,22151400,0,1,773.253455
2026-04-07,252.9100,251.652725,34881900,0,1,774.938704
2026-04-08,260.4700,259.175140,46680200,0,1,798.103216
2026-04-09,261.9600,260.657715,26758400,0,1,802.668708
2026-04-10,261.3000,260.001007,22365900,0,1,800.646410
2026-04-13,265.0700,263.752258,23820000,0,1,812.198024
2026-04-14,268.7200,267.384155,24270400,0,1,823.381949
2026-04-15,269.3900,268.050842,21670600,0,1,825.434888
2026-04-16,269.9500,268.608032,30847900,0,1,827.150778
2026-04-17,275.7800,274.409027,46462700,0,1,845.014416
2026-04-20,277.3500,275.971252,22993900,0,1,849.825035
2026-04-21,274.5100,273.145386,32235200,0,1,841.123023
2026-04-22,276.4800,275.105560,20274300,0,1,847.159278
2026-04-23,275.5200,274.150330,32886600,0,1,844.217753
2026-04-24,276.6500,275.274689,21568600,0,1,847.680173
2026-04-27,277.1400,275.762299,23399400,0,1,849.181577
2026-04-28,273.9100,272.548340,24139400,0,1,839.284570
2026-04-29,272.0800,270.727417,29428900,0,1,833.677287
2026-04-30,277.9700,276.588165,29220700,0,1,851.724770
2026-05-01,279.2800,277.891632,28936700,0,1,855.738727
2026-05-04,277.8800,276.498627,28632300,0,1,851.449002
2026-05-05,282.5600,281.155334,24863200,0,1,865.788938
2026-05-06,286.8000,285.374237,23330300,0,1,878.780675
2026-05-07,282.2600,280.856842,28350400,0,1,864.869711
2026-05-08,284.1700,282.757355,22474300,0,1,870.722121
2026-05-11,285.3300,283.911530,20150400,0,1,874.276464
2026-05-12,282.5700,281.165283,27404600,0,1,865.819579
2026-05-13,282.6700,281.264801,20742300,0,1,866.125988
2026-05-14,284.4500,283.035950,17428700,0,1,871.580066
2026-05-15,277.6000,276.219971,35408000,0,1,850.591057
2026-05-18,275.9700,274.598083,27243300,0,1,845.596593
2026-05-19,273.0000,271.642853,30276900,0,1,836.496249
2026-05-20,279.8700,278.478699,31562000,0,1,857.546539
2026-05-21,282.4900,281.085663,31680500,0,1,865.574452
2026-05-22,285.1200,283.702606,23849300,0,1,873.633005
2026-05-26,290.5100,289.065826,24506500,0,1,890.148444
2026-05-27,290.3700,288.926514,24519900,0,1,889.719472
2026-05-28,292.0300,290.578278,23710600,0,1,894.805859
2026-05-29,290.4300,288.986206,26952800,0,1,889.903317
2026-06-01,288.9800,287.543427,23826100,0,1,885.460388
2026-06-02,291.6600,290.210083,18378800,0,1,893.672146
2026-06-03,287.6700,286.239929,29167300,0,1,881.446432
2026-06-04,292.0100,290.558350,24307800,0,1,894.744577
2026-06-05,281.6500,280.249847,35812800,0,1,863.000617
2026-06-08,284.1100,282.697601,27277400,0,1,870.538276
2026-06-09,285.0200,283.603088,41761300,0,1,873.326596
2026-06-10,282.0500,280.647858,39285000,0,1,864.226253
2026-06-11,290.4100,288.966309,41468800,0,1,889.842035
2026-06-12,292.9500,291.493683,34415200,0,1,897.624821
2026-06-15,294.6400,293.872498,23889000,0.695,1,904.932673
2026-06-16,292.0800,291.319122,23807700,0,1,897.070103
2026-06-17,289.8800,289.124878,39920100,0,1,890.313206
2026-06-18,295.5900,294.820007,32463200,0,1,907.850423
2026-06-22,298.1800,297.403259,22796200,0,1,915.805133
2026-06-23,295.3200,294.550720,26821700,0,1,907.021168
2026-06-24,296.6900,295.917145,28664900,0,1,911.228871
2026-06-25,298.9100,298.131348,27599900,0,1,918.047194
2026-06-26,299.8300,299.048950,39832500,0,1,920.872805
2026-06-29,298.9700,298.191193,24834100,0,1,918.231473
2026-06-30,300.4500,299.667358,23230300,0,1,922.777021
2026-07-01,299.3200,298.540283,20607900,0,1,919.306434
2026-07-02,297.5800,296.804810,21178900,0,1,913.962343
2026-07-06,298.9000,298.121368,18581300,0,1,918.016481
2026-07-07,296.1900,295.418427,18057100,0,1,909.693213
2026-07-08,293.4800,292.715515,24078400,0,1,901.369946
2026-07-09,297.2400,296.465698,16466800,0,1,912.918095
2026-07-10,295.9900,295.218933,15888500,0,1,909.078950
2026-07-13,293.4800,292.715515,19375500,0,1,901.369946
2026-07-14,294.5100,293.742828,18326900,0,1,904.533402
2026-07-15,295.7700,294.999512,18832700,0,1,908.403260
2026-07-16,295.5900,294.820007,24081300,0,1,907.850423
2026-07-17,294.0400,293.274048,28738500,0,1,903.089883
2026-07-20,292.3100,291.548553,20539900,0,1,897.776505
2026-07-21,296.5400,295.767548,18190200,0,1,910.768174
2026-07-22,293.7900,293.024689,19116000,0,1,902.322054
2026-07-23,292.0900,291.329102,27795100,0,1,897.100816
2026-07-24,291.1700,290.411530,19771000,0,1,894.275205
2026-07-27,292.9100,292.146973,19445500,0,1,899.619295
2026-07-28,293.3700,292.605774,20531100,0,1,901.032101
2026-07-29,288.5700,287.818298,33297400,0,1,886.289782
2026-07-30,292.5900,291.827820,22198800,0,1,898.636474
2026-07-31,291.2000,290.441437,28350700,0,1,894.367344
2026-08-03,296.2200,295.448364,23175700,0,1,909.785353
2026-08-04,301.7100,300.924042,20751800,0,1,926.646880
2026-08-05,299.7700,298.989105,17791000,0,1,920.688526
2026-08-06,298.2500,297.473083,16314100,0,1,916.020125
2026-08-07,301.5600,300.774445,18416800,0,1,926.186182
2026-08-10,299.9800,299.198578,16226900,0,1,921.333502
2026-08-11,300.9900,300.205933,14942800,0,1,924.435532
2026-08-12,302.7100,301.921448,15480600,0,1,929.718196
2026-08-13,303.5000,302.709381,14719300,0,1,932.144536
2026-08-14,305.0900,304.295258,13163400,0,1,937.027929
2026-08-17,304.0600,303.267944,14546800,0,1,933.864473
2026-08-18,300.2300,299.447937,18263700,0,1,922.101331
2026-08-19,301.7200,300.934021,14995700,0,1,926.677593
2026-08-20,297.6700,296.894592,21638700,0,1,914.238761
2026-08-21,299.9600,299.178619,22949600,0,1,921.272076
2026-08-24,297.9700,297.193787,12868900,0,1,915.160156
2026-08-25,299.2300,298.450531,14618000,0,1,919.030015
2026-08-26,298.9300,298.151306,10555700,0,1,918.108620
2026-08-27,299.8100,299.028992,13658700,0,1,920.811379
2026-08-28,295.7500,294.979584,19052800,0,1,908.341834
2026-08-31,293.9300,293.164307,20883400,0,1,902.752038
2026-09-01,290.5700,289.813080,22801600,0,1,892.432415
2026-09-02,294.0100,293.244110,22395200,0,1,902.997743
2026-09-03,295.1900,294.421051,16651200,0,1,906.621897
2026-09-04,296.0100,295.238922,13951100,0,1,909.140376
2026-09-08,294.6700,293.902405,17332400,0,1,905.024812
2026-09-09,290.6400,289.882904,19141700,0,1,892.647407
2026-09-10,287.7000,286.950562,27044700,0,1,883.617737
2026-09-11,288.8900,288.137482,26353300,0,1,887.272603
2026-09-14,287.9100,287.160004,26060900,0,1,884.262713
2026-09-15,285.1400,285.140015,25300500,0.75,1,878.058654
2026-09-16,283.9200,283.920013,27599400,0,1,874.301792
2026-09-17,285.4300,285.429993,22159600,0,1,878.951678
2026-09-18,284.1000,284.100006,31106300,0,1,874.856083
2026-09-21,285.5800,285.579987,18968200,0,1,879.413588
2026-09-22,287.2100,287.209991,25684300,0,1,884.433001
2026-09-23,281.9200,281.920013,24351400,0,1,868.143002
2026-09-24,281.6600,281.660004,27307900,0,1,867.342360
2026-09-25,281.9700,281.970001,22604100,0,1,868.296972
2026-09-28,280.0200,280.019989,24939000,0,1,862.292152
2026-09-29,279.0100,279.010010,21500600,0,1,859.181963
2026-09-30,277.8900,277.890015,21123800,0,1,855.733041
2026-10-01,279.0200,279.019989,34054300,0,1,859.212757
2026-10-02,281.5200,281.519989,29774200,0,1,866.911244
2026-10-05,283.3800,283.380005,22725800,0,1,872.638919
2026-10-06,281.3400,281.339996,21673253,0,1,866.356953
