date,close,adj_close,volume,dividend,split,tr_index
2000-06-16,33.9688,22.342485,7000,0,1,100.000000
2000-06-19,34.5625,22.733025,20400,0,1,101.747780
2000-06-20,34.5000,22.691925,9600,0,1,101.563788
2000-06-21,34.5938,22.753592,21400,0,1,101.839924
2000-06-22,34.0625,22.404160,6600,0,1,100.275841
2000-06-23,33.6172,22.111271,9800,0,1,98.964933
2000-06-26,33.8516,22.265417,400,0,1,99.654978
2000-06-27,33.9062,22.301395,21600,0,1,99.815713
2000-06-28,33.9922,22.357922,4000,0,1,100.068887
2000-06-29,33.6719,22.147232,6400,0,1,99.125963
2000-06-30,33.6328,22.121536,1400,0,1,99.010857
2000-07-03,34.1016,22.429859,2400,0,1,100.390947
2000-07-05,33.7344,22.188339,1800,0,1,99.309955
2000-07-06,33.9531,22.332218,2600,0,1,99.953781
2000-07-07,34.6641,22.799824,4200,0,1,102.046878
2000-07-10,34.7578,22.861490,3400,0,1,102.322720
2000-07-11,34.7109,22.830662,3600,0,1,102.184652
2000-07-12,35.0156,23.031065,4200,0,1,103.081651
2000-07-13,35.1797,23.138979,208000,0,1,103.564742
2000-07-14,35.4062,23.288002,7200,0,1,104.231530
2000-07-17,35.5000,23.349657,19400,0,1,104.507666
2000-07-18,35.0781,23.072180,1200,0,1,103.265644
2000-07-19,34.7734,22.889719,800,0.0275,1,102.449601
2000-07-20,35.0547,23.074854,9600,0,1,103.278369
2000-07-21,34.7500,22.874289,68600,0,1,102.380660
2000-07-24,34.2656,22.555452,204600,0,1,100.953517
2000-07-25,34.2969,22.576006,16800,0,1,101.045734
2000-07-26,34.0938,22.442301,2200,0,1,100.447359
2000-07-27,33.8125,22.257174,4000,0,1,99.618591
2000-07-28,32.9453,21.686361,19200,0,1,97.063642
2000-07-31,33.3594,21.958906,1800,0,1,98.283665
2000-08-01,33.3516,21.953758,400,0,1,98.260685
2000-08-02,33.6172,22.128613,1000,0,1,99.043197
2000-08-03,33.4766,22.036051,12400,0,1,98.628961
2000-08-04,33.9453,22.344601,1200,0,1,100.009848
2000-08-07,34.4219,22.658306,6000,0,1,101.414009
2000-08-08,34.5547,22.745716,1600,0,1,101.805266
2000-08-09,34.5781,22.761147,200,0,1,101.874207
2000-08-10,34.0703,22.426886,1400,0,1,100.378123
2000-08-11,34.2500,22.545160,2000,0,1,100.907557
2000-08-14,34.6484,22.807421,3400,0,1,102.081325
2000-08-15,34.6875,22.833147,2000,0,1,102.196522
2000-08-16,34.5078,22.714876,122000,0,1,101.667088
2000-08-17,34.9531,23.007999,58200,0,1,102.979034
2000-08-18,34.8125,22.915436,3400,0,1,102.564797
2000-08-21,34.9141,22.982286,20000,0,1,102.864132
2000-08-22,35.1719,23.151991,14800,0,1,103.623664
2000-08-23,35.2109,23.177696,10000,0,1,103.738566
2000-08-24,35.3203,23.249701,10200,0,1,104.060881
2000-08-25,35.2344,23.193119,2400,0,1,103.807802
2000-08-28,35.4844,23.357691,64000,0,1,104.544353
2000-08-29,35.4453,23.331982,9800,0,1,104.429157
2000-08-30,35.4141,23.311415,5800,0,1,104.337235
2000-08-31,35.7188,23.511963,68200,0,1,105.234944
2000-09-01,35.8438,23.594252,28600,0,1,105.603220
2000-09-05,35.5938,23.429684,16000,0,1,104.866668
2000-09-06,35.4062,23.306269,6000,0,1,104.313960
2000-09-07,35.3906,23.295984,118200,0,1,104.267999
2000-09-08,35.2031,23.172564,2000,0,1,103.715586
2000-09-11,35.0703,23.085131,35600,0,1,103.324329
2000-09-12,35.0625,23.079990,11200,0,1,103.301349
2000-09-13,34.9766,23.023430,13400,0,1,103.048270
2000-09-14,34.9219,22.987423,2600,0,1,102.887112
2000-09-15,34.5000,22.709726,9000,0,1,101.644108
2000-09-18,34.0000,22.380594,9200,0,1,100.171005
2000-09-19,34.2734,22.560587,10200,0,1,100.976498
2000-09-20,34.2656,22.555452,9000,0,1,100.953517
2000-09-21,34.1875,22.504025,5400,0,1,100.723419
2000-09-22,34.2656,22.555452,18800,0,1,100.953517
2000-09-25,34.1484,22.478321,13800,0,1,100.608222
2000-09-26,33.8281,22.267471,11800,0,1,99.664552
2000-09-27,33.7812,22.236601,11400,0,1,99.526375
2000-09-28,34.5703,22.756010,12600,0,1,101.851226
2000-09-29,34.3750,22.627447,3200,0,1,101.275832
2000-10-02,33.9688,22.360023,14600,0,1,100.079083
2000-10-03,33.5000,22.051472,2800,0,1,98.697902
2000-10-04,33.5938,22.113188,600,0,1,98.974256
2000-10-05,33.7422,22.210894,6000,0,1,99.411473
2000-10-06,33.0156,21.732635,19600,0,1,97.270760
2000-10-09,32.9062,21.660637,13200,0,1,96.948445
2000-10-10,32.5078,21.398363,10200,0,1,95.774676
2000-10-11,32.0859,21.120668,20800,0,1,94.531672
2000-10-12,31.0312,20.426411,28600,0,1,91.424309
2000-10-13,32.2031,21.197802,10800,0,1,94.876967
2000-10-16,32.3750,21.310936,25400,0,1,95.383420
2000-10-17,31.6875,20.858385,11000,0,1,93.357904
2000-10-18,31.4688,20.739925,31200,0.039,1,92.828470
2000-10-19,32.5234,21.435032,17800,0,1,95.939390
2000-10-20,32.9062,21.687330,31800,0,1,97.068595
2000-10-23,32.8750,21.666740,9000,0,1,96.976560
2000-10-24,32.7031,21.553453,8600,0,1,96.469479
2000-10-25,32.0312,21.110640,38600,0,1,94.487470
2000-10-26,32.1328,21.177586,118400,0,1,94.787176
2000-10-27,32.3125,21.296017,9800,0,1,95.317265
2000-10-30,32.7422,21.579205,19400,0,1,96.584819
2000-10-31,33.5781,22.130136,30800,0,1,99.050604
2000-11-01,33.2656,21.924173,6200,0,1,98.128774
2000-11-02,33.5469,22.109547,24600,0,1,98.958569
2000-11-03,33.6094,22.150730,9200,0,1,99.142935
2000-11-06,33.8125,22.284601,33000,0,1,99.742051
2000-11-07,33.7969,22.274309,9200,0,1,99.696033
2000-11-08,33.1562,21.852100,21000,0,1,97.806060
2000-11-09,32.7500,21.584345,5800,0,1,96.607828
2000-11-10,32.0000,21.090050,20000,0,1,94.395435
2000-11-13,31.7969,20.956182,41800,0,1,93.796319
2000-11-14,32.4062,21.357801,8200,0,1,95.593667
2000-11-15,32.5156,21.429893,11000,0,1,95.916381
2000-11-16,32.2500,21.254812,5200,0,1,95.132899
2000-11-17,31.8516,20.992226,19400,0,1,93.957676
2000-11-20,31.2188,20.575159,5000,0,1,92.091006
2000-11-21,31.4219,20.709028,23600,0,1,92.690122
2000-11-22,30.6250,20.183836,40600,0,1,90.339381
2000-11-24,31.2344,20.585451,2800,0,1,92.137024
2000-11-27,31.5000,20.760519,14600,0,1,92.920506
2000-11-28,30.8125,20.307411,10200,0,1,90.892479
2000-11-29,30.9844,20.420692,218200,0,1,91.399560
2000-11-30,30.3203,19.983025,242400,0,1,89.440559
2000-12-01,30.5625,20.142651,33800,0,1,90.155015
2000-12-04,30.5625,20.142651,17800,0,1,90.155015
2000-12-05,31.9062,21.028257,28200,0,1,94.118738
2000-12-06,31.4844,20.750221,16200,0,1,92.874488
2000-12-07,31.1875,20.554567,50200,0,1,91.998676
2000-12-08,32.0625,21.131247,21200,0,1,94.579801
2000-12-11,32.4375,21.378386,30800,0,1,95.685997
2000-12-12,32.0547,21.126089,22400,0,1,94.556792
2000-12-13,31.8125,20.966471,43200,0,1,93.842336
2000-12-14,31.1875,20.554567,83800,0,1,91.998676
2000-12-15,30.5312,20.122049,29200,0,1,90.062684
2000-12-18,30.8281,20.317713,36800,0,1,90.938497
2000-12-19,30.3125,19.977880,34400,0,1,89.417550
2000-12-20,29.2969,19.346497,45600,0.0595,1,86.597192
2000-12-21,29.4062,19.418724,30400,0,1,86.920266
2000-12-22,30.3125,20.017176,48600,0,1,89.599151
2000-12-26,30.5547,20.177107,37600,0,1,90.315058
2000-12-27,30.9297,20.424744,20600,0,1,91.423501
2000-12-28,31.0312,20.491806,129800,0,1,91.723519
2000-12-29,30.7656,20.316402,47400,0,1,90.938446
2001-01-02,29.6172,19.558022,36000,0,1,87.543950
2001-01-03,31.2266,20.620779,45000,0,1,92.301092
2001-01-04,30.8750,20.388618,18800,0,1,91.261816
2001-01-05,29.8750,19.728262,25200,0,1,88.305968
2001-01-08,29.4922,19.475471,15400,0,1,87.174469
2001-01-09,30.0312,19.831446,466200,0,1,88.767671
2001-01-10,30.4219,20.089397,12200,0,1,89.922521
2001-01-11,30.7500,20.306074,37600,0,1,90.892335
2001-01-12,30.6719,20.254488,35600,0,1,90.661483
2001-01-16,30.7812,20.326714,5200,0,1,90.984557
2001-01-17,31.0781,20.522760,28000,0,1,91.862149
2001-01-18,31.3906,20.729120,25400,0,1,92.785851
2001-01-19,31.2578,20.641422,11800,0,1,92.393315
2001-01-22,31.1641,20.579515,39600,0,1,92.116352
2001-01-23,31.6406,20.894211,6600,0,1,93.524813
2001-01-24,31.6953,20.930332,47800,0,1,93.686498
2001-01-25,31.5391,20.827137,22800,0,1,93.224795
2001-01-26,31.5156,20.811674,13000,0,1,93.155332
2001-01-29,31.7850,20.989550,28800,0,1,93.951638
2001-01-30,32.0350,21.154646,52600,0,1,94.690600
2001-01-31,32.0000,21.131517,16800,0,1,94.587145
2001-02-01,31.8950,21.062193,9200,0,1,94.276781
2001-02-02,31.3500,20.702297,8200,0,1,92.665844
2001-02-05,31.4500,20.768330,5600,0,1,92.961429
2001-02-06,31.4500,20.768330,21800,0,1,92.961429
2001-02-07,31.1800,20.590029,13600,0,1,92.163350
2001-02-08,31.2000,20.603247,2800,0,1,92.222467
2001-02-09,30.5350,20.164104,16800,0,1,90.256828
2001-02-12,30.8000,20.339096,12400,0,1,91.040127
2001-02-13,30.6400,20.233438,19800,0,1,90.567192
2001-02-14,30.4800,20.127779,11200,0,1,90.094256
2001-02-15,30.8800,20.391924,4200,0,1,91.276595
2001-02-16,30.3000,20.008921,20400,0,1,89.562203
2001-02-20,29.7650,19.655622,12000,0,1,87.980824
2001-02-21,29.1800,19.269323,33200,0,1,86.251653
2001-02-22,29.0550,19.186760,247400,0,1,85.882172
2001-02-23,28.7800,19.005171,21800,0,1,85.069314
2001-02-26,29.4450,19.444317,20200,0,1,87.034953
2001-02-27,29.2100,19.289127,12200,0,1,86.340329
2001-02-28,28.7500,18.985359,29400,0,1,84.980638
2001-03-01,28.7900,19.011774,31800,0,1,85.098872
2001-03-02,28.6650,18.929228,46800,0,1,84.729391
2001-03-05,28.6750,18.935831,20000,0,1,84.758950
2001-03-06,29.1200,19.229694,67400,0,1,86.074302
2001-03-07,29.1900,19.275909,45600,0,1,86.281212
2001-03-08,29.3000,19.348562,48400,0,1,86.606355
2001-03-09,28.4750,18.841700,24000,0.059,1,84.342175
2001-03-12,27.3750,18.113834,110200,0,1,81.084005
2001-03-13,27.6250,18.279253,33600,0,1,81.824498
2001-03-14,26.9150,17.809465,418800,0,1,79.721498
2001-03-15,27.1600,17.971575,126600,0,1,80.447181
2001-03-16,26.5500,17.567944,138600,0,1,78.640377
2001-03-19,27.1200,17.945103,49600,0,1,80.328702
2001-03-20,26.2750,17.385975,89400,0,1,77.825835
2001-03-21,25.9900,17.197393,66000,0,1,76.981673
2001-03-22,25.7850,17.061747,154000,0,1,76.374468
2001-03-23,26.3150,17.412439,100800,0,1,77.944314
2001-03-26,26.6900,17.660585,33400,0,1,79.055054
2001-03-27,27.3500,18.097300,51600,0,1,81.009956
2001-03-28,26.5700,17.581175,29800,0,1,78.699617
2001-03-29,26.3950,17.465380,29000,0,1,78.181272
2001-03-30,26.5700,17.581175,69600,0,1,78.699617
2001-04-02,26.2900,17.395895,31200,0,1,77.870265
2001-04-03,25.3750,16.790457,135000,0,1,75.160059
2001-04-04,25.3000,16.740820,39200,0,1,74.937912
2001-04-05,26.4000,17.468691,43000,0,1,78.196082
2001-04-06,25.9500,17.170927,19000,0,1,76.863194
2001-04-09,26.0650,17.247025,9200,0,1,77.203821
2001-04-10,27.0500,17.898787,53000,0,1,80.121364
2001-04-11,26.8900,17.792917,84800,0,1,79.647448
2001-04-12,27.2800,18.050982,21400,0,1,80.802618
2001-04-16,27.0250,17.882250,31200,0,1,80.047315
2001-04-17,27.4000,18.130379,25000,0,1,81.158054
2001-04-18,28.5250,18.874792,47600,0,1,84.490274
2001-04-19,28.9600,19.162613,42000,0,1,85.778732
2001-04-20,28.6750,18.974041,33000,0,1,84.934570
2001-04-23,28.2500,18.692814,50200,0,1,83.675731
2001-04-24,27.9950,18.524090,36600,0,1,82.920428
2001-04-25,28.5100,18.864855,11400,0,1,84.445844
2001-04-26,28.5750,18.907875,33600,0,1,84.638372
2001-04-27,28.8750,19.106375,35400,0,1,85.526964
2001-04-30,28.9600,19.162613,41400,0,1,85.778732
2001-05-01,29.3750,19.437231,26400,0,1,87.007951
2001-05-02,29.4900,19.513311,31400,0,1,87.348577
2001-05-03,28.9600,19.162613,24000,0,1,85.778732
2001-05-04,29.4050,19.457073,19000,0,1,87.096810
2001-05-07,29.2500,19.354504,11600,0,1,86.637704
2001-05-08,29.3000,19.387594,92400,0,1,86.785803
2001-05-09,29.1600,19.294960,13200,0,1,86.371126
2001-05-10,29.0550,19.225487,12400,0,1,86.060119
2001-05-11,28.8700,19.103071,10000,0,1,85.512154
2001-05-14,28.9750,19.172556,18200,0,1,85.823162
2001-05-15,28.9500,19.156002,9800,0,1,85.749112
2001-05-16,29.8250,19.734991,27800,0,1,88.340838
2001-05-17,30.0550,19.887175,20200,0,1,89.022092
2001-05-18,30.0050,19.854092,17200,0,1,88.873993
2001-05-21,30.5600,20.221329,39000,0,1,90.517888
2001-05-22,30.5900,20.241180,40400,0,1,90.606748
2001-05-23,30.0900,19.910334,31200,0,1,89.125761
2001-05-24,30.1350,19.940107,23600,0,1,89.259050
2001-05-25,29.8250,19.734991,29200,0,1,88.340838
2001-05-29,29.5150,19.529860,15600,0,1,87.422627
2001-05-30,29.0050,19.192404,35000,0,1,85.912021
2001-05-31,29.2450,19.351198,13800,0,1,86.622894
2001-06-01,29.3850,19.443836,18400,0,1,87.037570
2001-06-04,29.4700,19.500082,21400,0,1,87.289338
2001-06-05,29.9850,19.840862,22000,0,1,88.814754
2001-06-06,29.5650,19.562950,12000,0,1,87.570725
2001-06-07,29.6750,19.635719,11200,0,1,87.896542
2001-06-08,29.4850,19.556465,20200,0.0705,1,87.542587
2001-06-11,29.1800,19.354164,7400,0,1,86.637025
2001-06-12,29.2200,19.380705,4400,0,1,86.755787
2001-06-13,28.9200,19.181732,5400,0,1,85.865071
2001-06-14,28.2800,18.757225,120200,0,1,83.964875
2001-06-15,28.1850,18.694218,12000,0,1,83.682815
2001-06-18,28.0000,18.571518,11000,0,1,83.133540
2001-06-19,27.9600,18.544996,8600,0,1,83.014778
2001-06-20,28.3750,18.820250,8200,0,1,84.246936
2001-06-21,28.6500,19.002636,16600,0,1,85.063426
2001-06-22,28.3950,18.833502,11200,0,1,84.306317
2001-06-25,28.2550,18.740660,14400,0,1,83.890649
2001-06-26,28.2550,18.740660,13600,0,1,83.890649
2001-06-27,28.1650,18.680948,4600,0,1,83.623434
2001-06-28,28.5050,18.906467,13000,0,1,84.632913
2001-06-29,28.6450,18.999329,11000,0,1,85.048581
2001-07-02,28.7450,19.065655,15600,0,1,85.345486
2001-07-03,28.6300,18.989382,4200,0,1,85.004045
2001-07-05,28.3350,18.793705,12000,0,1,84.128173
2001-07-06,27.6250,18.322790,25000,0,1,82.020144
2001-07-09,27.8350,18.462080,13800,0,1,82.643646
2001-07-10,27.4550,18.210045,29400,0,1,81.515405
2001-07-11,27.3850,18.163605,31200,0,1,81.307571
2001-07-12,28.0300,18.591423,35600,0,1,83.222612
2001-07-13,28.0900,18.631218,11400,0,1,83.400755
2001-07-16,27.9150,18.515142,26800,0,1,82.881170
2001-07-17,28.1600,18.677637,11000,0,1,83.608589
2001-07-18,27.9300,18.525087,7000,0,1,82.925706
2001-07-19,28.0550,18.608002,11400,0,1,83.296838
2001-07-20,28.0600,18.611322,14000,0,1,83.311683
2001-07-23,27.6200,18.319473,7400,0,1,82.005299
2001-07-24,27.0550,17.944727,12000,0,1,80.327783
2001-07-25,27.3050,18.110548,10600,0,1,81.070047
2001-07-26,27.9150,18.515142,4000,0,1,82.881170
2001-07-27,27.9350,18.528404,2600,0,1,82.940551
2001-07-30,27.8900,18.498562,94000,0,1,82.806944
2001-07-31,28.0700,18.617939,15400,0,1,83.341374
2001-08-01,28.2450,18.734020,4200,0,1,83.860959
2001-08-02,28.2700,18.750601,1400,0,1,83.935185
2001-08-03,28.0100,18.578159,7800,0,1,83.163231
2001-08-06,27.8450,18.468716,33400,0,1,82.673337
2001-08-07,27.8800,18.491932,7800,0,1,82.777253
2001-08-08,27.3850,18.163605,6800,0,1,81.307571
2001-08-09,27.3600,18.147024,7400,0,1,81.233345
2001-08-10,27.5650,18.282995,3800,0,1,81.842001
2001-08-13,27.5550,18.276356,8400,0,1,81.812311
2001-08-14,27.5250,18.256451,11600,0,1,81.723239
2001-08-15,27.3500,18.140390,30200,0,1,81.203654
2001-08-16,27.3150,18.117176,7800,0,1,81.099737
2001-08-17,26.8950,17.838606,21200,0,1,79.852734
2001-08-20,27.1500,18.007738,16000,0,1,80.609843
2001-08-21,26.8950,17.838606,10400,0,1,79.852734
2001-08-22,26.9050,17.845240,44800,0,1,79.882425
2001-08-23,26.9300,17.861816,39600,0,1,79.956651
2001-08-24,27.4300,18.193462,7400,0,1,81.441179
2001-08-27,27.3650,18.150349,25000,0,1,81.248190
2001-08-28,27.0000,17.908247,10600,0,1,80.164485
2001-08-29,26.7450,17.739113,50800,0,1,79.407376
2001-08-30,26.2850,17.434011,26800,0,1,78.041611
2001-08-31,26.4100,17.516926,9400,0,1,78.412743
2001-09-04,26.4950,17.573307,25600,0,1,78.665112
2001-09-05,26.1700,17.357735,19400,0,1,77.700169
2001-09-06,25.7000,17.045998,38400,0,1,76.304714
2001-09-07,25.1000,16.648041,42400,0,1,74.523281
2001-09-10,25.4000,16.847015,40000,0,1,75.413997
2001-09-17,24.1250,16.001348,194000,0,1,71.628452
2001-09-18,23.9500,15.885287,164400,0,1,71.108867
2001-09-19,23.6000,15.653139,153000,0,1,70.069698
2001-09-20,22.8500,15.155687,80800,0,1,67.842907
2001-09-21,22.4500,14.890381,122800,0,1,66.655285
2001-09-24,23.2500,15.420997,103000,0,1,69.030529
2001-09-25,23.4250,15.537062,77400,0,1,69.550113
2001-09-26,23.0750,15.304929,92200,0,1,68.510944
2001-09-27,23.3750,15.503910,26200,0,1,69.401661
2001-09-28,23.8750,15.835532,37200,0,1,70.886188
2001-10-01,23.8000,15.841855,36800,0.0845,1,70.914394
2001-10-02,24.1250,16.058180,29000,0,1,71.882763
2001-10-03,24.5550,16.344402,27400,0,1,73.163989
2001-10-04,24.5850,16.364368,35000,0,1,73.253377
2001-10-05,24.5350,16.331100,16800,0,1,73.104398
2001-10-08,24.3750,16.224592,16200,0,1,72.627662
2001-10-09,24.2350,16.131399,8400,0,1,72.210519
2001-10-10,24.9300,16.594017,16600,0,1,74.281338
2001-10-11,25.2450,16.803688,33000,0,1,75.219911
2001-10-12,25.0550,16.677219,42400,0,1,74.653788
2001-10-15,25.1300,16.727137,17600,0,1,74.877257
2001-10-16,25.2700,16.820332,7200,0,1,75.294401
2001-10-17,24.7750,16.490841,30400,0,1,73.819501
2001-10-18,24.5950,16.371021,6600,0,1,73.283173
2001-10-19,24.8100,16.514137,7600,0,1,73.923787
2001-10-22,25.1600,16.747110,59200,0,1,74.966645
2001-10-23,24.9950,16.637280,41400,0,1,74.475012
2001-10-24,25.0000,16.640606,23800,0,1,74.489910
2001-10-25,25.3250,16.856939,34000,0,1,75.458279
2001-10-26,25.5000,16.973427,16000,0,1,75.979708
2001-10-29,24.8900,16.567396,16200,0,1,74.162154
2001-10-30,24.4400,16.267851,31000,0,1,72.821336
2001-10-31,24.4350,16.264534,38200,0,1,72.806438
2001-11-01,25.0800,16.693859,35600,0,1,74.728278
2001-11-02,25.1300,16.727137,8400,0,1,74.877257
2001-11-05,25.4700,16.953453,31000,0,1,75.890320
2001-11-06,25.8650,17.216373,22200,0,1,77.067261
2001-11-07,25.6950,17.103216,21400,0,1,76.560729
2001-11-08,25.7950,17.169779,17400,0,1,76.858689
2001-11-09,25.7750,17.156467,68800,0,1,76.799097
2001-11-12,25.7150,17.116531,23000,0,1,76.620321
2001-11-13,26.3100,17.512579,45400,0,1,78.393181
2001-11-14,26.4300,17.592453,47200,0,1,78.750733
2001-11-15,26.3400,17.532553,25200,0,1,78.482569
2001-11-16,26.3100,17.512579,24200,0,1,78.393181
2001-11-19,26.6300,17.725569,16000,0,1,79.346652
2001-11-20,26.4750,17.622408,38800,0,1,78.884815
2001-11-21,26.2950,17.502594,20600,0,1,78.348487
2001-11-23,26.5450,17.668997,4600,0,1,79.093386
2001-11-26,26.7500,17.805450,38800,0,1,79.704204
2001-11-27,26.7250,17.788803,161600,0,1,79.629714
2001-11-28,26.1300,17.392761,206400,0,1,77.856854
2001-11-29,26.4650,17.615742,46000,0,1,78.855019
2001-11-30,26.4250,17.589121,34800,0,1,78.735835
2001-12-03,26.2000,17.439356,11400,0,1,78.065426
2001-12-04,26.5000,17.639046,25000,0,1,78.959304
2001-12-05,27.1850,18.094997,34600,0,1,81.000328
2001-12-06,27.0700,18.018450,206400,0,1,80.657674
2001-12-07,27.0100,17.978506,20000,0,1,80.478899
2001-12-10,26.5700,17.685633,40600,0,1,79.167876
2001-12-11,26.4950,17.635719,25000,0,1,78.944406
2001-12-12,26.4950,17.635719,22200,0,1,78.944406
2001-12-13,26.1000,17.372801,15000,0,1,77.767466
2001-12-14,25.9550,17.323734,50000,0.0715,1,77.548466
2001-12-17,26.3600,17.594051,25000,0,1,78.758526
2001-12-18,26.6100,17.760916,46800,0,1,79.505477
2001-12-19,26.6900,17.814327,36800,0,1,79.744502
2001-12-20,26.4950,17.684166,11200,0,1,79.161880
2001-12-21,26.5800,17.740896,29200,0,1,79.415843
2001-12-24,26.6250,17.770927,52400,0,1,79.550295
2001-12-26,26.8500,17.921120,34400,0,1,80.222551
2001-12-27,26.8250,17.904428,23800,0,1,80.147855
2001-12-28,27.0150,18.031235,25400,0,1,80.715538
2001-12-31,26.7850,17.877722,29200,0,1,80.028343
2002-01-02,26.7550,17.857695,24400,0,1,79.938709
2002-01-03,27.1150,18.097977,37400,0,1,81.014319
2002-01-04,27.2550,18.191427,22800,0,1,81.432611
2002-01-07,27.1300,18.107988,13200,0,1,81.059136
2002-01-08,26.9050,17.957817,16400,0,1,80.386880
2002-01-09,26.8250,17.904428,15000,0,1,80.147855
2002-01-10,26.9900,18.014547,35400,0,1,80.640843
2002-01-11,26.7400,17.847683,16200,0,1,79.893892
2002-01-14,26.5350,17.710863,14000,0,1,79.281392
2002-01-15,26.5050,17.690834,13200,0,1,79.191758
2002-01-16,26.2500,17.520636,16200,0,1,78.429868
2002-01-17,26.2800,17.540646,14600,0,1,78.519502
2002-01-18,26.1600,17.460566,54800,0,1,78.160965
2002-01-22,26.0200,17.367117,82800,0,1,77.742673
2002-01-23,26.1550,17.457228,23200,0,1,78.146026
2002-01-24,26.3100,17.560684,13400,0,1,78.609136
2002-01-25,26.3600,17.594051,69200,0,1,78.758526
2002-01-28,26.2650,17.530643,206400,0,1,78.474685
2002-01-29,25.6500,17.120153,27000,0,1,76.637185
2002-01-30,25.9000,17.287027,36800,0,1,77.384136
2002-01-31,26.2350,17.510616,17600,0,1,78.385051
2002-02-01,26.1450,17.450558,15800,0,1,78.116148
2002-02-04,25.4100,16.959980,17000,0,1,75.920112
2002-02-05,25.2500,16.853186,22400,0,1,75.442063
2002-02-06,25.1200,16.766407,47400,0,1,75.053649
2002-02-07,25.0000,16.686317,62400,0,1,74.695112
2002-02-08,25.4050,16.956631,9200,0,1,75.905173
2002-02-11,25.8600,17.260324,25200,0,1,77.264624
2002-02-12,25.7850,17.210264,35000,0,1,77.040539
2002-02-13,25.9150,17.297037,27400,0,1,77.428953
2002-02-14,25.9600,17.327066,30800,0,1,77.563405
2002-02-15,25.6750,17.136848,20800,0,1,76.711880
2002-02-19,25.1500,16.786432,9400,0,1,75.143283
2002-02-20,25.5050,17.023392,14800,0,1,76.203954
2002-02-21,25.0750,16.736382,12200,0,1,74.919198
2002-02-22,25.3200,16.899904,23800,0,1,75.651210
2002-02-25,25.7700,17.200258,69400,0,1,76.995722
2002-02-26,25.7850,17.210264,7400,0,1,77.040539
2002-02-27,25.7300,17.173563,74600,0,1,76.876210
2002-02-28,25.7450,17.183575,90200,0,1,76.921027
2002-03-01,26.1850,17.477245,31200,0,1,78.235661
2002-03-04,26.8700,17.934462,86000,0,1,80.282307
2002-03-05,26.7250,17.837677,68400,0,1,79.849075
2002-03-06,27.0900,18.081291,31400,0,1,80.939624
2002-03-07,26.9200,17.967825,49800,0,1,80.431697
2002-03-08,27.0750,18.111317,75200,0.0595,1,81.072581
2002-03-11,27.1100,18.134727,19800,0,1,81.177384
2002-03-12,27.0450,18.091249,22000,0,1,80.982750
2002-03-13,26.8000,17.927362,21800,0,1,80.249129
2002-03-14,26.7400,17.887215,14800,0,1,80.069467
2002-03-15,27.1150,18.138071,18600,0,1,81.192356
2002-03-18,27.0500,18.094584,20600,0,1,80.997722
2002-03-19,27.2150,18.204967,15400,0,1,81.491793
2002-03-20,26.8550,17.964140,18400,0,1,80.413819
2002-03-21,26.9000,17.994253,21600,0,1,80.548566
2002-03-22,26.7850,17.917324,14600,0,1,80.204213
2002-03-25,26.4000,17.659784,53400,0,1,79.051381
2002-03-26,26.5000,17.726675,20800,0,1,79.350818
2002-03-27,26.6000,17.793566,17000,0,1,79.650255
2002-03-28,26.8200,17.940737,19800,0,1,80.309016
2002-04-01,26.7350,17.883873,9200,0,1,80.054495
2002-04-02,26.4600,17.699921,18000,0,1,79.231043
2002-04-03,26.1850,17.515959,13800,0,1,78.407591
2002-04-04,26.1950,17.522648,52400,0,1,78.437535
2002-04-05,26.2200,17.539383,21200,0,1,78.512394
2002-04-08,26.2000,17.525997,19200,0,1,78.452507
2002-04-09,26.0550,17.429005,26200,0,1,78.018323
2002-04-10,26.3300,17.612965,15800,0,1,78.841775
2002-04-11,25.8500,17.291870,40600,0,1,77.404477
2002-04-12,25.9750,17.375502,17200,0,1,77.778773
2002-04-15,25.8200,17.271807,10400,0,1,77.314646
2002-04-16,26.4250,17.676517,24000,0,1,79.126240
2002-04-17,26.3900,17.653097,42400,0,1,79.021437
2002-04-18,26.2800,17.579515,96800,0,1,78.692056
2002-04-19,26.3550,17.629679,32600,0,1,78.916634
2002-04-22,25.9500,17.358767,34000,0,1,77.703914
2002-04-23,25.6650,17.168127,9400,0,1,76.850519
2002-04-24,25.6250,17.141363,15800,0,1,76.730744
2002-04-25,25.5950,17.121292,31000,0,1,76.640913
2002-04-26,25.1000,16.790176,20000,0,1,75.158699
2002-04-29,24.9400,16.683146,122400,0,1,74.679600
2002-04-30,25.2700,16.903898,41600,0,1,75.667742
2002-05-01,25.3600,16.964106,46800,0,1,75.937236
2002-05-02,25.4450,17.020956,43000,0,1,76.191757
2002-05-03,25.0900,16.783493,16600,0,1,75.128756
2002-05-06,24.6850,16.512573,36200,0,1,73.916035
2002-05-07,24.6200,16.469097,19000,0,1,73.721401
2002-05-08,25.4150,17.000885,29600,0,1,76.101926
2002-05-09,25.1750,16.840343,16200,0,1,75.383277
2002-05-10,24.6850,16.512573,25000,0,1,73.916035
2002-05-13,25.1500,16.823624,13800,0,1,75.308418
2002-05-14,25.7050,17.194876,30200,0,1,76.970293
2002-05-15,25.5900,17.117952,16600,0,1,76.625941
2002-05-16,25.6900,17.184849,16600,0,1,76.925378
2002-05-17,25.7650,17.235016,15000,0,1,77.149956
2002-05-20,25.5300,17.077814,38600,0,1,76.446279
2002-05-21,25.2850,16.913929,51800,0,1,75.712658
2002-05-22,25.3900,16.984169,16200,0,1,76.027067
2002-05-23,25.6350,17.148066,12400,0,1,76.760687
2002-05-24,25.4050,16.994198,7200,0,1,76.071982
2002-05-28,25.1900,16.850378,21200,0,1,75.428193
2002-05-29,24.9800,16.709896,16200,0,1,74.799375
2002-05-30,24.9750,16.706553,34600,0,1,74.784403
2002-05-31,25.0600,16.763412,11000,0,1,75.038924
2002-06-03,24.3400,16.281782,47200,0,1,72.882978
2002-06-04,24.3550,16.291819,162600,0,1,72.927893
2002-06-05,24.5700,16.435648,18800,0,1,73.571683
2002-06-06,24.0000,16.054346,46200,0,1,71.864892
2002-06-07,24.0000,16.054346,59400,0,1,71.864892
2002-06-10,24.1450,16.151346,39600,0,1,72.299075
2002-06-11,23.7500,15.887121,39000,0,1,71.116299
2002-06-12,23.8500,15.954010,66600,0,1,71.415736
2002-06-13,23.6100,15.793470,13000,0,1,70.697087
2002-06-14,23.5100,15.776021,49600,0.074,1,70.619234
2002-06-17,24.1500,16.205479,29200,0,1,72.541663
2002-06-18,24.1800,16.225620,57400,0,1,72.631777
2002-06-19,23.8400,15.997458,22000,0,1,71.610486
2002-06-20,23.4200,15.715626,12200,0,1,70.348892
2002-06-21,23.0750,15.484123,64400,0,1,69.312582
2002-06-24,23.0350,15.457273,64000,0,1,69.192431
2002-06-25,22.9550,15.403598,25200,0,1,68.952127
2002-06-26,22.5600,15.138535,83600,0,1,67.765628
2002-06-27,23.0050,15.437145,36600,0,1,69.102317
2002-06-28,22.9750,15.417014,6800,0,1,69.012203
2002-07-01,22.5450,15.128476,30200,0,1,67.720571
2002-07-02,21.9600,14.735916,34400,0,1,65.963350
2002-07-03,22.0800,14.816435,55000,0,1,66.323806
2002-07-05,22.8450,15.329783,34400,0,1,68.621710
2002-07-08,22.6550,15.202283,64000,0,1,68.050988
2002-07-09,22.1200,14.843288,54000,0,1,66.443958
2002-07-10,21.3250,14.309811,68600,0,1,64.055940
2002-07-11,21.6150,14.504413,126000,0,1,64.927041
2002-07-12,21.3550,14.329937,39800,0,1,64.146054
2002-07-15,21.2500,14.259479,97600,0,1,63.830656
2002-07-16,20.9600,14.064881,37200,0,1,62.959555
2002-07-17,21.1950,14.222583,61400,0,1,63.665447
2002-07-18,20.5150,13.766273,24600,0,1,61.622866
2002-07-19,19.8500,13.320037,67400,0,1,59.625342
2002-07-22,19.2100,12.890571,117600,0,1,57.702913
2002-07-23,18.7000,12.548342,166400,0,1,56.170977
2002-07-24,19.6750,13.202600,267400,0,1,59.099678
2002-07-25,19.7350,13.242863,212400,0,1,59.279905
2002-07-26,19.8700,13.333455,101200,0,1,59.685418
2002-07-29,21.0800,14.145400,146200,0,1,63.320010
2002-07-30,21.0850,14.148759,219000,0,1,63.335029
2002-07-31,21.2700,14.272902,51000,0,1,63.890732
2002-08-01,20.6950,13.887053,97000,0,1,62.163549
2002-08-02,20.2000,13.554889,102200,0,1,60.676670
2002-08-05,19.5200,13.098592,62800,0,1,58.634089
2002-08-06,20.0000,13.420692,56400,0,1,60.075911
2002-08-07,20.5700,13.803174,48800,0,1,61.788075
2002-08-08,21.2150,14.235993,39600,0,1,63.725523
2002-08-09,21.2250,14.242710,46200,0,1,63.755561
2002-08-12,21.0100,14.098433,38800,0,1,63.109745
2002-08-13,20.6250,13.840087,75800,0,1,61.953283
2002-08-14,21.4250,14.376916,48400,0,1,64.356320
2002-08-15,21.6000,14.494346,90200,0,1,64.881984
2002-08-16,21.6600,14.534604,54200,0,1,65.062212
2002-08-19,22.1500,14.863414,96400,0,1,66.534072
2002-08-20,21.8950,14.692294,51400,0,1,65.768104
2002-08-21,22.2100,14.903676,93600,0,1,66.714299
2002-08-22,22.4800,15.084857,117200,0,1,67.525324
2002-08-23,21.9800,14.749342,74600,0,1,66.023426
2002-08-26,22.0650,14.806374,33800,0,1,66.278749
2002-08-27,21.7750,14.611779,90200,0,1,65.407648
2002-08-28,21.4900,14.420525,46200,0,1,64.551567
2002-08-29,21.3650,14.336651,33000,0,1,64.176092
2002-08-30,21.4900,14.420525,18000,0,1,64.551567
2002-09-03,20.4750,13.739428,87800,0,1,61.502714
2002-09-04,20.6800,13.876994,79200,0,1,62.118492
2002-09-05,20.6200,13.836732,26000,0,1,61.938264
2002-09-06,20.9250,14.041389,33000,0,1,62.854422
2002-09-09,21.2250,14.242710,67400,0,1,63.755561
2002-09-10,21.3500,14.326589,31400,0,1,64.131035
2002-09-11,21.2250,14.242710,26000,0,1,63.755561
2002-09-12,20.7950,13.954165,14000,0,1,62.463929
2002-09-13,20.8050,14.007688,61200,0.0695,1,62.702730
2002-09-16,20.7550,13.974027,47400,0,1,62.552039
2002-09-17,20.3750,13.718177,16400,0,1,61.406784
2002-09-18,20.2000,13.600352,49000,0,1,60.879363
2002-09-19,19.5900,13.189645,102000,0,1,59.040927
2002-09-20,19.7800,13.317572,88800,0,1,59.613555
2002-09-23,19.3750,13.044899,124000,0,1,58.392954
2002-09-24,19.2450,12.957365,210000,0,1,58.001156
2002-09-25,19.6100,13.203116,42200,0,1,59.101204
2002-09-26,19.9250,13.415189,38600,0,1,60.050560
2002-09-27,19.2500,12.960736,44800,0,1,58.016225
2002-09-30,19.0000,12.792411,109200,0,1,57.262767
2002-10-01,19.8350,13.354597,73400,0,1,59.779315
2002-10-02,19.3150,13.004491,57000,0,1,58.212124
2002-10-03,19.1350,12.883307,23400,0,1,57.669634
2002-10-04,18.6900,12.583698,84200,0,1,56.328480
2002-10-07,18.2950,12.317737,51800,0,1,55.138017
2002-10-08,18.4600,12.428831,118200,0,1,55.635299
2002-10-09,18.0500,12.152783,450600,0,1,54.399629
2002-10-10,18.6300,12.543294,313800,0,1,56.147650
2002-10-11,19.2100,12.933797,129800,0,1,57.895672
2002-10-14,19.4850,13.118955,104200,0,1,58.724475
2002-10-15,20.4900,13.795604,136800,0,1,61.753374
2002-10-16,19.9000,13.398362,59400,0,1,59.975214
2002-10-17,20.3400,13.694612,116000,0,1,61.301299
2002-10-18,20.4500,13.768668,48600,0,1,61.632821
2002-10-21,20.8800,14.058182,134800,0,1,62.928768
2002-10-22,20.6200,13.883130,70200,0,1,62.145172
2002-10-23,20.8600,14.044726,16000,0,1,62.868491
2002-10-24,20.4000,13.735003,75800,0,1,61.482129
2002-10-25,20.8300,14.024518,20800,0,1,62.778076
2002-10-28,20.6350,13.893229,122400,0,1,62.190379
2002-10-29,20.4700,13.782133,87400,0,1,61.693097
2002-10-30,20.7000,13.936991,13000,0,1,62.386278
2002-10-31,20.5800,13.856192,108200,0,1,62.024619
2002-11-01,20.9500,14.105317,56000,0,1,63.139736
2002-11-04,21.0850,14.196206,130400,0,1,63.546603
2002-11-05,21.2600,14.314030,34000,0,1,64.074023
2002-11-06,21.5000,14.475625,109000,0,1,64.797342
2002-11-07,21.0250,14.155813,34200,0,1,63.365773
2002-11-08,20.7500,13.970655,223400,0,1,62.536970
2002-11-11,20.3750,13.718177,374800,0,1,61.406784
2002-11-12,20.5450,13.832634,77800,0,1,61.919135
2002-11-13,20.3500,13.701342,25000,0,1,61.331438
2002-11-14,21.0300,14.159180,40200,0,1,63.380842
2002-11-15,21.1300,14.226501,18600,0,1,63.682225
2002-11-18,21.0050,14.142346,40600,0,1,63.305496
2002-11-19,20.8750,14.054822,52000,0,1,62.913698
2002-11-20,21.3250,14.357794,40000,0,1,64.269922
2002-11-21,21.7600,14.650671,259200,0,1,65.580938
2002-11-22,21.7200,14.623748,66400,0,1,65.460385
2002-11-25,21.6850,14.600177,72200,0,1,65.354901
2002-11-26,21.3250,14.357794,144800,0,1,64.269922
2002-11-27,21.9550,14.781967,65600,0,1,66.168635
2002-11-29,21.8550,14.714640,87200,0,1,65.867252
2002-12-02,21.8500,14.711270,44200,0,1,65.852183
2002-12-03,21.4900,14.468890,69400,0,1,64.767204
2002-12-04,21.5800,14.529490,53000,0,1,65.038449
2002-12-05,21.2000,14.273628,50600,0,1,63.893193
2002-12-06,21.2000,14.273628,74800,0,1,63.893193
2002-12-09,20.8400,14.031259,136600,0,1,62.808214
2002-12-10,21.1500,14.239966,81800,0,1,63.742502
2002-12-11,21.1150,14.216406,71200,0,1,63.637018
2002-12-12,21.0650,14.182740,61400,0,1,63.486326
2002-12-13,20.7250,14.018717,78600,0.0975,1,62.755472
2002-12-16,21.1600,14.312947,67800,0,1,64.072656
2002-12-17,20.9750,14.187819,118000,0,1,63.512474
2002-12-18,20.7200,14.015334,140000,0,1,62.740332
2002-12-19,20.5600,13.907107,70400,0,1,62.255851
2002-12-20,20.9100,14.143849,306000,0,1,63.315654
2002-12-23,20.8500,14.103267,80800,0,1,63.133973
2002-12-24,20.7550,14.039006,48200,0,1,62.846313
2002-12-26,20.6850,13.991648,133400,0,1,62.634352
2002-12-27,20.3750,13.781966,88000,0,1,61.695669
2002-12-30,20.4900,13.859756,132000,0,1,62.043890
2002-12-31,20.5100,13.873281,37000,0,1,62.104451
2003-01-02,21.1350,14.296046,62000,0,1,63.996956
2003-01-03,21.0900,14.265607,38800,0,1,63.860695
2003-01-06,21.6000,14.610573,132800,0,1,65.404980
2003-01-07,21.4750,14.526023,59800,0,1,65.026479
2003-01-08,21.1650,14.316337,18000,0,1,64.087796
2003-01-09,21.5750,14.593665,40200,0,1,65.329279
2003-01-10,21.5800,14.597053,42000,0,1,65.344420
2003-01-13,21.5550,14.580141,114600,0,1,65.268719
2003-01-14,21.5600,14.583520,77400,0,1,65.283859
2003-01-15,21.4300,14.495584,23200,0,1,64.890218
2003-01-16,21.3300,14.427936,49200,0,1,64.587417
2003-01-17,21.0500,14.238550,82000,0,1,63.739575
2003-01-21,20.6750,13.984892,34200,0,1,62.604072
2003-01-22,20.5050,13.869896,55200,0,1,62.089311
2003-01-23,20.6800,13.988269,50000,0,1,62.619212
2003-01-24,20.1350,13.619627,99400,0,1,60.968947
2003-01-27,19.8000,13.393029,96400,0,1,59.954565
2003-01-28,20.0150,13.538455,45200,0,1,60.605586
2003-01-29,20.1250,13.612867,64400,0,1,60.938667
2003-01-30,19.7550,13.362588,36600,0,1,59.818304
2003-01-31,19.9950,13.524928,55400,0,1,60.545026
2003-02-03,20.0100,13.535065,20200,0,1,60.590446
2003-02-04,19.7200,13.338914,22000,0,1,59.712324
2003-02-05,19.7050,13.328769,17600,0,1,59.666904
2003-02-06,19.5350,13.213773,69800,0,1,59.152142
2003-02-07,19.3700,13.102175,82800,0,1,58.652521
2003-02-10,19.5500,13.223919,36400,0,1,59.197563
2003-02-11,19.4200,13.135987,49000,0,1,58.803922
2003-02-12,19.1950,12.983797,34400,0,1,58.122620
2003-02-13,19.1100,12.926300,100400,0,1,57.865239
2003-02-14,19.4350,13.146137,35400,0,1,58.849342
2003-02-18,19.7500,13.359210,70600,0,1,59.803164
2003-02-19,19.6900,13.318617,26600,0,1,59.621484
2003-02-20,19.5750,13.240836,60800,0,1,59.273263
2003-02-21,19.8200,13.406555,26600,0,1,60.015125
2003-02-24,19.5400,13.217154,24400,0,1,59.167283
2003-02-25,19.6150,13.267889,38400,0,1,59.394383
2003-02-26,19.3850,13.112316,37200,0,1,58.697941
2003-02-27,19.6300,13.278039,45400,0,1,59.439803
2003-02-28,19.6500,13.291562,23400,0,1,59.500363
2003-03-03,19.5300,13.210388,30200,0,1,59.137002
2003-03-04,19.2800,13.041296,25200,0,1,58.380000
2003-03-05,19.4150,13.132608,26600,0,1,58.788781
2003-03-06,19.2700,13.034521,30600,0,1,58.349720
2003-03-07,19.3250,13.116316,65400,0.0655,1,58.714595
2003-03-10,18.8650,12.804102,53000,0,1,57.316990
2003-03-11,18.7100,12.698901,81200,0,1,56.846058
2003-03-12,18.7200,12.705690,254400,0,1,56.876441
2003-03-13,19.3800,13.153644,34000,0,1,58.881700
2003-03-14,19.3700,13.146862,212000,0,1,58.851318
2003-03-17,20.0550,13.611776,312400,0,1,60.932533
2003-03-18,20.1400,13.669476,188200,0,1,61.190787
2003-03-19,20.3400,13.805217,90200,0,1,61.798441
2003-03-20,20.4150,13.856113,122000,0,1,62.026311
2003-03-21,20.8200,14.131005,225000,0,1,63.256811
2003-03-24,20.1600,13.683048,190200,0,1,61.251552
2003-03-25,20.3400,13.805217,63400,0,1,61.798441
2003-03-26,20.3450,13.808613,89200,0,1,61.813632
2003-03-27,20.2300,13.730559,72400,0,1,61.464231
2003-03-28,20.1550,13.679651,96600,0,1,61.236361
2003-03-31,19.9750,13.557478,31200,0,1,60.689472
2003-04-01,19.9600,13.547301,51200,0,1,60.643898
2003-04-02,20.5200,13.927386,108000,0,1,62.345330
2003-04-03,20.4250,13.862907,148400,0,1,62.056694
2003-04-04,20.4950,13.910419,94200,0,1,62.269373
2003-04-07,20.5000,13.913819,389800,0,1,62.284564
2003-04-08,20.4200,13.859516,56000,0,1,62.041503
2003-04-09,20.1750,13.693227,79000,0,1,61.297126
2003-04-10,20.3250,13.795034,49000,0,1,61.752867
2003-04-11,20.2100,13.716978,114600,0,1,61.403466
2003-04-14,20.6150,13.991862,66200,0,1,62.633965
2003-04-15,20.7200,14.063135,108600,0,1,62.952984
2003-04-16,20.5050,13.917201,118800,0,1,62.299756
2003-04-17,20.7850,14.107249,113000,0,1,63.150472
2003-04-21,20.7950,14.114032,65800,0,1,63.180854
2003-04-22,21.2900,14.450001,75000,0,1,64.684799
2003-04-23,21.4350,14.548418,114000,0,1,65.125348
2003-04-24,21.2700,14.436424,122200,0,1,64.624033
2003-04-25,20.9500,14.219237,58000,0,1,63.651786
2003-04-28,21.3450,14.487329,215400,0,1,64.851904
2003-04-29,21.4350,14.548418,96000,0,1,65.125348
2003-04-30,21.3900,14.517870,56600,0,1,64.988626
2003-05-01,21.4200,14.538230,54400,0,1,65.079774
2003-05-02,21.7100,14.735069,50800,0,1,65.960873
2003-05-05,21.7450,14.758821,109400,0,1,66.067212
2003-05-06,21.8150,14.806337,63600,0,1,66.279891
2003-05-07,21.7800,14.782575,108200,0,1,66.173552
2003-05-08,21.5550,14.629869,45200,0,1,65.489941
2003-05-09,21.8300,14.816516,34800,0,1,66.325465
2003-05-12,22.1450,15.030307,57600,0,1,67.282521
2003-05-13,22.0900,14.992984,97800,0,1,67.115416
2003-05-14,22.0500,14.965833,195800,0,1,66.993885
2003-05-15,22.2000,15.067641,98200,0,1,67.449626
2003-05-16,22.1600,15.040483,93400,0,1,67.328095
2003-05-19,21.6100,14.667192,296000,0,1,65.657046
2003-05-20,21.6250,14.677369,247200,0,1,65.702620
2003-05-21,21.6800,14.714703,51200,0,1,65.869725
2003-05-22,21.9200,14.877601,64000,0,1,66.598910
2003-05-23,21.9650,14.908134,35000,0,1,66.735632
2003-05-27,22.4200,15.216951,107200,0,1,68.118045
2003-05-28,22.4200,15.216951,224000,0,1,68.118045
2003-05-29,22.3600,15.176245,73800,0,1,67.935749
2003-05-30,22.6900,15.400213,34600,0,1,68.938379
2003-06-02,22.8100,15.481659,106200,0,1,69.302971
2003-06-03,22.8600,15.515600,49800,0,1,69.454885
2003-06-04,23.2100,15.753148,56000,0,1,70.518280
2003-06-05,23.3500,15.848172,45000,0,1,70.943638
2003-06-06,23.2600,15.787087,150800,0,1,70.670193
2003-06-09,22.9600,15.583472,67200,0,1,69.758712
2003-06-10,23.2000,15.746362,59000,0,1,70.487897
2003-06-11,23.4550,15.919433,172600,0,1,71.262656
2003-06-12,23.5450,15.980522,89600,0,1,71.536101
2003-06-13,23.2000,15.798026,84400,0.077,1,70.721844
2003-06-16,23.6450,16.101051,71800,0,1,72.078362
2003-06-17,23.7300,16.158932,127200,0,1,72.337472
2003-06-18,23.6900,16.131689,120600,0,1,72.215538
2003-06-19,23.3450,15.896762,189600,0,1,71.163855
2003-06-20,23.3400,15.893365,35800,0,1,71.148614
2003-06-23,23.0200,15.675458,94800,0,1,70.173140
2003-06-24,23.0300,15.682269,57200,0,1,70.203624
2003-06-25,22.9400,15.620980,81600,0,1,69.929272
2003-06-26,23.1250,15.746954,63600,0,1,70.493217
2003-06-27,22.9500,15.627790,63800,0,1,69.959755
2003-06-30,22.9950,15.658445,54000,0,1,70.096931
2003-07-01,23.0500,15.695882,107600,0,1,70.264591
2003-07-02,23.3700,15.913785,54000,0,1,71.240064
2003-07-03,23.2350,15.821859,27800,0,1,70.828536
2003-07-07,23.6650,16.114670,109800,0,1,72.139329
2003-07-08,23.7650,16.182772,35400,0,1,72.444165
2003-07-09,23.6250,16.087433,49400,0,1,72.017395
2003-07-10,23.3500,15.900168,39000,0,1,71.179097
2003-07-11,23.5250,16.019341,114400,0,1,71.712559
2003-07-14,23.7000,16.138506,93400,0,1,72.246022
2003-07-15,23.6100,16.077223,68400,0,1,71.971670
2003-07-16,23.4700,15.981888,59000,0,1,71.544900
2003-07-17,23.1650,15.774190,50800,0,1,70.615152
2003-07-18,23.3700,15.913785,30200,0,1,71.240064
2003-07-21,23.0800,15.716317,40600,0,1,70.356041
2003-07-22,23.2350,15.821859,167600,0,1,70.828536
2003-07-23,23.2900,15.859316,21800,0,1,70.996196
2003-07-24,23.1500,15.763982,102400,0,1,70.569426
2003-07-25,23.5050,16.005716,31400,0,1,71.651592
2003-07-28,23.5000,16.002312,39400,0,1,71.636351
2003-07-29,23.3900,15.927410,89800,0,1,71.301031
2003-07-30,23.2950,15.862724,28200,0,1,71.011438
2003-07-31,23.3900,15.927410,123600,0,1,71.301031
2003-08-01,23.1650,15.774190,99800,0,1,70.615152
2003-08-04,23.2000,15.798026,63600,0,1,70.721844
2003-08-05,22.7900,15.518838,89400,0,1,69.472018
2003-08-06,22.8300,15.546075,65200,0,1,69.593952
2003-08-07,22.9400,15.620980,48800,0,1,69.929272
2003-08-08,22.9950,15.658445,38200,0,1,70.096931
2003-08-11,23.1150,15.740144,63000,0,1,70.462734
2003-08-12,23.2900,15.859316,36200,0,1,70.996196
2003-08-13,23.1900,15.791211,28200,0,1,70.691360
2003-08-14,23.3250,15.883152,21000,0,1,71.102888
2003-08-15,23.3750,15.917190,8000,0,1,71.255306
2003-08-18,23.5900,16.063597,74200,0,1,71.910703
2003-08-19,23.7000,16.138506,73000,0,1,72.246022
2003-08-20,23.6450,16.101051,46400,0,1,72.078362
2003-08-21,23.7700,16.186167,72000,0,1,72.459407
2003-08-22,23.5050,16.005716,64600,0,1,71.651592
2003-08-25,23.5200,16.015942,51600,0,1,71.697318
2003-08-26,23.6000,16.070404,131600,0,1,71.941186
2003-08-27,23.6350,16.094246,23400,0,1,72.047879
2003-08-28,23.7850,16.196386,14400,0,1,72.505132
2003-08-29,23.9400,16.301933,25600,0,1,72.977627
2003-09-02,24.2400,16.506214,60800,0,1,73.892134
2003-09-03,24.3250,16.564093,167400,0,1,74.151244
2003-09-04,24.4000,16.615170,133800,0,1,74.379870
2003-09-05,24.2500,16.513021,94200,0,1,73.922617
2003-09-08,24.5000,16.683256,62400,0,1,74.684706
2003-09-09,24.2950,16.543671,35400,0,1,74.059793
2003-09-10,24.0150,16.353001,68800,0,1,73.206254
2003-09-11,24.0850,16.400669,52200,0,1,73.419638
2003-09-12,24.0950,16.462847,58400,0.081,1,73.697039
2003-09-15,24.0250,16.415012,25800,0,1,73.482937
2003-09-16,24.2900,16.596083,31000,0,1,74.293466
2003-09-17,24.2850,16.592657,49800,0,1,74.278173
2003-09-18,24.5800,16.794216,50200,0,1,75.180461
2003-09-19,24.5350,16.763472,78200,0,1,75.042824
2003-09-22,24.2000,16.534582,388800,0,1,74.018192
2003-09-23,24.3650,16.647312,27200,0,1,74.522862
2003-09-24,23.9000,16.329607,64000,0,1,73.100611
2003-09-25,23.7450,16.223705,79400,0,1,72.626528
2003-09-26,23.5800,16.110966,35200,0,1,72.121858
2003-09-29,23.7500,16.227127,61800,0,1,72.641821
2003-09-30,23.5850,16.114391,62200,0,1,72.137151
2003-10-01,24.0700,16.445757,35800,0,1,73.620574
2003-10-02,24.1450,16.497002,32000,0,1,73.849969
2003-10-03,24.4100,16.678070,94800,0,1,74.660499
2003-10-06,24.5000,16.739561,53600,0,1,74.935773
2003-10-07,24.6250,16.824966,40400,0,1,75.318098
2003-10-08,24.5250,16.756638,25600,0,1,75.012238
2003-10-09,24.6000,16.807880,73800,0,1,75.241633
2003-10-10,24.6100,16.814709,64400,0,1,75.272219
2003-10-13,24.8000,16.944530,54600,0,1,75.853354
2003-10-14,24.8800,16.999187,56600,0,1,76.098042
2003-10-15,24.8000,16.944530,76400,0,1,75.853354
2003-10-16,24.8950,17.009441,35600,0,1,76.143921
2003-10-17,24.6050,16.811302,53200,0,1,75.256926
2003-10-20,24.7050,16.879623,55800,0,1,75.562787
2003-10-21,24.8450,16.975273,46000,0,1,75.990991
2003-10-22,24.4700,16.719065,98400,0,1,74.844015
2003-10-23,24.4450,16.701986,47800,0,1,74.767550
2003-10-24,24.3750,16.654160,51600,0,1,74.553448
2003-10-27,24.4150,16.681480,39800,0,1,74.675792
2003-10-28,24.7850,16.934275,31200,0,1,75.807475
2003-10-29,24.9000,17.012867,86000,0,1,76.159214
2003-10-30,24.8400,16.971865,95800,0,1,75.975698
2003-10-31,25.0000,17.081181,36800,0,1,76.465074
2003-11-03,25.1750,17.200750,47200,0,1,77.000330
2003-11-04,25.0650,17.125591,53000,0,1,76.663884
2003-11-05,25.0450,17.111929,49600,0,1,76.602712
2003-11-06,25.1950,17.214422,104800,0,1,77.061502
2003-11-07,25.0800,17.135836,184400,0,1,76.709763
2003-11-10,24.9150,17.023098,220200,0,1,76.205093
2003-11-11,24.8800,16.999187,28200,0,1,76.098042
2003-11-12,25.1750,17.200750,80800,0,1,77.000330
2003-11-13,25.2400,17.245163,40200,0,1,77.199139
2003-11-14,25.0450,17.111929,29200,0,1,76.602712
2003-11-17,24.8250,16.961613,80600,0,1,75.929819
2003-11-18,24.6400,16.835215,160000,0,1,75.363977
2003-11-19,24.8550,16.982107,58200,0,1,76.021577
2003-11-20,24.6750,16.859137,38200,0,1,75.471029
2003-11-21,24.6850,16.865957,179600,0,1,75.501615
2003-11-24,25.0850,17.139248,37200,0,1,76.725056
2003-11-25,25.1550,17.187080,63400,0,1,76.939158
2003-11-26,25.2050,17.221247,63600,0,1,77.092088
2003-11-28,25.2900,17.279322,64400,0,1,77.352069
2003-12-01,25.5300,17.443300,106400,0,1,78.086134
2003-12-02,25.5250,17.439890,75000,0,1,78.070841
2003-12-03,25.4750,17.405727,878000,0,1,77.917911
2003-12-04,25.5400,17.450134,137000,0,1,78.116720
2003-12-05,25.3400,17.313482,52200,0,1,77.504999
2003-12-08,25.4550,17.392061,39400,0,1,77.856739
2003-12-09,25.2800,17.272490,53000,0,1,77.321483
2003-12-10,25.2500,17.251986,59200,0,1,77.229725
2003-12-11,25.5250,17.439890,52800,0,1,78.070841
2003-12-12,25.5250,17.515368,54000,0.11,1,78.407287
2003-12-15,25.3650,17.405577,229600,0,1,77.915802
2003-12-16,25.4700,17.535704,113600,0.084,1,78.496369
2003-12-17,25.5000,17.556356,42200,0,1,78.588827
2003-12-18,25.7850,17.752575,82000,0,1,79.467172
2003-12-19,25.7650,17.738802,67200,0,1,79.405534
2003-12-22,25.8800,17.817972,63400,0,1,79.759954
2003-12-23,25.9850,17.890274,158400,0,1,80.083555
2003-12-24,25.9500,17.866171,59400,0,1,79.975688
2003-12-26,26.0150,17.910917,25400,0,1,80.176013
2003-12-29,26.2850,18.096817,79000,0,1,81.008130
2003-12-30,26.3300,18.127798,74800,0,1,81.146816
2003-12-31,26.3550,18.145014,53600,0,1,81.223864
2004-01-02,26.2950,18.103693,84800,0,1,81.038949
2004-01-05,26.6200,18.327448,128400,0,1,82.040571
2004-01-06,26.6500,18.348110,153200,0,1,82.133029
2004-01-07,26.7400,18.410067,65800,0,1,82.410401
2004-01-08,26.8600,18.492695,67400,0,1,82.780231
2004-01-09,26.7300,18.403185,86200,0,1,82.379582
2004-01-12,26.8100,18.458267,123600,0,1,82.626135
2004-01-13,26.6750,18.365328,97800,0,1,82.210076
2004-01-14,26.9250,18.537451,88800,0,1,82.980555
2004-01-15,26.9250,18.537451,92200,0,1,82.980555
2004-01-16,27.0750,18.640713,88800,0,1,83.442842
2004-01-20,27.1500,18.692360,500200,0,1,83.673986
2004-01-21,27.3350,18.819723,65200,0,1,84.244140
2004-01-22,27.2600,18.768087,326800,0,1,84.012997
2004-01-23,27.1750,18.709570,314800,0,1,83.751034
2004-01-26,27.4800,18.919559,66600,0,1,84.691018
2004-01-27,27.2650,18.771530,84200,0,1,84.028406
2004-01-28,26.8750,18.503016,78400,0,1,82.826459
2004-01-29,26.9400,18.547773,142600,0,1,83.026784
2004-01-30,26.9400,18.547773,97400,0,1,83.026784
2004-02-02,26.9750,18.571871,64800,0,1,83.134651
2004-02-03,26.9850,18.578754,36600,0,1,83.165470
2004-02-04,26.7500,18.416960,284200,0,1,82.441220
2004-02-05,26.8150,18.461721,47400,0,1,82.641544
2004-02-06,27.1000,18.657932,48800,0,1,83.519890
2004-02-09,27.0600,18.630388,236200,0,1,83.396614
2004-02-10,27.2650,18.771530,65000,0,1,84.028406
2004-02-11,27.5150,18.943653,157400,0,1,84.798885
2004-02-12,27.4000,18.864473,85200,0,1,84.444465
2004-02-13,27.3000,18.795626,90200,0,1,84.136273
2004-02-17,27.5650,18.978073,99600,0,1,84.952981
2004-02-18,27.4450,18.895452,70000,0,1,84.583151
2004-02-19,27.3500,18.830051,77000,0,1,84.290369
2004-02-20,27.2250,18.743984,125000,0,1,83.905130
2004-02-23,27.0500,18.623508,61400,0,1,83.365794
2004-02-24,27.0700,18.637278,87400,0,1,83.427433
2004-02-25,27.2300,18.747427,97600,0,1,83.920539
2004-02-26,27.2800,18.781851,44000,0,1,84.074635
2004-02-27,27.2950,18.792191,49000,0,1,84.120864
2004-03-01,27.5400,18.960869,112400,0,1,84.875933
2004-03-02,27.4250,18.881691,137400,0,1,84.521512
2004-03-03,27.4650,18.909216,53200,0,1,84.644789
2004-03-04,27.5250,18.950542,81600,0,1,84.829704
2004-03-05,27.6650,19.046919,42600,0,1,85.261172
2004-03-08,27.3750,18.847263,59000,0,1,84.367417
2004-03-09,27.2000,18.726778,118200,0,1,83.828082
2004-03-10,26.8750,18.503016,105800,0,1,82.826459
2004-03-11,26.3750,18.158772,129400,0,1,81.285502
2004-03-12,26.6950,18.379091,93400,0,1,82.271715
2004-03-15,26.3950,18.172548,329000,0,1,81.347140
2004-03-16,26.5100,18.251722,99600,0,1,81.701560
2004-03-17,26.8150,18.461721,96800,0,1,82.641544
2004-03-18,26.8050,18.454826,81200,0,1,82.610725
2004-03-19,26.5150,18.255161,70000,0,1,81.716970
2004-03-22,26.1300,17.990101,119600,0,1,80.530433
2004-03-23,26.2550,18.076153,63000,0,1,80.915672
2004-03-24,25.9950,17.897158,135000,0,1,80.114374
2004-03-25,26.4650,18.220736,81200,0,1,81.562874
2004-03-26,26.4300,18.254587,99000,0.084,1,81.713888
2004-03-29,26.7000,18.441071,146200,0,1,82.548650
2004-03-30,26.8350,18.534304,71800,0,1,82.966031
2004-03-31,26.8750,18.561930,48200,0,1,83.089699
2004-04-01,26.9800,18.634455,106000,0,1,83.414328
2004-04-02,27.2350,18.810577,129000,0,1,84.202714
2004-04-05,27.4350,18.948719,86200,0,1,84.821056
2004-04-06,27.3600,18.896906,52600,0,1,84.589178
2004-04-07,27.2400,18.814034,33600,0,1,84.218173
2004-04-08,27.1250,18.734610,46200,0,1,83.862626
2004-04-12,27.2900,18.848572,461400,0,1,84.372758
2004-04-13,26.9150,18.589558,93200,0,1,83.213367
2004-04-14,26.8050,18.513588,38200,0,1,82.873279
2004-04-15,26.8700,18.558477,83800,0,1,83.074240
2004-04-16,26.9800,18.634455,41200,0,1,83.414328
2004-04-19,26.9750,18.631008,37000,0,1,83.398870
2004-04-20,26.6200,18.385817,36600,0,1,82.301313
2004-04-21,26.7550,18.479055,55800,0,1,82.718694
2004-04-22,27.1000,18.717329,53200,0,1,83.785334
2004-04-23,27.1600,18.758778,32400,0,1,83.970836
2004-04-26,27.0350,18.672441,31800,0,1,83.584373
2004-04-27,27.1000,18.717329,62600,0,1,83.785334
2004-04-28,26.7100,18.447969,39600,0,1,82.579567
2004-04-29,26.5150,18.313293,71200,0,1,81.976683
2004-04-30,26.2750,18.147532,55200,0,1,81.234673
2004-05-03,26.5400,18.330559,58400,0,1,82.053976
2004-05-04,26.6000,18.372005,137800,0,1,82.239479
2004-05-05,26.7000,18.441071,55200,0,1,82.548650
2004-05-06,26.5000,18.302937,61200,0,1,81.930308
2004-05-07,26.1000,18.026667,56200,0,1,80.693624
2004-05-10,25.7750,17.802195,192600,0,1,79.688818
2004-05-11,25.9700,17.936869,334400,0,1,80.291702
2004-05-12,26.0600,17.999033,108800,0,1,80.569956
2004-05-13,25.9550,17.926517,90400,0,1,80.245326
2004-05-14,26.0150,17.967951,198200,0,1,80.430829
2004-05-17,25.6850,17.740030,45800,0,1,79.410564
2004-05-18,25.9200,17.902340,62400,0,1,80.137116
2004-05-19,25.8750,17.871243,53600,0,1,79.997989
2004-05-20,25.8950,17.885075,36800,0,1,80.059823
2004-05-21,25.9050,17.891977,86200,0,1,80.090741
2004-05-24,25.9750,17.940331,301800,0,1,80.307160
2004-05-25,26.5250,18.320192,146000,0,1,82.007601
2004-05-26,26.5000,18.302937,56400,0,1,81.930308
2004-05-27,26.6950,18.437618,128200,0,1,82.533191
2004-05-28,26.7150,18.451429,63200,0,1,82.595025
2004-06-01,26.7400,18.468691,53800,0,1,82.672318
2004-06-02,26.8200,18.523949,136400,0,1,82.919655
2004-06-03,26.5950,18.368547,31400,0,1,82.224020
2004-06-04,26.7400,18.468691,29000,0,1,82.672318
2004-06-07,27.1450,18.748417,69200,0,1,83.924461
2004-06-08,27.1400,18.744967,86200,0,1,83.909002
2004-06-09,26.9150,18.589558,34400,0,1,83.213367
2004-06-10,27.0050,18.651718,33000,0,1,83.491621
2004-06-14,26.7250,18.458334,57800,0,1,82.625942
2004-06-15,26.9300,18.599918,45000,0,1,83.259743
2004-06-16,26.9750,18.631008,155400,0,1,83.398870
2004-06-17,26.9050,18.582655,33800,0,1,83.182450
2004-06-18,27.0200,18.662081,36400,0,1,83.537997
2004-06-21,26.9000,18.579206,27200,0,1,83.166992
2004-06-22,27.0500,18.682800,102200,0,1,83.630748
2004-06-23,27.2500,18.820932,25400,0,1,84.249090
2004-06-24,27.1650,18.762232,52400,0,1,83.986295
2004-06-25,27.0450,18.738327,66000,0.0855,1,83.879631
2004-06-28,26.9700,18.686359,35200,0,1,83.647020
2004-06-29,26.9850,18.696754,53800,0,1,83.693542
2004-06-30,27.1800,18.831861,46000,0,1,84.298331
2004-07-01,26.8900,18.630934,66200,0,1,83.398901
2004-07-02,26.7900,18.561657,37400,0,1,83.088752
2004-07-06,26.5900,18.423075,88200,0,1,82.468456
2004-07-07,26.6000,18.430010,43800,0,1,82.499470
2004-07-08,26.3750,18.274115,29800,0,1,81.801637
2004-07-09,26.4650,18.336473,37200,0,1,82.080770
2004-07-12,26.4300,18.312220,333400,0,1,81.972218
2004-07-13,26.5050,18.364183,56200,0,1,82.204830
2004-07-14,26.3500,18.256792,59200,0,1,81.724100
2004-07-15,26.3250,18.239468,356400,0,1,81.646562
2004-07-16,26.2250,18.170183,93800,0,1,81.336414
2004-07-19,26.1650,18.128614,194600,0,1,81.150325
2004-07-20,26.3250,18.239468,43800,0,1,81.646562
2004-07-21,25.9050,17.948473,73400,0,1,80.343939
2004-07-22,26.0400,18.042011,83800,0,1,80.762640
2004-07-23,25.8000,17.875715,60600,0,1,80.018283
2004-07-26,25.6850,17.796038,49400,0,1,79.661613
2004-07-27,25.9500,17.979650,83800,0,1,80.483506
2004-07-28,25.9950,18.010830,49400,0,1,80.623073
2004-07-29,26.1050,18.087040,79800,0,1,80.964236
2004-07-30,26.0200,18.028147,32000,0,1,80.700610
2004-08-02,26.2800,18.208288,40800,0,1,81.506996
2004-08-03,26.0900,18.076649,68400,0,1,80.917714
2004-08-04,26.0150,18.024683,47600,0,1,80.685102
2004-08-05,25.6000,17.737144,53200,0,1,79.397987
2004-08-06,25.2150,17.470402,131000,0,1,78.203915
2004-08-09,25.2500,17.494650,55000,0,1,78.312467
2004-08-10,25.4900,17.660931,127200,0,1,79.056823
2004-08-11,25.4500,17.633224,50600,0,1,78.932764
2004-08-12,25.1800,17.446150,21800,0,1,78.095363
2004-08-13,25.1650,17.435759,33800,0,1,78.048841
2004-08-16,25.5350,17.692114,46400,0,1,79.196390
2004-08-17,25.6150,17.747543,58400,0,1,79.444509
2004-08-18,25.9900,18.007366,37600,0,1,80.607565
2004-08-19,25.9100,17.951944,26600,0,1,80.359447
2004-08-20,26.1000,18.083584,207600,0,1,80.948729
2004-08-23,26.0450,18.045469,249000,0,1,80.778147
2004-08-24,26.0100,18.021221,65800,0,1,80.669595
2004-08-25,26.2350,18.177107,36600,0,1,81.367429
2004-08-26,26.2850,18.211748,204400,0,1,81.522503
2004-08-27,26.3050,18.225613,39600,0,1,81.584533
2004-08-30,26.1000,18.083584,54800,0,1,80.948729
2004-08-31,26.2450,18.184044,37000,0,1,81.398444
2004-09-01,26.3250,18.239468,30200,0,1,81.646562
2004-09-02,26.6500,18.464653,285800,0,1,82.654545
2004-09-03,26.5200,18.374578,27600,0,1,82.251352
2004-09-07,26.6750,18.481962,32000,0,1,82.732082
2004-09-08,26.5950,18.426542,27400,0,1,82.483963
2004-09-09,26.6250,18.447321,16200,0,1,82.577008
2004-09-10,26.7300,18.520077,70000,0,1,82.902663
2004-09-13,26.7900,18.561657,35400,0,1,83.088752
2004-09-14,26.8800,18.624006,43000,0,1,83.367886
2004-09-15,26.6850,18.488897,22200,0,1,82.763097
2004-09-16,26.8050,18.572048,65200,0,1,83.135275
2004-09-17,26.8750,18.620535,77600,0,1,83.352379
2004-09-20,26.7650,18.544333,43000,0,1,83.011215
2004-09-21,26.9500,18.672501,58800,0,1,83.584990
2004-09-22,26.5250,18.378036,38600,0,1,82.266859
2004-09-23,26.4450,18.322605,27000,0,1,82.018740
2004-09-24,26.3600,18.333742,37800,0.101,1,82.068364
2004-09-27,26.2350,18.246801,79400,0,1,81.679193
2004-09-28,26.3800,18.347656,71600,0,1,82.130632
2004-09-29,26.3900,18.354609,18400,0,1,82.161765
2004-09-30,26.5200,18.445024,42200,0,1,82.566503
2004-10-01,26.9000,18.709322,75400,0,1,83.749583
2004-10-04,27.0450,18.810163,40800,0,1,84.201021
2004-10-05,26.9650,18.754530,66200,0,1,83.951951
2004-10-06,27.1850,18.907536,50000,0,1,84.636892
2004-10-07,26.9300,18.730183,38600,0,1,83.842984
2004-10-08,26.6800,18.556313,70800,0,1,83.064642
2004-10-11,26.7700,18.618908,29600,0,1,83.344845
2004-10-12,26.7250,18.587597,43400,0,1,83.204743
2004-10-13,26.4650,18.406761,43000,0,1,82.395268
2004-10-14,26.3000,18.292019,42600,0,1,81.881562
2004-10-15,26.3900,18.354609,42600,0,1,82.161765
2004-10-18,26.5200,18.445024,34000,0,1,82.566503
2004-10-19,26.2950,18.288534,21600,0,1,81.865995
2004-10-20,26.3150,18.302444,64200,0,1,81.928263
2004-10-21,26.4100,18.368513,31600,0,1,82.224033
2004-10-22,26.1650,18.198118,38800,0,1,81.461258
2004-10-25,26.1300,18.173767,51000,0,1,81.352290
2004-10-26,26.5000,18.431118,95000,0,1,82.504236
2004-10-27,26.8400,18.667582,100800,0,1,83.562781
2004-10-28,26.8300,18.660633,46400,0,1,83.531647
2004-10-29,26.9450,18.740616,39000,0,1,83.889684
2004-11-01,26.9450,18.740616,149000,0,1,83.889684
2004-11-02,26.9300,18.730183,59600,0,1,83.842984
2004-11-03,27.2100,18.924929,130600,0,1,84.714726
2004-11-04,27.6950,19.262260,278200,0,1,86.224710
2004-11-05,27.7550,19.303980,142400,0,1,86.411512
2004-11-08,27.7500,19.300507,99200,0,1,86.395945
2004-11-09,27.7500,19.300507,85600,0,1,86.395945
2004-11-10,27.7850,19.324850,189600,0,1,86.504913
2004-11-11,28.0350,19.498728,68600,0,1,87.283255
2004-11-12,28.2750,19.665651,127200,0,1,88.030463
2004-11-15,28.2850,19.672607,162800,0,1,88.061596
2004-11-16,28.0800,19.530022,34200,0,1,87.423356
2004-11-17,28.2500,19.648264,94000,0,1,87.952629
2004-11-18,28.3150,19.693466,105400,0,1,88.154997
2004-11-19,27.9750,19.456997,236200,0,1,87.096453
2004-11-22,28.0900,19.536976,145800,0,1,87.454490
2004-11-23,28.1350,19.568281,53600,0,1,87.594591
2004-11-24,28.3100,19.689987,35600,0,1,88.139431
2004-11-26,28.3350,19.707386,23000,0,1,88.217265
2004-11-29,28.2650,19.658689,57400,0,1,87.999329
2004-11-30,28.1750,19.596092,53400,0,1,87.719126
2004-12-01,28.5950,19.888210,32200,0,1,89.026740
2004-12-02,28.5650,19.867344,200600,0,1,88.933339
2004-12-03,28.5750,19.874304,81800,0,1,88.964473
2004-12-06,28.5350,19.846495,77800,0,1,88.839938
2004-12-07,28.2300,19.634352,38400,0,1,87.890361
2004-12-08,28.3450,19.714336,90400,0,1,88.248398
2004-12-09,28.4900,19.815186,38800,0,1,88.699837
2004-12-10,28.5050,19.825617,40800,0,1,88.746537
2004-12-13,28.7450,19.992537,76600,0,1,89.493745
2004-12-14,28.8750,20.082958,23000,0,1,89.898483
2004-12-15,28.9350,20.124693,68800,0,1,90.085285
2004-12-16,28.8900,20.093390,35600,0,1,89.945184
2004-12-17,28.7900,20.023840,52400,0,1,89.633847
2004-12-20,28.7100,19.968201,79600,0,1,89.384778
2004-12-21,28.9650,20.145555,34600,0,1,90.178686
2004-12-22,29.0800,20.225542,91400,0,1,90.536724
2004-12-23,28.9200,20.247599,71600,0.1915,1,90.634795
2004-12-27,28.8450,20.195084,48600,0,1,90.399746
2004-12-28,28.9800,20.289593,88800,0,1,90.822834
2004-12-29,28.9650,20.279099,88000,0,1,90.775824
2004-12-30,29.0150,20.314100,230200,0,1,90.932523
2004-12-31,29.0000,20.303600,32600,0,1,90.885513
2005-01-03,28.6900,20.086569,162400,0,1,89.913978
2005-01-04,28.3500,19.848513,85600,0,1,88.848424
2005-01-05,28.1300,19.694500,77400,0,1,88.158948
2005-01-06,28.2950,19.810020,125000,0,1,88.676055
2005-01-07,28.2300,19.764515,51200,0,1,88.472346
2005-01-10,28.2900,19.806513,34800,0,1,88.660385
2005-01-11,28.1800,19.729500,74600,0,1,88.315647
2005-01-12,28.2550,19.782009,96200,0,1,88.550696
2005-01-13,28.0750,19.655993,46000,0,1,87.986579
2005-01-14,28.2350,19.768015,28200,0,1,88.488016
2005-01-18,28.5050,19.957037,64000,0,1,89.334192
2005-01-19,28.2300,19.764515,45600,0,1,88.472346
2005-01-20,28.0900,19.666491,75600,0,1,88.033589
2005-01-21,27.8800,19.519463,60600,0,1,87.375452
2005-01-24,27.8150,19.473951,68600,0,1,87.171743
2005-01-25,27.8750,19.515968,59400,0,1,87.359782
2005-01-26,28.0650,19.648991,66800,0,1,87.955239
2005-01-27,28.0500,19.638481,68600,0,1,87.908229
2005-01-28,28.0150,19.613976,44200,0,1,87.798540
2005-01-31,28.1850,19.732998,61600,0,1,88.331317
2005-02-01,28.3800,19.869520,58400,0,1,88.942444
2005-02-02,28.5150,19.964050,52000,0,1,89.365531
2005-02-03,28.4750,19.936039,34600,0,1,89.240172
2005-02-04,28.7650,20.139074,37400,0,1,90.149027
2005-02-07,28.7100,20.100567,371200,0,1,89.976658
2005-02-08,28.7250,20.111071,77200,0,1,90.023668
2005-02-09,28.5100,19.960545,35400,0,1,89.349861
2005-02-10,28.5850,20.013046,65600,0,1,89.584910
2005-02-11,28.8500,20.198587,23400,0,1,90.415416
2005-02-14,28.8400,20.191584,30600,0,1,90.384076
2005-02-15,28.9500,20.268599,80600,0,1,90.728814
2005-02-16,28.9400,20.261595,57800,0,1,90.697474
2005-02-17,28.7500,20.128571,63600,0,1,90.102017
2005-02-18,28.7900,20.156570,38200,0,1,90.227377
2005-02-22,28.3450,19.845020,88000,0,1,88.832754
2005-02-23,28.5000,19.953537,62000,0,1,89.318522
2005-02-24,28.7050,20.097073,35600,0,1,89.960988
2005-02-25,29.0300,20.324606,24400,0,1,90.979533
2005-02-28,28.8250,20.181084,38200,0,1,90.337066
2005-03-01,29.0000,20.303600,44000,0,1,90.885513
2005-03-02,29.0150,20.314100,57000,0,1,90.932523
2005-03-03,29.0000,20.303600,17800,0,1,90.885513
2005-03-04,29.2600,20.485630,57600,0,1,91.700349
2005-03-07,29.3800,20.569653,31200,0,1,92.076427
2005-03-08,29.2500,20.478640,50200,0,1,91.669009
2005-03-09,28.9400,20.261595,45000,0,1,90.697474
2005-03-10,28.9300,20.254593,50800,0,1,90.666134
2005-03-11,28.8200,20.177572,52200,0,1,90.321396
2005-03-14,28.7950,20.160074,37800,0,1,90.243047
2005-03-15,28.7650,20.139074,35600,0,1,90.149027
2005-03-16,28.4950,19.950047,93200,0,1,89.302852
2005-03-17,28.6050,20.027058,32600,0,1,89.647590
2005-03-18,28.5150,19.964050,57800,0,1,89.365531
2005-03-21,28.4250,19.901035,73800,0,1,89.083473
2005-03-22,28.1800,19.729500,118600,0,1,88.315647
2005-03-23,28.1850,19.732998,70200,0,1,88.331317
2005-03-24,28.1050,19.747410,39600,0.1005,1,88.395564
2005-03-28,28.1250,19.761459,72600,0,1,88.458467
2005-03-29,27.8650,19.578770,35800,0,1,87.640718
2005-03-30,28.2500,19.849287,33800,0,1,88.851616
2005-03-31,28.2650,19.859827,59800,0,1,88.898794
2005-04-01,28.1100,19.750921,61000,0,1,88.411290
2005-04-04,28.1300,19.764969,36000,0,1,88.474193
2005-04-05,28.3000,19.884422,35800,0,1,89.008876
2005-04-06,28.3750,19.937122,53200,0,1,89.244765
2005-04-07,28.4750,20.007376,33800,0,1,89.559284
2005-04-08,28.2550,19.852816,34600,0,1,88.867342
2005-04-11,28.2750,19.866859,18200,0,1,88.930246
2005-04-12,28.4150,19.965225,124800,0,1,89.370572
2005-04-13,28.1100,19.750921,20600,0,1,88.411290
2005-04-14,27.7000,19.462845,65200,0,1,87.121762
2005-04-15,27.3000,19.181789,95600,0,1,85.863686
2005-04-18,27.4200,19.266109,194400,0,1,86.241108
2005-04-19,27.6300,19.413660,214600,0,1,86.901598
2005-04-20,27.3000,19.181789,127600,0,1,85.863686
2005-04-21,27.7650,19.508507,68800,0,1,87.326199
2005-04-22,27.6250,19.410149,28200,0,1,86.885872
2005-04-25,27.8400,19.561209,33800,0,1,87.562088
2005-04-26,27.7100,19.469858,34000,0,1,87.153214
2005-04-27,27.7050,19.466356,54800,0,1,87.137488
2005-04-28,27.3600,19.223951,87000,0,1,86.052397
2005-04-29,27.6750,19.445276,47200,0,1,87.043132
2005-05-02,27.8400,19.561209,40000,0,1,87.562088
2005-05-03,27.7050,19.466356,53200,0,1,87.137488
2005-05-04,28.1200,19.757938,85800,0,1,88.442741
2005-05-05,28.0250,19.691196,51000,0,1,88.143948
2005-05-06,28.0650,19.719299,21600,0,1,88.269756
2005-05-09,28.2350,19.838747,19000,0,1,88.804438
2005-05-10,27.9800,19.659571,34400,0,1,88.002415
2005-05-11,28.0900,19.736868,52600,0,1,88.348386
2005-05-12,27.7600,19.505003,38400,0,1,87.310473
2005-05-13,27.6450,19.424196,132600,0,1,86.948776
2005-05-16,27.9650,19.649044,51400,0,1,87.955237
2005-05-17,28.1500,19.779034,68000,0,1,88.537097
2005-05-18,28.4700,20.003866,115400,0,1,89.543558
2005-05-19,28.5850,20.084665,85800,0,1,89.905255
2005-05-20,28.5650,20.070616,99000,0,1,89.842351
2005-05-23,28.7150,20.176008,45000,0,1,90.314129
2005-05-24,28.7300,20.186541,45800,0,1,90.361307
2005-05-25,28.5550,20.063587,35800,0,1,89.810899
2005-05-26,28.7550,20.204117,55200,0,1,90.439937
2005-05-27,28.8150,20.246273,51400,0,1,90.628648
2005-05-31,28.7000,20.165461,32400,0,1,90.266952
2005-06-01,28.9050,20.309519,29200,0,1,90.911716
2005-06-02,29.0150,20.386799,27000,0,1,91.257686
2005-06-03,28.7750,20.218166,42000,0,1,90.502841
2005-06-06,28.8900,20.298975,42600,0,1,90.864538
2005-06-07,28.9100,20.313019,67000,0,1,90.927441
2005-06-08,28.7750,20.218166,29000,0,1,90.502841
2005-06-09,28.9750,20.358688,18000,0,1,91.131879
2005-06-10,28.9150,20.316534,30600,0,1,90.943167
2005-06-13,28.9650,20.351665,17800,0,1,91.100427
2005-06-14,29.0650,20.421925,29200,0,1,91.414946
2005-06-15,29.1450,20.478140,39000,0,1,91.666561
2005-06-16,29.2400,20.544884,21600,0,1,91.965354
2005-06-17,29.3700,20.636236,30400,0,1,92.374229
2005-06-20,29.2650,20.633055,154800,0.1005,1,92.360076
2005-06-21,29.1950,20.583710,37000,0,1,92.139156
2005-06-22,29.2200,20.601324,30400,0,1,92.218056
2005-06-23,28.9100,20.382772,40000,0,1,91.239699
2005-06-24,28.6850,20.224133,42000,0,1,90.529601
2005-06-27,28.7050,20.238234,28200,0,1,90.592721
2005-06-28,28.9800,20.432119,47200,0,1,91.460618
2005-06-29,28.9350,20.400393,47200,0,1,91.318598
2005-06-30,28.7900,20.298162,55200,0,1,90.860980
2005-07-01,28.8450,20.336939,24200,0,1,91.034559
2005-07-05,29.1450,20.548445,53200,0,1,91.981357
2005-07-06,28.9200,20.389832,52800,0,1,91.271259
2005-07-07,28.9500,20.410963,99000,0,1,91.365938
2005-07-08,29.2950,20.654205,89200,0,1,92.454755
2005-07-11,29.4950,20.795219,43800,0,1,93.085953
2005-07-12,29.5500,20.834007,53400,0,1,93.259533
2005-07-13,29.5750,20.851620,27000,0,1,93.338433
2005-07-14,29.6600,20.911552,54000,0,1,93.606692
2005-07-15,29.6800,20.925655,30000,0,1,93.669812
2005-07-18,29.5100,20.805794,157400,0,1,93.133293
2005-07-19,29.7150,20.950327,119600,0,1,93.780271
2005-07-20,29.8900,21.073709,50600,0,1,94.332570
2005-07-21,29.6800,20.925655,55800,0,1,93.669812
2005-07-22,29.8200,21.024357,51400,0,1,94.111650
2005-07-25,29.7450,20.971476,32200,0,1,93.874951
2005-07-26,29.8350,21.034931,45800,0,1,94.158990
2005-07-27,29.8950,21.077236,42600,0,1,94.348350
2005-07-28,30.0800,21.207666,95200,0,1,94.932208
2005-07-29,29.9300,21.101917,44200,0,1,94.458809
2005-08-01,29.9500,21.116007,60200,0,1,94.521929
2005-08-02,30.0750,21.204149,54200,0,1,94.916428
2005-08-03,30.1250,21.239401,60200,0,1,95.074228
2005-08-04,29.9300,21.101917,44200,0,1,94.458809
2005-08-05,29.6950,20.936228,60200,0,1,93.717152
2005-08-08,29.5850,20.858671,54800,0,1,93.369993
2005-08-09,29.7000,20.939749,75800,0,1,93.732932
2005-08-10,29.7100,20.946804,65200,0,1,93.764491
2005-08-11,29.9500,21.116007,24200,0,1,94.521929
2005-08-12,29.8150,21.020824,44600,0,1,94.095871
2005-08-15,29.8850,21.070189,88400,0,1,94.316790
2005-08-16,29.5550,20.837519,38400,0,1,93.275313
2005-08-17,29.5250,20.816368,113600,0,1,93.180633
2005-08-18,29.4500,20.763483,40800,0,1,92.943934
2005-08-19,29.5050,20.802267,24200,0,1,93.117513
2005-08-22,29.5800,20.855143,103000,0,1,93.354213
2005-08-23,29.5600,20.841047,26400,0,1,93.291093
2005-08-24,29.2950,20.654205,28600,0,1,92.454755
2005-08-25,29.3600,20.700043,15200,0,1,92.659895
2005-08-26,29.2550,20.626013,57600,0,1,92.328516
2005-08-29,29.3900,20.721188,32800,0,1,92.754574
2005-08-30,29.2800,20.643627,33000,0,1,92.407415
2005-08-31,29.5450,20.830475,102400,0,1,93.243753
2005-09-01,29.7200,20.953848,85400,0,1,93.796051
2005-09-02,29.5600,20.841047,19800,0,1,93.291093
2005-09-06,29.9250,21.098391,47400,0,1,94.443030
2005-09-07,30.0250,21.168888,55600,0,1,94.758629
2005-09-08,29.9250,21.098391,26000,0,1,94.443030
2005-09-09,30.1400,21.249975,20400,0,1,95.121568
2005-09-12,30.1600,21.264078,60800,0,1,95.184687
2005-09-13,29.9000,21.080765,44800,0,1,94.364130
2005-09-14,29.8100,21.017305,27400,0,1,94.080091
2005-09-15,29.7950,21.006731,19200,0,1,94.032751
2005-09-16,30.0700,21.200624,13400,0,1,94.900648
2005-09-19,29.8750,21.063139,24400,0,1,94.285230
2005-09-20,29.6400,20.897448,60200,0,1,93.543572
2005-09-21,29.4100,20.735292,296600,0,1,92.817694
2005-09-22,29.4350,20.752909,91200,0,1,92.896594
2005-09-23,29.4150,20.816967,58200,0.1105,1,93.182211
2005-09-26,29.4050,20.809885,60800,0,1,93.150533
2005-09-27,29.4050,20.809885,60000,0,1,93.150533
2005-09-28,29.4600,20.848810,26800,0,1,93.324764
2005-09-29,29.6700,20.997427,33400,0,1,93.990012
2005-09-30,29.7750,21.071730,24400,0,1,94.322636
2005-10-03,29.7900,21.082350,37400,0,1,94.370154
2005-10-04,29.4500,20.841728,65400,0,1,93.293086
2005-10-05,28.9800,20.509115,119600,0,1,91.804198
2005-10-06,28.8400,20.410044,73200,0,1,91.360699
2005-10-07,28.9200,20.466658,63000,0,1,91.614127
2005-10-10,28.7150,20.321583,22600,0,1,90.964718
2005-10-11,28.6500,20.275568,44200,0,1,90.758808
2005-10-12,28.3600,20.070343,114800,0,1,89.840133
2005-10-13,28.4600,20.141104,94600,0,1,90.156918
2005-10-14,28.6700,20.289726,24400,0,1,90.822165
2005-10-17,28.7400,20.339262,28600,0,1,91.043915
2005-10-18,28.5400,20.197727,131400,0,1,90.410345
2005-10-19,28.8950,20.448957,48000,0,1,91.534931
2005-10-20,28.4650,20.144653,140000,0,1,90.172757
2005-10-21,28.5900,20.233116,32200,0,1,90.568738
2005-10-24,29.0600,20.565720,130600,0,1,92.057626
2005-10-25,28.9750,20.505568,82400,0,1,91.788359
2005-10-26,28.8750,20.434811,23400,0,1,91.471574
2005-10-27,28.5400,20.197727,42400,0,1,90.410345
2005-10-28,28.9650,20.498505,40600,0,1,91.756680
2005-10-31,29.2250,20.682503,369600,0,1,92.580320
2005-11-01,29.1350,20.618803,26000,0,1,92.295214
2005-11-02,29.4750,20.859415,44600,0,1,93.372282
2005-11-03,29.5850,20.937269,59400,0,1,93.720745
2005-11-04,29.5500,20.912510,50000,0,1,93.609870
2005-11-07,29.6350,20.972660,37400,0,1,93.879137
2005-11-08,29.5800,20.933727,112200,0,1,93.704906
2005-11-09,29.6100,20.954966,144600,0,1,93.799941
2005-11-10,29.8800,21.146040,47400,0,1,94.655260
2005-11-11,29.9650,21.206196,96000,0,1,94.924527
2005-11-14,29.9500,21.195578,70400,0,1,94.877009
2005-11-15,29.8150,21.100033,132200,0,1,94.449350
2005-11-16,29.8850,21.149588,56200,0,1,94.671099
2005-11-17,30.1800,21.358358,171600,0,1,95.605614
2005-11-18,30.3400,21.471588,70600,0,1,96.112469
2005-11-21,30.5000,21.584816,82800,0,1,96.619325
2005-11-22,30.6850,21.715736,108200,0,1,97.205376
2005-11-23,30.7900,21.790049,65200,0,1,97.538000
2005-11-25,30.8400,21.825432,51600,0,1,97.696393
2005-11-28,30.5550,21.623741,71200,0,1,96.793556
2005-11-29,30.5700,21.634357,41600,0,1,96.841074
2005-11-30,30.4000,21.514038,114800,0,1,96.302540
2005-12-01,30.7600,21.768814,24600,0,1,97.442965
2005-12-02,30.8000,21.797131,30000,0,1,97.569679
2005-12-05,30.7050,21.729895,88200,0,1,97.268733
2005-12-06,30.7200,21.740515,120000,0,1,97.316251
2005-12-07,30.6050,21.659124,65600,0,1,96.951949
2005-12-08,30.5700,21.634357,75000,0,1,96.841074
2005-12-09,30.6500,21.690969,33200,0,1,97.094502
2005-12-12,30.6750,21.708664,40200,0,1,97.173698
2005-12-13,30.8500,21.832510,58600,0,1,97.728071
2005-12-14,30.9800,21.924513,38800,0,1,98.139891
2005-12-15,30.9000,21.867887,44800,0,1,97.886464
2005-12-16,30.8400,21.825432,47400,0,1,97.696393
2005-12-19,30.6000,21.655586,133000,0,1,96.936110
2005-12-20,30.6500,21.690969,135200,0,1,97.094502
2005-12-21,30.7100,21.733437,46000,0,1,97.284573
2005-12-22,30.6900,21.831242,146800,0.1575,1,97.720152
2005-12-23,30.7600,21.881037,62800,0,1,97.943039
2005-12-27,30.4700,21.674738,357400,0,1,97.019649
2005-12-28,30.5200,21.710314,86200,0,1,97.178854
2005-12-29,30.4050,21.628508,103200,0,1,96.812682
2005-12-30,30.2550,21.521807,122600,0,1,96.335066
2006-01-03,30.7150,21.849031,144600,0,1,97.799754
2006-01-04,30.9100,21.987749,176800,0,1,98.420654
2006-01-05,30.9250,21.998419,43200,0,1,98.468416
2006-01-06,31.2350,22.218925,70600,0,1,99.455488
2006-01-09,31.3800,22.322071,51800,0,1,99.917183
2006-01-10,31.3450,22.297173,90600,0,1,99.805740
2006-01-11,31.4450,22.368311,64600,0,1,100.124150
2006-01-12,31.2850,22.254490,46400,0,1,99.614693
2006-01-13,31.3150,22.275837,26800,0,1,99.710217
2006-01-17,31.2150,22.204699,843800,0,1,99.391806
2006-01-18,31.0950,22.119339,43200,0,1,99.009714
2006-01-19,31.2550,22.233154,238200,0,1,99.519170
2006-01-20,30.7350,21.863251,150400,0,1,97.863436
2006-01-23,30.7900,21.902378,63600,0,1,98.038562
2006-01-24,30.8800,21.966398,67600,0,1,98.325131
2006-01-25,30.8100,21.916599,56800,0,1,98.102244
2006-01-26,31.0750,22.105106,101600,0,1,98.946032
2006-01-27,31.3050,22.268726,61200,0,1,99.678376
2006-01-30,31.3450,22.297173,47600,0,1,99.805740
2006-01-31,31.1950,22.190477,83200,0,1,99.328124
2006-02-01,31.2700,22.243824,52400,0,1,99.566932
2006-02-02,31.0100,22.058870,122200,0,1,98.739065
2006-02-03,30.8600,21.952181,80400,0,1,98.261449
2006-02-06,30.8750,21.962841,25000,0,1,98.309211
2006-02-07,30.6350,21.792126,34600,0,1,97.545026
2006-02-08,30.8450,21.941507,64000,0,1,98.213688
2006-02-09,30.8100,21.916599,49000,0,1,98.102244
2006-02-10,30.8750,21.962841,31800,0,1,98.309211
2006-02-13,30.7650,21.884600,44400,0,1,97.958959
2006-02-14,31.0450,22.083780,65400,0,1,98.850508
2006-02-15,31.1200,22.137121,94000,0,1,99.089316
2006-02-16,31.4250,22.354082,74000,0,1,100.060468
2006-02-17,31.3450,22.297173,51800,0,1,99.805740
2006-02-21,31.3150,22.275837,52200,0,1,99.710217
2006-02-22,31.4600,22.378977,45200,0,1,100.171912
2006-02-23,31.4050,22.339848,41800,0,1,99.996786
2006-02-24,31.4500,22.371862,23800,0,1,100.140071
2006-02-27,31.6050,22.482122,70400,0,1,100.633607
2006-02-28,31.2450,22.226040,58000,0,1,99.487329
2006-03-01,31.5650,22.453671,80200,0,1,100.506243
2006-03-02,31.4950,22.403885,52800,0,1,100.283355
2006-03-03,31.4750,22.389652,44200,0,1,100.219673
2006-03-06,31.2200,22.208260,48800,0,1,99.407727
2006-03-07,31.0900,22.115784,25000,0,1,98.993793
2006-03-08,31.1750,22.176252,64200,0,1,99.264442
2006-03-09,31.0550,22.090878,33200,0,1,98.882350
2006-03-10,31.2400,22.222479,40600,0,1,99.471409
2006-03-13,31.2900,22.258060,40400,0,1,99.630614
2006-03-14,31.5950,22.475014,53800,0,1,100.601766
2006-03-15,31.7850,22.610168,35600,0,1,101.206745
2006-03-16,31.8950,22.688416,48400,0,1,101.556997
2006-03-17,31.8900,22.684855,22200,0,1,101.541076
2006-03-20,31.8650,22.667072,39600,0,1,101.461474
2006-03-21,31.6100,22.485687,76800,0,1,100.649527
2006-03-22,31.8200,22.635059,53200,0,1,101.318189
2006-03-23,31.8100,22.627954,49400,0,1,101.286348
2006-03-24,31.7550,22.665062,32000,0.107,1,101.451921
2006-03-27,31.6800,22.611534,57400,0,1,101.212309
2006-03-28,31.5000,22.483067,61000,0,1,100.637239
2006-03-29,31.7950,22.693613,73200,0,1,101.579715
2006-03-30,31.7700,22.675776,42800,0,1,101.499844
2006-03-31,31.6850,22.615114,89000,0,1,101.228283
2006-04-03,31.6750,22.607965,29800,0,1,101.196335
2006-04-04,31.8550,22.736443,60200,0,1,101.771405
2006-04-05,32.0100,22.847073,48800,0,1,102.266604
2006-04-06,32.0050,22.843512,43600,0,1,102.250630
2006-04-07,31.6450,22.586559,43600,0,1,101.100490
2006-04-10,31.6300,22.575850,30800,0,1,101.052567
2006-04-11,31.3800,22.397413,107200,0,1,100.253859
2006-04-12,31.4400,22.440233,20600,0,1,100.445549
2006-04-13,31.4850,22.472359,35800,0,1,100.589317
2006-04-17,31.4150,22.422398,528200,0,1,100.365678
2006-04-18,31.9950,22.836370,81600,0,1,102.218681
2006-04-19,32.0900,22.904179,106000,0,1,102.522190
2006-04-20,32.1250,22.929157,95200,0,1,102.634010
2006-04-21,32.0350,22.864923,122600,0,1,102.346475
2006-04-24,31.9900,22.832802,26200,0,1,102.202707
2006-04-25,31.8500,22.732870,42000,0,1,101.755431
2006-04-26,31.8800,22.754286,59800,0,1,101.851276
2006-04-27,32.0300,22.861347,43000,0,1,102.330501
2006-04-28,32.0050,22.843512,29200,0,1,102.250630
2006-05-01,31.8200,22.711454,71200,0,1,101.659586
2006-05-02,32.1000,22.911312,36000,0,1,102.554139
2006-05-03,32.0250,22.857775,29600,0,1,102.314526
2006-05-04,32.1350,22.936281,53600,0,1,102.665958
2006-05-05,32.4350,23.150417,34200,0,1,103.624408
2006-05-08,32.4200,23.139708,23400,0,1,103.576485
2006-05-09,32.4350,23.150417,75600,0,1,103.624408
2006-05-10,32.3600,23.096886,36200,0,1,103.384795
2006-05-11,32.0000,22.839935,81400,0,1,102.234656
2006-05-12,31.5850,22.543734,83400,0,1,100.908800
2006-05-15,31.5700,22.533014,129400,0,1,100.860877
2006-05-16,31.5350,22.508043,28800,0,1,100.749058
2006-05-17,31.0650,22.172581,118600,0,1,99.247487
2006-05-18,30.8000,21.983433,79400,0,1,98.400856
2006-05-19,30.9400,22.083366,92000,0,1,98.848133
2006-05-22,30.8500,22.019129,113800,0,1,98.560598
2006-05-23,30.7000,21.912071,50000,0,1,98.081373
2006-05-24,30.7100,21.919201,121800,0,1,98.113321
2006-05-25,31.0550,22.165440,34800,0,1,99.215538
2006-05-26,31.2750,22.322470,52200,0,1,99.918402
2006-05-30,30.6650,21.887081,32400,0,1,97.969553
2006-05-31,31.0100,22.133320,42200,0,1,99.071771
2006-06-01,31.4200,22.425959,32000,0,1,100.381652
2006-06-02,31.4950,22.479502,120400,0,1,100.621265
2006-06-05,30.9050,22.058388,22400,0,1,98.736313
2006-06-06,30.8200,21.997721,65400,0,1,98.464753
2006-06-07,30.6350,21.865677,38200,0,1,97.873709
2006-06-08,30.6250,21.858532,422800,0,1,97.841760
2006-06-09,30.5300,21.790722,65800,0,1,97.538251
2006-06-12,30.0550,21.451694,66200,0,1,96.020705
2006-06-13,29.7800,21.255407,205200,0,1,95.142126
2006-06-14,29.9150,21.351772,63600,0,1,95.573429
2006-06-15,30.6600,21.883520,95800,0,1,97.953579
2006-06-16,30.4900,21.762177,53600,0,1,97.410458
2006-06-19,30.1600,21.526642,57000,0,1,96.356163
2006-06-20,30.1800,21.540915,60200,0,1,96.420059
2006-06-21,30.5050,21.772886,78400,0,1,97.458380
2006-06-22,30.2250,21.652880,50200,0.1125,1,96.923246
2006-06-23,30.2650,21.681538,33600,0,1,97.051515
2006-06-26,30.3900,21.771095,40800,0,1,97.452355
2006-06-27,30.1250,21.581249,56000,0,1,96.602573
2006-06-28,30.3050,21.710197,43800,0,1,97.179784
2006-06-29,31.0000,22.208094,303000,0,1,99.408457
2006-06-30,31.0350,22.233158,73800,0,1,99.520692
2006-07-03,31.1500,22.315540,25000,0,1,99.889466
2006-07-05,30.9850,22.197348,29000,0,1,99.360356
2006-07-06,31.0550,22.247486,40000,0,1,99.584827
2006-07-07,30.7850,22.054056,25000,0,1,98.719011
2006-07-10,30.8600,22.107800,18200,0,1,98.959516
2006-07-11,30.9350,22.161528,33800,0,1,99.200020
2006-07-12,30.6300,21.943016,41600,0,1,98.221969
2006-07-13,30.1400,21.592005,41800,0,1,96.650674
2006-07-14,30.0100,21.498865,83400,0,1,96.233800
2006-07-17,29.9900,21.484539,95000,0,1,96.169665
2006-07-18,30.0100,21.498865,50600,0,1,96.233800
2006-07-19,30.5850,21.910789,59200,0,1,98.077666
2006-07-20,30.3100,21.713785,41800,0,1,97.195817
2006-07-21,30.0700,21.541840,54800,0,1,96.426203
2006-07-24,30.5400,21.878548,39600,0,1,97.933364
2006-07-25,30.7450,22.025400,58200,0,1,98.590742
2006-07-26,30.8000,22.064806,30800,0,1,98.767112
2006-07-27,30.6250,21.939444,26800,0,1,98.205935
2006-07-28,30.9950,22.204496,123200,0,1,99.392423
2006-07-31,30.9750,22.190178,47000,0,1,99.328289
2006-08-01,30.7950,22.061226,45600,0,1,98.751079
2006-08-02,31.0150,22.218840,56000,0,1,99.456558
2006-08-03,31.1050,22.283314,35200,0,1,99.745163
2006-08-04,31.0500,22.243902,72800,0,1,99.568793
2006-08-07,30.9500,22.172270,20200,0,1,99.248121
2006-08-08,30.8650,22.111368,37200,0,1,98.975549
2006-08-09,30.7000,21.993181,36800,0,1,98.446440
2006-08-10,30.7850,22.054056,21800,0,1,98.719011
2006-08-11,30.6600,21.964523,12800,0,1,98.318171
2006-08-14,30.7400,22.021835,41000,0,1,98.574709
2006-08-15,31.1800,22.337048,144600,0,1,99.985668
2006-08-16,31.4700,22.544788,48200,0,1,100.915618
2006-08-17,31.4850,22.555542,35400,0,1,100.963718
2006-08-18,31.5850,22.627180,22800,0,1,101.284391
2006-08-21,31.4750,22.548370,21000,0,1,100.931651
2006-08-22,31.5650,22.612848,55400,0,1,101.220256
2006-08-23,31.3500,22.458815,23000,0,1,100.530811
2006-08-24,31.3850,22.483898,40800,0,1,100.643046
2006-08-25,31.3750,22.476732,25000,0,1,100.610979
2006-08-28,31.5850,22.627180,19000,0,1,101.284391
2006-08-29,31.6250,22.655834,49000,0,1,101.412660
2006-08-30,31.7200,22.723900,27600,0,1,101.717299
2006-08-31,31.6800,22.695232,40000,0,1,101.589030
2006-09-01,31.8700,22.831350,26400,0,1,102.198307
2006-09-05,31.9250,22.870750,51800,0,1,102.374677
2006-09-06,31.5650,22.612848,247800,0,1,101.220256
2006-09-07,31.4200,22.508970,126200,0,1,100.755281
2006-09-08,31.5450,22.598524,25400,0,1,101.156122
2006-09-11,31.5100,22.573448,39200,0,1,101.043887
2006-09-12,31.8800,22.838512,51200,0,1,102.230375
2006-09-13,32.0750,22.978210,54200,0,1,102.855686
2006-09-14,32.0000,22.924479,21600,0,1,102.615182
2006-09-15,32.0800,22.981792,88400,0,1,102.871719
2006-09-18,32.0600,22.967470,29000,0,1,102.807585
2006-09-19,32.0450,22.956709,85400,0,1,102.759484
2006-09-20,32.2250,23.085670,202000,0,1,103.336695
2006-09-21,32.0250,22.942385,26400,0,1,102.695350
2006-09-22,31.9050,22.856424,75000,0,1,102.310543
2006-09-25,32.1750,23.049852,31800,0,1,103.176358
2006-09-26,32.2750,23.214928,32600,0.1295,1,103.912302
2006-09-27,32.3750,23.286852,80600,0,1,104.234261
2006-09-28,32.3650,23.279661,93000,0,1,104.202065
2006-09-29,32.2650,23.207718,52400,0,1,103.880106
2006-10-02,32.1850,23.150190,76200,0,1,103.622538
2006-10-03,32.1850,23.150190,75400,0,1,103.622538
2006-10-04,32.6300,23.470272,44800,0,1,105.055256
2006-10-05,32.7700,23.570971,34600,0,1,105.505999
2006-10-06,32.6450,23.481058,37000,0,1,105.103550
2006-10-09,32.6800,23.506231,20400,0,1,105.216236
2006-10-10,32.7900,23.585354,16200,0,1,105.570391
2006-10-11,32.7000,23.520617,19200,0,1,105.280628
2006-10-12,33.0000,23.736399,32000,0,1,106.246505
2006-10-13,33.1500,23.844294,68400,0,1,106.729444
2006-10-16,33.2200,23.894648,44800,0,1,106.954815
2006-10-17,33.0800,23.793951,32200,0,1,106.504072
2006-10-18,33.0950,23.804739,25400,0,1,106.552366
2006-10-19,33.1500,23.844294,25000,0,1,106.729444
2006-10-20,33.1200,23.822720,49200,0,1,106.632856
2006-10-23,33.2900,23.944994,38200,0,1,107.180187
2006-10-24,33.3200,23.966576,23800,0,1,107.276774
2006-10-25,33.4600,24.067274,42400,0,1,107.727517
2006-10-26,33.6350,24.193150,74400,0,1,108.290945
2006-10-27,33.3950,24.020525,268000,0,1,107.518244
2006-10-30,33.3900,24.016926,32600,0,1,107.502146
2006-10-31,33.3500,23.988146,37200,0,1,107.373362
2006-11-01,33.1650,23.855093,109800,0,1,106.777738
2006-11-02,33.0800,23.793951,255200,0,1,106.504072
2006-11-03,33.0450,23.768772,36200,0,1,106.391387
2006-11-06,33.4150,24.034906,38200,0,1,107.582635
2006-11-07,33.4850,24.085251,36800,0,1,107.808007
2006-11-08,33.6100,24.175177,56600,0,1,108.210456
2006-11-09,33.4250,24.042101,31200,0,1,107.614831
2006-11-10,33.5250,24.114027,21400,0,1,107.936790
2006-11-13,33.6400,24.196737,21400,0,1,108.307043
2006-11-14,33.8750,24.365789,57600,0,1,109.063647
2006-11-15,33.9850,24.444902,50400,0,1,109.417802
2006-11-16,34.0400,24.484461,36400,0,1,109.594880
2006-11-17,34.0500,24.491661,31200,0,1,109.627076
2006-11-20,34.0300,24.477268,88800,0,1,109.562684
2006-11-21,34.1500,24.563587,47800,0,1,109.949035
2006-11-22,34.2200,24.613932,52600,0,1,110.174406
2006-11-24,34.1650,24.574377,48800,0,1,109.997329
2006-11-27,33.6150,24.178766,71400,0,1,108.226554
2006-11-28,33.7650,24.286654,38400,0,1,108.709492
2006-11-29,34.0600,24.498842,47000,0,1,109.659272
2006-11-30,34.1400,24.556391,55200,0,1,109.916839
2006-12-01,34.0300,24.477268,74600,0,1,109.562684
2006-12-04,34.3250,24.689449,37600,0,1,110.512463
2006-12-05,34.5150,24.826118,50600,0,1,111.124186
2006-12-06,34.4250,24.761391,78000,0,1,110.834422
2006-12-07,34.3550,24.711046,28800,0,1,110.609051
2006-12-08,34.3900,24.736214,39400,0,1,110.721737
2006-12-11,34.4450,24.775766,27600,0,1,110.898814
2006-12-12,34.3900,24.736214,133400,0,1,110.721737
2006-12-13,34.4200,24.757778,149600,0,1,110.818324
2006-12-14,34.7300,24.980766,54600,0,1,111.816398
2006-12-15,34.7550,24.998756,38600,0,1,111.896887
2006-12-18,34.5950,24.883663,48200,0,1,111.381753
2006-12-19,34.6750,24.941216,40800,0,1,111.639320
2006-12-20,34.5000,24.926390,59600,0.1545,1,111.573319
2006-12-21,34.3650,24.828861,44400,0,1,111.136727
2006-12-22,34.1700,24.687965,54000,0,1,110.506095
2006-12-26,34.3650,24.828861,36000,0,1,111.136727
2006-12-27,34.6050,25.002268,40000,0,1,111.912889
2006-12-28,34.5300,24.948074,49200,0,1,111.670339
2006-12-29,34.3450,24.814398,43600,0,1,111.072047
2007-01-03,34.3200,24.796343,98400,0,1,110.991197
2007-01-04,34.3900,24.846924,57200,0,1,111.217577
2007-01-05,34.1000,24.637390,82200,0,1,110.279715
2007-01-08,34.2500,24.745766,86400,0,1,110.764816
2007-01-09,34.2500,24.745766,126600,0,1,110.764816
2007-01-10,34.3250,24.799952,52800,0,1,111.007367
2007-01-11,34.5950,24.995035,37200,0,1,111.880549
2007-01-12,34.7350,25.096191,26000,0,1,112.333311
2007-01-16,34.7450,25.103409,94600,0,1,112.365651
2007-01-17,34.7400,25.099794,26600,0,1,112.349481
2007-01-18,34.5850,24.987808,73600,0,1,111.848209
2007-01-19,34.7150,25.081728,82000,0,1,112.268630
2007-01-22,34.5650,24.973354,281400,0,1,111.783529
2007-01-23,34.6950,25.067287,782600,0,1,112.203950
2007-01-24,35.0200,25.302099,1025800,0,1,113.255003
2007-01-25,34.6200,25.013102,98200,0,1,111.961400
2007-01-26,34.5850,24.987808,211600,0,1,111.848209
2007-01-29,34.6000,24.998659,94600,0,1,111.896719
2007-01-30,34.7900,25.135918,157600,0,1,112.511181
2007-01-31,34.9950,25.284027,61000,0,1,113.174153
2007-02-01,35.2600,25.475498,78600,0,1,114.031166
2007-02-02,35.3100,25.511623,53800,0,1,114.192866
2007-02-05,35.3350,25.529684,51400,0,1,114.273716
2007-02-06,35.3000,25.504402,45400,0,1,114.160526
2007-02-07,35.3800,25.562201,47400,0,1,114.419247
2007-02-08,35.3750,25.558584,101800,0,1,114.403077
2007-02-09,35.1150,25.370731,68600,0,1,113.562234
2007-02-12,34.9700,25.265984,47200,0,1,113.093303
2007-02-13,35.2900,25.497166,48600,0,1,114.128186
2007-02-14,35.5050,25.652523,693200,0,1,114.823498
2007-02-15,35.5800,25.706701,306400,0,1,115.066048
2007-02-16,35.5700,25.699476,317000,0,1,115.033708
2007-02-20,35.6750,25.775345,48200,0,1,115.373279
2007-02-21,35.6700,25.771727,74000,0,1,115.357109
2007-02-22,35.6400,25.750059,89800,0,1,115.260089
2007-02-23,35.5600,25.692261,47600,0,1,115.001368
2007-02-26,35.4650,25.623608,54200,0,1,114.694137
2007-02-27,34.1500,24.673521,403600,0,1,110.441415
2007-02-28,34.4750,24.908327,217400,0,1,111.492468
2007-03-01,34.3750,24.836086,145000,0,1,111.169067
2007-03-02,33.9400,24.521790,79400,0,1,109.762273
2007-03-05,33.5150,24.214733,139000,0,1,108.387819
2007-03-06,34.1150,24.648235,66200,0,1,110.328225
2007-03-07,34.0450,24.597672,51200,0,1,110.101844
2007-03-08,34.3350,24.807192,82200,0,1,111.039707
2007-03-09,34.3300,24.803566,104000,0,1,111.023537
2007-03-12,34.3950,24.850529,42000,0,1,111.233748
2007-03-13,33.7150,24.359236,97200,0,1,109.034621
2007-03-14,33.9100,24.500120,81600,0,1,109.665253
2007-03-15,34.1100,24.644615,38600,0,1,110.312055
2007-03-16,33.9500,24.529026,52800,0,1,109.794613
2007-03-19,34.3250,24.799952,36600,0,1,111.007367
2007-03-20,34.5500,24.962517,55400,0,1,111.735019
2007-03-21,35.1200,25.374340,238800,0,1,113.578404
2007-03-22,35.1300,25.381573,69000,0,1,113.610744
2007-03-23,35.0500,25.414202,39800,0.125,1,113.756275
2007-03-26,35.0700,25.428701,64800,0,1,113.821186
2007-03-27,34.8650,25.280058,100200,0,1,113.155849
2007-03-28,34.6000,25.087927,60200,0,1,112.295780
2007-03-29,34.7100,25.167660,37600,0,1,112.652790
2007-03-30,34.6900,25.153173,36200,0,1,112.587879
2007-04-02,34.7800,25.218431,50000,0,1,112.879978
2007-04-03,35.1250,25.468586,43800,0,1,113.999690
2007-04-04,35.1650,25.497589,71200,0,1,114.129512
2007-04-05,35.2650,25.570087,48000,0,1,114.454066
2007-04-09,35.3000,25.595476,39400,0,1,114.567660
2007-04-10,35.3850,25.657099,58400,0,1,114.843532
2007-04-11,35.1600,25.493971,61800,0,1,114.113284
2007-04-12,35.3450,25.628094,39800,0,1,114.713710
2007-04-13,35.5200,25.754995,15200,0,1,115.281680
2007-04-16,35.8550,25.997890,41400,0,1,116.368937
2007-04-17,35.9250,26.048653,162400,0,1,116.596125
2007-04-18,35.9400,26.059532,46000,0,1,116.644808
2007-04-19,35.8950,26.026899,42000,0,1,116.498758
2007-04-20,36.1950,26.244423,48000,0,1,117.472421
2007-04-23,36.1350,26.200920,39000,0,1,117.277689
2007-04-24,36.1150,26.186420,64200,0,1,117.212778
2007-04-25,36.4850,26.454689,55600,0,1,118.413629
2007-04-26,36.4700,26.443823,123400,0,1,118.364945
2007-04-27,36.4350,26.418449,23200,0,1,118.251352
2007-04-30,36.0950,26.171921,61400,0,1,117.147867
2007-05-01,36.2000,26.248039,133600,0,1,117.488649
2007-05-02,36.4650,26.440193,76600,0,1,118.348718
2007-05-03,36.6500,26.574335,69400,0,1,118.949143
2007-05-04,36.7000,26.610590,38800,0,1,119.111420
2007-05-07,36.7950,26.679474,48600,0,1,119.419747
2007-05-08,36.7300,26.632353,74200,0,1,119.208787
2007-05-09,36.8600,26.726608,44000,0,1,119.630707
2007-05-10,36.5050,26.469198,52200,0,1,118.478539
2007-05-11,36.7550,26.650478,39400,0,1,119.289925
2007-05-14,36.6750,26.592464,53800,0,1,119.030282
2007-05-15,36.6950,26.606958,54800,0,1,119.095193
2007-05-16,36.8950,26.751970,65200,0,1,119.744301
2007-05-17,36.9100,26.762859,58000,0,1,119.792984
2007-05-18,37.1000,26.900621,54600,0,1,120.409637
2007-05-21,37.2050,26.976767,50600,0,1,120.750419
2007-05-22,37.2450,27.005753,161000,0,1,120.880241
2007-05-23,37.1950,26.969511,90000,0,1,120.717964
2007-05-24,36.8050,26.686718,114200,0,1,119.452202
2007-05-25,37.0250,26.846247,40200,0,1,120.166222
2007-05-29,37.0950,26.896999,33400,0,1,120.393410
2007-05-30,37.4200,27.132660,107800,0,1,121.448211
2007-05-31,37.4550,27.158037,48600,0,1,121.561805
2007-06-01,37.6150,27.274052,49800,0,1,122.081092
2007-06-04,37.6800,27.321169,93800,0,1,122.292052
2007-06-05,37.4850,27.179779,51800,0,1,121.659171
2007-06-06,37.1800,26.958630,45400,0,1,120.669281
2007-06-07,36.4600,26.436569,334200,0,1,118.332490
2007-06-08,36.8650,26.730232,143000,0,1,119.646935
2007-06-11,36.9100,26.762859,39400,0,1,119.792984
2007-06-12,36.5700,26.516333,63000,0,1,118.689500
2007-06-13,37.0500,26.864368,48400,0,1,120.247360
2007-06-14,37.3200,27.060144,49200,0,1,121.123657
2007-06-15,37.5000,27.190655,101400,0,1,121.707855
2007-06-18,37.4350,27.143532,26800,0,1,121.496894
2007-06-19,37.5350,27.216042,67800,0,1,121.821449
2007-06-20,37.0500,26.864368,51400,0,1,120.247360
2007-06-21,37.2650,27.020256,39000,0,1,120.945152
2007-06-22,36.8650,26.730232,53000,0,1,119.646935
2007-06-25,36.6500,26.574335,130200,0,1,118.949143
2007-06-26,36.4950,26.461952,151600,0,1,118.446084
2007-06-27,36.8400,26.712101,38400,0,1,119.565796
2007-06-28,36.7700,26.760870,51200,0.137,1,119.783248
2007-06-29,36.6700,26.688080,77200,0,1,119.457484
2007-07-02,37.0950,26.997400,33800,0,1,120.841979
2007-07-03,37.2350,27.099297,38000,0,1,121.298048
2007-07-05,37.2800,27.132042,57000,0,1,121.444642
2007-07-06,37.4150,27.230295,21000,0,1,121.884422
2007-07-09,37.4600,27.263039,51600,0,1,122.031016
2007-07-10,36.9100,26.862753,151200,0,1,120.239317
2007-07-11,37.1550,27.041056,40400,0,1,121.037437
2007-07-12,37.7850,27.499563,56200,0,1,123.089747
2007-07-13,37.8750,27.565062,97000,0,1,123.382935
2007-07-16,37.8150,27.521414,39000,0,1,123.187477
2007-07-17,37.8100,27.517769,39200,0,1,123.171188
2007-07-18,37.7550,27.477745,122000,0,1,122.992018
2007-07-19,37.9350,27.608749,67400,0,1,123.578393
2007-07-20,37.4750,27.273962,85000,0,1,122.079881
2007-07-23,37.5750,27.346739,66800,0,1,122.405644
2007-07-24,36.8700,26.833641,276200,0,1,120.109011
2007-07-25,36.9900,26.920973,146600,0,1,120.499927
2007-07-26,36.1500,26.309643,379400,0,1,117.763514
2007-07-27,35.5450,25.869312,313600,0,1,115.792645
2007-07-30,35.9650,26.174995,142200,0,1,117.160851
2007-07-31,35.5100,25.843845,157000,0,1,115.678627
2007-08-01,35.7150,25.993053,507000,0,1,116.346443
2007-08-02,35.9150,26.138596,241200,0,1,116.997970
2007-08-03,34.9400,25.429005,226800,0,1,113.821775
2007-08-06,35.6050,25.912985,1128800,0,1,115.988103
2007-08-07,35.9000,26.127689,171800,0,1,116.949105
2007-08-08,36.3850,26.480667,273400,0,1,118.529058
2007-08-09,35.5800,25.894794,440600,0,1,115.906662
2007-08-10,35.4100,25.771067,197400,0,1,115.352864
2007-08-13,35.4550,25.803827,99000,0,1,115.499457
2007-08-14,34.8250,25.345316,441000,0,1,113.447147
2007-08-15,34.3900,25.028719,475600,0,1,112.030076
2007-08-16,34.4200,25.050550,902400,0,1,112.127805
2007-08-17,35.1650,25.592766,255200,0,1,114.554743
2007-08-20,35.2200,25.632786,370200,0,1,114.733913
2007-08-21,35.2900,25.683729,328800,0,1,114.961948
2007-08-22,35.7150,25.993053,348400,0,1,116.346443
2007-08-23,35.6600,25.953022,314400,0,1,116.167273
2007-08-24,36.0550,26.240496,392200,0,1,117.454039
2007-08-27,35.7850,26.043993,131200,0,1,116.574477
2007-08-28,34.9700,25.450853,124400,0,1,113.919504
2007-08-29,35.7050,25.985773,142400,0,1,116.313866
2007-08-30,35.6000,25.909351,126200,0,1,115.971814
2007-08-31,35.9400,26.156799,212600,0,1,117.079410
2007-09-04,36.3600,26.462477,334200,0,1,118.447617
2007-09-05,35.9800,26.185917,384600,0,1,117.209716
2007-09-06,36.1550,26.313276,454400,0,1,117.779802
2007-09-07,35.5450,25.869312,218200,0,1,115.792645
2007-09-10,35.4600,25.807451,309000,0,1,115.515746
2007-09-11,35.9400,26.156799,206200,0,1,117.079410
2007-09-12,35.9450,26.160435,313600,0,1,117.095699
2007-09-13,36.2100,26.353298,102200,0,1,117.958972
2007-09-14,36.2250,26.364222,131000,0,1,118.007836
2007-09-17,36.0300,26.222294,197000,0,1,117.372598
2007-09-18,37.0900,26.993752,154400,0,1,120.825691
2007-09-19,37.3200,27.161150,165600,0,1,121.574947
2007-09-20,37.0650,26.975559,269400,0,1,120.744250
2007-09-21,37.2600,27.117487,77600,0,1,121.379489
2007-09-24,37.0700,26.979206,121000,0,1,120.760538
2007-09-25,36.9350,26.989069,323800,0.1485,1,120.804516
2007-09-26,37.1150,27.120605,70600,0,1,121.393248
2007-09-27,37.2900,27.248465,128200,0,1,121.965626
2007-09-28,37.1500,27.146183,157400,0,1,121.507724
2007-10-01,37.6400,27.504225,99000,0,1,123.110383
2007-10-02,37.6750,27.529800,143000,0,1,123.224859
2007-10-03,37.5350,27.427500,183000,0,1,122.766956
2007-10-04,37.6050,27.478651,78000,0,1,122.995907
2007-10-05,38.0450,27.800152,320400,0,1,124.435030
2007-10-08,37.8500,27.657665,69400,0,1,123.797237
2007-10-09,38.1650,27.887854,76400,0,1,124.827518
2007-10-10,38.1200,27.854961,67400,0,1,124.680335
2007-10-11,37.9500,27.730749,52800,0,1,124.124310
2007-10-12,38.1250,27.858612,40400,0,1,124.696688
2007-10-15,37.8000,27.621138,64200,0,1,123.633700
2007-10-16,37.5500,27.438457,119400,0,1,122.816017
2007-10-17,37.5650,27.449411,86000,0,1,122.865078
2007-10-18,37.6000,27.474997,31200,0,1,122.979554
2007-10-19,36.6150,26.755247,108000,0,1,119.757882
2007-10-22,36.7850,26.879459,134600,0,1,120.313906
2007-10-23,37.1100,27.116941,159000,0,1,121.376895
2007-10-24,37.0400,27.065788,356000,0,1,121.147943
2007-10-25,36.9500,27.000036,172400,0,1,120.853577
2007-10-26,37.4450,27.361727,37600,0,1,122.472590
2007-10-29,37.6500,27.511532,50200,0,1,123.143090
2007-10-30,37.3700,27.306923,85400,0,1,122.227285
2007-10-31,37.7750,27.602871,93400,0,1,123.551932
2007-11-01,36.8500,26.926950,47400,0,1,120.526504
2007-11-02,36.8950,26.959833,179400,0,1,120.673687
2007-11-05,36.6750,26.799076,177800,0,1,119.954126
2007-11-06,37.0900,27.102329,63600,0,1,121.311480
2007-11-07,36.1400,26.408140,98600,0,1,118.204284
2007-11-08,36.0250,26.324121,163400,0,1,117.828149
2007-11-09,35.5500,25.977024,88400,0,1,116.274551
2007-11-12,35.1850,25.710318,92600,0,1,115.080734
2007-11-13,36.1600,26.422764,55200,0,1,118.269698
2007-11-14,35.8800,26.218151,53800,0,1,117.353893
2007-11-15,35.4300,25.889330,74600,0,1,115.882063
2007-11-16,35.6300,26.035482,108600,0,1,116.536210
2007-11-19,35.0150,25.586092,173200,0,1,114.524709
2007-11-20,35.1350,25.673771,167600,0,1,114.917197
2007-11-21,34.6250,25.301111,198000,0,1,113.249124
2007-11-23,35.1200,25.662807,26400,0,1,114.868136
2007-11-26,34.3300,25.085545,228400,0,1,112.284257
2007-11-27,34.7550,25.396105,100400,0,1,113.674319
2007-11-28,35.8900,26.225466,178000,0,1,117.386601
2007-11-29,35.9050,26.236425,108200,0,1,117.435662
2007-11-30,36.1800,26.437372,65000,0,1,118.335113
2007-12-03,36.0000,26.305851,76000,0,1,117.746381
2007-12-04,35.7550,26.126816,100800,0,1,116.945052
2007-12-05,36.2850,26.514101,168400,0,1,118.678540
2007-12-06,36.8500,26.926950,86800,0,1,120.526504
2007-12-07,36.8350,26.915997,107000,0,1,120.477443
2007-12-10,37.0950,27.105988,75800,0,1,121.327834
2007-12-11,36.0500,26.342388,150200,0,1,117.909918
2007-12-12,36.3850,26.587173,81000,0,1,119.005613
2007-12-13,36.3000,26.525051,119400,0,1,118.727601
2007-12-14,35.8750,26.214504,56200,0,1,117.337540
2007-12-17,35.3050,25.798000,72000,0,1,115.473222
2007-12-18,35.5350,25.966066,197600,0,1,116.225490
2007-12-19,35.5050,25.944153,76200,0,1,116.127368
2007-12-20,35.7300,26.108559,68800,0,1,116.863283
2007-12-21,36.3750,26.579870,112200,0,1,118.972906
2007-12-24,36.6450,26.777161,93400,0,1,119.856004
2007-12-26,36.6450,26.777161,654000,0,1,119.856004
2007-12-27,35.9700,26.393400,79000,0.152,1,118.145411
2007-12-28,35.9950,26.411741,100600,0,1,118.227524
2007-12-31,35.7700,26.246645,160400,0,1,117.488500
2008-01-02,35.3250,25.920126,171200,0,1,116.026873
2008-01-03,35.2300,25.850418,98600,0,1,115.714841
2008-01-04,34.3700,25.219381,140600,0,1,112.890124
2008-01-07,34.4300,25.263407,193200,0,1,113.087197
2008-01-08,33.8450,24.834150,296600,0,1,111.165733
2008-01-09,34.1900,25.087303,132600,0,1,112.298904
2008-01-10,34.4800,25.300089,119000,0,1,113.251425
2008-01-11,34.0150,24.958891,97600,0,1,111.724107
2008-01-14,34.3600,25.212042,879600,0,1,112.857278
2008-01-15,33.5550,24.621353,141400,0,1,110.213212
2008-01-16,33.3550,24.474607,294600,0,1,109.556302
2008-01-17,32.3700,23.751854,447200,0,1,106.321016
2008-01-18,32.1950,23.623451,276200,0,1,105.746219
2008-01-22,31.9250,23.425333,517200,0,1,104.859389
2008-01-23,32.5550,23.887604,235800,0,1,106.928658
2008-01-24,32.9250,24.159098,233000,0,1,108.143943
2008-01-25,32.4650,23.821568,306400,0,1,106.633048
2008-01-28,33.0200,24.228806,127000,0,1,108.455976
2008-01-29,33.2550,24.401241,189000,0,1,109.227846
2008-01-30,32.9800,24.199459,384200,0,1,108.324594
2008-01-31,33.5500,24.617701,133200,0,1,110.196790
2008-02-01,34.1000,25.021257,196000,0,1,112.003294
2008-02-04,33.7400,24.757124,97600,0,1,110.820855
2008-02-05,32.7550,24.034357,692600,0,1,107.585569
2008-02-06,32.4400,23.803226,127400,0,1,106.550935
2008-02-07,32.6900,23.986660,179800,0,1,107.372073
2008-02-08,32.5750,23.902279,733000,0,1,106.994349
2008-02-11,32.7950,24.063704,69600,0,1,107.716951
2008-02-12,32.9950,24.210466,164800,0,1,108.373862
2008-02-13,33.4550,24.547993,44800,0,1,109.884757
2008-02-14,33.0450,24.247147,130200,0,1,108.538090
2008-02-15,33.0350,24.239813,374800,0,1,108.505244
2008-02-19,33.0250,24.232473,69000,0,1,108.472399
2008-02-20,33.3050,24.437922,206000,0,1,109.392074
2008-02-21,32.8600,24.111403,106000,0,1,107.930447
2008-02-22,33.1400,24.316856,102800,0,1,108.850122
2008-02-25,33.6100,24.661718,280800,0,1,110.393863
2008-02-26,33.8400,24.830484,148200,0,1,111.149310
2008-02-27,33.7900,24.793808,430400,0,1,110.985083
2008-02-28,33.4800,24.566332,93800,0,1,109.966871
2008-02-29,32.6250,23.938971,191200,0,1,107.158577
2008-03-03,32.6400,23.949980,95400,0,1,107.207845
2008-03-04,32.5250,23.865599,97600,0,1,106.830122
2008-03-05,32.6650,23.968328,257400,0,1,107.289959
2008-03-06,31.9500,23.443682,203400,0,1,104.941503
2008-03-07,31.6850,23.249241,177200,0,1,104.071096
2008-03-10,31.2050,22.897022,215000,0,1,102.494510
2008-03-11,32.2500,23.663811,192600,0,1,105.926869
2008-03-12,32.0250,23.498714,56000,0,1,105.187845
2008-03-13,32.1800,23.612446,95000,0,1,105.696951
2008-03-14,31.6250,23.205200,420400,0,1,103.874023
2008-03-17,31.1850,22.882353,142600,0,1,102.428819
2008-03-18,32.4050,23.777548,432400,0,1,106.435975
2008-03-19,31.7250,23.278576,90800,0,1,104.202478
2008-03-20,32.4050,23.777548,116800,0,1,106.435975
2008-03-24,32.9300,24.162762,165000,0,1,108.160366
2008-03-25,32.9100,24.252676,378000,0.142,1,108.561082
2008-03-26,32.6700,24.075804,111000,0,1,107.769387
2008-03-27,32.3350,23.828930,62400,0,1,106.664314
2008-03-28,32.0400,23.611540,65600,0,1,105.691190
2008-03-31,32.2150,23.740498,43800,0,1,106.268467
2008-04-01,33.3650,24.587978,224200,0,1,110.062002
2008-04-02,33.3400,24.569563,154400,0,1,109.979534
2008-04-03,33.4200,24.628510,180400,0,1,110.243432
2008-04-04,33.4850,24.676409,136800,0,1,110.457849
2008-04-07,33.4950,24.683786,87600,0,1,110.490837
2008-04-08,33.3800,24.599033,70200,0,1,110.111483
2008-04-09,33.0800,24.377947,44000,0,1,109.121865
2008-04-10,33.2200,24.481119,69800,0,1,109.583687
2008-04-11,32.5900,24.016853,50400,0,1,107.505489
2008-04-14,32.4650,23.924734,123800,0,1,107.093149
2008-04-15,32.6000,24.024218,154400,0,1,107.538477
2008-04-16,33.3650,24.587978,89000,0,1,110.062002
2008-04-17,33.3850,24.602720,77600,0,1,110.127977
2008-04-18,33.9900,25.048559,147200,0,1,112.123706
2008-04-21,33.9250,25.000669,89000,0,1,111.909289
2008-04-22,33.6550,24.801693,105200,0,1,111.018633
2008-04-23,33.7150,24.845919,53200,0,1,111.216556
2008-04-24,33.9250,25.000669,115400,0,1,111.909289
2008-04-25,34.1700,25.181217,49000,0,1,112.717477
2008-04-28,34.1450,25.162792,46800,0,1,112.635009
2008-04-29,33.9850,25.044876,40400,0,1,112.107212
2008-04-30,33.8250,24.926964,106200,0,1,111.579416
2008-05-01,34.4250,25.369137,48400,0,1,113.558652
2008-05-02,34.5350,25.450195,91800,0,1,113.921512
2008-05-05,34.4350,25.376503,71000,0,1,113.591639
2008-05-06,34.6700,25.549686,47200,0,1,114.366840
2008-05-07,34.0900,25.122255,88000,0,1,112.453579
2008-05-08,34.2000,25.203327,62600,0,1,112.816439
2008-05-09,34.0550,25.096462,64200,0,1,112.338123
2008-05-12,34.3950,25.347033,86200,0,1,113.459690
2008-05-13,34.4350,25.376503,68600,0,1,113.591639
2008-05-14,34.5600,25.468628,89400,0,1,114.003980
2008-05-15,34.9200,25.733913,83800,0,1,115.191522
2008-05-16,35.0300,25.814983,70400,0,1,115.554381
2008-05-19,35.0050,25.796568,49400,0,1,115.471913
2008-05-20,34.7400,25.601269,128800,0,1,114.597751
2008-05-21,34.1800,25.188583,161600,0,1,112.750464
2008-05-22,34.2800,25.262274,155200,0,1,113.080337
2008-05-23,33.8800,24.967495,86600,0,1,111.760846
2008-05-27,34.1100,25.136995,92800,0,1,112.519553
2008-05-28,34.2350,25.229122,61200,0,1,112.931894
2008-05-29,34.4250,25.369137,67200,0,1,113.558652
2008-05-30,34.4900,25.417040,33800,0,1,113.773069
2008-06-02,34.1950,25.199635,128400,0,1,112.799945
2008-06-03,34.0550,25.096462,294200,0,1,112.338123
2008-06-04,34.0200,25.070679,93200,0,1,112.222668
2008-06-05,34.7200,25.586542,76400,0,1,114.531776
2008-06-06,33.7100,24.842218,89000,0,1,111.200063
2008-06-09,33.6950,24.831173,76400,0,1,111.150582
2008-06-10,33.6400,24.790630,96200,0,1,110.969152
2008-06-11,33.0700,24.370569,26600,0,1,109.088878
2008-06-12,33.1600,24.436905,108200,0,1,109.385763
2008-06-13,33.6450,24.794323,21600,0,1,110.985646
2008-06-16,33.7000,24.834856,24600,0,1,111.167075
2008-06-17,33.5300,24.709572,41000,0,1,110.606292
2008-06-18,33.2000,24.466389,59600,0,1,109.517712
2008-06-19,33.2850,24.529018,94000,0,1,109.798104
2008-06-20,32.7250,24.116333,100600,0,1,107.950817
2008-06-23,32.7050,24.101604,83400,0,1,107.884843
2008-06-24,32.5350,23.976315,67600,0,1,107.324059
2008-06-25,32.5850,24.113590,86600,0.1355,1,107.935973
2008-06-26,31.7450,23.491983,120200,0,1,105.153521
2008-06-27,31.6000,23.384668,441600,0,1,104.673216
2008-06-30,31.5800,23.369875,58000,0,1,104.606967
2008-07-01,31.6850,23.447582,128600,0,1,104.954774
2008-07-02,31.0850,23.003563,52600,0,1,102.967308
2008-07-03,31.0000,22.940659,82800,0,1,102.685750
2008-07-07,30.7700,22.770454,119600,0,1,101.923888
2008-07-08,31.3100,23.170067,110600,0,1,103.712608
2008-07-09,30.6750,22.700155,194800,0,1,101.609206
2008-07-10,30.8650,22.840757,105800,0,1,102.238570
2008-07-11,30.6050,22.648365,103600,0,1,101.377335
2008-07-14,30.2700,22.400444,227000,0,1,100.267666
2008-07-15,29.9550,22.167336,154200,0,1,99.224247
2008-07-16,30.7200,22.733463,112000,0,1,101.758266
2008-07-17,31.0400,22.970261,236400,0,1,102.818248
2008-07-18,31.0600,22.985060,119400,0,1,102.884497
2008-07-21,31.0850,23.003563,145000,0,1,102.967308
2008-07-22,31.4700,23.288469,292800,0,1,104.242599
2008-07-23,31.6050,23.388372,296000,0,1,104.689778
2008-07-24,30.8900,22.859262,168200,0,1,102.321381
2008-07-25,31.0100,22.948057,77600,0,1,102.718875
2008-07-28,30.4900,22.563251,136000,0,1,100.996404
2008-07-29,31.1650,23.062759,140400,0,1,103.232303
2008-07-30,31.6650,23.432777,368400,0,1,104.888525
2008-07-31,31.2950,23.158970,949800,0,1,103.662921
2008-08-01,31.1600,23.059055,215200,0,1,103.215741
2008-08-04,30.8000,22.792650,102800,0,1,102.023261
2008-08-05,31.6100,23.392076,103800,0,1,104.706341
2008-08-06,31.8100,23.540085,147600,0,1,105.368829
2008-08-07,31.2850,23.151562,64800,0,1,103.629796
2008-08-08,31.9350,23.632586,194600,0,1,105.782885
2008-08-11,32.1500,23.791689,300800,0,1,106.495060
2008-08-12,31.8450,23.565975,87400,0,1,105.484765
2008-08-13,31.8250,23.551176,161200,0,1,105.418516
2008-08-14,31.9650,23.654787,187600,0,1,105.882258
2008-08-15,32.1200,23.769480,94800,0,1,106.395687
2008-08-18,31.6400,23.414272,65400,0,1,104.805714
2008-08-19,31.3500,23.199667,82600,0,1,103.845105
2008-08-20,31.5450,23.343966,260800,0,1,104.491032
2008-08-21,31.5650,23.358770,72200,0,1,104.557281
2008-08-22,31.9300,23.628880,72800,0,1,105.766323
2008-08-25,31.3450,23.195961,214000,0,1,103.828543
2008-08-26,31.4150,23.247776,109200,0,1,104.060414
2008-08-27,31.6800,23.443869,50400,0,1,104.938212
2008-08-28,32.1700,23.806475,263000,0,1,106.561309
2008-08-29,31.7900,23.525272,159800,0,1,105.302580
2008-09-02,31.5900,23.377268,215800,0,1,104.640092
2008-09-03,31.5050,23.314373,35200,0,1,104.358534
2008-09-04,30.5800,22.629843,207600,0,1,101.294524
2008-09-05,30.7750,22.774151,143600,0,1,101.940450
2008-09-08,31.2700,23.140459,173000,0,1,103.580110
2008-09-09,30.2550,22.389343,343200,0,1,100.217980
2008-09-10,30.4200,22.511450,150600,0,1,100.764533
2008-09-11,30.8350,22.818548,213600,0,1,102.139197
2008-09-12,30.9250,22.885166,107600,0,1,102.437317
2008-09-15,29.6550,21.945332,394600,0,1,98.230514
2008-09-16,29.9950,22.196947,407400,0,1,99.356744
2008-09-17,28.6300,21.186817,297600,0,1,94.835259
2008-09-18,29.8100,22.060036,415800,0,1,98.743942
2008-09-19,30.9700,22.918459,445600,0,1,102.586377
2008-09-22,29.9550,22.167336,228000,0,1,99.224247
2008-09-23,29.4750,21.812126,124600,0,1,97.634274
2008-09-24,29.2200,21.732918,392400,0.1485,1,97.281498
2008-09-25,29.7150,22.101082,195800,0,1,98.929491
2008-09-26,29.8250,22.182899,221000,0,1,99.295712
2008-09-29,27.7900,20.669329,673400,0,1,92.520631
2008-09-30,28.5700,21.249474,338600,0,1,95.117468
2008-10-01,28.4500,21.160210,283600,0,1,94.717954
2008-10-02,27.2800,20.289999,254400,0,1,90.822699
2008-10-03,27.0350,20.107779,277600,0,1,90.007026
2008-10-06,25.9450,19.297073,1343600,0,1,86.378114
2008-10-07,24.3950,18.144239,1037200,0,1,81.217733
2008-10-08,23.9800,17.835571,550000,0,1,79.836083
2008-10-09,22.5000,16.734791,728400,0,1,74.908751
2008-10-10,22.3500,16.623230,973000,0,1,74.409360
2008-10-13,24.5500,18.259514,761000,0,1,81.733771
2008-10-14,24.4400,18.177702,1577600,0,1,81.367550
2008-10-15,22.1500,16.474470,747800,0,1,73.743504
2008-10-16,23.0250,17.125265,512200,0,1,76.656622
2008-10-17,22.9950,17.102951,438400,0,1,76.556744
2008-10-20,23.9550,17.816973,339800,0,1,79.752851
2008-10-21,23.3350,17.355837,236400,0,1,77.688698
2008-10-22,22.1300,16.459599,343400,0,1,73.676919
2008-10-23,22.1150,16.448444,386600,0,1,73.626979
2008-10-24,21.6250,16.083992,618800,0,1,71.995633
2008-10-27,20.5650,15.295602,581600,0,1,68.466599
2008-10-28,22.6350,16.835201,367200,0,1,75.358204
2008-10-29,22.3750,16.641817,464800,0,1,74.492592
2008-10-30,23.2000,17.255430,262200,0,1,77.239246
2008-10-31,23.6000,17.552948,195600,0,1,78.570957
2008-11-03,23.5400,17.508326,372600,0,1,78.371200
2008-11-04,24.4600,18.192572,299200,0,1,81.434136
2008-11-05,23.1500,17.218241,271600,0,1,77.072782
2008-11-06,22.0650,16.411249,228200,0,1,73.460515
2008-11-07,22.5550,16.775696,175600,0,1,75.091862
2008-11-10,22.3700,16.638103,198200,0,1,74.475945
2008-11-11,21.8950,16.284813,168600,0,1,72.894538
2008-11-12,20.7350,15.422043,426200,0,1,69.032576
2008-11-13,22.1700,16.489344,388600,0,1,73.810090
2008-11-14,21.1800,15.753018,259800,0,1,70.514105
2008-11-17,20.6700,15.373689,162400,0,1,68.816173
2008-11-18,20.7500,15.433204,244200,0,1,69.082515
2008-11-19,19.5850,14.566706,624400,0,1,65.203906
2008-11-20,18.2900,13.603531,489200,0,1,60.892492
2008-11-21,19.3000,14.354735,503600,0,1,64.255062
2008-11-24,20.4400,15.202627,984800,0,1,68.050439
2008-11-25,20.8050,15.474108,182200,0,1,69.265625
2008-11-26,21.5150,16.002178,668000,0,1,71.629413
2008-11-28,21.7500,16.176968,80800,0,1,72.411793
2008-12-01,19.8300,14.748930,272400,0,1,66.019580
2008-12-02,20.5850,15.310474,262800,0,1,68.533184
2008-12-03,21.0900,15.686078,147600,0,1,70.214470
2008-12-04,20.5400,15.277010,332400,0,1,68.383367
2008-12-05,21.3600,15.886894,244800,0,1,71.113375
2008-12-08,22.0200,16.377783,481800,0,1,73.310698
2008-12-09,21.6150,16.076551,272200,0,1,71.962340
2008-12-10,21.9550,16.329428,214000,0,1,73.094295
2008-12-11,21.2950,15.838544,386200,0,1,70.896972
2008-12-12,21.4000,15.916649,580600,0,1,71.246546
2008-12-15,21.1400,15.723264,209600,0,1,70.380933
2008-12-16,22.1900,16.504217,297000,0,1,73.876675
2008-12-17,22.1650,16.485624,234000,0,1,73.793443
2008-12-18,21.6600,16.110027,163000,0,1,72.112158
2008-12-19,21.6750,16.121174,170000,0,1,72.162097
2008-12-22,21.3100,15.849712,356800,0,1,70.946911
2008-12-23,20.9700,15.711104,199000,0.155,1,70.330994
2008-12-24,21.0300,15.756056,117400,0,1,70.532228
2008-12-26,21.1900,15.875928,111000,0,1,71.068849
2008-12-29,21.0900,15.801008,315400,0,1,70.733461
2008-12-30,21.6750,16.239300,477600,0,1,72.695484
2008-12-31,22.0450,16.516516,555000,0,1,73.936422
2009-01-02,22.6050,16.936077,441200,0,1,75.814598
2009-01-05,22.5900,16.924833,547800,0,1,75.764290
2009-01-06,22.8100,17.089661,156000,0,1,76.502145
2009-01-07,22.1800,16.617661,173800,0,1,74.389197
2009-01-08,22.2300,16.655107,139000,0,1,74.556891
2009-01-09,21.7750,16.314217,332200,0,1,73.030873
2009-01-12,21.2400,15.913383,224000,0,1,71.236544
2009-01-13,21.2750,15.939610,201200,0,1,71.353930
2009-01-14,20.5950,15.430146,372600,0,1,69.073287
2009-01-15,20.6250,15.452616,293800,0,1,69.173904
2009-01-16,20.8450,15.617445,257000,0,1,69.911759
2009-01-20,19.7250,14.778316,463600,0,1,66.155406
2009-01-21,20.5100,15.366456,514000,0,1,68.788207
2009-01-22,20.2050,15.137946,537200,0,1,67.765271
2009-01-23,20.3900,15.276549,149000,0,1,68.385740
2009-01-26,20.4450,15.317760,404600,0,1,68.570204
2009-01-27,20.6850,15.497575,442800,0,1,69.375137
2009-01-28,21.3450,15.992061,232800,0,1,71.588702
2009-01-29,20.6750,15.490085,255000,0,1,69.341598
2009-01-30,20.1800,15.119220,423200,0,1,67.681424
2009-02-02,20.2000,15.134198,197000,0,1,67.748502
2009-02-03,20.4900,15.351473,146200,0,1,68.721129
2009-02-04,20.3900,15.276549,120800,0,1,68.385740
2009-02-05,20.6750,15.490085,203400,0,1,69.341598
2009-02-06,21.2800,15.943357,421200,0,1,71.370699
2009-02-09,21.3450,15.992061,145200,0,1,71.588702
2009-02-10,20.3500,15.246590,299200,0,1,68.251585
2009-02-11,20.4800,15.343990,186400,0,1,68.687590
2009-02-12,20.5250,15.377695,378600,0,1,68.838515
2009-02-13,20.2650,15.182901,119800,0,1,67.966505
2009-02-17,19.4250,14.553561,352000,0,1,65.149240
2009-02-18,19.3800,14.519844,457200,0,1,64.998315
2009-02-19,19.1800,14.370004,406800,0,1,64.327538
2009-02-20,18.9550,14.201433,351000,0,1,63.572914
2009-02-23,18.2750,13.691960,289800,0,1,61.292271
2009-02-24,18.9650,14.208916,274800,0,1,63.606452
2009-02-25,18.7850,14.074066,333000,0,1,63.002753
2009-02-26,18.5000,13.860533,180800,0,1,62.046895
2009-02-27,18.1450,13.594557,192600,0,1,60.856266
2009-03-02,17.2900,12.953982,414000,0,1,57.988693
2009-03-03,17.1350,12.837851,377400,0,1,57.468841
2009-03-04,17.5750,13.167507,172000,0,1,58.944551
2009-03-05,16.8300,12.609341,237200,0,1,56.445905
2009-03-06,16.8350,12.613080,415800,0,1,56.462675
2009-03-09,16.6900,12.504446,385800,0,1,55.976361
2009-03-10,17.6650,13.234935,278600,0,1,59.246400
2009-03-11,17.7550,13.302363,212400,0,1,59.548250
2009-03-12,18.4300,13.808087,294800,0,1,61.812123
2009-03-13,18.6350,13.961675,274200,0,1,62.499670
2009-03-16,18.5400,13.890500,287600,0,1,62.181051
2009-03-17,19.1400,14.340032,180800,0,1,64.193383
2009-03-18,19.5600,14.654711,428000,0,1,65.602015
2009-03-19,19.3400,14.489873,272000,0,1,64.864160
2009-03-20,18.9200,14.175202,166400,0,1,63.455528
2009-03-23,20.2750,15.190395,562200,0,1,68.000043
2009-03-24,19.8500,14.871979,177800,0,1,66.574642
2009-03-25,19.9600,15.049929,345400,0.126,1,67.366159
2009-03-26,20.3950,15.377917,312000,0,1,68.834309
2009-03-27,19.9850,15.068768,414200,0,1,67.450535
2009-03-30,19.3100,14.559820,302800,0,1,65.172371
2009-03-31,19.5150,14.714391,257600,0,1,65.864258
2009-04-01,19.8600,14.974523,303800,0,1,67.028653
2009-04-02,20.4350,15.408077,747200,0,1,68.969311
2009-04-03,20.7000,15.607883,164200,0,1,69.863702
2009-04-06,20.5500,15.494785,87000,0,1,69.357443
2009-04-07,20.0150,15.091391,190000,0,1,67.551787
2009-04-08,20.2750,15.287433,123400,0,1,68.429302
2009-04-09,21.0850,15.898170,228400,0,1,71.163099
2009-04-13,21.1400,15.939647,223400,0,1,71.348727
2009-04-14,20.7300,15.630512,410600,0,1,69.964954
2009-04-15,20.9600,15.803927,300000,0,1,70.741217
2009-04-16,21.2950,16.056515,229800,0,1,71.871861
2009-04-17,21.4500,16.173382,247600,0,1,72.394995
2009-04-20,20.4850,15.445773,459000,0,1,69.138064
2009-04-21,20.9450,15.792628,528800,0,1,70.690591
2009-04-22,20.8150,15.694606,562600,0,1,70.251834
2009-04-23,20.9900,15.826543,481400,0,1,70.842469
2009-04-24,21.3500,16.097990,626000,0,1,72.057490
2009-04-27,21.1500,15.947190,118600,0,1,71.382478
2009-04-28,21.0900,15.901952,265200,0,1,71.179975
2009-04-29,21.5700,16.263866,229600,0,1,72.800002
2009-04-30,21.5650,16.260094,327800,0,1,72.783127
2009-05-01,21.6650,16.335495,340000,0,1,73.120633
2009-05-04,22.4600,16.934929,483000,0,1,75.803804
2009-05-05,22.3350,16.840677,391000,0,1,75.381922
2009-05-06,22.7300,17.138515,424800,0,1,76.715070
2009-05-07,22.3600,16.859529,311400,0,1,75.466298
2009-05-08,22.9300,17.289312,308400,0,1,77.390081
2009-05-11,22.4900,16.957548,257800,0,1,75.905056
2009-05-12,22.4050,16.893454,181400,0,1,75.618176
2009-05-13,21.7550,16.403364,335000,0,1,73.424388
2009-05-14,22.0200,16.603174,302800,0,1,74.318779
2009-05-15,21.7950,16.433510,239000,0,1,73.559390
2009-05-18,22.4400,16.919847,247400,0,1,75.736303
2009-05-19,22.4400,16.919847,267400,0,1,75.736303
2009-05-20,22.3200,16.829372,213800,0,1,75.331296
2009-05-21,21.9650,16.561708,228200,0,1,74.133150
2009-05-22,21.9400,16.542849,181000,0,1,74.048774
2009-05-26,22.5200,16.980171,159000,0,1,76.006308
2009-05-27,22.1000,16.663496,95200,0,1,74.588783
2009-05-28,22.4300,16.912317,85800,0,1,75.702552
2009-05-29,22.7650,17.164907,128200,0,1,76.833197
2009-06-01,23.4000,17.643698,214400,0,1,78.976359
2009-06-02,23.4200,17.658775,323000,0,1,79.043860
2009-06-03,23.1050,17.421265,121000,0,1,77.980716
2009-06-04,23.3750,17.624844,107200,0,1,78.891982
2009-06-05,23.3200,17.583380,199600,0,1,78.706354
2009-06-08,23.2600,17.538141,121400,0,1,78.503850
2009-06-09,23.3750,17.624844,88200,0,1,78.891982
2009-06-10,23.3150,17.579607,139400,0,1,78.689479
2009-06-11,23.4750,17.700245,134400,0,1,79.229488
2009-06-12,23.4800,17.704010,93800,0,1,79.246363
2009-06-15,22.9250,17.285551,100000,0,1,77.373206
2009-06-16,22.5950,17.036715,147200,0,1,76.259437
2009-06-17,22.5800,17.025408,77800,0,1,76.208811
2009-06-18,22.7550,17.157360,87000,0,1,76.799446
2009-06-19,22.8400,17.221455,55000,0,1,77.086326
2009-06-22,22.0950,16.659719,177200,0,1,74.571908
2009-06-23,22.1250,16.682341,101800,0,1,74.673160
2009-06-24,22.2100,16.832022,192200,0.1125,1,75.339734
2009-06-25,22.6900,17.195795,55400,0,1,76.967967
2009-06-26,22.6800,17.188215,107400,0,1,76.934046
2009-06-29,22.8850,17.343571,41800,0,1,77.629437
2009-06-30,22.7100,17.210947,85600,0,1,77.035810
2009-07-01,22.7900,17.271578,57200,0,1,77.307183
2009-07-02,22.1950,16.820648,70400,0,1,75.288851
2009-07-06,22.1500,16.786543,116600,0,1,75.136204
2009-07-07,21.7050,16.449299,169800,0,1,73.626696
2009-07-08,21.6900,16.437941,65800,0,1,73.575814
2009-07-09,21.7450,16.479607,57600,0,1,73.762382
2009-07-10,21.7050,16.449299,35800,0,1,73.626696
2009-07-13,22.1950,16.820648,41600,0,1,75.288851
2009-07-14,22.3500,16.938124,67800,0,1,75.814635
2009-07-15,23.0200,17.445885,86400,0,1,78.087378
2009-07-16,23.2300,17.605043,60800,0,1,78.799730
2009-07-17,23.2250,17.601240,86000,0,1,78.782770
2009-07-20,23.4850,17.798285,108600,0,1,79.664730
2009-07-21,23.5600,17.855120,123000,0,1,79.919141
2009-07-22,23.5750,17.866493,81200,0,1,79.970023
2009-07-23,24.1400,18.294687,151400,0,1,81.886590
2009-07-24,24.2500,18.378040,415400,0,1,82.259727
2009-07-27,24.3250,18.434879,163400,0,1,82.514139
2009-07-28,24.2450,18.374258,125400,0,1,82.242766
2009-07-29,24.1250,18.283316,97600,0,1,81.835708
2009-07-30,24.4150,18.503103,144400,0,1,82.819432
2009-07-31,24.4450,18.525829,112200,0,1,82.921197
2009-08-03,24.8500,18.832764,150200,0,1,84.295019
2009-08-04,24.9250,18.889603,249600,0,1,84.549431
2009-08-05,24.8600,18.840336,100200,0,1,84.328941
2009-08-06,24.7300,18.741817,119200,0,1,83.887961
2009-08-07,25.0850,19.010860,161000,0,1,85.092175
2009-08-10,25.0000,18.946442,84400,0,1,84.803842
2009-08-11,24.6850,18.707724,103400,0,1,83.735314
2009-08-12,24.9950,18.942654,89400,0,1,84.786882
2009-08-13,25.1550,19.063913,83400,0,1,85.329626
2009-08-14,24.8850,18.859297,66000,0,1,84.413745
2009-08-17,24.3100,18.423521,141000,0,1,82.463256
2009-08-18,24.5450,18.601612,47200,0,1,83.260412
2009-08-19,24.7350,18.745605,40000,0,1,83.904922
2009-08-20,25.0000,18.946442,51200,0,1,84.803842
2009-08-21,25.4400,19.279902,170200,0,1,86.296390
2009-08-24,25.4550,19.291271,118200,0,1,86.347272
2009-08-25,25.5000,19.325373,129800,0,1,86.499919
2009-08-26,25.5100,19.332952,73200,0,1,86.533841
2009-08-27,25.5850,19.389790,77800,0,1,86.788252
2009-08-28,25.5550,19.367050,48600,0,1,86.686488
2009-08-31,25.3450,19.207901,112200,0,1,85.974135
2009-09-01,24.7700,18.772131,175000,0,1,84.023647
2009-09-02,24.7000,18.719084,75200,0,1,83.786196
2009-09-03,24.9250,18.889603,55000,0,1,84.549431
2009-09-04,25.2700,19.151062,35000,0,1,85.719724
2009-09-08,25.4900,19.317783,69400,0,1,86.465998
2009-09-09,25.7150,19.488314,108600,0,1,87.229232
2009-09-10,26.0200,19.719446,80400,0,1,88.263839
2009-09-11,25.9800,19.689140,57200,0,1,88.128153
2009-09-14,26.1850,19.844501,290800,0,1,88.823545
2009-09-15,26.2850,19.920286,63600,0,1,89.162760
2009-09-16,26.6750,20.215843,124000,0,1,90.485700
2009-09-17,26.6050,20.162804,68200,0,1,90.248249
2009-09-18,26.6850,20.223431,63400,0,1,90.519621
2009-09-21,26.5650,20.132488,60600,0,1,90.112563
2009-09-22,26.6500,20.283186,91400,0.113,1,90.784209
2009-09-23,26.3800,20.077686,122600,0,1,89.864444
2009-09-24,26.0900,19.856972,79400,0,1,88.876549
2009-09-25,25.9150,19.723776,73200,0,1,88.280405
2009-09-28,26.4100,20.100521,58000,0,1,89.966640
2009-09-29,26.3500,20.054857,74200,0,1,89.762248
2009-09-30,26.2300,19.963524,112600,0,1,89.353464
2009-10-01,25.5850,19.472618,87800,0,1,87.156248
2009-10-02,25.4550,19.373682,124800,0,1,86.713398
2009-10-05,25.8350,19.662888,73800,0,1,88.007882
2009-10-06,26.1900,19.933075,135000,0,1,89.217202
2009-10-07,26.2600,19.986366,49200,0,1,89.455660
2009-10-08,26.4900,20.161404,76000,0,1,90.239163
2009-10-09,26.6450,20.279377,35000,0,1,90.767177
2009-10-12,26.7550,20.363102,84600,0,1,91.141896
2009-10-13,26.6850,20.309824,72400,0,1,90.903438
2009-10-14,27.1450,20.659925,208200,0,1,92.470445
2009-10-15,27.2200,20.717007,105000,0,1,92.725935
2009-10-16,27.0200,20.564787,102200,0,1,92.044628
2009-10-19,27.2700,20.755074,116000,0,1,92.896262
2009-10-20,27.1000,20.625685,88600,0,1,92.317151
2009-10-21,26.8700,20.450626,99400,0,1,91.533647
2009-10-22,27.1350,20.652319,68600,0,1,92.436380
2009-10-23,26.8200,20.412567,87800,0,1,91.363321
2009-10-26,26.5000,20.169018,81200,0,1,90.273229
2009-10-27,26.3600,20.062468,177800,0,1,89.796314
2009-10-28,25.8200,19.651472,108000,0,1,87.956784
2009-10-29,26.3550,20.058668,196000,0,1,89.779281
2009-10-30,25.6500,19.522093,146800,0,1,87.377672
2009-11-02,25.7850,19.624838,140200,0,1,87.837555
2009-11-03,25.9000,19.712360,74400,0,1,88.229307
2009-11-04,25.9150,19.723776,177000,0,1,88.280405
2009-11-05,26.4300,20.115742,132600,0,1,90.034771
2009-11-06,26.4900,20.161404,70400,0,1,90.239163
2009-11-09,27.0900,20.618069,71000,0,1,92.283086
2009-11-10,27.0950,20.621872,62400,0,1,92.300118
2009-11-11,27.2450,20.736032,81200,0,1,92.811099
2009-11-12,26.9350,20.500095,91800,0,1,91.755072
2009-11-13,27.1050,20.629484,115600,0,1,92.334184
2009-11-16,27.5150,20.941532,181000,0,1,93.730864
2009-11-17,27.5500,20.968168,77000,0,1,93.850093
2009-11-18,27.5300,20.952953,53200,0,1,93.781962
2009-11-19,27.1450,20.659925,107200,0,1,92.470445
2009-11-20,27.0550,20.591429,52800,0,1,92.163857
2009-11-23,27.3950,20.850199,138400,0,1,93.322079
2009-11-24,27.3750,20.834972,79200,0,1,93.253949
2009-11-25,27.5100,20.937735,73400,0,1,93.713831
2009-11-27,27.0550,20.591429,105600,0,1,92.163857
2009-11-30,27.1400,20.656122,88400,0,1,92.453412
2009-12-01,27.4650,20.903473,151400,0,1,93.560537
2009-12-02,27.5200,20.945341,56400,0,1,93.747896
2009-12-03,27.2700,20.755074,92000,0,1,92.896262
2009-12-04,27.4600,20.899673,140600,0,1,93.543504
2009-12-07,27.4150,20.865423,193600,0,1,93.390210
2009-12-08,27.1400,20.656122,141600,0,1,92.453412
2009-12-09,27.2150,20.713202,86000,0,1,92.708903
2009-12-10,27.3800,20.838783,89000,0,1,93.270981
2009-12-11,27.4900,20.922499,150800,0,1,93.645700
2009-12-14,27.7250,21.101364,120400,0,1,94.446237
2009-12-15,27.5750,20.987202,100400,0,1,93.935256
2009-12-16,27.6550,21.048080,76600,0,1,94.207779
2009-12-17,27.3400,20.808340,148800,0,1,93.134720
2009-12-18,27.5050,20.933920,73200,0,1,93.696798
2009-12-21,27.7700,21.135612,148600,0,1,94.599531
2009-12-22,27.8900,21.226938,534400,0,1,95.008315
2009-12-23,27.8500,21.303059,85800,0.1395,1,95.347266
2009-12-24,27.9850,21.406319,36800,0,1,95.809452
2009-12-28,28.0150,21.429264,100400,0,1,95.912160
2009-12-29,28.0050,21.421612,47400,0,1,95.877924
2009-12-30,27.9750,21.398668,51400,0,1,95.775216
2009-12-31,27.6950,21.184486,54800,0,1,94.816608
2010-01-04,28.1450,21.528702,92600,0,1,96.357228
2010-01-05,28.2550,21.612848,86200,0,1,96.733824
2010-01-06,28.2750,21.628143,923800,0,1,96.802296
2010-01-07,28.4100,21.731407,99400,0,1,97.264482
2010-01-08,28.4950,21.796429,70800,0,1,97.555488
2010-01-11,28.5300,21.823198,188000,0,1,97.675314
2010-01-12,28.2300,21.593723,242400,0,1,96.648234
2010-01-13,28.5300,21.823198,246200,0,1,97.675314
2010-01-14,28.5600,21.846142,283400,0,1,97.778022
2010-01-15,28.2650,21.620495,123600,0,1,96.768060
2010-01-19,28.6000,21.876741,120600,0,1,97.914966
2010-01-20,28.3350,21.674036,131200,0,1,97.007712
2010-01-21,27.8200,21.280102,222000,0,1,95.244558
2010-01-22,27.1950,20.802029,283400,0,1,93.104807
2010-01-25,27.3350,20.909121,248600,0,1,93.584111
2010-01-26,27.2100,20.813505,130000,0,1,93.156161
2010-01-27,27.3200,20.897640,222000,0,1,93.532757
2010-01-28,27.0150,20.664347,183000,0,1,92.488559
2010-01-29,26.7500,20.461636,166800,0,1,91.581305
2010-02-01,27.1000,20.729370,145800,0,1,92.779565
2010-02-02,27.4500,20.997080,172200,0,1,93.977825
2010-02-03,27.2950,20.878519,972400,0,1,93.447167
2010-02-04,26.4450,20.228342,524600,0,1,90.537107
2010-02-05,26.5300,20.293356,547600,0,1,90.828113
2010-02-08,26.2950,20.113600,277600,0,1,90.023567
2010-02-09,26.6250,20.366026,156000,0,1,91.153355
2010-02-10,26.5950,20.343075,82200,0,1,91.050647
2010-02-11,26.8800,20.561075,71200,0,1,92.026373
2010-02-12,26.8850,20.564905,73400,0,1,92.043491
2010-02-16,27.3050,20.886171,106400,0,1,93.481403
2010-02-17,27.4400,20.989437,116400,0,1,93.943589
2010-02-18,27.6450,21.146250,79200,0,1,94.645428
2010-02-19,27.6950,21.184486,67200,0,1,94.816608
2010-02-22,27.6700,21.165361,48600,0,1,94.731018
2010-02-23,27.3350,20.909121,53000,0,1,93.584111
2010-02-24,27.5850,21.100346,62800,0,1,94.440012
2010-02-25,27.5750,21.092701,128600,0,1,94.405776
2010-02-26,27.5900,21.104172,36400,0,1,94.457130
2010-03-01,27.8900,21.333643,109000,0,1,95.484210
2010-03-02,27.9950,21.413961,658400,0,1,95.843688
2010-03-03,27.9950,21.413961,128400,0,1,95.843688
2010-03-04,28.0950,21.490456,65200,0,1,96.186048
2010-03-05,28.4950,21.796429,89000,0,1,97.555488
2010-03-08,28.5050,21.804070,95800,0,1,97.589724
2010-03-09,28.5600,21.846142,47200,0,1,97.778022
2010-03-10,28.7100,21.960884,65000,0,1,98.291562
2010-03-11,28.8350,22.056494,57600,0,1,98.719512
2010-03-12,28.8450,22.064150,145000,0,1,98.753748
2010-03-15,28.8250,22.048855,84600,0,1,98.685276
2010-03-16,29.0850,22.247730,79200,0,1,99.575412
2010-03-17,29.2300,22.358643,78800,0,1,100.071834
2010-03-18,29.1900,22.328049,56000,0,1,99.934890
2010-03-19,29.0200,22.198013,75200,0,1,99.352878
2010-03-22,29.2050,22.339525,69200,0,1,99.986244
2010-03-23,29.4450,22.523100,116800,0,1,100.807908
2010-03-24,29.2800,22.396883,62800,0,1,100.243014
2010-03-25,29.0700,22.319727,84800,0.1095,1,99.898942
2010-03-26,29.0950,22.338923,115200,0,1,99.984854
2010-03-29,29.2600,22.465607,73600,0,1,100.551876
2010-03-30,29.3050,22.500164,173600,0,1,100.706519
2010-03-31,29.1800,22.404182,75000,0,1,100.276957
2010-04-01,29.3950,22.569258,70200,0,1,101.015803
2010-04-05,29.6550,22.768892,111600,0,1,101.909292
2010-04-06,29.7450,22.837992,76200,0,1,102.218577
2010-04-07,29.5750,22.707462,50200,0,1,101.634373
2010-04-08,29.6600,22.772715,135600,0,1,101.926475
2010-04-09,29.8600,22.926279,47800,0,1,102.613774
2010-04-12,29.9250,22.976189,249200,0,1,102.837146
2010-04-13,29.9400,22.987700,95600,0,1,102.888694
2010-04-14,30.3050,23.267950,317600,0,1,104.143015
2010-04-15,30.3200,23.279469,158200,0,1,104.194562
2010-04-16,29.8700,22.933969,109600,0,1,102.648139
2010-04-19,29.9400,22.987700,162200,0,1,102.888694
2010-04-20,30.1950,23.183496,49400,0,1,103.765000
2010-04-21,30.1900,23.179661,80000,0,1,103.747818
2010-04-22,30.3100,23.271790,112400,0,1,104.160197
2010-04-23,30.5250,23.436871,88600,0,1,104.899044
2010-04-26,30.4100,23.348572,86600,0,1,104.503847
2010-04-27,29.6900,22.795755,158000,0,1,102.029570
2010-04-28,29.8600,22.926279,105800,0,1,102.613774
2010-04-29,30.2950,23.260269,63000,0,1,104.108650
2010-04-30,29.7400,22.834150,75800,0,1,102.201394
2010-05-03,30.1250,23.129747,185600,0,1,103.524445
2010-05-04,29.4100,22.580774,241600,0,1,101.067351
2010-05-05,29.1800,22.404182,264800,0,1,100.276957
2010-05-06,28.2500,21.690136,649200,0,1,97.081015
2010-05-07,27.7900,21.336958,512800,0,1,95.500227
2010-05-10,28.9800,22.250629,465000,0,1,99.589657
2010-05-11,28.9350,22.216080,159800,0,1,99.435015
2010-05-12,29.3800,22.557741,96600,0,1,100.964256
2010-05-13,29.0650,22.315876,349800,0,1,99.881760
2010-05-14,28.4850,21.870569,112600,0,1,97.888592
2010-05-17,28.4950,21.878248,230800,0,1,97.922957
2010-05-18,28.1250,21.594166,294400,0,1,96.651453
2010-05-19,27.9150,21.432926,389200,0,1,95.929789
2010-05-20,26.8450,20.611387,414800,0,1,92.252738
2010-05-21,27.2100,20.891634,492400,0,1,93.507059
2010-05-24,26.8850,20.642105,242800,0,1,92.390198
2010-05-25,26.9250,20.672810,338600,0,1,92.527658
2010-05-26,26.7800,20.561483,209600,0,1,92.029366
2010-05-27,27.7250,21.287048,158200,0,1,95.276855
2010-05-28,27.3900,21.029831,96400,0,1,94.125629
2010-06-01,26.8550,20.619070,304800,0,1,92.287103
2010-06-02,27.5500,21.152683,52200,0,1,94.675468
2010-06-03,27.7150,21.279371,96400,0,1,95.242490
2010-06-04,26.7150,20.511578,195800,0,1,91.805994
2010-06-07,26.3250,20.212135,150200,0,1,90.465760
2010-06-08,26.5950,20.419439,151600,0,1,91.393614
2010-06-09,26.4700,20.323469,110400,0,1,90.964052
2010-06-10,27.2500,20.922346,85400,0,1,93.644519
2010-06-11,27.4000,21.037519,124800,0,1,94.159994
2010-06-14,27.3800,21.022158,81000,0,1,94.091264
2010-06-15,28.0250,21.517387,127600,0,1,96.307804
2010-06-16,27.9900,21.490507,95000,0,1,96.187526
2010-06-17,28.0300,21.521225,86800,0,1,96.324986
2010-06-18,28.0600,21.544256,32200,0,1,96.428081
2010-06-21,27.9350,21.448286,129800,0,1,95.998519
2010-06-22,27.4750,21.095097,115600,0,1,94.417731
2010-06-23,27.3750,21.018312,50800,0,1,94.074081
2010-06-24,26.8050,20.666746,72800,0.114,1,92.507039
2010-06-25,26.9650,20.790108,79000,0,1,93.059217
2010-06-28,26.8550,20.705297,189200,0,1,92.679594
2010-06-29,25.9850,20.034523,170600,0,1,89.677128
2010-06-30,25.7400,19.845623,114200,0,1,88.831605
2010-07-01,25.6350,19.764669,393400,0,1,88.469239
2010-07-02,25.5200,19.676003,93200,0,1,88.072361
2010-07-06,25.6100,19.745396,141400,0,1,88.382961
2010-07-07,26.4300,20.377615,136800,0,1,91.212872
2010-07-08,26.7100,20.593493,84400,0,1,92.179183
2010-07-09,26.9200,20.755405,546400,0,1,92.903917
2010-07-12,26.9000,20.739988,70400,0,1,92.834894
2010-07-13,27.3550,21.090796,132400,0,1,94.405150
2010-07-14,27.3450,21.083082,70800,0,1,94.370639
2010-07-15,27.3750,21.106213,90600,0,1,94.474172
2010-07-16,26.5800,20.493263,94800,0,1,91.730539
2010-07-19,26.7250,20.605062,31800,0,1,92.230950
2010-07-20,27.0450,20.851780,26000,0,1,93.335306
2010-07-21,26.7000,20.585785,133000,0,1,92.144672
2010-07-22,27.3100,21.056099,118800,0,1,94.249850
2010-07-23,27.5600,21.248846,110600,0,1,95.112628
2010-07-26,27.9000,21.510990,85400,0,1,96.286006
2010-07-27,27.8600,21.480146,177000,0,1,96.147961
2010-07-28,27.6250,21.298965,81400,0,1,95.336950
2010-07-29,27.5150,21.214155,62600,0,1,94.957328
2010-07-30,27.5350,21.229572,61400,0,1,95.026350
2010-08-02,28.1250,21.684469,112400,0,1,97.062506
2010-08-03,27.9650,21.561102,93600,0,1,96.510328
2010-08-04,28.2000,21.742290,59800,0,1,97.321339
2010-08-05,28.1200,21.680609,35000,0,1,97.045250
2010-08-06,28.0350,21.615084,56200,0,1,96.751906
2010-08-09,28.2150,21.753855,48200,0,1,97.373106
2010-08-10,27.9900,21.580376,73800,0,1,96.596606
2010-08-11,27.2300,20.994417,69000,0,1,93.973761
2010-08-12,27.0700,20.871059,74600,0,1,93.421583
2010-08-13,26.9650,20.790108,31600,0,1,93.059217
2010-08-16,26.9650,20.790108,45000,0,1,93.059217
2010-08-17,27.3400,21.079227,40800,0,1,94.353383
2010-08-18,27.3900,21.117773,54400,0,1,94.525939
2010-08-19,26.9150,20.751554,68000,0,1,92.886661
2010-08-20,26.8150,20.674458,56800,0,1,92.541550
2010-08-23,26.6900,20.578074,49200,0,1,92.110161
2010-08-24,26.2850,20.265823,155600,0,1,90.712461
2010-08-25,26.4100,20.362196,91600,0,1,91.143850
2010-08-26,26.2200,20.215702,112400,0,1,90.488139
2010-08-27,26.6650,20.558804,81800,0,1,92.023883
2010-08-30,26.2850,20.265823,36800,0,1,90.712461
2010-08-31,26.2750,20.258116,97600,0,1,90.677950
2010-09-01,27.0650,20.867203,55800,0,1,93.404328
2010-09-02,27.3250,21.067667,20000,0,1,94.301617
2010-09-03,27.7100,21.364492,34400,0,1,95.630295
2010-09-07,27.3650,21.098501,47600,0,1,94.439661
2010-09-08,27.5400,21.233433,50200,0,1,95.043606
2010-09-09,27.6650,21.329813,43200,0,1,95.474995
2010-09-10,27.8050,21.437748,20000,0,1,95.958150
2010-09-13,28.1300,21.688318,55200,0,1,97.079761
2010-09-14,28.1300,21.688318,98000,0,1,97.079761
2010-09-15,28.2250,21.761564,62400,0,1,97.407617
2010-09-16,28.2100,21.750008,37400,0,1,97.355850
2010-09-17,28.2400,21.773132,37600,0,1,97.459384
2010-09-20,28.6800,22.112366,117400,0,1,98.977873
2010-09-21,28.6200,22.066116,134800,0,1,98.770806
2010-09-22,28.4700,21.950455,49400,0,1,98.253139
2010-09-23,28.0900,21.762972,162800,0.138,1,97.417970
2010-09-24,28.6850,22.223953,128400,0,1,99.481469
2010-09-27,28.5700,22.134853,37000,0,1,99.082642
2010-09-28,28.7200,22.251068,61800,0,1,99.602852
2010-09-29,28.6700,22.212337,65400,0,1,99.429449
2010-09-30,28.6000,22.158102,86400,0,1,99.186684
2010-10-01,28.7050,22.239445,66600,0,1,99.550831
2010-10-04,28.4900,22.072870,50200,0,1,98.805197
2010-10-05,29.0550,22.510616,114400,0,1,100.764654
2010-10-06,29.0250,22.487366,68000,0,1,100.660612
2010-10-07,28.9900,22.460257,39000,0,1,100.539230
2010-10-08,29.1750,22.603584,38200,0,1,101.180822
2010-10-11,29.2000,22.622942,55000,0,1,101.267523
2010-10-12,29.3200,22.715923,67600,0,1,101.683691
2010-10-13,29.5350,22.882492,177000,0,1,102.429325
2010-10-14,29.4300,22.801155,103800,0,1,102.065179
2010-10-15,29.4850,22.843761,154000,0,1,102.255922
2010-10-18,29.6450,22.967722,74200,0,1,102.810813
2010-10-19,29.2050,22.626823,152400,0,1,101.284864
2010-10-20,29.5200,22.870878,45800,0,1,102.377304
2010-10-21,29.5550,22.897995,97400,0,1,102.498687
2010-10-22,29.6500,22.971594,32600,0,1,102.828153
2010-10-25,29.7250,23.029696,54200,0,1,103.088258
2010-10-26,29.7250,23.029696,31400,0,1,103.088258
2010-10-27,29.6900,23.002588,53400,0,1,102.966876
2010-10-28,29.7050,23.014206,41400,0,1,103.018897
2010-10-29,29.7250,23.029696,20600,0,1,103.088258
2010-11-01,29.7050,23.014206,67800,0,1,103.018897
2010-11-02,29.9750,23.223392,65200,0,1,103.955274
2010-11-03,30.0850,23.308617,1366600,0,1,104.336762
2010-11-04,30.6650,23.757973,118400,0,1,106.348240
2010-11-05,30.7950,23.858690,44800,0,1,106.799088
2010-11-08,30.7450,23.819958,96000,0,1,106.625685
2010-11-09,30.5100,23.637886,38000,0,1,105.810690
2010-11-10,30.6600,23.754099,53200,0,1,106.330900
2010-11-11,30.5600,23.676624,40600,0,1,105.984093
2010-11-12,30.1650,23.370596,98200,0,1,104.614207
2010-11-15,30.1450,23.355101,40800,0,1,104.544846
2010-11-16,29.6700,22.987082,110800,0,1,102.897514
2010-11-17,29.7050,23.014206,77600,0,1,103.018897
2010-11-18,30.1300,23.343477,107800,0,1,104.492825
2010-11-19,30.2250,23.417082,29000,0,1,104.822291
2010-11-22,30.2150,23.409338,47800,0,1,104.787610
2010-11-23,29.8100,23.095560,39800,0,1,103.383044
2010-11-24,30.2750,23.455820,49200,0,1,104.995694
2010-11-26,30.0700,23.296991,24800,0,1,104.284741
2010-11-29,30.0400,23.273760,61400,0,1,104.180699
2010-11-30,29.8450,23.122677,64400,0,1,103.504426
2010-12-01,30.4650,23.603025,50800,0,1,105.654627
2010-12-02,30.8600,23.909054,57600,0,1,107.024513
2010-12-03,30.9700,23.994274,36000,0,1,107.406000
2010-12-06,30.9500,23.978779,71000,0,1,107.336639
2010-12-07,30.9750,23.998138,235200,0,1,107.423340
2010-12-08,31.0550,24.060131,29400,0,1,107.700786
2010-12-09,31.1700,24.149227,59000,0,1,108.099613
2010-12-10,31.3750,24.308058,31400,0,1,108.810567
2010-12-13,31.3650,24.300312,49600,0,1,108.775886
2010-12-14,31.3750,24.308058,32200,0,1,108.810567
2010-12-15,31.2450,24.207338,59800,0,1,108.359718
2010-12-16,31.4300,24.350660,63800,0,1,109.001310
2010-12-17,31.5000,24.404898,37000,0,1,109.244075
2010-12-20,31.5650,24.455252,26600,0,1,109.469499
2010-12-21,31.7750,24.617960,59800,0,1,110.197793
2010-12-22,31.7400,24.707867,36600,0.1505,1,110.598355
2010-12-23,31.6650,24.649488,31800,0,1,110.337016
2010-12-27,31.6800,24.661160,63800,0,1,110.389284
2010-12-28,31.7100,24.684509,43000,0,1,110.493819
2010-12-29,31.7750,24.735117,39600,0,1,110.720312
2010-12-30,31.7400,24.707867,29800,0,1,110.598355
2010-12-31,31.7000,24.676727,61400,0,1,110.458974
2011-01-03,32.0450,24.945297,56400,0,1,111.661130
2011-01-04,31.9800,24.894688,47200,0,1,111.434637
2011-01-05,32.1650,25.038708,36800,0,1,112.079271
2011-01-06,32.1150,24.999790,57800,0,1,111.905046
2011-01-07,32.0600,24.956972,51800,0,1,111.713398
2011-01-10,32.0550,24.953087,25200,0,1,111.695975
2011-01-11,32.1250,25.007561,46200,0,1,111.939891
2011-01-12,32.4350,25.248884,33200,0,1,113.020089
2011-01-13,32.3800,25.206070,57000,0,1,112.828441
2011-01-14,32.5800,25.361767,28000,0,1,113.525343
2011-01-18,32.7050,25.459070,74800,0,1,113.960907
2011-01-19,32.3250,25.163258,75400,0,1,112.636793
2011-01-20,32.2100,25.073727,33800,0,1,112.236074
2011-01-21,32.3000,25.143799,33400,0,1,112.549680
2011-01-24,32.4900,25.291693,50600,0,1,113.211737
2011-01-25,32.5000,25.299479,80600,0,1,113.246582
2011-01-26,32.7050,25.459070,113600,0,1,113.960907
2011-01-27,32.8300,25.556370,78400,0,1,114.396471
2011-01-28,32.1700,25.042601,141600,0,1,112.096694
2011-01-31,32.4200,25.237213,63800,0,1,112.967822
2011-02-01,32.9750,25.669241,91600,0,1,114.901725
2011-02-02,32.8800,25.595293,94000,0,1,114.570696
2011-02-03,32.9750,25.669241,39400,0,1,114.901725
2011-02-04,33.0500,25.727638,60400,0,1,115.163063
2011-02-07,33.2900,25.914463,61200,0,1,115.999345
2011-02-08,33.4250,26.019552,95600,0,1,116.469754
2011-02-09,33.3000,25.922241,52600,0,1,116.034191
2011-02-10,33.3650,25.972851,62800,0,1,116.260684
2011-02-11,33.6000,26.155783,133800,0,1,117.079544
2011-02-14,33.6950,26.229733,108800,0,1,117.410572
2011-02-15,33.5550,26.120741,32800,0,1,116.922741
2011-02-16,33.8050,26.315344,68400,0,1,117.793868
2011-02-17,33.9400,26.420443,59000,0,1,118.264277
2011-02-18,33.9700,26.443808,102800,0,1,118.368812
2011-02-22,33.2450,25.879425,133400,0,1,115.842543
2011-02-23,33.0300,25.712063,71000,0,1,115.093373
2011-02-24,33.0050,25.692604,96200,0,1,115.006260
2011-02-25,33.3650,25.972851,56600,0,1,116.260684
2011-02-28,33.5700,26.132416,62400,0,1,116.975008
2011-03-01,33.0250,25.708172,39600,0,1,115.075950
2011-03-02,33.1000,25.766554,28600,0,1,115.337289
2011-03-03,33.6850,26.221947,48000,0,1,117.375727
2011-03-04,33.4400,26.031219,69200,0,1,116.522022
2011-03-07,33.1600,25.813257,49000,0,1,115.546359
2011-03-08,33.4450,26.035120,35000,0,1,116.539445
2011-03-09,33.3700,25.976730,26600,0,1,116.278106
2011-03-10,32.7900,25.525242,85800,0,1,114.257090
2011-03-11,32.9950,25.684814,88400,0,1,114.971415
2011-03-14,32.8050,25.536909,140800,0,1,114.309358
2011-03-15,32.4250,25.241104,328800,0,1,112.985244
2011-03-16,31.8600,24.801279,137800,0,1,111.016496
2011-03-17,32.2450,25.100985,89000,0,1,112.358032
2011-03-18,32.3750,25.202177,136000,0,1,112.811019
2011-03-21,32.8750,25.591391,78600,0,1,114.553274
2011-03-22,32.7550,25.497992,83200,0,1,114.135133
2011-03-23,32.8400,25.564150,43400,0,1,114.431316
2011-03-24,33.1600,25.813257,42600,0,1,115.546359
2011-03-25,33.1750,25.922649,104000,0.125,1,116.034191
2011-03-28,33.0800,25.848434,44200,0,1,115.701915
2011-03-29,33.3050,26.024235,65800,0,1,116.488884
2011-03-30,33.5850,26.243023,59600,0,1,117.468223
2011-03-31,33.5600,26.223486,70600,0,1,117.380782
2011-04-01,33.6900,26.325066,58800,0,1,117.835475
2011-04-04,33.7150,26.344608,60800,0,1,117.922916
2011-04-05,33.7600,26.379766,27400,0,1,118.080310
2011-04-06,33.8200,26.426649,103400,0,1,118.290168
2011-04-07,33.7200,26.348515,45000,0,1,117.940404
2011-04-08,33.6050,26.258657,59000,0,1,117.538176
2011-04-11,33.4850,26.164888,155200,0,1,117.118459
2011-04-12,33.2250,25.961718,43400,0,1,116.209073
2011-04-13,33.2850,26.008598,56400,0,1,116.418931
2011-04-14,33.2650,25.992971,28000,0,1,116.348978
2011-04-15,33.4100,26.106277,61600,0,1,116.856136
2011-04-18,33.0450,25.821070,61600,0,1,115.579497
2011-04-19,33.1900,25.934376,30200,0,1,116.086655
2011-04-20,33.6800,26.317263,64000,0,1,117.800499
2011-04-21,33.8550,26.453993,47800,0,1,118.412585
2011-04-25,33.8050,26.414917,93600,0,1,118.237703
2011-04-26,34.1050,26.649349,40000,0,1,119.286995
2011-04-27,34.3200,26.817347,80200,0,1,120.038988
2011-04-28,34.4450,26.915018,35800,0,1,120.476193
2011-04-29,34.5300,26.981447,46000,0,1,120.773492
2011-05-02,34.4600,26.926737,128000,0,1,120.528657
2011-05-03,34.2950,26.797815,60000,0,1,119.951547
2011-05-04,34.0400,26.598560,44000,0,1,119.059649
2011-05-05,33.7700,26.387587,54400,0,1,118.115286
2011-05-06,33.9100,26.496971,105800,0,1,118.604956
2011-05-09,34.0900,26.637627,24000,0,1,119.234531
2011-05-10,34.3700,26.856411,41200,0,1,120.213870
2011-05-11,34.0300,26.590742,27800,0,1,119.024672
2011-05-12,34.1650,26.696234,32000,0,1,119.496854
2011-05-13,33.8800,26.473530,35400,0,1,118.500026
2011-05-16,33.6650,26.305540,1380400,0,1,117.748034
2011-05-17,33.6000,26.254751,71800,0,1,117.520687
2011-05-18,33.9600,26.536041,89800,0,1,118.779838
2011-05-19,34.0350,26.594646,34200,0,1,119.042161
2011-05-20,33.7950,26.407118,15200,0,1,118.202727
2011-05-23,33.3750,26.078926,58400,0,1,116.733718
2011-05-24,33.3300,26.043768,46000,0,1,116.576325
2011-05-25,33.4700,26.153164,20200,0,1,117.065994
2011-05-26,33.6450,26.289900,13600,0,1,117.678081
2011-05-27,33.7950,26.407118,27200,0,1,118.202727
2011-05-31,34.1450,26.680609,45200,0,1,119.426901
2011-06-01,33.3900,26.090649,192200,0,1,116.786183
2011-06-02,33.3400,26.051584,61200,0,1,116.611301
2011-06-03,33.0200,25.801546,38600,0,1,115.492056
2011-06-06,32.6100,25.481176,89400,0,1,114.058024
2011-06-07,32.6000,25.473351,46400,0,1,114.023048
2011-06-08,32.4400,25.348335,44600,0,1,113.463426
2011-06-09,32.6850,25.539774,55600,0,1,114.320347
2011-06-10,32.2200,25.176420,53400,0,1,112.693945
2011-06-13,32.1950,25.156891,83800,0,1,112.606504
2011-06-14,32.6500,25.512426,26000,0,1,114.197930
2011-06-15,32.0850,25.070942,122400,0,1,112.221764
2011-06-16,32.1150,25.094385,69200,0,1,112.326693
2011-06-17,32.2050,25.164705,66000,0,1,112.641480
2011-06-20,32.3800,25.301445,28400,0,1,113.253567
2011-06-21,32.8550,25.672606,37000,0,1,114.914946
2011-06-22,32.6650,25.524145,429000,0,1,114.250394
2011-06-23,32.5950,25.469448,103400,0,1,114.005560
2011-06-24,32.1150,25.200302,23600,0.137,1,112.805869
2011-06-27,32.4000,25.423923,50200,0,1,113.806949
2011-06-28,32.8150,25.749577,41200,0,1,115.264661
2011-06-29,33.1050,25.977144,99000,0,1,116.283304
2011-06-30,33.4100,26.216471,39000,0,1,117.354635
2011-07-01,33.8950,26.597048,49800,0,1,119.058226
2011-07-05,33.8700,26.577433,55400,0,1,118.970412
2011-07-06,33.9250,26.620590,22200,0,1,119.163603
2011-07-07,34.3050,26.918768,34400,0,1,120.498376
2011-07-08,34.0700,26.734360,35000,0,1,119.672924
2011-07-11,33.4000,26.208624,36800,0,1,117.319509
2011-07-12,33.2700,26.106625,59000,0,1,116.862876
2011-07-13,33.3800,26.192924,68600,0,1,117.249258
2011-07-14,33.1250,25.992832,100400,0,1,116.353555
2011-07-15,33.3050,26.134077,18000,0,1,116.985816
2011-07-18,33.0200,25.910448,128800,0,1,115.984736
2011-07-19,33.5700,26.342016,53400,0,1,117.916644
2011-07-20,33.5700,26.342016,31200,0,1,117.916644
2011-07-21,33.9850,26.667658,62000,0,1,119.374357
2011-07-22,34.0350,26.706896,96000,0,1,119.549985
2011-07-25,33.8400,26.553892,66800,0,1,118.865036
2011-07-26,33.7050,26.447960,57600,0,1,118.390840
2011-07-27,32.9950,25.890823,96800,0,1,115.896922
2011-07-28,32.8900,25.808435,70800,0,1,115.528103
2011-07-29,32.7000,25.659340,119600,0,1,114.860717
2011-08-01,32.5450,25.537712,959600,0,1,114.316270
2011-08-02,31.7150,24.886421,238200,0,1,111.400845
2011-08-03,31.8800,25.015892,580600,0,1,111.980418
2011-08-04,30.2700,23.752554,287000,0,1,106.325196
2011-08-05,30.1700,23.674082,412800,0,1,105.973940
2011-08-08,28.0850,22.038006,562000,0,1,98.650252
2011-08-09,29.4200,23.085562,312000,0,1,103.339520
2011-08-10,28.2250,22.147861,267800,0,1,99.142010
2011-08-11,29.5000,23.148331,195600,0,1,103.620525
2011-08-12,29.7000,23.305279,154600,0,1,104.323037
2011-08-15,30.3500,23.815323,87600,0,1,106.606201
2011-08-16,30.0850,23.607378,87200,0,1,105.675372
2011-08-17,30.1050,23.623072,202200,0,1,105.745623
2011-08-18,28.7450,22.555912,293000,0,1,100.968542
2011-08-19,28.2300,22.151777,394400,0,1,99.159573
2011-08-22,28.2550,22.171398,160800,0,1,99.247387
2011-08-23,29.2400,22.944317,190200,0,1,102.707259
2011-08-24,29.6250,23.246418,92000,0,1,104.059595
2011-08-25,29.1600,22.881536,94200,0,1,102.426254
2011-08-26,29.6100,23.234653,187600,0,1,104.006906
2011-08-29,30.5250,23.952635,1118200,0,1,107.220899
2011-08-30,30.6200,24.027187,104400,0,1,107.554592
2011-08-31,30.7500,24.129196,206600,0,1,108.011225
2011-09-01,30.3850,23.842785,57800,0,1,106.729140
2011-09-02,29.5900,23.218952,381000,0,1,103.936655
2011-09-06,29.3950,23.065943,194200,0,1,103.251706
2011-09-07,30.2500,23.736851,38800,0,1,106.254945
2011-09-08,29.9450,23.497522,101200,0,1,105.183614
2011-09-09,29.1450,22.869772,123600,0,1,102.373566
2011-09-12,29.3350,23.018866,180800,0,1,103.040952
2011-09-13,29.6250,23.246418,96800,0,1,104.059595
2011-09-14,30.0650,23.591686,82800,0,1,105.605121
2011-09-15,30.5500,23.972254,136600,0,1,107.308713
2011-09-16,30.6850,24.078192,81200,0,1,107.782908
2011-09-19,30.3900,23.846704,58400,0,1,106.746703
2011-09-20,30.3050,23.780012,110000,0,1,106.448135
2011-09-21,29.3750,23.050255,73200,0,1,103.181455
2011-09-22,28.4350,22.312643,228600,0,1,99.879648
2011-09-23,28.4650,22.451460,76000,0.146,1,100.497859
2011-09-26,29.1050,22.956249,48200,0,1,102.757427
2011-09-27,29.4450,23.224424,168800,0,1,103.957823
2011-09-28,28.7900,22.707792,86800,0,1,101.645296
2011-09-29,28.9950,22.869499,66400,0,1,102.369064
2011-09-30,28.2800,22.305544,95600,0,1,99.844702
2011-10-03,27.3800,21.595678,132400,0,1,96.667183
2011-10-04,28.1150,22.175400,387600,0,1,99.262157
2011-10-05,28.6050,22.561876,112800,0,1,100.992139
2011-10-06,29.1650,23.003572,120000,0,1,102.969262
2011-10-07,28.8900,22.786669,81800,0,1,101.998354
2011-10-10,29.8750,23.563587,181800,0,1,105.475971
2011-10-11,29.8850,23.571472,64800,0,1,105.511277
2011-10-12,30.2400,23.851475,224000,0,1,106.764632
2011-10-13,30.1350,23.768654,124200,0,1,106.393921
2011-10-14,30.6900,24.206408,117800,0,1,108.353391
2011-10-17,30.0300,23.685841,44400,0,1,106.023211
2011-10-18,30.6800,24.198519,171000,0,1,108.318085
2011-10-19,30.3100,23.906681,169600,0,1,107.011772
2011-10-20,30.4200,23.993441,141800,0,1,107.400136
2011-10-21,31.0100,24.458796,312800,0,1,109.483176
2011-10-24,31.5050,24.849228,171600,0,1,111.230811
2011-10-25,30.8600,24.340487,163800,0,1,108.953589
2011-10-26,31.1650,24.581043,96600,0,1,110.030415
2011-10-27,32.2650,25.448671,626200,0,1,113.914049
2011-10-28,32.3200,25.492050,210600,0,1,114.108231
2011-10-31,31.4750,24.825560,186400,0,1,111.124894
2011-11-01,30.6150,24.147251,179200,0,1,108.088598
2011-11-02,31.1150,24.541620,62400,0,1,109.853886
2011-11-03,31.6950,24.999086,39800,0,1,111.901620
2011-11-04,31.5550,24.888668,235200,0,1,111.407340
2011-11-07,31.7050,25.006966,177400,0,1,111.936926
2011-11-08,32.0900,25.310635,329200,0,1,113.296198
2011-11-09,30.8650,24.344433,231200,0,1,108.971242
2011-11-10,31.1700,24.585003,41000,0,1,110.048068
2011-11-11,31.8100,25.089798,297600,0,1,112.307637
2011-11-14,31.4650,24.817678,95000,0,1,111.089588
2011-11-15,31.6550,24.967539,131400,0,1,111.760397
2011-11-16,31.1400,24.561329,99400,0,1,109.942151
2011-11-17,30.6300,24.159081,117400,0,1,108.141557
2011-11-18,30.5850,24.123581,42400,0,1,107.982681
2011-11-21,30.0050,23.666113,198200,0,1,105.934946
2011-11-22,29.9100,23.591185,43800,0,1,105.599542
2011-11-23,29.2050,23.035126,136800,0,1,103.110485
2011-11-25,29.1400,22.983856,47400,0,1,102.880998
2011-11-28,29.9900,23.654291,532400,0,1,105.881988
2011-11-29,30.0650,23.713444,41000,0,1,106.146781
2011-11-30,31.4050,24.770355,260000,0,1,110.877753
2011-12-01,31.3250,24.707253,138600,0,1,110.595307
2011-12-02,31.3250,24.707253,125400,0,1,110.595307
2011-12-05,31.6500,24.963600,954000,0,1,111.742745
2011-12-06,31.7050,25.006966,112000,0,1,111.936926
2011-12-07,31.7950,25.077959,135800,0,1,112.254678
2011-12-08,31.0000,24.450912,158400,0,1,109.447870
2011-12-09,31.5750,24.904438,126200,0,1,111.477951
2011-12-12,31.1100,24.537676,92400,0,1,109.836233
2011-12-13,30.7650,24.265558,107800,0,1,108.618184
2011-12-14,30.4500,24.017103,67000,0,1,107.506053
2011-12-15,30.5450,24.092041,54200,0,1,107.841458
2011-12-16,30.6700,24.190626,67200,0,1,108.282780
2011-12-19,30.3100,23.906681,40600,0,1,107.011772
2011-12-20,31.2050,24.612604,194200,0,1,110.171638
2011-12-21,31.2750,24.667818,108400,0,1,110.418778
2011-12-22,31.3750,24.881542,167200,0.1695,1,111.370269
2011-12-23,31.6700,25.115490,214200,0,1,112.417415
2011-12-27,31.7000,25.139277,41600,0,1,112.523905
2011-12-28,31.2800,24.806198,119400,0,1,111.033052
2011-12-29,31.5800,25.044111,127400,0,1,112.097947
2011-12-30,31.4750,24.960842,33800,0,1,111.725234
2012-01-03,31.9550,25.341497,194600,0,1,113.429066
2012-01-04,31.9450,25.333572,39400,0,1,113.393569
2012-01-05,32.0600,25.424776,63800,0,1,113.801779
2012-01-06,31.9900,25.369259,35000,0,1,113.553303
2012-01-09,32.0850,25.444595,68400,0,1,113.890520
2012-01-10,32.3700,25.670614,82200,0,1,114.902170
2012-01-11,32.4200,25.710264,84400,0,1,115.079653
2012-01-12,32.5100,25.781637,116400,0,1,115.399121
2012-01-13,32.3550,25.658716,115200,0,1,114.848926
2012-01-17,32.4550,25.738022,1189400,0,1,115.203891
2012-01-18,32.7950,26.007648,147000,0,1,116.410772
2012-01-19,33.0000,26.170219,260000,0,1,117.138450
2012-01-20,32.9950,26.166252,84400,0,1,117.120702
2012-01-23,33.0150,26.182117,59000,0,1,117.191695
2012-01-24,32.9900,26.162296,330400,0,1,117.102953
2012-01-25,33.3250,26.427961,167000,0,1,118.292086
2012-01-26,33.1050,26.253498,71200,0,1,117.511163
2012-01-27,33.1500,26.289181,75200,0,1,117.670897
2012-01-30,33.0300,26.194017,120200,0,1,117.244939
2012-01-31,33.0350,26.197981,59000,0,1,117.262688
2012-02-01,33.3550,26.451754,54600,0,1,118.398576
2012-02-02,33.4200,26.503300,176000,0,1,118.629303
2012-02-03,33.9050,26.887922,348200,0,1,120.350883
2012-02-06,33.8950,26.879999,69200,0,1,120.315387
2012-02-07,33.9600,26.931540,62200,0,1,120.546114
2012-02-08,34.0550,27.006878,90600,0,1,120.883331
2012-02-09,34.0950,27.038595,28000,0,1,121.025317
2012-02-10,33.8400,26.836380,59800,0,1,120.120156
2012-02-13,34.1000,27.042557,90600,0,1,121.043065
2012-02-14,34.0550,27.006878,46000,0,1,120.883331
2012-02-15,33.8950,26.879999,57600,0,1,120.315387
2012-02-16,34.3250,27.221010,72000,0,1,121.841736
2012-02-17,34.3550,27.244797,22000,0,1,121.948226
2012-02-21,34.3650,27.252712,109800,0,1,121.983722
2012-02-22,34.2350,27.149632,58800,0,1,121.522268
2012-02-23,34.4250,27.300304,60000,0,1,122.196701
2012-02-24,34.4600,27.328049,38800,0,1,122.320939
2012-02-27,34.5550,27.403400,88400,0,1,122.658156
2012-02-28,34.6250,27.458916,39800,0,1,122.906631
2012-02-29,34.3850,27.268579,492200,0,1,122.054715
2012-03-01,34.6750,27.498566,534000,0,1,123.084114
2012-03-02,34.5550,27.403400,334400,0,1,122.658156
2012-03-05,34.4050,27.284445,112400,0,1,122.125708
2012-03-06,33.8650,26.856199,193800,0,1,120.208897
2012-03-07,34.1350,27.070320,173400,0,1,121.167303
2012-03-08,34.4700,27.335987,119600,0,1,122.356435
2012-03-09,34.6000,27.439079,113000,0,1,122.817890
2012-03-12,34.5800,27.423225,144800,0,1,122.746897
2012-03-13,35.2350,27.942661,141800,0,1,125.071918
2012-03-14,35.1800,27.899042,52600,0,1,124.876687
2012-03-15,35.3900,28.065578,594800,0,1,125.622113
2012-03-16,35.4250,28.093340,37400,0,1,125.746351
2012-03-19,35.5800,28.216261,49400,0,1,126.296547
2012-03-20,35.4400,28.105236,96200,0,1,125.799596
2012-03-21,35.4200,28.089371,125200,0,1,125.728603
2012-03-22,35.1200,27.851461,54600,0,1,124.663708
2012-03-23,35.2650,27.966450,191000,0,1,125.178407
2012-03-26,35.5850,28.334312,412800,0.142,1,126.818346
2012-03-27,35.4800,28.250706,147800,0,1,126.444145
2012-03-28,35.3050,28.111374,65400,0,1,125.820477
2012-03-29,35.2750,28.087492,69600,0,1,125.713563
2012-03-30,35.3650,28.159147,90400,0,1,126.034306
2012-04-02,35.6500,28.386078,171200,0,1,127.049993
2012-04-03,35.5100,28.274603,239600,0,1,126.551059
2012-04-04,35.1700,28.003870,95200,0,1,125.339362
2012-04-05,35.1200,27.964064,49000,0,1,125.161172
2012-04-09,34.7100,27.637600,46200,0,1,123.700008
2012-04-10,34.0900,27.143934,95000,0,1,121.490443
2012-04-11,34.3650,27.362896,49000,0,1,122.470492
2012-04-12,34.8650,27.761023,34000,0,1,124.252399
2012-04-13,34.4350,27.418642,54200,0,1,122.719959
2012-04-16,34.4150,27.402706,36800,0,1,122.648682
2012-04-17,34.9350,27.816757,365200,0,1,124.501866
2012-04-18,34.7800,27.693348,91400,0,1,123.949475
2012-04-19,34.6050,27.553999,33200,0,1,123.325807
2012-04-20,34.6350,27.577883,101600,0,1,123.432722
2012-04-23,34.3650,27.362896,353600,0,1,122.470492
2012-04-24,34.4400,27.422621,45400,0,1,122.737778
2012-04-25,34.9450,27.824722,80800,0,1,124.537504
2012-04-26,35.1950,28.023781,44400,0,1,125.428458
2012-04-27,35.3150,28.119326,48200,0,1,125.856116
2012-04-30,35.1450,27.983969,92000,0,1,125.250267
2012-05-01,35.3250,28.127289,45400,0,1,125.891754
2012-05-02,35.2700,28.083500,30000,0,1,125.695744
2012-05-03,34.9550,27.832697,68000,0,1,124.573142
2012-05-04,34.4600,27.438541,82400,0,1,122.809054
2012-05-07,34.4150,27.402706,66000,0,1,122.648682
2012-05-08,34.2700,27.287258,109400,0,1,122.131929
2012-05-09,34.0600,27.120047,172000,0,1,121.383528
2012-05-10,34.1050,27.155886,40000,0,1,121.543900
2012-05-11,34.0550,27.116062,52000,0,1,121.365709
2012-05-14,33.6650,26.805532,210000,0,1,119.975821
2012-05-15,33.5100,26.682110,520000,0,1,119.423430
2012-05-16,33.3450,26.550739,167800,0,1,118.835401
2012-05-17,32.7950,26.112797,103800,0,1,116.875303
2012-05-18,32.5250,25.897820,127800,0,1,115.913073
2012-05-21,33.1000,26.355654,85800,0,1,117.962266
2012-05-22,33.1400,26.387505,76000,0,1,118.104819
2012-05-23,33.1750,26.415369,68000,0,1,118.229552
2012-05-24,33.2500,26.475088,32600,0,1,118.496838
2012-05-25,33.1550,26.399448,49000,0,1,118.158276
2012-05-29,33.5450,26.709978,50200,0,1,119.548164
2012-05-30,33.0550,26.319830,42600,0,1,117.801894
2012-05-31,32.9650,26.248165,95200,0,1,117.481151
2012-06-01,32.1450,25.595245,70800,0,1,114.558823
2012-06-04,32.0800,25.543493,164200,0,1,114.327175
2012-06-05,32.3350,25.746523,63800,0,1,115.235948
2012-06-06,33.0600,26.323805,67400,0,1,117.819713
2012-06-07,33.0250,26.295938,44400,0,1,117.694980
2012-06-08,33.2900,26.506947,89600,0,1,118.639391
2012-06-11,32.8600,26.164557,45800,0,1,117.106951
2012-06-12,33.2550,26.479080,32800,0,1,118.514657
2012-06-13,32.9900,26.268066,59800,0,1,117.570246
2012-06-14,33.3250,26.534805,39800,0,1,118.764124
2012-06-15,33.6850,26.821466,106800,0,1,120.047098
2012-06-18,33.7600,26.881178,24800,0,1,120.314384
2012-06-19,33.9750,27.169458,42400,0.1455,1,121.599139
2012-06-20,33.8750,27.089497,38000,0,1,121.241231
2012-06-21,33.1100,26.477736,55600,0,1,118.503237
2012-06-22,33.4000,26.709644,31800,0,1,119.541170
2012-06-25,32.8400,26.261818,96200,0,1,117.536887
2012-06-26,33.0250,26.409761,35600,0,1,118.199016
2012-06-27,33.3150,26.641665,25000,0,1,119.236948
2012-06-28,33.2500,26.589684,32000,0,1,119.004308
2012-06-29,34.0800,27.253429,62600,0,1,121.974942
2012-07-02,34.1900,27.341385,171200,0,1,122.368640
2012-07-03,34.4250,27.529331,19000,0,1,123.209724
2012-07-05,34.3250,27.449362,45400,0,1,122.851816
2012-07-06,34.0050,27.193457,20600,0,1,121.706511
2012-07-09,33.9200,27.125469,24800,0,1,121.402290
2012-07-10,33.6300,26.893566,52800,0,1,120.364357
2012-07-11,33.6550,26.913561,16200,0,1,120.453834
2012-07-12,33.4750,26.769615,40400,0,1,119.809600
2012-07-13,33.9900,27.181459,41400,0,1,121.652825
2012-07-16,33.9000,27.109486,18200,0,1,121.330708
2012-07-17,34.1250,27.289421,38400,0,1,122.136000
2012-07-18,34.3650,27.481335,28400,0,1,122.994979
2012-07-19,34.4700,27.565310,28600,0,1,123.370782
2012-07-20,34.1300,27.293407,40600,0,1,122.153896
2012-07-23,33.8000,27.029509,24800,0,1,120.972800
2012-07-24,33.4800,26.773613,31000,0,1,119.827496
2012-07-25,33.4600,26.757620,27000,0,1,119.755914
2012-07-26,33.9950,27.185463,62800,0,1,121.670720
2012-07-27,34.6250,27.689259,84200,0,1,123.925539
2012-07-30,34.6100,27.677267,28000,0,1,123.871853
2012-07-31,34.4600,27.557302,60000,0,1,123.334991
2012-08-01,34.3450,27.465351,45600,0,1,122.923397
2012-08-02,34.1200,27.285412,31200,0,1,122.118105
2012-08-03,34.7600,27.797222,30600,0,1,124.408714
2012-08-06,34.8500,27.869198,29200,0,1,124.730831
2012-08-07,35.0550,28.033133,28400,0,1,125.464542
2012-08-08,35.0750,28.049118,68400,0,1,125.536124
2012-08-09,35.1200,28.085102,35000,0,1,125.697182
2012-08-10,35.2100,28.157068,18400,0,1,126.019299
2012-08-13,35.1850,28.137093,82000,0,1,125.929822
2012-08-14,35.1150,28.081110,63600,0,1,125.679287
2012-08-15,35.2400,28.181067,64600,0,1,126.126671
2012-08-16,35.4900,28.381002,27200,0,1,127.021440
2012-08-17,35.5750,28.448961,24400,0,1,127.325662
2012-08-20,35.5600,28.436972,25400,0,1,127.271976
2012-08-21,35.4650,28.360998,34400,0,1,126.931964
2012-08-22,35.4900,28.381002,39400,0,1,127.021440
2012-08-23,35.1750,28.129087,24000,0,1,125.894031
2012-08-24,35.4000,28.309019,31000,0,1,126.699324
2012-08-27,35.3800,28.293030,25400,0,1,126.627742
2012-08-28,35.3700,28.285032,16000,0,1,126.591951
2012-08-29,35.4150,28.321016,21000,0,1,126.753010
2012-08-30,35.1550,28.113094,16000,0,1,125.822450
2012-08-31,35.3300,28.253044,88000,0,1,126.448788
2012-09-04,35.3250,28.249044,37800,0,1,126.430893
2012-09-05,35.3100,28.237053,23600,0,1,126.377207
2012-09-06,36.0100,28.796835,28800,0,1,128.882560
2012-09-07,36.1700,28.924797,57600,0,1,129.455213
2012-09-10,35.9900,28.780857,49400,0,1,128.810979
2012-09-11,36.0800,28.852810,68000,0,1,129.133096
2012-09-12,36.1850,28.936779,15800,0,1,129.508899
2012-09-13,36.7200,29.364614,73800,0,1,131.423705
2012-09-14,36.9200,29.524544,60200,0,1,132.139520
2012-09-17,36.7650,29.400595,79000,0,1,131.584764
2012-09-18,36.6800,29.332617,17400,0,1,131.280542
2012-09-19,36.7350,29.376598,311600,0,1,131.477391
2012-09-20,36.6650,29.320627,28400,0,1,131.226856
2012-09-21,36.6850,29.336618,31200,0,1,131.298437
2012-09-24,36.6350,29.296627,31600,0,1,131.119484
2012-09-25,36.0350,28.962290,62600,0.184,1,129.630588
2012-09-26,35.8150,28.785473,36800,0,1,128.839170
2012-09-27,36.1400,29.046679,22000,0,1,130.008310
2012-09-28,36.0000,28.934153,31200,0,1,129.504680
2012-10-01,36.0750,28.994431,78200,0,1,129.774482
2012-10-02,36.1100,29.022575,19200,0,1,129.900389
2012-10-03,36.2600,29.143120,50000,0,1,130.439992
2012-10-04,36.5050,29.340042,13600,0,1,131.321343
2012-10-05,36.4800,29.319954,16600,0,1,131.231409
2012-10-08,36.4200,29.271732,14200,0,1,131.015568
2012-10-09,36.0650,28.986408,24400,0,1,129.738508
2012-10-10,35.8100,28.781445,29200,0,1,128.821183
2012-10-11,35.8900,28.845743,174200,0,1,129.108971
2012-10-12,35.7200,28.709122,28400,0,1,128.497422
2012-10-15,36.0150,28.946217,26400,0,1,129.558641
2012-10-16,36.3850,29.243589,27400,0,1,130.889661
2012-10-17,36.5450,29.372185,31400,0,1,131.465237
2012-10-18,36.4800,29.319954,33800,0,1,131.231409
2012-10-19,35.8850,28.841724,42400,0,1,129.090985
2012-10-22,35.9000,28.853779,27600,0,1,129.144945
2012-10-23,35.4150,28.463982,52200,0,1,127.400229
2012-10-24,35.2950,28.367527,27400,0,1,126.968547
2012-10-25,35.4150,28.463982,19000,0,1,127.400229
2012-10-26,35.3600,28.419750,21200,0,1,127.202375
2012-10-31,35.4050,28.455927,73600,0,1,127.364256
2012-11-01,35.8100,28.781445,18400,0,1,128.821183
2012-11-02,35.4800,28.516214,30400,0,1,127.634057
2012-11-05,35.6000,28.612659,42000,0,1,128.065739
2012-11-06,35.8300,28.797525,25200,0,1,128.893130
2012-11-07,35.0850,28.198750,79800,0,1,126.213103
2012-11-08,34.6950,27.885296,50800,0,1,124.810136
2012-11-09,34.7350,27.917440,29000,0,1,124.954030
2012-11-12,34.6900,27.881268,19200,0,1,124.792149
2012-11-13,34.5650,27.780809,38000,0,1,124.342480
2012-11-14,34.0150,27.338757,91800,0,1,122.363936
2012-11-15,34.0000,27.326698,65200,0,1,122.309976
2012-11-16,34.1950,27.483431,57800,0,1,123.011459
2012-11-19,34.8350,27.997822,200200,0,1,125.313765
2012-11-20,34.8600,28.017910,40400,0,1,125.403699
2012-11-21,34.9650,28.102301,16000,0,1,125.781421
2012-11-23,35.4150,28.463982,51600,0,1,127.400229
2012-11-26,35.3650,28.423792,25200,0,1,127.220362
2012-11-27,35.2000,28.291187,41000,0,1,126.626798
2012-11-28,35.4400,28.484079,37800,0,1,127.490163
2012-11-29,35.6350,28.640781,52600,0,1,128.191647
2012-11-30,35.6250,28.632761,24200,0,1,128.155673
2012-12-03,35.4750,28.512197,57000,0,1,127.616070
2012-12-04,35.4400,28.484079,51800,0,1,127.490163
2012-12-05,35.5000,28.532297,59000,0,1,127.706004
2012-12-06,35.6200,28.628742,48200,0,1,128.137686
2012-12-07,35.7100,28.701067,26000,0,1,128.461448
2012-12-10,35.7750,28.753323,42600,0,1,128.695276
2012-12-11,36.0050,28.938177,70000,0,1,129.522667
2012-12-12,35.9900,28.926140,46600,0,1,129.468707
2012-12-13,35.8000,28.773407,50000,0,1,128.785210
2012-12-14,35.6600,28.660891,39800,0,1,128.281580
2012-12-17,36.0450,28.970312,71400,0,1,129.666561
2012-12-18,36.4950,29.331997,121400,0,1,131.285370
2012-12-19,36.0500,29.167753,82400,0.242,1,130.555107
2012-12-20,36.2000,29.289124,45200,0,1,131.098332
2012-12-21,35.8800,29.030212,62400,0,1,129.939452
2012-12-24,35.8000,28.965487,51600,0,1,129.649732
2012-12-26,35.7250,28.904800,51800,0,1,129.378119
2012-12-27,35.6550,28.848158,80800,0,1,129.124614
2012-12-28,35.1950,28.475979,66000,0,1,127.458724
2012-12-31,35.8200,28.981672,133200,0,1,129.722162
2013-01-02,36.7250,29.713888,300800,0,1,132.999620
2013-01-03,36.6700,29.669388,53200,0,1,132.800438
2013-01-04,36.8550,29.819077,109200,0,1,133.470415
2013-01-07,36.7500,29.734127,65200,0,1,133.090158
2013-01-08,36.6400,29.645123,71200,0,1,132.691793
2013-01-09,36.7850,29.762436,46200,0,1,133.216910
2013-01-10,37.0050,29.940437,83200,0,1,134.013640
2013-01-11,37.0300,29.960670,42200,0,1,134.104178
2013-01-14,37.0150,29.948530,217600,0,1,134.049855
2013-01-15,37.0900,30.009226,89800,0,1,134.321468
2013-01-16,37.0550,29.980896,41800,0,1,134.194715
2013-01-17,37.3050,30.183176,40800,0,1,135.100091
2013-01-18,37.4000,30.260029,31000,0,1,135.444133
2013-01-22,37.5750,30.401630,66200,0,1,136.077896
2013-01-23,37.6250,30.442089,56000,0,1,136.258971
2013-01-24,37.6500,30.462296,75200,0,1,136.349509
2013-01-25,37.8400,30.616026,70600,0,1,137.037594
2013-01-28,37.8350,30.611977,202600,0,1,137.019486
2013-01-29,37.9750,30.725252,62800,0,1,137.526496
2013-01-30,37.8400,30.616026,434200,0,1,137.037594
2013-01-31,37.7900,30.575577,270600,0,1,136.856519
2013-02-01,38.1500,30.866838,118400,0,1,138.160259
2013-02-04,37.7150,30.514904,76200,0,1,136.584906
2013-02-05,38.0900,30.818306,48000,0,1,137.942969
2013-02-06,38.1450,30.862804,146400,0,1,138.142151
2013-02-07,38.0750,30.806171,78400,0,1,137.888646
2013-02-08,38.2900,30.980114,72800,0,1,138.667269
2013-02-11,38.2800,30.972027,97200,0,1,138.631054
2013-02-12,38.3400,31.020584,86200,0,1,138.848344
2013-02-13,38.3900,31.061020,38400,0,1,139.029419
2013-02-14,38.4250,31.089352,55000,0,1,139.156172
2013-02-15,38.3650,31.040806,79200,0,1,138.938882
2013-02-19,38.6700,31.287579,23000,0,1,140.043439
2013-02-20,38.1750,30.887081,59400,0,1,138.250796
2013-02-21,37.9000,30.664564,88200,0,1,137.254884
2013-02-22,38.2500,30.947756,48600,0,1,138.522409
2013-02-25,37.5850,30.409708,82200,0,1,136.114111
2013-02-26,37.7800,30.567486,62000,0,1,136.820304
2013-02-27,38.2700,30.963942,40800,0,1,138.594839
2013-02-28,38.2050,30.911346,91600,0,1,138.359441
2013-03-01,38.3200,31.004398,27800,0,1,138.775914
2013-03-04,38.4750,31.129805,51400,0,1,139.337247
2013-03-05,38.8600,31.441294,61400,0,1,140.731525
2013-03-06,38.9200,31.489853,32400,0,1,140.948815
2013-03-07,39.0400,31.586945,65800,0,1,141.383395
2013-03-08,39.2050,31.720438,50400,0,1,141.980942
2013-03-11,39.3050,31.801353,39000,0,1,142.343092
2013-03-12,39.2250,31.736622,46800,0,1,142.053372
2013-03-13,39.3350,31.825617,57600,0,1,142.451738
2013-03-14,39.5500,31.999573,60200,0,1,143.230360
2013-03-15,39.4800,31.942940,38200,0,1,142.976855
2013-03-18,39.2650,31.768972,42800,0,1,142.198232
2013-03-19,39.1700,31.692108,52000,0,1,141.854190
2013-03-20,39.4450,31.914616,68800,0,1,142.850103
2013-03-21,39.1300,31.659769,155600,0,1,141.709330
2013-03-22,39.3700,31.853931,62800,0,1,142.578490
2013-03-25,39.1000,31.771856,67600,0.169,1,142.212718
2013-03-26,39.3900,32.007507,28800,0,1,143.267493
2013-03-27,39.4000,32.015648,39200,0,1,143.303865
2013-03-28,39.5450,32.133457,62400,0,1,143.831252
2013-04-01,39.3500,31.975014,41600,0,1,143.122007
2013-04-02,39.4950,32.092831,18800,0,1,143.649394
2013-04-03,39.1050,31.775925,45400,0,1,142.230904
2013-04-04,39.2200,31.869383,27000,0,1,142.649177
2013-04-05,39.0600,31.739376,42000,0,1,142.067232
2013-04-08,39.3500,31.975014,43200,0,1,143.122007
2013-04-09,39.4700,32.072521,108200,0,1,143.558465
2013-04-10,39.9400,32.454449,47000,0,1,145.267928
2013-04-11,40.0900,32.576340,50600,0,1,145.813501
2013-04-12,39.9900,32.495068,28600,0,1,145.449785
2013-04-15,39.0700,31.747480,75000,0,1,142.103604
2013-04-16,39.6000,32.178150,95000,0,1,144.031295
2013-04-17,39.0450,31.727188,73400,0,1,142.012675
2013-04-18,38.8000,31.528105,34200,0,1,141.121572
2013-04-19,39.1200,31.788120,53600,0,1,142.285462
2013-04-22,39.2950,31.930309,38200,0,1,142.921963
2013-04-23,39.7100,32.267544,70200,0,1,144.431382
2013-04-24,39.7400,32.291931,52800,0,1,144.540497
2013-04-25,39.9250,32.442245,43200,0,1,145.213370
2013-04-26,39.8600,32.389423,22400,0,1,144.976955
2013-04-29,40.0900,32.576340,37800,0,1,145.813501
2013-04-30,40.2050,32.669769,41200,0,1,146.231774
2013-05-01,39.8450,32.377228,25400,0,1,144.922398
2013-05-02,40.2100,32.673840,41400,0,1,146.249959
2013-05-03,40.6300,33.015118,66600,0,1,147.777564
2013-05-06,40.7550,33.116676,34000,0,1,148.232208
2013-05-07,40.9600,33.283272,36800,0,1,148.977825
2013-05-08,41.1550,33.441727,55000,0,1,149.687070
2013-05-09,41.0700,33.372650,28800,0,1,149.377912
2013-05-10,41.1900,33.470158,23200,0,1,149.814370
2013-05-13,41.2000,33.478291,26400,0,1,149.850742
2013-05-14,41.6550,33.848026,42600,0,1,151.505647
2013-05-15,41.8350,33.994270,29600,0,1,152.160334
2013-05-16,41.6300,33.827679,25400,0,1,151.414718
2013-05-17,42.0650,34.181171,36000,0,1,152.996880
2013-05-20,42.0600,34.177113,19000,0,1,152.978694
2013-05-21,42.1200,34.225853,12600,0,1,153.196923
2013-05-22,41.7400,33.917072,89400,0,1,151.814805
2013-05-23,41.6450,33.839897,63000,0,1,151.469275
2013-05-24,41.5700,33.778938,41800,0,1,151.196489
2013-05-28,41.8850,34.034893,80400,0,1,152.342192
2013-05-29,41.5900,33.795204,50800,0,1,151.269232
2013-05-30,41.7600,33.933323,75400,0,1,151.887548
2013-05-31,41.2050,33.482365,39200,0,1,149.868927
2013-06-03,41.3500,33.600174,37600,0,1,150.396315
2013-06-04,41.1050,33.401100,63200,0,1,149.505212
2013-06-05,40.5400,32.941986,67800,0,1,147.450220
2013-06-06,40.8950,33.230450,98000,0,1,148.741410
2013-06-07,41.4650,33.693619,85800,0,1,150.814587
2013-06-10,41.4450,33.677372,49200,0,1,150.741844
2013-06-11,41.0300,33.340137,32200,0,1,149.232426
2013-06-12,40.6550,33.035419,67000,0,1,147.868493
2013-06-13,41.3200,33.575794,29800,0,1,150.287200
2013-06-14,41.0500,33.356384,27800,0,1,149.305169
2013-06-17,41.3500,33.600174,41600,0,1,150.396315
2013-06-18,41.6800,33.868328,53600,0,1,151.596576
2013-06-19,41.2000,33.478291,55400,0,1,149.850742
2013-06-20,40.0500,32.543816,265400,0,1,145.668015
2013-06-21,40.1600,32.633209,339800,0,1,146.068102
2013-06-24,39.6950,32.255367,459000,0,1,144.376825
2013-06-25,40.0700,32.560074,96400,0,1,145.740758
2013-06-26,40.3000,32.890602,77800,0.175,1,147.213805
2013-06-27,40.5900,33.127293,78800,0,1,148.273160
2013-06-28,40.3450,32.927334,110600,0,1,147.378188
2013-07-01,40.7050,33.221149,92200,0,1,148.693249
2013-07-02,40.6550,33.180332,94800,0,1,148.510602
2013-07-03,40.6850,33.204823,29400,0,1,148.620190
2013-07-05,41.0200,33.478233,32400,0,1,149.843928
2013-07-08,41.3250,33.727146,33400,0,1,150.958077
2013-07-09,41.6400,33.984245,168600,0,1,152.108755
2013-07-10,41.6450,33.988319,45200,0,1,152.127020
2013-07-11,42.2350,34.469849,92000,0,1,154.282260
2013-07-12,42.3050,34.526997,64400,0,1,154.537966
2013-07-15,42.4350,34.633080,80800,0,1,155.012849
2013-07-16,42.2400,34.473919,32600,0,1,154.300524
2013-07-17,42.3950,34.600441,29800,0,1,154.866731
2013-07-18,42.6100,34.775909,49200,0,1,155.652115
2013-07-19,42.6900,34.841190,34600,0,1,155.944351
2013-07-22,42.7600,34.898315,12600,0,1,156.200057
2013-07-23,42.7350,34.877934,37800,0,1,156.108734
2013-07-24,42.5100,34.694286,31600,0,1,155.286820
2013-07-25,42.6350,34.796307,51600,0,1,155.743439
2013-07-26,42.6650,34.820797,24200,0,1,155.853027
2013-07-29,42.5050,34.690212,25600,0,1,155.268555
2013-07-30,42.5450,34.722847,199000,0,1,155.414673
2013-07-31,42.5850,34.755505,59000,0,1,155.560791
2013-08-01,43.1050,35.179886,83800,0,1,157.460324
2013-08-02,43.1600,35.224789,19200,0,1,157.661236
2013-08-05,43.1550,35.220692,18600,0,1,157.642972
2013-08-06,42.8650,34.984039,22400,0,1,156.583617
2013-08-07,42.7150,34.861599,42400,0,1,156.035675
2013-08-08,42.9050,35.016674,36000,0,1,156.729735
2013-08-09,42.7550,34.894245,20000,0,1,156.181792
2013-08-12,42.7250,34.869766,19400,0,1,156.072204
2013-08-13,42.8150,34.943211,36400,0,1,156.400969
2013-08-14,42.6200,34.784058,26600,0,1,155.688644
2013-08-15,42.0300,34.302544,80800,0,1,153.533405
2013-08-16,41.8850,34.184196,38800,0,1,153.003728
2013-08-19,41.6200,33.967926,42600,0,1,152.035696
2013-08-20,41.8350,34.143394,31800,0,1,152.821080
2013-08-21,41.5650,33.923042,20000,0,1,151.834784
2013-08-22,41.9500,34.237259,119600,0,1,153.241169
2013-08-23,42.1300,34.384155,13800,0,1,153.898700
2013-08-26,42.0100,34.286213,29800,0,1,153.460346
2013-08-27,41.3050,33.710838,110200,0,1,150.885018
2013-08-28,41.4100,33.796516,66600,0,1,151.268577
2013-08-29,41.5300,33.894463,25600,0,1,151.706931
2013-08-30,41.2900,33.698593,22000,0,1,150.830224
2013-09-03,41.4800,33.853661,48000,0,1,151.524284
2013-09-04,41.8350,34.143394,71400,0,1,152.821080
2013-09-05,41.9000,34.196430,21000,0,1,153.058522
2013-09-06,41.9100,34.204597,46800,0,1,153.095051
2013-09-09,42.3800,34.588177,23800,0,1,154.811937
2013-09-10,42.7000,34.849358,310800,0,1,155.980880
2013-09-11,42.8400,34.963615,278400,0,1,156.492293
2013-09-12,42.7100,34.857533,144600,0,1,156.017410
2013-09-13,42.8100,34.939125,28200,0,1,156.382705
2013-09-16,43.0350,35.122757,164600,0,1,157.204618
2013-09-17,43.2500,35.298237,22800,0,1,157.990002
2013-09-18,43.7550,35.710392,52000,0,1,159.834740
2013-09-19,43.7050,35.669579,42200,0,1,159.652093
2013-09-20,43.3600,35.388004,34000,0,1,158.391826
2013-09-23,43.1550,35.220692,41800,0,1,157.642972
2013-09-24,42.8950,35.165771,39200,0.193,1,157.398224
2013-09-25,42.8250,35.108391,31400,0,1,157.141367
2013-09-26,42.9800,35.235455,22600,0,1,157.710122
2013-09-27,42.8150,35.100189,29200,0,1,157.104673
2013-09-30,42.6050,34.928024,45000,0,1,156.334103
2013-10-01,42.9700,35.227264,34600,0,1,157.673428
2013-10-02,42.8700,35.145264,16200,0,1,157.306490
2013-10-03,42.5450,34.878838,83600,0,1,156.113940
2013-10-04,42.8700,35.145264,24400,0,1,157.306490
2013-10-07,42.4800,34.825546,37400,0,1,155.875430
2013-10-08,41.9450,34.386959,79000,0,1,153.912309
2013-10-09,41.9200,34.366447,58200,0,1,153.820575
2013-10-10,42.8600,35.137096,107600,0,1,157.269796
2013-10-11,43.1500,35.374832,26800,0,1,158.333917
2013-10-14,43.3400,35.530582,49400,0,1,159.031100
2013-10-15,43.0250,35.272343,141200,0,1,157.875244
2013-10-16,43.6000,35.743740,70800,0,1,159.985140
2013-10-17,43.9150,36.001976,165000,0,1,161.140996
2013-10-18,44.2050,36.239731,44600,0,1,162.205117
2013-10-21,44.2050,36.239731,33200,0,1,162.205117
2013-10-22,44.4700,36.456985,40600,0,1,163.177504
2013-10-23,44.2500,36.276619,27400,0,1,162.370239
2013-10-24,44.4000,36.399597,46600,0,1,162.920647
2013-10-25,44.5550,36.526657,27000,0,1,163.489402
2013-10-28,44.6300,36.588150,44800,0,1,163.764605
2013-10-29,44.8450,36.764412,21400,0,1,164.553523
2013-10-30,44.6150,36.575829,37000,0,1,163.709565
2013-10-31,44.4950,36.477459,19600,0,1,163.269238
2013-11-01,44.5800,36.547157,19400,0,1,163.581136
2013-11-04,44.7600,36.694740,98800,0,1,164.241625
2013-11-05,44.6050,36.567661,25800,0,1,163.672871
2013-11-06,44.7900,36.719326,23600,0,1,164.351707
2013-11-07,44.1800,36.219234,108200,0,1,162.113383
2013-11-08,44.7350,36.674229,22800,0,1,164.149891
2013-11-11,44.7900,36.719326,68200,0,1,164.351707
2013-11-12,44.7150,36.657829,51200,0,1,164.076503
2013-11-13,45.0700,36.948860,22600,0,1,165.379134
2013-11-14,45.3350,37.166111,21200,0,1,166.351521
2013-11-15,45.4850,37.289089,47200,0,1,166.901929
2013-11-18,45.2900,37.129219,77400,0,1,166.186399
2013-11-19,45.1800,37.039024,26000,0,1,165.782766
2013-11-20,45.0450,36.928368,81200,0,1,165.287400
2013-11-21,45.4050,37.223503,44800,0,1,166.608378
2013-11-22,45.6650,37.436649,33600,0,1,167.562418
2013-11-25,45.5800,37.366982,74400,0,1,167.250520
2013-11-26,45.6700,37.440758,37200,0,1,167.580765
2013-11-27,45.7650,37.518620,73000,0,1,167.929356
2013-11-29,45.8400,37.580124,25400,0,1,168.204560
2013-12-02,45.5750,37.362873,37200,0,1,167.232173
2013-12-03,45.4200,37.235794,84800,0,1,166.663419
2013-12-04,45.3850,37.207104,61200,0,1,166.534990
2013-12-05,45.2450,37.092327,14400,0,1,166.021276
2013-12-06,45.6950,37.461254,36800,0,1,167.672499
2013-12-09,45.7800,37.530922,34800,0,1,167.984397
2013-12-10,45.6500,37.424355,53200,0,1,167.507377
2013-12-11,45.1050,36.977539,39200,0,1,165.507563
2013-12-12,44.9900,36.883263,119600,0,1,165.085584
2013-12-13,45.0200,36.907883,65800,0,1,165.195665
2013-12-16,45.2900,37.129219,36200,0,1,166.186399
2013-12-17,45.1800,37.039024,21400,0,1,165.782766
2013-12-18,45.8650,37.600624,66000,0,1,168.296294
2013-12-19,45.8150,37.559624,160400,0,1,168.112825
2013-12-20,46.1750,37.854752,60400,0,1,169.433803
2013-12-23,46.1550,38.020741,39600,0.2215,1,170.173184
2013-12-24,46.2650,38.111355,51600,0,1,170.578754
2013-12-26,46.4700,38.280224,62200,0,1,171.334587
2013-12-27,46.4500,38.263744,53600,0,1,171.260847
2013-12-30,46.4800,38.288467,55400,0,1,171.371457
2013-12-31,46.6700,38.444981,53800,0,1,172.071986
2014-01-02,46.2450,38.094875,125800,0,1,170.505014
2014-01-03,46.2550,38.103119,56000,0,1,170.541884
2014-01-06,46.1350,38.004261,143600,0,1,170.099444
2014-01-07,46.4200,38.239037,70000,0,1,171.150238
2014-01-08,46.4450,38.259647,51200,0,1,171.242412
2014-01-09,46.4850,38.292595,49200,0,1,171.389892
2014-01-10,46.5850,38.374962,97600,0,1,171.758592
2014-01-13,46.0000,37.893059,63200,0,1,169.601700
2014-01-14,46.4950,38.300827,46200,0,1,171.426762
2014-01-15,46.7600,38.519115,46600,0,1,172.403815
2014-01-16,46.7000,38.469696,41400,0,1,172.182596
2014-01-17,46.5200,38.321430,45800,0,1,171.518937
2014-01-21,46.6600,38.436733,37800,0,1,172.035116
2014-01-22,46.7200,38.486176,82200,0,1,172.256336
2014-01-23,46.3350,38.169018,68400,0,1,170.836843
2014-01-24,45.3500,37.357609,109600,0,1,167.205155
2014-01-27,45.0650,37.122845,209600,0,1,166.154361
2014-01-28,45.3950,37.394676,269000,0,1,167.371069
2014-01-29,44.9700,37.044586,113400,0,1,165.804097
2014-01-30,45.4950,37.477051,60400,0,1,167.739769
2014-01-31,45.1900,37.225803,81800,0,1,166.615236
2014-02-03,44.0800,36.311443,168800,0,1,162.522673
2014-02-04,44.4550,36.620338,129000,0,1,163.905295
2014-02-05,44.3850,36.562664,185400,0,1,163.647206
2014-02-06,44.9400,37.019863,55000,0,1,165.693487
2014-02-07,45.5000,37.481174,84400,0,1,167.758204
2014-02-10,45.6050,37.567680,39400,0,1,168.145338
2014-02-11,46.0650,37.946598,91800,0,1,169.841355
2014-02-12,46.1300,38.000137,480800,0,1,170.081010
2014-02-13,46.4400,38.255505,69800,0,1,171.223977
2014-02-14,46.6000,38.387325,138000,0,1,171.813896
2014-02-18,46.7500,38.510883,32400,0,1,172.366945
2014-02-19,46.4000,38.222561,37600,0,1,171.076498
2014-02-20,46.8150,38.564411,27000,0,1,172.606600
2014-02-21,46.7100,38.477924,32000,0,1,172.219466
2014-02-24,46.9850,38.704472,81000,0,1,173.233389
2014-02-25,46.9250,38.655033,23000,0,1,173.012169
2014-02-26,46.9900,38.708591,32600,0,1,173.251824
2014-02-27,47.2050,38.885696,32400,0,1,174.044528
2014-02-28,47.3000,38.963951,73400,0,1,174.394792
2014-03-03,46.9550,38.679764,44400,0,1,173.122779
2014-03-04,47.6700,39.268738,37200,0,1,175.758979
2014-03-05,47.7300,39.318176,417200,0,1,175.980199
2014-03-06,47.7900,39.367603,44000,0,1,176.201419
2014-03-07,47.7500,39.334637,15600,0,1,176.053939
2014-03-10,47.7600,39.342876,134800,0,1,176.090809
2014-03-11,47.4850,39.116329,27600,0,1,175.076886
2014-03-12,47.5300,39.153416,37000,0,1,175.242800
2014-03-13,46.9650,38.687988,98600,0,1,173.159649
2014-03-14,46.8800,38.617962,116400,0,1,172.846255
2014-03-17,47.3300,38.988651,91200,0,1,174.505402
2014-03-18,47.6900,39.285225,39400,0,1,175.832719
2014-03-19,47.3550,39.009251,36000,0,1,174.597577
2014-03-20,47.6600,39.260502,26800,0,1,175.722110
2014-03-21,47.4350,39.075157,40200,0,1,174.892536
2014-03-24,47.2400,38.914520,29200,0,1,174.173572
2014-03-25,47.1950,39.033199,34200,0.1885,1,174.702656
2014-03-26,46.8800,38.772682,23800,0,1,173.536614
2014-03-27,46.7950,38.702377,141600,0,1,173.221968
2014-03-28,46.9100,38.797493,41400,0,1,173.647666
2014-03-31,47.4100,39.211029,112600,0,1,175.498526
2014-04-01,47.7750,39.512905,44600,0,1,176.849653
2014-04-02,47.8900,39.608017,35800,0,1,177.275351
2014-04-03,47.8250,39.554256,45200,0,1,177.034739
2014-04-04,47.2050,39.041481,32200,0,1,174.739673
2014-04-07,46.6350,38.570053,177600,0,1,172.629693
2014-04-08,46.8450,38.743744,66000,0,1,173.407054
2014-04-09,47.3150,39.132458,274600,0,1,175.146862
2014-04-10,46.3750,38.355015,60800,0,1,171.667246
2014-04-11,45.9100,37.970425,114600,0,1,169.945946
2014-04-14,46.2600,38.259903,46400,0,1,171.241548
2014-04-15,46.5300,38.483212,48200,0,1,172.241012
2014-04-16,47.0550,38.917416,54000,0,1,174.184415
2014-04-17,47.1450,38.991848,61200,0,1,174.517570
2014-04-21,47.2550,39.082840,40200,0,1,174.924759
2014-04-22,47.5500,39.326813,46600,0,1,176.016766
2014-04-23,47.4050,39.206882,27600,0,1,175.480017
2014-04-24,47.4600,39.252377,30400,0,1,175.683612
2014-04-25,47.0550,38.917416,18600,0,1,174.184415
2014-04-28,47.1100,38.962898,263800,0,1,174.388010
2014-04-29,47.3600,39.169662,33400,0,1,175.313440
2014-04-30,47.5650,39.339222,190200,0,1,176.072292
2014-05-01,47.5500,39.326813,42800,0,1,176.016766
2014-05-02,47.5000,39.285469,38000,0,1,175.831680
2014-05-05,47.6100,39.376446,40600,0,1,176.238869
2014-05-06,47.2600,39.086979,29200,0,1,174.943268
2014-05-07,47.4150,39.215160,56800,0,1,175.517034
2014-05-08,47.3650,39.173801,93000,0,1,175.331948
2014-05-09,47.4400,39.235836,35800,0,1,175.609577
2014-05-12,47.9650,39.670052,48800,0,1,177.552980
2014-05-13,47.9450,39.653500,29600,0,1,177.478946
2014-05-14,47.6950,39.446743,41000,0,1,176.553516
2014-05-15,47.2850,39.107643,44800,0,1,175.035811
2014-05-16,47.4250,39.223438,43800,0,1,175.554051
2014-05-19,47.6900,39.442616,157600,0,1,176.535007
2014-05-20,47.3850,39.190338,49400,0,1,175.405983
2014-05-21,47.7150,39.463276,47000,0,1,176.627550
2014-05-22,47.8700,39.591476,36000,0,1,177.201317
2014-05-23,48.1000,39.781708,32000,0,1,178.052712
2014-05-27,48.3600,39.996746,36600,0,1,179.015159
2014-05-28,48.3100,39.955395,33800,0,1,178.830073
2014-05-29,48.5700,40.170418,36200,0,1,179.792520
2014-05-30,48.6450,40.232430,72800,0,1,180.070149
2014-06-02,48.6700,40.253128,21800,0,1,180.162692
2014-06-03,48.6600,40.244862,36400,0,1,180.125675
2014-06-04,48.7850,40.348240,15400,0,1,180.588390
2014-06-05,49.1300,40.633564,22600,0,1,181.865483
2014-06-06,49.3250,40.794846,44800,0,1,182.587319
2014-06-09,49.4450,40.894096,86000,0,1,183.031525
2014-06-10,49.4100,40.865147,59200,0,1,182.901965
2014-06-11,49.2950,40.770042,45600,0,1,182.476267
2014-06-12,48.8850,40.430943,71400,0,1,180.958562
2014-06-13,49.0100,40.534332,35800,0,1,181.421277
2014-06-16,49.0900,40.600483,83800,0,1,181.717414
2014-06-17,49.2400,40.724548,29600,0,1,182.272672
2014-06-18,49.5950,41.018154,64600,0,1,183.586783
2014-06-19,49.6250,41.042965,61600,0,1,183.697834
2014-06-20,49.7500,41.146358,245200,0,1,184.160549
2014-06-23,49.7650,41.158752,164200,0,1,184.216075
2014-06-24,49.2500,40.891811,32200,0.1935,1,183.025972
2014-06-25,49.4800,41.082787,70400,0,1,183.880713
2014-06-26,49.4150,41.028816,34000,0,1,183.639156
2014-06-27,49.5700,41.157513,22800,0,1,184.215177
2014-06-30,49.5650,41.153362,50800,0,1,184.196595
2014-07-01,49.9500,41.473022,58200,0,1,185.627357
2014-07-02,49.9150,41.443966,41000,0,1,185.497287
2014-07-03,50.1350,41.626614,55600,0,1,186.314865
2014-07-07,49.9150,41.443966,372600,0,1,185.497287
2014-07-08,49.5800,41.165813,85800,0,1,184.252339
2014-07-09,49.7800,41.331867,49600,0,1,184.995592
2014-07-10,49.6100,41.190731,42200,0,1,184.363827
2014-07-11,49.6500,41.223919,23400,0,1,184.512478
2014-07-14,49.8800,41.414890,612200,0,1,185.367218
2014-07-15,49.7800,41.331867,24400,0,1,184.995592
2014-07-16,49.9550,41.477180,69800,0,1,185.645938
2014-07-17,49.3500,40.974838,67600,0,1,183.397599
2014-07-18,49.8650,41.402451,28800,0,1,185.311474
2014-07-21,49.7750,41.327728,66000,0,1,184.977011
2014-07-22,49.9600,41.481319,26400,0,1,185.664519
2014-07-23,50.0900,41.589256,24800,0,1,186.147634
2014-07-24,50.1450,41.634937,21400,0,1,186.352028
2014-07-25,49.8650,41.402451,39600,0,1,185.311474
2014-07-28,49.8550,41.394142,38600,0,1,185.274312
2014-07-29,49.7150,41.277908,57600,0,1,184.754035
2014-07-30,49.6600,41.232227,43800,0,1,184.549640
2014-07-31,48.7450,40.472523,69400,0,1,181.149259
2014-08-01,48.5850,40.339676,59600,0,1,180.554657
2014-08-04,48.8900,40.592903,70000,0,1,181.688118
2014-08-05,48.4350,40.215126,102000,0,1,179.997218
2014-08-06,48.5000,40.269108,39000,0,1,180.238775
2014-08-07,48.2200,40.036617,65400,0,1,179.198221
2014-08-08,48.7650,40.489128,69200,0,1,181.223585
2014-08-11,48.9400,40.634434,52400,0,1,181.873931
2014-08-12,48.8050,40.522331,44800,0,1,181.372235
2014-08-13,49.1500,40.808777,52800,0,1,182.654346
2014-08-14,49.4150,41.028816,38600,0,1,183.639156
2014-08-15,49.4100,41.024662,51600,0,1,183.620574
2014-08-18,49.8150,41.360939,29600,0,1,185.125661
2014-08-19,50.1150,41.610016,36600,0,1,186.240540
2014-08-20,50.2250,41.701351,32400,0,1,186.649329
2014-08-21,50.3300,41.788528,29000,0,1,187.039537
2014-08-22,50.2700,41.738693,29600,0,1,186.816561
2014-08-25,50.5200,41.946281,23800,0,1,187.745627
2014-08-26,50.6000,42.012703,55800,0,1,188.042928
2014-08-27,50.5800,41.996109,35800,0,1,187.968603
2014-08-28,50.5050,41.933838,37600,0,1,187.689883
2014-08-29,50.7050,42.099888,39800,0,1,188.433136
2014-09-02,50.6750,42.074978,203000,0,1,188.321648
2014-09-03,50.6200,42.029327,26000,0,1,188.117253
2014-09-04,50.5650,41.983658,33200,0,1,187.912859
2014-09-05,50.7400,42.128956,25400,0,1,188.563205
2014-09-08,50.7000,42.095753,199600,0,1,188.414554
2014-09-09,50.3300,41.788528,40400,0,1,187.039537
2014-09-10,50.4900,41.921371,47600,0,1,187.634139
2014-09-11,50.5450,41.967037,27800,0,1,187.838533
2014-09-12,50.2950,41.759464,22400,0,1,186.909468
2014-09-15,50.1900,41.672298,202000,0,1,186.519260
2014-09-16,50.5150,41.942142,32600,0,1,187.727046
2014-09-17,50.5550,41.975342,38400,0,1,187.875696
2014-09-18,50.8250,42.199532,44000,0,1,188.879087
2014-09-19,50.7350,42.124809,202600,0,1,188.544623
2014-09-22,50.3350,41.792690,35600,0,1,187.058118
2014-09-23,50.1150,41.610016,41200,0,1,186.240540
2014-09-24,50.1950,41.851807,44200,0.21,1,187.318257
2014-09-25,49.4450,41.226479,62600,0,1,184.519398
2014-09-26,49.8000,41.522465,44600,0,1,185.844191
2014-09-29,49.6800,41.422417,34800,0,1,185.396374
2014-09-30,49.5700,41.330692,41200,0,1,184.985875
2014-10-01,48.8550,40.734562,101600,0,1,182.317630
2014-10-02,48.8850,40.759560,71000,0,1,182.429584
2014-10-03,49.4300,41.213966,48200,0,1,184.463421
2014-10-06,49.3500,41.147282,224600,0,1,184.164876
2014-10-07,48.6050,40.526093,79600,0,1,181.384677
2014-10-08,49.3550,41.151440,142600,0,1,184.183535
2014-10-09,48.3800,40.338486,64800,0,1,180.545019
2014-10-10,47.9300,39.963291,108000,0,1,178.865704
2014-10-13,46.9350,39.133678,328200,0,1,175.152552
2014-10-14,47.0850,39.258747,268600,0,1,175.712324
2014-10-15,46.8200,39.037785,230400,0,1,174.723394
2014-10-16,46.8600,39.071136,129800,0,1,174.872667
2014-10-17,47.4500,39.563076,160200,0,1,177.074435
2014-10-20,47.9100,39.946621,66200,0,1,178.791068
2014-10-21,48.8450,40.726204,93800,0,1,182.280312
2014-10-22,48.4600,40.405193,68800,0,1,180.843564
2014-10-23,49.0800,40.922157,64600,0,1,183.157287
2014-10-24,49.4450,41.226479,49600,0,1,184.519398
2014-10-27,49.3650,41.159771,68800,0,1,184.220853
2014-10-28,49.9900,41.680897,80800,0,1,186.553235
2014-10-29,49.9100,41.614178,51200,0,1,186.254690
2014-10-30,50.2050,41.860161,70200,0,1,187.355575
2014-10-31,50.8000,42.356255,106000,0,1,189.576002
2014-11-03,50.8150,42.368767,138400,0,1,189.631979
2014-11-04,50.6150,42.202015,241000,0,1,188.885617
2014-11-05,50.8500,42.397942,106800,0,1,189.762593
2014-11-06,51.1250,42.627224,68000,0,1,190.788841
2014-11-07,51.0950,42.602219,57800,0,1,190.676887
2014-11-10,51.3250,42.794006,63400,0,1,191.535203
2014-11-11,51.3850,42.844013,70200,0,1,191.759112
2014-11-12,51.3850,42.844013,36200,0,1,191.759112
2014-11-13,51.2950,42.768978,52600,0,1,191.423249
2014-11-14,51.3300,42.798149,65200,0,1,191.553862
2014-11-17,51.3900,42.848202,222200,0,1,191.777771
2014-11-18,51.6950,43.102497,82600,0,1,192.915973
2014-11-19,51.5900,43.014946,50000,0,1,192.524133
2014-11-20,51.7000,43.106659,54600,0,1,192.934632
2014-11-21,51.9500,43.315109,42400,0,1,193.867585
2014-11-24,52.1850,43.511040,56400,0,1,194.744561
2014-11-25,52.0900,43.431850,38400,0,1,194.390039
2014-11-26,52.2500,43.565239,25800,0,1,194.987128
2014-11-28,52.0850,43.427673,38800,0,1,194.371379
2014-12-01,51.6900,43.098328,69600,0,1,192.897314
2014-12-02,51.9450,43.310928,40600,0,1,193.848926
2014-12-03,52.2450,43.561085,72800,0,1,194.968469
2014-12-04,52.1750,43.502720,56200,0,1,194.707242
2014-12-05,52.2850,43.594418,46200,0,1,195.117742
2014-12-08,51.8700,43.248405,124200,0,1,193.569040
2014-12-09,51.8450,43.227554,58400,0,1,193.475745
2014-12-10,51.0250,42.543858,58000,0,1,190.415660
2014-12-11,51.2700,42.748131,40600,0,1,191.329953
2014-12-12,50.5000,42.106117,109600,0,1,188.456459
2014-12-15,50.1700,41.830963,98000,0,1,187.224961
2014-12-16,49.7500,41.480774,246400,0,1,185.657601
2014-12-17,50.7750,42.335426,888200,0,1,189.482707
2014-12-18,51.9600,43.323448,72800,0,1,193.904903
2014-12-19,52.1400,43.473511,70200,0,1,194.576629
2014-12-22,52.3950,43.686131,56400,0,1,195.528241
2014-12-23,52.5100,43.782013,56600,0,1,195.957399
2014-12-24,52.3300,43.854099,49800,0.266,1,196.278335
2014-12-26,52.4650,43.967228,17200,0,1,196.784690
2014-12-29,52.4900,43.988174,33800,0,1,196.878460
2014-12-30,52.2650,43.799629,24000,0,1,196.034534
2014-12-31,51.7800,43.393188,54000,0,1,194.215406
2015-01-02,51.6700,43.300991,90000,0,1,193.802820
2015-01-05,50.7800,42.555149,145800,0,1,190.464625
2015-01-06,50.3300,42.178043,108000,0,1,188.776774
2015-01-07,50.9250,42.676662,77800,0,1,191.008489
2015-01-08,51.7650,43.380604,134600,0,1,194.159144
2015-01-09,51.4200,43.091492,41600,0,1,192.865125
2015-01-12,51.0050,42.743706,42200,0,1,191.308551
2015-01-13,50.8950,42.651531,43400,0,1,190.895965
2015-01-14,50.5700,42.379150,75800,0,1,189.676962
2015-01-15,50.1650,42.039757,57600,0,1,188.157896
2015-01-16,50.7800,42.555149,86800,0,1,190.464625
2015-01-20,50.7800,42.555149,49400,0,1,190.464625
2015-01-21,51.0950,42.819122,51600,0,1,191.646121
2015-01-22,51.8800,43.476982,41800,0,1,194.590484
2015-01-23,51.6750,43.305187,32600,0,1,193.821574
2015-01-26,51.8200,43.426704,81200,0,1,194.365437
2015-01-27,51.1800,42.890362,84800,0,1,191.964938
2015-01-28,50.5850,42.391731,84800,0,1,189.733223
2015-01-29,51.0150,42.752094,70800,0,1,191.346059
2015-01-30,50.2800,42.136127,124800,0,1,188.589235
2015-02-02,50.8000,42.571911,84600,0,1,190.539641
2015-02-03,51.6300,43.267494,95000,0,1,193.652789
2015-02-04,51.4400,43.108261,61600,0,1,192.940140
2015-02-05,51.9900,43.569172,41200,0,1,195.003070
2015-02-06,51.8200,43.426704,50600,0,1,194.365437
2015-02-09,51.6100,43.250721,26800,0,1,193.577773
2015-02-10,52.1250,43.682304,34600,0,1,195.509425
2015-02-11,52.0850,43.648785,37600,0,1,195.359394
2015-02-12,52.6450,44.118061,265600,0,1,197.459831
2015-02-13,52.8750,44.310829,34400,0,1,198.322510
2015-02-17,52.9600,44.382050,33400,0,1,198.641327
2015-02-18,53.0050,44.419769,43600,0,1,198.810112
2015-02-19,52.9700,44.390438,35200,0,1,198.678834
2015-02-20,53.2600,44.633465,34800,0,1,199.766561
2015-02-23,53.2850,44.654415,38200,0,1,199.860330
2015-02-24,53.4500,44.792686,39200,0,1,200.479209
2015-02-25,53.3900,44.742397,54400,0,1,200.254162
2015-02-26,53.3150,44.679558,44400,0,1,199.972854
2015-02-27,53.2150,44.595760,100600,0,1,199.597776
2015-03-02,53.5000,44.834602,30800,0,1,200.666748
2015-03-03,53.3250,44.687935,52400,0,1,200.010361
2015-03-04,53.0400,44.449104,24200,0,1,198.941389
2015-03-05,53.1350,44.528702,68200,0,1,199.297713
2015-03-06,52.3150,43.841515,41600,0,1,196.222073
2015-03-09,52.5600,44.046848,95000,0,1,197.141014
2015-03-10,51.8350,43.439259,84400,0,1,194.421699
2015-03-11,51.7900,43.401573,49800,0,1,194.252914
2015-03-12,52.3700,43.887627,44800,0,1,196.428366
2015-03-13,52.0350,43.606892,38400,0,1,195.171855
2015-03-16,52.6750,44.143211,47600,0,1,197.572354
2015-03-17,52.5900,44.071987,68600,0,1,197.253538
2015-03-18,53.2400,44.616707,156400,0,1,199.691545
2015-03-19,53.0200,44.432335,21600,0,1,198.866373
2015-03-20,53.4650,44.805260,84800,0,1,200.535471
2015-03-23,53.3950,44.746597,39000,0,1,200.272916
2015-03-24,53.0850,44.486801,39000,0,1,199.110174
2015-03-25,52.0700,43.813675,52800,0.215,1,196.109550
2015-03-26,51.9600,43.721100,42200,0,1,195.695260
2015-03-27,52.1200,43.855728,20600,0,1,196.297863
2015-03-30,52.7600,44.394260,35600,0,1,198.708274
2015-03-31,52.4250,44.112358,37800,0,1,197.446575
2015-04-01,52.0900,43.830490,106200,0,1,196.184875
2015-04-02,52.3650,44.061878,32600,0,1,197.220599
2015-04-06,52.7150,44.356384,39200,0,1,198.538792
2015-04-07,52.5200,44.192310,30600,0,1,197.804370
2015-04-08,52.6750,44.322720,28800,0,1,198.388142
2015-04-09,52.9100,44.520477,35000,0,1,199.273215
2015-04-10,53.1600,44.730831,42200,0,1,200.214781
2015-04-13,52.9650,44.566757,31200,0,1,199.480359
2015-04-14,52.9800,44.579376,27000,0,1,199.536853
2015-04-15,53.2600,44.814976,21200,0,1,200.591408
2015-04-16,53.2500,44.806545,65000,0,1,200.553745
2015-04-17,52.6950,44.339554,87600,0,1,198.463467
2015-04-20,53.1150,44.692970,73000,0,1,200.045299
2015-04-21,53.0800,44.663506,92000,0,1,199.913480
2015-04-22,53.3600,44.899105,20400,0,1,200.968035
2015-04-23,53.6150,45.113686,51000,0,1,201.928433
2015-04-24,53.5250,45.037964,24600,0,1,201.589469
2015-04-27,53.3000,44.848629,43400,0,1,200.742059
2015-04-28,53.4050,44.936970,49600,0,1,201.137517
2015-04-29,53.2750,44.827587,26800,0,1,200.647902
2015-04-30,52.6350,44.289074,72000,0,1,198.237491
2015-05-01,53.1500,44.722416,40400,0,1,200.177119
2015-05-04,53.3200,44.865456,34800,0,1,200.817384
2015-05-05,52.6950,44.339554,29400,0,1,198.463467
2015-05-06,52.5650,44.230175,53200,0,1,197.973852
2015-05-07,52.6850,44.331154,23800,0,1,198.425804
2015-05-08,53.3850,44.920155,44800,0,1,201.062192
2015-05-11,53.1750,44.743450,38600,0,1,200.271275
2015-05-12,53.0650,44.650902,38800,0,1,199.856986
2015-05-13,52.9950,44.591991,25000,0,1,199.593347
2015-05-14,53.5500,45.058987,50800,0,1,201.683626
2015-05-15,53.5800,45.084240,28800,0,1,201.796614
2015-05-18,53.8250,45.290382,35000,0,1,202.719349
2015-05-19,53.8000,45.269348,39800,0,1,202.625193
2015-05-20,53.8600,45.319843,27200,0,1,202.851169
2015-05-21,53.8750,45.332455,27400,0,1,202.907663
2015-05-22,53.7700,45.244099,22800,0,1,202.512205
2015-05-26,53.2650,44.819195,37200,0,1,200.610240
2015-05-27,53.7550,45.231487,25600,0,1,202.455711
2015-05-28,53.6550,45.147331,33800,0,1,202.079084
2015-05-29,53.3550,44.894913,27600,0,1,200.949204
2015-06-01,53.4950,45.012722,63000,0,1,201.476481
2015-06-02,53.4250,44.953804,18400,0,1,201.212842
2015-06-03,53.5800,45.084240,44000,0,1,201.796614
2015-06-04,53.0900,44.671917,66400,0,1,199.951143
2015-06-05,53.0550,44.642483,29400,0,1,199.819323
2015-06-08,52.7250,44.364792,36200,0,1,198.576455
2015-06-09,52.7850,44.415287,40800,0,1,198.802431
2015-06-10,53.3700,44.907528,72400,0,1,201.005698
2015-06-11,53.4750,44.995869,22600,0,1,201.401156
2015-06-12,53.1600,44.730831,44400,0,1,200.214781
2015-06-15,52.9100,44.520477,35000,0,1,199.273215
2015-06-16,53.1500,44.722416,17400,0,1,200.177119
2015-06-17,53.2550,44.810764,29400,0,1,200.572577
2015-06-18,53.7900,45.260933,49400,0,1,202.587530
2015-06-19,53.4900,45.008499,48800,0,1,201.457650
2015-06-22,53.8700,45.328247,41600,0,1,202.888831
2015-06-23,53.9100,45.361912,16600,0,1,203.039482
2015-06-24,53.2550,45.015747,30400,0.2455,1,201.497196
2015-06-25,53.0700,44.859383,20200,0,1,200.797224
2015-06-26,53.0400,44.834038,38800,0,1,200.683715
2015-06-29,51.9550,43.916885,79200,0,1,196.578477
2015-06-30,52.1250,44.060593,67400,0,1,197.221694
2015-07-01,52.4500,44.335300,43000,0,1,198.451374
2015-07-02,52.4400,44.326870,33600,0,1,198.413537
2015-07-06,52.2250,44.145130,64600,0,1,197.600057
2015-07-07,52.5450,44.415607,34800,0,1,198.810818
2015-07-08,51.6950,43.697109,50800,0,1,195.594733
2015-07-09,51.8100,43.794331,50200,0,1,196.029851
2015-07-10,52.4750,44.356438,92200,0,1,198.545964
2015-07-13,52.9800,44.783310,60000,0,1,200.456697
2015-07-14,53.2350,44.998852,45600,0,1,201.421523
2015-07-15,53.1250,44.905884,36600,0,1,201.005324
2015-07-16,53.5550,45.269344,28200,0,1,202.632284
2015-07-17,53.5350,45.252441,16400,0,1,202.556612
2015-07-20,53.6150,45.320072,83600,0,1,202.859302
2015-07-21,53.3700,45.112961,29200,0,1,201.932313
2015-07-22,53.2050,44.973499,46400,0,1,201.308014
2015-07-23,52.9700,44.774849,53000,0,1,200.418861
2015-07-24,52.4500,44.335300,61200,0,1,198.451374
2015-07-27,52.0600,44.005650,55400,0,1,196.975758
2015-07-28,52.6900,44.538170,67000,0,1,199.359445
2015-07-29,53.1250,44.905884,53200,0,1,201.005324
2015-07-30,53.1300,44.910099,25200,0,1,201.024242
2015-07-31,53.0500,44.842476,19200,0,1,200.721551
2015-08-03,52.8400,44.664959,47200,0,1,199.926989
2015-08-04,52.7450,44.584663,63800,0,1,199.567544
2015-08-05,52.9350,44.745277,59200,0,1,200.286434
2015-08-06,52.5800,44.445198,39200,0,1,198.943246
2015-08-07,52.4000,44.293037,46000,0,1,198.262192
2015-08-10,53.0250,44.821346,56200,0,1,200.626961
2015-08-11,52.5550,44.424065,62600,0,1,198.848655
2015-08-12,52.5700,44.436737,50200,0,1,198.905409
2015-08-13,52.5750,44.440964,59200,0,1,198.924327
2015-08-14,52.7500,44.588894,24000,0,1,199.586463
2015-08-17,53.0700,44.859383,33400,0,1,200.797224
2015-08-18,52.9550,44.762177,17800,0,1,200.362107
2015-08-19,52.4900,44.369125,44000,0,1,198.602719
2015-08-20,51.3500,43.405483,499600,0,1,194.289381
2015-08-21,49.9200,42.196732,443200,0,1,188.878791
2015-08-24,47.9450,40.527294,579400,0,1,181.406122
2015-08-25,47.3050,39.986301,306600,0,1,178.984599
2015-08-26,49.0350,41.448654,157600,0,1,185.530279
2015-08-27,50.2200,42.450310,207200,0,1,190.013880
2015-08-28,50.2550,42.479908,68600,0,1,190.146307
2015-08-31,49.9000,42.179829,92600,0,1,188.803118
2015-09-01,48.4400,40.945705,124000,0,1,183.279019
2015-09-02,49.2950,41.668423,48000,0,1,186.514022
2015-09-03,49.3600,41.723362,63600,0,1,186.759958
2015-09-04,48.6800,41.148575,62000,0,1,184.187090
2015-09-08,49.8550,42.141785,54600,0,1,188.632855
2015-09-09,49.2200,41.605034,67800,0,1,186.230250
2015-09-10,49.4100,41.765629,41200,0,1,186.949140
2015-09-11,49.6550,41.972729,23600,0,1,187.876129
2015-09-14,49.4500,41.799446,31200,0,1,187.100485
2015-09-15,50.1050,42.353115,76400,0,1,189.578762
2015-09-16,50.5350,42.716572,44400,0,1,191.205723
2015-09-17,50.4350,42.632050,81600,0,1,190.827360
2015-09-18,49.6150,41.938911,98000,0,1,187.724784
2015-09-21,49.8400,42.129108,44000,0,1,188.576100
2015-09-22,49.1900,41.579674,78200,0,1,186.116741
2015-09-23,49.0900,41.495136,39400,0,1,185.738378
2015-09-24,48.9200,41.351444,34000,0,1,185.095161
2015-09-25,48.6050,41.283073,119400,0.2345,1,184.790579
2015-09-28,47.3200,40.191654,64400,0,1,179.905158
2015-09-29,47.3150,40.187401,58200,0,1,179.886148
2015-09-30,48.2400,40.973057,75200,0,1,183.402891
2015-10-01,48.2700,40.998535,28000,0,1,183.516948
2015-10-02,48.9950,41.614326,69200,0,1,186.273314
2015-10-05,49.9400,42.416962,53800,0,1,189.866094
2015-10-06,49.7000,42.213123,45600,0,1,188.953642
2015-10-07,50.1550,42.599564,60800,0,1,190.683499
2015-10-08,50.5600,42.943565,194200,0,1,192.223262
2015-10-09,50.6500,43.020008,57600,0,1,192.565432
2015-10-12,50.6650,43.032749,15000,0,1,192.622460
2015-10-13,50.3300,42.748234,29200,0,1,191.348829
2015-10-14,50.0700,42.527386,44000,0,1,190.360339
2015-10-15,50.8550,43.194134,134800,0,1,193.344818
2015-10-16,51.0450,43.355499,158200,0,1,194.067176
2015-10-19,51.0950,43.397964,33000,0,1,194.257270
2015-10-20,50.9750,43.296055,33000,0,1,193.801044
2015-10-21,50.6650,43.032749,19600,0,1,192.622460
2015-10-22,51.3900,43.648529,42400,0,1,195.378826
2015-10-23,51.9450,44.119930,88800,0,1,197.488872
2015-10-26,51.8250,44.017994,39800,0,1,197.032646
2015-10-27,51.6500,43.869377,56600,0,1,196.367316
2015-10-28,52.3450,44.459671,58800,0,1,199.009626
2015-10-29,52.3050,44.425701,23800,0,1,198.857550
2015-10-30,52.0800,44.234596,49600,0,1,198.002126
2015-11-02,52.6950,44.756939,251800,0,1,200.340285
2015-11-03,52.8000,44.846115,48400,0,1,200.739483
2015-11-04,52.7150,44.773926,22000,0,1,200.416323
2015-11-05,52.6600,44.727230,27200,0,1,200.207219
2015-11-06,52.6050,44.680492,32200,0,1,199.998115
2015-11-09,52.1400,44.285557,46000,0,1,198.230239
2015-11-10,52.1400,44.285557,31200,0,1,198.230239
2015-11-11,52.0500,44.209099,22000,0,1,197.888070
2015-11-12,51.3600,43.623043,36600,0,1,195.264770
2015-11-13,50.7150,43.075226,40600,0,1,192.812554
2015-11-16,51.4850,43.729218,28400,0,1,195.740005
2015-11-17,51.3800,43.640041,33600,0,1,195.340807
2015-11-18,52.2500,44.378986,15800,0,1,198.648447
2015-11-19,52.1600,44.302532,27600,0,1,198.306277
2015-11-20,52.3450,44.459671,52600,0,1,199.009626
2015-11-23,52.3000,44.421444,26200,0,1,198.838541
2015-11-24,52.3850,44.493652,59000,0,1,199.161701
2015-11-25,52.4550,44.553108,28200,0,1,199.427833
2015-11-27,52.4650,44.561596,80800,0,1,199.465852
2015-11-30,52.2600,44.387482,19200,0,1,198.686465
2015-12-01,52.7300,44.786678,138800,0,1,200.473351
2015-12-02,52.2200,44.353500,31200,0,1,198.534390
2015-12-03,51.4450,43.695248,34800,0,1,195.587930
2015-12-04,52.4050,44.510639,43800,0,1,199.237739
2015-12-07,52.0000,44.166634,24000,0,1,197.697976
2015-12-08,51.7300,43.937317,31000,0,1,196.671467
2015-12-09,51.3400,43.606068,35600,0,1,195.188732
2015-12-10,51.4150,43.669754,18400,0,1,195.473873
2015-12-11,50.4600,42.858627,42200,0,1,191.843074
2015-12-14,50.6300,43.003017,92000,0,1,192.489394
2015-12-15,51.1400,43.436184,52600,0,1,194.428355
2015-12-16,51.8750,44.060471,71800,0,1,197.222740
2015-12-17,51.1350,43.431938,2282000,0,1,194.409346
2015-12-18,50.3500,42.765186,71600,0,1,191.424867
2015-12-21,50.6700,43.036995,39000,0,1,192.641470
2015-12-22,51.1500,43.444698,77200,0,1,194.466374
2015-12-23,51.7450,43.950050,38000,0,1,196.728495
2015-12-24,51.5550,44.005104,42600,0.2545,1,196.973717
2015-12-28,51.2850,43.774651,123800,0,1,195.942141
2015-12-29,51.8000,44.260822,49800,0.054,1,198.116092
2015-12-30,51.5450,44.042946,112400,0,1,197.140810
2015-12-31,50.9850,43.564461,46200,0,1,194.999014
2016-01-04,50.1700,42.868057,158200,0,1,191.881937
2016-01-05,50.2800,42.962067,265000,0,1,192.302646
2016-01-06,49.6700,42.440842,318600,0,1,189.969619
2016-01-07,48.4300,41.381313,179800,0,1,185.227072
2016-01-08,47.8550,40.890007,79600,0,1,183.027907
2016-01-11,47.9300,40.954079,92000,0,1,183.314754
2016-01-12,48.2500,41.227528,60800,0,1,184.538637
2016-01-13,47.0000,40.159447,135400,0,1,179.757844
2016-01-14,47.7650,40.813107,150600,0,1,182.683690
2016-01-15,46.7250,39.924473,159000,0,1,178.706069
2016-01-19,46.7000,39.903114,234600,0,1,178.610453
2016-01-20,46.2500,39.518600,236200,0,1,176.889368
2016-01-21,46.4000,39.646770,184400,0,1,177.463063
2016-01-22,47.3550,40.462765,74400,0,1,181.115589
2016-01-25,46.6100,39.826210,2573400,0,1,178.266236
2016-01-26,47.3200,40.432865,60200,0,1,180.981727
2016-01-27,46.7800,39.971458,125000,0,1,178.916424
2016-01-28,46.9600,40.125252,119600,0,1,179.604858
2016-01-29,48.0600,41.065174,84800,0,1,183.811957
2016-02-01,48.1650,41.154884,49600,0,1,184.213543
2016-02-02,47.2350,40.360249,103200,0,1,180.656633
2016-02-03,47.4700,40.561047,71000,0,1,181.555422
2016-02-04,47.6050,40.676380,33800,0,1,182.071748
2016-02-05,46.6100,39.826210,31200,0,1,178.266236
2016-02-08,45.9400,39.253708,98800,0,1,175.703731
2016-02-09,45.9000,39.219536,105000,0,1,175.550745
2016-02-10,45.9050,39.223820,31400,0,1,175.569868
2016-02-11,45.4000,38.792309,365400,0,1,173.638428
2016-02-12,46.1250,39.411797,63400,0,1,176.411288
2016-02-16,47.0550,40.206444,121000,0,1,179.968199
2016-02-17,47.8250,40.864380,88600,0,1,182.913168
2016-02-18,47.6500,40.714821,21800,0,1,182.243856
2016-02-19,47.6350,40.702007,64200,0,1,182.186487
2016-02-22,48.3200,41.287327,36800,0,1,184.806362
2016-02-23,47.7250,40.778919,37000,0,1,182.530704
2016-02-24,47.9850,41.001091,30200,0,1,183.525109
2016-02-25,48.4900,41.432590,44600,0,1,185.456550
2016-02-26,48.4700,41.415489,55600,0,1,185.380057
2016-02-29,48.1100,41.107895,23000,0,1,184.003189
2016-03-01,49.2450,42.077702,40200,0,1,188.344149
2016-03-02,49.5000,42.295586,79600,0,1,189.319431
2016-03-03,49.7300,42.492096,44200,0,1,190.199097
2016-03-04,49.8950,42.633099,40200,0,1,190.830162
2016-03-07,49.9250,42.658730,75400,0,1,190.944901
2016-03-08,49.3800,42.193050,38200,0,1,188.860475
2016-03-09,49.6050,42.385307,36400,0,1,189.721018
2016-03-10,49.6000,42.381027,40800,0,1,189.701895
2016-03-11,50.4600,43.115864,31200,0,1,192.991081
2016-03-14,50.4650,43.120148,32600,0,1,193.010204
2016-03-15,50.2300,42.919350,30600,0,1,192.111415
2016-03-16,50.5800,43.218410,24600,0,1,193.450037
2016-03-17,50.9500,43.534546,56800,0,1,194.865152
2016-03-18,51.1350,43.692612,33800,0,1,195.572709
2016-03-21,51.1950,43.743893,77400,0,1,195.802187
2016-03-22,51.2000,43.748165,26400,0,1,195.821311
2016-03-23,50.5950,43.441624,77600,0.248,1,194.455916
2016-03-24,50.5600,43.411587,28800,0,1,194.321398
2016-03-28,50.5850,43.433048,37600,0,1,194.417482
2016-03-29,51.1200,43.892403,25000,0,1,196.473692
2016-03-30,51.2900,44.038372,96400,0,1,197.127066
2016-03-31,51.2550,44.008331,86000,0,1,196.992548
2016-04-01,51.5700,44.278786,105200,0,1,198.203213
2016-04-04,51.3750,44.111359,38800,0,1,197.453754
2016-04-05,50.8150,43.630527,44600,0,1,195.301460
2016-04-06,51.3850,44.119938,41400,0,1,197.492188
2016-04-07,50.8150,43.630527,51600,0,1,195.301460
2016-04-08,50.9100,43.712109,18000,0,1,195.666581
2016-04-11,50.7900,43.609051,33200,0,1,195.205375
2016-04-12,51.3200,44.064137,37000,0,1,197.242368
2016-04-13,51.8750,44.540657,86800,0,1,199.375445
2016-04-14,51.8850,44.549248,25000,0,1,199.413879
2016-04-15,51.8500,44.519203,32800,0,1,199.279360
2016-04-18,52.1300,44.759617,24400,0,1,200.355507
2016-04-19,52.2750,44.884106,38000,0,1,200.912798
2016-04-20,52.3500,44.948498,48800,0,1,201.201051
2016-04-21,52.1200,44.751011,43000,0,1,200.317074
2016-04-22,52.1400,44.768200,35200,0,1,200.393941
2016-04-25,52.0300,44.673759,25600,0,1,199.971169
2016-04-26,52.1500,44.776779,31200,0,1,200.432375
2016-04-27,52.3400,44.939922,20800,0,1,201.162618
2016-04-28,51.7800,44.459095,25000,0,1,199.010324
2016-04-29,51.5100,44.227268,78400,0,1,197.972611
2016-05-02,51.8950,44.557835,91800,0,1,199.452313
2016-05-03,51.4150,44.145687,37800,0,1,197.607489
2016-05-04,51.1050,43.879536,24000,0,1,196.416041
2016-05-05,51.0850,43.862354,12800,0,1,196.339173
2016-05-06,51.2500,44.004009,32600,0,1,196.973331
2016-05-09,51.3150,44.059822,22200,0,1,197.223151
2016-05-10,51.9600,44.613647,44800,0,1,199.702132
2016-05-11,51.4700,44.192924,34800,0,1,197.818875
2016-05-12,51.4350,44.162865,19200,0,1,197.684357
2016-05-13,51.0450,43.828007,103600,0,1,196.185438
2016-05-16,51.5200,44.235859,73800,0,1,198.011044
2016-05-17,51.0550,43.836594,54600,0,1,196.223872
2016-05-18,51.0800,43.858067,24800,0,1,196.319956
2016-05-19,50.8500,43.660576,19400,0,1,195.435978
2016-05-20,51.2300,43.986855,25000,0,1,196.896464
2016-05-23,51.1400,43.909588,37400,0,1,196.550559
2016-05-24,51.8600,44.527775,32400,0,1,199.317794
2016-05-25,52.2300,44.845470,39200,0,1,200.739846
2016-05-26,52.2000,44.819702,25600,0,1,200.624544
2016-05-27,52.4150,45.004299,15600,0,1,201.450871
2016-05-31,52.4350,45.021477,51200,0,1,201.527739
2016-06-01,52.5150,45.090187,21600,0,1,201.835210
2016-06-02,52.7100,45.257603,22600,0,1,202.584669
2016-06-03,52.5400,45.111637,32400,0,1,201.931294
2016-06-06,52.8100,45.343472,28400,0,1,202.969007
2016-06-07,52.8950,45.416458,21000,0,1,203.295695
2016-06-08,53.0650,45.562412,20000,0,1,203.949070
2016-06-09,53.0050,45.510899,22600,0,1,203.718467
2016-06-10,52.4300,45.017174,63000,0,1,201.508522
2016-06-13,52.0750,44.712383,34800,0,1,200.144121
2016-06-14,51.9400,44.596470,35600,0,1,199.625265
2016-06-15,51.8650,44.532082,17200,0,1,199.337011
2016-06-16,51.9800,44.630802,64000,0,1,199.779000
2016-06-17,51.8150,44.489136,27600,0,1,199.144842
2016-06-20,52.2150,44.832584,101400,0,1,200.682195
2016-06-21,52.1050,44.933060,32000,0.2265,1,201.129949
2016-06-22,51.9650,44.812321,34600,0,1,200.589536
2016-06-23,52.6750,45.424591,58600,0,1,203.330200
2016-06-24,50.8050,43.811989,226200,0,1,196.111833
2016-06-27,49.7850,42.932388,144600,0,1,192.174542
2016-06-28,50.6850,43.708504,72400,0,1,195.648622
2016-06-29,51.5900,44.488941,69800,0,1,199.142003
2016-06-30,52.3150,45.114155,57800,0,1,201.940568
2016-07-01,52.4350,45.217636,56800,0,1,202.403778
2016-07-05,51.9900,44.833889,64200,0,1,200.686039
2016-07-06,52.3200,45.118458,34400,0,1,201.959868
2016-07-07,52.2900,45.092594,26400,0,1,201.844065
2016-07-08,53.1050,45.795406,119200,0,1,204.990038
2016-07-11,53.3300,45.989441,391000,0,1,205.858558
2016-07-12,53.7200,46.325768,66600,0,1,207.363993
2016-07-13,53.7100,46.317139,44400,0,1,207.325392
2016-07-14,53.9600,46.532738,38600,0,1,208.290414
2016-07-15,53.9250,46.502544,26800,0,1,208.155311
2016-07-18,54.0500,46.610340,44000,0,1,208.637822
2016-07-19,53.9500,46.524086,17400,0,1,208.251814
2016-07-20,54.2600,46.791447,35200,0,1,209.448441
2016-07-21,54.0350,46.597416,24400,0,1,208.579921
2016-07-22,54.2600,46.791447,43000,0,1,209.448441
2016-07-25,54.1250,46.675018,58200,0,1,208.927329
2016-07-26,54.1900,46.731056,24200,0,1,209.178235
2016-07-27,54.1100,46.662094,21000,0,1,208.869428
2016-07-28,54.2350,46.769871,21400,0,1,209.351939
2016-07-29,54.3550,46.873363,21600,0,1,209.815150
2016-08-01,54.2300,46.765568,35400,0,1,209.332639
2016-08-02,53.8350,46.424938,40000,0,1,207.807903
2016-08-03,54.0200,46.584461,26400,0,1,208.522020
2016-08-04,54.0500,46.610340,18000,0,1,208.637822
2016-08-05,54.4900,46.989780,17400,0,1,210.336262
2016-08-08,54.4950,46.994087,46000,0,1,210.355562
2016-08-09,54.5250,47.019958,49000,0,1,210.471365
2016-08-10,54.3900,46.903542,79200,0,1,209.950253
2016-08-11,54.6500,47.127750,22800,0,1,210.953876
2016-08-12,54.6000,47.084648,16400,0,1,210.760872
2016-08-15,54.8200,47.274357,13200,0,1,211.610091
2016-08-16,54.4800,46.981159,15000,0,1,210.297661
2016-08-17,54.5600,47.050148,12400,0,1,210.606468
2016-08-18,54.7200,47.188118,10800,0,1,211.224082
2016-08-19,54.6450,47.123447,16400,0,1,210.934576
2016-08-22,54.6250,47.106190,10800,0,1,210.857374
2016-08-23,54.7650,47.226917,23200,0,1,211.397786
2016-08-24,54.5500,47.041504,17200,0,1,210.567867
2016-08-25,54.3950,46.907864,28000,0,1,209.969553
2016-08-26,54.2850,46.812996,21000,0,1,209.544943
2016-08-29,54.6050,47.088943,19400,0,1,210.780172
2016-08-30,54.4900,46.989780,21400,0,1,210.336262
2016-08-31,54.4000,46.912163,10600,0,1,209.988854
2016-09-01,54.4100,46.920784,8000,0,1,210.027455
2016-09-02,54.6700,47.144993,11600,0,1,211.031078
2016-09-06,54.7450,47.209675,18400,0,1,211.320584
2016-09-07,54.8000,47.257107,15800,0,1,211.532889
2016-09-08,54.7450,47.209675,25800,0,1,211.320584
2016-09-09,53.4500,46.092930,64600,0,1,206.321769
2016-09-12,54.1350,46.683636,39200,0,1,208.965930
2016-09-13,53.3150,45.976498,26600,0,1,205.800657
2016-09-14,53.2950,45.959255,30200,0,1,205.723455
2016-09-15,53.9050,46.485294,253200,0,1,208.078110
2016-09-16,53.7400,46.343025,29400,0,1,207.441195
2016-09-19,53.6850,46.295559,39000,0,1,207.228890
2016-09-20,53.6950,46.304211,36200,0,1,207.267491
2016-09-21,54.2900,46.817299,19200,0,1,209.564244
2016-09-22,54.6700,47.144993,90400,0,1,211.031078
2016-09-23,54.4200,46.929420,54800,0,1,210.066055
2016-09-26,53.6650,46.484619,29800,0.2415,1,208.083900
2016-09-27,53.9950,46.770473,29400,0,1,209.363462
2016-09-28,54.3200,47.051968,16000,0,1,210.623636
2016-09-29,53.8650,46.657867,87600,0,1,208.859392
2016-09-30,54.2650,47.004330,21800,0,1,210.410376
2016-10-03,54.0500,46.818085,125800,0,1,209.576722
2016-10-04,53.7700,46.575558,31000,0,1,208.491033
2016-10-05,54.0400,46.809433,42400,0,1,209.537947
2016-10-06,54.0200,46.792099,21600,0,1,209.460398
2016-10-07,53.8150,46.614559,23200,0,1,208.665519
2016-10-10,54.1000,46.861416,75600,0,1,209.770595
2016-10-11,53.4150,46.268066,35200,0,1,207.114535
2016-10-12,53.4900,46.333027,42400,0,1,207.405344
2016-10-13,53.2650,46.138134,18800,0,1,206.532916
2016-10-14,53.2700,46.142475,182800,0,1,206.552303
2016-10-17,53.1300,46.021194,33200,0,1,206.009458
2016-10-18,53.4550,46.302723,33600,0,1,207.269633
2016-10-19,53.6050,46.432652,9400,0,1,207.851252
2016-10-20,53.5500,46.384998,95200,0,1,207.637992
2016-10-21,53.5100,46.350353,20000,0,1,207.482893
2016-10-24,53.7750,46.579891,20800,0,1,208.510420
2016-10-25,53.5150,46.354687,32600,0,1,207.502281
2016-10-26,53.4350,46.285400,115600,0,1,207.192084
2016-10-27,53.2350,46.112156,28000,0,1,206.416592
2016-10-28,53.0800,45.977898,36800,0,1,205.815585
2016-10-31,53.1400,46.029865,31400,0,1,206.048233
2016-11-01,52.6150,45.575104,35200,0,1,204.012566
2016-11-02,52.4200,45.406181,22600,0,1,203.256462
2016-11-03,52.1450,45.167995,88200,0,1,202.190160
2016-11-04,52.0950,45.124683,56400,0,1,201.996287
2016-11-07,53.2150,46.094837,43200,0,1,206.339043
2016-11-08,53.4550,46.302723,62600,0,1,207.269633
2016-11-09,54.1150,46.874409,191200,0,1,209.828757
2016-11-10,54.2650,47.004330,114200,0,1,210.410376
2016-11-11,54.2250,46.969685,211400,0,1,210.255277
2016-11-14,54.3050,47.038975,85200,0,1,210.565474
2016-11-15,54.7500,47.424446,81000,0,1,212.290944
2016-11-16,54.6750,47.359478,61200,0,1,212.000134
2016-11-17,54.9400,47.589024,43600,0,1,213.027661
2016-11-18,54.8000,47.467754,25000,0,1,212.484817
2016-11-21,55.2450,47.853210,41800,0,1,214.210287
2016-11-22,55.3950,47.983131,77600,0,1,214.791906
2016-11-23,55.4400,48.022121,79600,0,1,214.966391
2016-11-25,55.6700,48.221336,41000,0,1,215.858207
2016-11-28,55.3750,47.965816,49400,0,1,214.714357
2016-11-29,55.4700,48.048107,44200,0,1,215.082715
2016-11-30,55.3450,47.939835,65000,0,1,214.598033
2016-12-01,55.1150,47.740593,51400,0,1,213.706217
2016-12-02,55.1400,47.762249,72200,0,1,213.803153
2016-12-05,55.4800,48.056767,78000,0,1,215.121490
2016-12-06,55.7400,48.281982,146200,0,1,216.129629
2016-12-07,56.4350,48.883991,89600,0,1,218.824464
2016-12-08,56.6300,49.052898,365600,0,1,219.580569
2016-12-09,56.9050,49.291103,123400,0,1,220.646871
2016-12-12,56.7850,49.187153,88000,0,1,220.181575
2016-12-13,57.1500,49.503326,112200,0,1,221.596848
2016-12-14,56.6300,49.052898,164400,0,1,219.580569
2016-12-15,56.8950,49.282440,77400,0,1,220.608096
2016-12-16,56.8200,49.217476,60400,0,1,220.317286
2016-12-19,56.9750,49.351738,51600,0,1,220.918293
2016-12-20,57.0900,49.451351,99600,0,1,221.364201
2016-12-21,56.7100,49.382141,94400,0.3005,1,221.055943
2016-12-22,56.5850,49.273281,65200,0,1,220.568692
2016-12-23,56.6250,49.308109,34400,0,1,220.724612
2016-12-27,56.7950,49.456139,42800,0,1,221.387273
2016-12-28,56.3400,49.059929,52800,0,1,219.613680
2016-12-29,56.3350,49.055592,66000,0,1,219.594190
2016-12-30,56.0250,48.785641,117600,0,1,218.385808
2017-01-03,56.4400,49.147003,171600,0,1,220.003481
2017-01-04,56.9350,49.578037,179600,0,1,221.932994
2017-01-05,56.8350,49.490971,65400,0,1,221.543193
2017-01-06,57.0800,49.704319,63200,0,1,222.498205
2017-01-09,56.8550,49.508392,84600,0,1,221.621154
2017-01-10,56.9250,49.569351,81800,0,1,221.894014
2017-01-11,57.0350,49.665131,62400,0,1,222.322795
2017-01-12,56.9450,49.586761,50600,0,1,221.971974
2017-01-13,57.0400,49.669487,53000,0,1,222.342285
2017-01-17,56.7800,49.443077,55600,0,1,221.328803
2017-01-18,56.9350,49.578037,36200,0,1,221.932994
2017-01-19,56.7250,49.395191,38200,0,1,221.114413
2017-01-20,56.9450,49.586761,57800,0,1,221.971974
2017-01-23,56.8150,49.473553,22200,0,1,221.465233
2017-01-24,57.2300,49.834934,61400,0,1,223.082906
2017-01-25,57.6850,50.231136,73000,0,1,224.856499
2017-01-26,57.6200,50.174541,76600,0,1,224.603128
2017-01-27,57.5500,50.113575,50000,0,1,224.330268
2017-01-30,57.1800,49.791393,73600,0,1,222.888006
2017-01-31,57.1950,49.804447,67400,0,1,222.946476
2017-02-01,57.1750,49.787037,65800,0,1,222.868516
2017-02-02,57.2000,49.808800,23600,0,1,222.965966
2017-02-03,57.6600,50.209366,58000,0,1,224.759049
2017-02-06,57.5150,50.083103,135000,0,1,224.193838
2017-02-07,57.5150,50.083103,27600,0,1,224.193838
2017-02-08,57.6250,50.178898,325800,0,1,224.622618
2017-02-09,57.9900,50.496727,135000,0,1,226.045391
2017-02-10,58.1950,50.675232,129600,0,1,226.844482
2017-02-13,58.4800,50.923416,49800,0,1,227.955414
2017-02-14,58.7500,51.158524,273200,0,1,229.007876
2017-02-15,59.0450,51.415390,73800,0,1,230.157788
2017-02-16,58.9700,51.350094,39400,0,1,229.865437
2017-02-17,59.0800,51.445885,51200,0,1,230.294218
2017-02-21,59.4300,51.750641,43400,0,1,231.658520
2017-02-22,59.3650,51.694050,39800,0,1,231.405150
2017-02-23,59.3150,51.650520,38800,0,1,231.210249
2017-02-24,59.4100,51.733238,53800,0,1,231.580560
2017-02-27,59.5350,51.842091,61000,0,1,232.067811
2017-02-28,59.3250,51.659214,51800,0,1,231.249229
2017-03-01,60.1150,52.347137,97800,0,1,234.328654
2017-03-02,59.7800,52.055416,58200,0,1,233.022822
2017-03-03,59.7750,52.051075,26800,0,1,233.003332
2017-03-06,59.5850,51.885620,63800,0,1,232.262711
2017-03-07,59.4200,51.741947,48400,0,1,231.619540
2017-03-08,59.2600,51.602619,28000,0,1,230.995859
2017-03-09,59.2650,51.606972,43800,0,1,231.015349
2017-03-10,59.4900,51.802902,53800,0,1,231.892400
2017-03-13,59.5850,51.885620,28800,0,1,232.262711
2017-03-14,59.3350,51.667923,18600,0,1,231.288209
2017-03-15,59.8450,52.112026,122000,0,1,233.276193
2017-03-16,59.7450,52.024944,32000,0,1,232.886392
2017-03-17,59.7350,52.016243,60200,0,1,232.847412
2017-03-20,59.5850,51.885620,23400,0,1,232.262711
2017-03-21,58.8050,51.206409,53200,0,1,229.222266
2017-03-22,58.8950,51.284775,189600,0,1,229.573087
2017-03-23,58.8500,51.245602,69000,0,1,229.397676
2017-03-24,58.5700,51.211929,47400,0.2415,1,229.247603
2017-03-27,58.5350,51.181328,80000,0,1,229.110610
2017-03-28,59.0000,51.587925,29200,0,1,230.930657
2017-03-29,59.0550,51.636002,37400,0,1,231.145931
2017-03-30,59.2400,51.797768,31600,0,1,231.870036
2017-03-31,59.1300,51.701584,44800,0,1,231.439487
2017-04-03,58.9950,51.583538,126200,0,1,230.911087
2017-04-04,59.0300,51.614151,157200,0,1,231.048079
2017-04-05,58.8150,51.426147,66400,0,1,230.206552
2017-04-06,59.0000,51.587925,26200,0,1,230.930657
2017-04-07,58.9200,51.517963,33200,0,1,230.617531
2017-04-10,59.0050,51.592285,28000,0,1,230.950227
2017-04-11,58.9700,51.561691,57600,0,1,230.813235
2017-04-12,58.6750,51.303757,32000,0,1,229.658581
2017-04-13,58.2850,50.962749,27000,0,1,228.132091
2017-04-17,58.7650,51.382439,63200,0,1,230.010848
2017-04-18,58.6550,51.286251,71800,0,1,229.580300
2017-04-19,58.5800,51.220703,76000,0,1,229.286744
2017-04-20,59.1050,51.679729,46400,0,1,231.341635
2017-04-21,58.9550,51.548573,70000,0,1,230.754523
2017-04-24,59.4900,52.016361,51000,0,1,232.848556
2017-04-25,59.8800,52.357361,60600,0,1,234.375046
2017-04-26,59.8500,52.331120,47600,0,1,234.257624
2017-04-27,59.8900,52.366100,54400,0,1,234.414187
2017-04-28,59.7350,52.230579,36000,0,1,233.807505
2017-05-01,59.9450,52.414200,31600,0,1,234.629462
2017-05-02,59.8650,52.344238,25000,0,1,234.316335
2017-05-03,59.8100,52.296154,11400,0,1,234.101061
2017-05-04,59.7750,52.265564,17000,0,1,233.964068
2017-05-05,60.1000,52.549732,18400,0,1,235.236144
2017-05-08,60.0200,52.479778,22600,0,1,234.923018
2017-05-09,59.9200,52.392338,541800,0,1,234.531610
2017-05-10,60.1100,52.558472,43600,0,1,235.275285
2017-05-11,59.9550,52.422947,33800,0,1,234.668602
2017-05-12,59.8200,52.304905,25000,0,1,234.140202
2017-05-15,60.1350,52.580318,31800,0,1,235.373137
2017-05-16,60.1150,52.562847,33200,0,1,235.294855
2017-05-17,59.0350,51.618519,58200,0,1,231.067650
2017-05-18,59.2750,51.828384,49800,0,1,232.007029
2017-05-19,59.6700,52.173740,51400,0,1,233.553090
2017-05-22,60.0000,52.462296,43800,0,1,234.844736
2017-05-23,60.1100,52.558472,35800,0,1,235.275285
2017-05-24,60.2500,52.680870,20000,0,1,235.823256
2017-05-25,60.5000,52.899475,34600,0,1,236.801775
2017-05-26,60.5200,52.916973,30400,0,1,236.880057
2017-05-30,60.4150,52.825150,25000,0,1,236.469079
2017-05-31,60.4250,52.833900,20200,0,1,236.508219
2017-06-01,60.9200,53.266705,17400,0,1,238.445689
2017-06-02,61.1550,53.472179,28600,0,1,239.365497
2017-06-05,61.1450,53.463436,10200,0,1,239.326356
2017-06-06,60.8800,53.231743,22200,0,1,238.289125
2017-06-07,60.9550,53.297318,33400,0,1,238.582681
2017-06-08,61.0600,53.389111,32800,0,1,238.993660
2017-06-09,60.9900,53.327911,54400,0,1,238.719674
2017-06-12,60.9400,53.284195,30800,0,1,238.523970
2017-06-13,61.2700,53.572750,20200,0,1,239.815616
2017-06-14,61.1850,53.498421,19200,0,1,239.482919
2017-06-15,60.9950,53.332291,25000,0,1,238.739244
2017-06-16,60.9750,53.314796,15000,0,1,238.660963
2017-06-19,61.5350,53.804459,21000,0,1,240.852847
2017-06-20,61.1400,53.459068,22200,0,1,239.306786
2017-06-21,61.0800,53.406609,20600,0,1,239.071941
2017-06-22,61.1050,53.428463,53000,0,1,239.169793
2017-06-23,61.2200,53.529022,11800,0,1,239.619912
2017-06-26,61.2550,53.559635,27000,0,1,239.756905
2017-06-27,60.5250,53.133850,37800,0.245,1,237.858577
2017-06-28,61.0400,53.585964,18600,0,1,239.882487
2017-06-29,60.5700,53.173359,37200,0,1,238.035423
2017-06-30,60.6650,53.256741,28600,0,1,238.408766
2017-07-03,60.7850,53.362103,45000,0,1,238.880357
2017-07-05,60.8800,53.445503,37000,0,1,239.253699
2017-07-06,60.2900,52.927551,24000,0,1,236.935045
2017-07-07,60.7000,53.287472,16400,0,1,238.546313
2017-07-10,60.7550,53.335762,46000,0,1,238.762459
2017-07-11,60.7100,53.296238,16800,0,1,238.585612
2017-07-12,61.1450,53.678135,25200,0,1,240.295129
2017-07-13,61.2700,53.787884,157200,0,1,240.786369
2017-07-14,61.5450,54.029293,28800,0,1,241.867098
2017-07-17,61.5450,54.029293,15400,0,1,241.867098
2017-07-18,61.5500,54.033676,20400,0,1,241.886748
2017-07-19,61.9150,54.354111,33200,0,1,243.321169
2017-07-20,61.9450,54.380444,41400,0,1,243.439067
2017-07-21,61.8700,54.314587,26000,0,1,243.144323
2017-07-24,61.8650,54.310211,23000,0,1,243.124673
2017-07-25,62.0550,54.477009,20000,0,1,243.871359
2017-07-26,62.0050,54.433113,34600,0,1,243.674862
2017-07-27,61.9100,54.349712,51800,0,1,243.301520
2017-07-28,61.8250,54.275093,30400,0,1,242.967476
2017-07-31,61.8400,54.288261,29800,0,1,243.026425
2017-08-01,61.9450,54.380444,33000,0,1,243.439067
2017-08-02,61.9350,54.371674,28400,0,1,243.399768
2017-08-03,61.8100,54.261929,25200,0,1,242.908528
2017-08-04,61.9050,54.345322,52600,0,1,243.281870
2017-08-07,62.0150,54.441898,29200,0,1,243.714162
2017-08-08,61.8850,54.327766,23000,0,1,243.203272
2017-08-09,61.7950,54.248745,31400,0,1,242.849579
2017-08-10,60.9500,53.506954,95200,0,1,239.528794
2017-08-11,61.0100,53.559624,44200,0,1,239.764589
2017-08-14,61.6600,54.130241,56600,0,1,242.319039
2017-08-15,61.6850,54.152199,20800,0,1,242.417287
2017-08-16,61.6800,54.147793,26200,0,1,242.397638
2017-08-17,60.8300,53.401600,31000,0,1,239.057203
2017-08-18,60.6700,53.261127,42600,0,1,238.428416
2017-08-21,60.7600,53.340157,24000,0,1,238.782109
2017-08-22,61.3600,53.866894,48400,0,1,241.140062
2017-08-23,61.1750,53.704475,37000,0,1,240.413027
2017-08-24,61.0400,53.585964,160000,0,1,239.882487
2017-08-25,61.1700,53.700077,190200,0,1,240.393377
2017-08-28,61.1400,53.673744,121200,0,1,240.275479
2017-08-29,61.2250,53.748367,141800,0,1,240.609523
2017-08-30,61.5300,54.016121,44800,0,1,241.808149
2017-08-31,61.9350,54.371674,48200,0,1,243.399768
2017-09-01,62.0850,54.503353,49400,0,1,243.989256
2017-09-05,61.6050,54.081970,357600,0,1,242.102893
2017-09-06,61.7750,54.231194,62000,0,1,242.770980
2017-09-07,61.7300,54.191696,31800,0,1,242.594134
2017-09-08,61.6850,54.152199,58600,0,1,242.417287
2017-09-11,62.3350,54.722820,38400,0,1,244.971737
2017-09-12,62.5500,54.911556,32800,0,1,245.816670
2017-09-13,62.6200,54.973015,20400,0,1,246.091765
2017-09-14,62.5600,54.920341,27400,0,1,245.855970
2017-09-15,62.6950,55.038853,57800,0,1,246.386509
2017-09-18,62.8350,55.161758,21200,0,1,246.936698
2017-09-19,62.8750,55.196873,38000,0,1,247.093895
2017-09-20,62.9400,55.253941,27800,0,1,247.349340
2017-09-21,62.7700,55.104710,18000,0,1,246.681253
2017-09-22,62.7700,55.104710,19800,0,1,246.681253
2017-09-25,62.6500,54.999340,28600,0,1,246.209663
2017-09-26,62.4100,55.035954,31400,0.2815,1,246.372754
2017-09-27,62.7200,55.309326,21000,0,1,247.596526
2017-09-28,62.7900,55.371052,21200,0,1,247.872861
2017-09-29,63.0150,55.569473,20400,0,1,248.761082
2017-10-02,63.2600,55.785522,122200,0,1,249.728256
2017-10-03,63.4150,55.922199,31000,0,1,250.340141
2017-10-04,63.5100,56.005970,30200,0,1,250.715168
2017-10-05,63.8700,56.323444,17400,0,1,252.136322
2017-10-06,63.8000,56.261711,41600,0,1,251.859986
2017-10-09,63.6750,56.151478,19600,0,1,251.366530
2017-10-10,63.8450,56.301399,25200,0,1,252.037630
2017-10-11,63.9400,56.385166,26400,0,1,252.412657
2017-10-12,63.8500,56.305798,23000,0,1,252.057369
2017-10-13,63.9450,56.389584,20000,0,1,252.432395
2017-10-16,63.9700,56.411625,23400,0,1,252.531086
2017-10-17,64.0150,56.451309,42200,0,1,252.708731
2017-10-18,64.0900,56.517452,31000,0,1,253.004804
2017-10-19,64.1050,56.530678,42600,0,1,253.064019
2017-10-20,64.4000,56.790825,21600,0,1,254.228575
2017-10-23,64.1850,56.601208,89600,0,1,253.379831
2017-10-24,64.2400,56.649719,40600,0,1,253.596952
2017-10-25,63.9400,56.385166,67000,0,1,252.412657
2017-10-26,64.0900,56.517452,81600,0,1,253.004804
2017-10-27,64.5500,56.923100,105600,0,1,254.820723
2017-10-30,64.3300,56.729080,26400,0,1,253.952240
2017-10-31,64.4000,56.790825,21800,0,1,254.228575
2017-11-01,64.4750,56.856964,26800,0,1,254.524649
2017-11-02,64.5100,56.887821,59600,0,1,254.662817
2017-11-03,64.7000,57.055378,23400,0,1,255.412870
2017-11-06,64.8250,57.165600,30600,0,1,255.906326
2017-11-07,64.7250,57.077415,29600,0,1,255.511561
2017-11-08,64.8500,57.187649,26000,0,1,256.005017
2017-11-09,64.6100,56.975994,77800,0,1,255.057582
2017-11-10,64.6050,56.971600,74600,0,1,255.037843
2017-11-13,64.6800,57.037739,49800,0,1,255.333917
2017-11-14,64.4950,56.874592,22600,0,1,254.603602
2017-11-15,64.1550,56.574764,26000,0,1,253.261401
2017-11-16,64.7450,57.095055,30600,0,1,255.590514
2017-11-17,64.6600,57.020115,38000,0,1,255.254964
2017-11-20,64.7300,57.081829,33000,0,1,255.531299
2017-11-21,65.1900,57.487476,25000,0,1,257.347218
2017-11-22,65.1150,57.421329,37600,0,1,257.051144
2017-11-24,65.2900,57.575668,10000,0,1,257.741983
2017-11-27,65.2300,57.522751,47400,0,1,257.505124
2017-11-28,65.8200,58.043022,50000,0,1,259.834236
2017-11-29,65.8550,58.073898,22600,0,1,259.972404
2017-11-30,66.4000,58.554485,63000,0,1,262.123873
2017-12-01,66.2500,58.422230,78400,0,1,261.531725
2017-12-04,66.2000,58.378132,98400,0,1,261.334343
2017-12-05,65.9100,58.122406,49200,0,1,260.189525
2017-12-06,65.8400,58.060677,94400,0,1,259.913189
2017-12-07,66.0850,58.276714,33200,0,1,260.880363
2017-12-08,66.4450,58.594204,43600,0,1,262.301517
2017-12-11,66.6200,58.748508,37600,0,1,262.992355
2017-12-12,66.7450,58.858738,41200,0,1,263.485811
2017-12-13,66.7550,58.867561,50400,0,1,263.525288
2017-12-14,66.6000,58.730881,22600,0,1,262.913402
2017-12-15,67.0250,59.105667,30200,0,1,264.591153
2017-12-18,67.4350,59.467205,121000,0,1,266.209689
2017-12-19,66.9300,59.295792,64200,0.3115,1,265.445819
2017-12-20,66.8900,59.260349,27400,0,1,265.287178
2017-12-21,67.1000,59.446384,62200,0,1,266.120043
2017-12-22,66.9900,59.348957,31200,0,1,265.683780
2017-12-26,66.8900,59.260349,30800,0,1,265.287178
2017-12-27,66.9100,59.278072,42000,0,1,265.366499
2017-12-28,67.1350,59.477398,48200,0,1,266.258853
2017-12-29,66.8100,59.189461,32200,0,1,264.969896
2018-01-02,67.3250,59.645741,146800,0,1,267.012398
2018-01-03,67.7000,59.977947,52600,0,1,268.499656
2018-01-04,67.9900,60.234905,323000,0,1,269.649802
2018-01-05,68.4050,60.602551,60400,0,1,271.295701
2018-01-08,68.5950,60.770893,66800,0,1,272.049245
2018-01-09,68.7200,60.881615,65800,0,1,272.544998
2018-01-10,68.5950,60.770893,33200,0,1,272.049245
2018-01-11,69.0900,61.209404,43400,0,1,274.012426
2018-01-12,69.5450,61.612511,55400,0,1,275.816965
2018-01-16,69.2500,61.351147,72400,0,1,274.646989
2018-01-17,69.8850,61.913754,35800,0,1,277.165413
2018-01-18,69.7700,61.811844,53600,0,1,276.709320
2018-01-19,70.0950,62.099773,39200,0,1,277.998277
2018-01-22,70.6450,62.587044,47400,0,1,280.179589
2018-01-23,70.9150,62.826256,54400,0,1,281.250415
2018-01-24,70.9100,62.821815,58800,0,1,281.230585
2018-01-25,70.8500,62.768661,49200,0,1,280.992623
2018-01-26,71.5250,63.366680,30200,0,1,283.669688
2018-01-29,71.1600,63.043308,40600,0,1,282.222090
2018-01-30,70.4000,62.369999,80000,0,1,279.207914
2018-01-31,70.3950,62.365559,62200,0,1,279.188084
2018-02-01,70.4000,62.369999,62000,0,1,279.207914
2018-02-02,68.8750,61.018921,140200,0,1,273.159731
2018-02-05,66.1950,58.644615,342400,0,1,262.530793
2018-02-06,67.2150,59.548275,316400,0,1,266.576135
2018-02-07,66.9050,59.273632,152400,0,1,265.346669
2018-02-08,64.6850,57.306858,189000,0,1,256.542101
2018-02-09,65.3900,57.931446,206600,0,1,259.338146
2018-02-12,66.3150,58.750942,250600,0,1,263.006716
2018-02-13,66.5150,58.928112,49800,0,1,263.799920
2018-02-14,67.5300,59.827354,150400,0,1,267.825432
2018-02-15,68.1600,60.385494,68200,0,1,270.324026
2018-02-16,68.5050,60.691135,134000,0,1,271.692303
2018-02-20,67.8150,60.079842,62400,0,1,268.955748
2018-02-21,67.5400,59.836201,50200,0,1,267.865092
2018-02-22,67.5700,59.862801,24800,0,1,267.984073
2018-02-23,68.5450,60.726566,16000,0,1,271.850944
2018-02-26,69.3350,61.426456,73800,0,1,274.984101
2018-02-27,68.4800,60.668991,144400,0,1,271.593152
2018-02-28,67.7850,60.053272,117400,0,1,268.836767
2018-03-01,66.9100,59.278072,144400,0,1,265.366499
2018-03-02,67.3600,59.676743,46600,0,1,267.151208
2018-03-05,68.1050,60.336769,76400,0,1,270.105894
2018-03-06,68.2550,60.469662,22600,0,1,270.700798
2018-03-07,68.3300,60.536095,44400,0,1,270.998249
2018-03-08,68.6150,60.788593,32600,0,1,272.128565
2018-03-09,69.8050,61.842857,45600,0,1,276.848131
2018-03-12,69.8450,61.878304,38800,0,1,277.006772
2018-03-13,69.3100,61.404312,47200,0,1,274.884950
2018-03-14,68.9450,61.080948,32200,0,1,273.437352
2018-03-15,68.9300,61.067665,21600,0,1,273.377862
2018-03-16,68.9550,61.089813,15000,0,1,273.477013
2018-03-19,68.1200,60.350067,36200,0,1,270.165385
2018-03-20,68.1400,60.367775,58000,0,1,270.244705
2018-03-21,68.1500,60.376640,23800,0,1,270.284365
2018-03-22,66.1750,58.842346,69400,0.2495,1,263.440995
2018-03-23,64.7750,57.597469,105000,0,1,257.867631
2018-03-26,66.4950,59.126869,44200,0,1,264.714907
2018-03-27,65.3450,58.104305,44200,0,1,260.136786
2018-03-28,65.2150,57.988705,42600,0,1,259.619260
2018-03-29,66.0600,58.740074,38200,0,1,262.983183
2018-04-02,64.5650,57.410744,210200,0,1,257.031626
2018-04-03,65.3250,58.086514,28200,0,1,260.057167
2018-04-04,66.1500,58.820114,42800,0,1,263.341471
2018-04-05,66.6250,59.242462,47800,0,1,265.232434
2018-04-06,65.2650,58.033161,52000,0,1,259.818308
2018-04-09,65.3750,58.130981,99200,0,1,260.256216
2018-04-10,66.4500,59.086861,37400,0,1,264.535763
2018-04-11,66.1300,58.802311,36400,0,1,263.261851
2018-04-12,66.6750,59.286930,40000,0,1,265.431483
2018-04-13,66.5100,59.140221,53800,0,1,264.774622
2018-04-16,67.0250,59.598156,29400,0,1,266.824824
2018-04-17,67.8400,60.322830,19800,0,1,270.069318
2018-04-18,67.7950,60.282825,47800,0,1,269.890174
2018-04-19,67.4350,59.962704,20200,0,1,268.457023
2018-04-20,66.7900,59.389191,22800,0,1,265.889295
2018-04-23,66.8450,59.438095,31600,0,1,266.108248
2018-04-24,66.0150,58.700062,89200,0,1,262.804039
2018-04-25,65.9950,58.682274,48200,0,1,262.724420
2018-04-26,66.7300,59.335831,33000,0,1,265.650436
2018-04-27,66.7750,59.375839,25800,0,1,265.829580
2018-04-30,66.2450,58.904579,20600,0,1,263.719663
2018-05-01,66.3700,59.015728,76200,0,1,264.217285
2018-05-02,65.9750,58.664505,66600,0,1,262.644800
2018-05-03,65.8250,58.531109,66600,0,1,262.047654
2018-05-04,66.6850,59.295815,55600,0,1,265.471292
2018-05-07,66.9100,59.495892,32000,0,1,266.367012
2018-05-08,67.0000,59.575909,42400,0,1,266.725299
2018-05-09,67.6150,60.122768,27800,0,1,269.173599
2018-05-10,68.1950,60.638477,31400,0,1,271.482564
2018-05-11,68.3250,60.754093,50000,0,1,272.000091
2018-05-14,68.3150,60.745209,42400,0,1,271.960281
2018-05-15,67.8750,60.353966,42600,0,1,270.208652
2018-05-16,68.1950,60.638477,118600,0,1,271.482564
2018-05-17,68.2450,60.682957,22200,0,1,271.681613
2018-05-18,68.1150,60.567360,22200,0,1,271.164086
2018-05-21,68.5700,60.971954,30000,0,1,272.975429
2018-05-22,68.3550,60.780762,17800,0,1,272.119520
2018-05-23,68.5300,60.936382,33800,0,1,272.816190
2018-05-24,68.4350,60.851898,57000,0,1,272.437998
2018-05-25,68.2800,60.714077,22600,0,1,271.820947
2018-05-29,67.5900,60.100521,77600,0,1,269.074074
2018-05-30,68.4700,60.883026,39200,0,1,272.577332
2018-05-31,68.0000,60.465099,34400,0,1,270.706274
2018-06-01,68.6550,61.047527,44200,0,1,273.313812
2018-06-04,69.0200,61.372086,39600,0,1,274.766868
2018-06-05,69.0850,61.429897,23800,0,1,275.025631
2018-06-06,69.6750,61.954506,28800,0,1,277.374406
2018-06-07,69.6250,61.910065,32400,0,1,277.175358
2018-06-08,69.8500,62.110107,14000,0,1,278.071077
2018-06-11,69.9750,62.221264,16000,0,1,278.568699
2018-06-12,69.9900,62.234600,19200,0,1,278.628413
2018-06-13,69.7650,62.034531,31400,0,1,277.732694
2018-06-14,70.0050,62.247952,157400,0,1,278.688128
2018-06-15,69.9550,62.203465,74400,0,1,278.489079
2018-06-18,69.8400,62.101223,54000,0,1,278.031267
2018-06-19,69.5700,61.861164,67400,0,1,276.956404
2018-06-20,69.7350,62.007858,18200,0,1,277.613265
2018-06-21,69.2550,61.581036,18600,0,1,275.702397
2018-06-22,69.3700,61.683311,12600,0,1,276.160209
2018-06-25,68.4000,60.820786,85400,0,1,272.298664
2018-06-26,68.2600,60.937290,24400,0.2705,1,272.818181
2018-06-27,67.6800,60.419491,32200,0,1,270.500066
2018-06-28,68.0650,60.763226,58000,0,1,272.038815
2018-06-29,68.1700,60.856915,47000,0,1,272.458473
2018-07-02,68.3350,61.004246,27800,0,1,273.117937
2018-07-03,68.0050,60.709633,22600,0,1,271.799010
2018-07-05,68.6250,61.263130,69400,0,1,274.276995
2018-07-06,69.2300,61.803238,83800,0,1,276.695029
2018-07-09,69.8500,62.356728,57000,0,1,279.173014
2018-07-10,70.0750,62.557579,40000,0,1,280.072283
2018-07-11,69.5900,62.124596,22600,0,1,278.133859
2018-07-12,70.1700,62.642372,17400,0,1,280.451974
2018-07-13,70.2300,62.695953,21200,0,1,280.691779
2018-07-16,70.0950,62.575424,18800,0,1,280.152218
2018-07-17,70.4200,62.865562,25200,0,1,281.451162
2018-07-18,70.5750,63.003933,24000,0,1,282.070658
2018-07-19,70.3250,62.780746,16200,0,1,281.071470
2018-07-20,70.2500,62.713791,32000,0,1,280.771714
2018-07-23,70.3700,62.820927,12400,0,1,281.251324
2018-07-24,70.5850,63.012875,23400,0,1,282.110626
2018-07-25,71.1450,63.512772,23200,0,1,284.348806
2018-07-26,71.0400,63.419067,19200,0,1,283.929147
2018-07-27,70.5250,62.959305,27800,0,1,281.870821
2018-07-30,70.1250,62.602203,18000,0,1,280.272120
2018-07-31,70.4700,62.910202,20000,0,1,281.650999
2018-08-01,70.4300,62.874481,18800,0,1,281.491129
2018-08-02,70.8250,63.227112,22400,0,1,283.069846
2018-08-03,71.0650,63.441380,20200,0,1,284.029066
2018-08-06,71.3950,63.735970,24200,0,1,285.347993
2018-08-07,71.6150,63.932354,30400,0,1,286.227278
2018-08-08,71.5700,63.892200,9800,0,1,286.047425
2018-08-09,71.5050,63.834167,25600,0,1,285.787636
2018-08-10,71.0300,63.410099,26400,0,1,283.889179
2018-08-13,70.7450,63.155708,17200,0,1,282.750106
2018-08-14,71.2000,63.561905,15600,0,1,284.568627
2018-08-15,70.6250,63.048588,43400,0,1,282.270496
2018-08-16,71.1750,63.539562,57400,0,1,284.468708
2018-08-17,71.4600,63.793995,25200,0,1,285.607782
2018-08-20,71.6850,63.994862,19400,0,1,286.507051
2018-08-21,71.8650,64.155533,28400,0,1,287.226466
2018-08-22,71.8700,64.160042,25800,0,1,287.246450
2018-08-23,71.6850,63.994862,25400,0,1,286.507051
2018-08-24,72.1250,64.387650,62400,0,1,288.265621
2018-08-27,72.6750,64.878654,44800,0,1,290.463834
2018-08-28,72.7250,64.923286,29400,0,1,290.663671
2018-08-29,73.1000,65.258064,87800,0,1,292.162453
2018-08-30,72.7900,64.981339,117000,0,1,290.923460
2018-08-31,72.8550,65.039368,83800,0,1,291.183249
2018-09-04,72.7450,64.941139,68200,0,1,290.743606
2018-09-05,72.5400,64.758141,21400,0,1,289.924273
2018-09-06,72.2700,64.517097,46600,0,1,288.845150
2018-09-07,72.1250,64.387650,28800,0,1,288.265621
2018-09-10,72.2800,64.526039,10400,0,1,288.885117
2018-09-11,72.5000,64.722404,15600,0,1,289.764403
2018-09-12,72.5400,64.758141,15600,0,1,289.924273
2018-09-13,72.8850,65.066162,44600,0,1,291.303151
2018-09-14,72.9550,65.128593,15200,0,1,291.582924
2018-09-17,72.5100,64.731354,20000,0,1,289.804370
2018-09-18,72.9150,65.092934,24000,0,1,291.423054
2018-09-19,72.9600,65.133087,21600,0,1,291.602908
2018-09-20,73.5300,65.641937,28000,0,1,293.881055
2018-09-21,73.5000,65.615166,68000,0,1,293.761153
2018-09-24,73.2300,65.374123,41400,0,1,292.682030
2018-09-25,73.1250,65.280380,27400,0,1,292.262371
2018-09-26,72.6300,65.105568,33600,0.3,1,291.483005
2018-09-27,72.8050,65.262451,29200,0,1,292.185326
2018-09-28,72.7600,65.222122,61000,0,1,292.004729
2018-10-01,72.9650,65.405891,49400,0,1,292.827447
2018-10-02,72.8900,65.338638,42200,0,1,292.526453
2018-10-03,72.9550,65.396919,65200,0,1,292.787314
2018-10-04,72.3450,64.850098,76000,0,1,290.339226
2018-10-05,71.8650,64.419861,65800,0,1,288.412862
2018-10-08,71.8700,64.424309,72200,0,1,288.432928
2018-10-09,71.7300,64.298820,28600,0,1,287.871072
2018-10-10,69.4200,62.228138,119600,0,1,278.600444
2018-10-11,68.1100,61.053848,115200,0,1,273.343074
2018-10-12,68.9600,61.815781,99400,0,1,276.754344
2018-10-15,68.5450,61.443783,32200,0,1,275.088842
2018-10-16,70.0650,62.806343,48800,0,1,281.188996
2018-10-17,70.0200,62.765961,65800,0,1,281.008399
2018-10-18,69.0850,61.927853,79000,0,1,277.256002
2018-10-19,68.8850,61.748569,47600,0,1,276.453350
2018-10-22,68.7450,61.623062,13400,0,1,275.891494
2018-10-23,68.2300,61.161430,71200,0,1,273.824665
2018-10-24,66.0250,59.184860,75000,0,1,264.975429
2018-10-25,67.3650,60.386013,49600,0,1,270.353196
2018-10-26,66.0800,59.234154,96600,0,1,265.196158
2018-10-29,65.5700,58.777000,102400,0,1,263.149396
2018-10-30,66.8200,59.897507,69800,0,1,268.165970
2018-10-31,67.5350,60.538433,49000,0,1,271.035450
2018-11-01,68.3300,61.251068,40400,0,1,274.225991
2018-11-02,67.9600,60.919395,194200,0,1,272.741085
2018-11-05,68.3600,61.277950,113200,0,1,274.346389
2018-11-06,68.7050,61.587208,67400,0,1,275.730963
2018-11-07,70.1550,62.887001,195600,0,1,281.550189
2018-11-08,69.9850,62.734623,51000,0,1,280.867935
2018-11-09,69.2950,62.116085,42000,0,1,278.098786
2018-11-12,67.9300,60.892513,53800,0,1,272.620688
2018-11-13,67.8800,60.847679,43000,0,1,272.420025
2018-11-14,67.4000,60.417412,70600,0,1,270.493660
2018-11-15,68.1450,61.085220,61800,0,1,273.483538
2018-11-16,68.2700,61.197266,39400,0,1,273.985196
2018-11-19,67.0850,60.135036,80400,0,1,269.229484
2018-11-20,65.8700,59.045914,357000,0,1,264.353374
2018-11-21,66.2100,59.350685,93400,0,1,265.717882
2018-11-23,65.8100,58.992123,15000,0,1,264.112578
2018-11-26,66.8300,59.906464,80600,0,1,268.206103
2018-11-27,66.9300,59.996090,43000,0,1,268.607429
2018-11-28,68.4500,61.358631,90800,0,1,274.707582
2018-11-29,68.3650,61.282433,53000,0,1,274.366455
2018-11-30,68.8450,61.712723,72000,0,1,276.292820
2018-12-03,69.6600,62.443287,188600,0,1,279.563626
2018-12-04,67.4450,60.457748,193800,0,1,270.674257
2018-12-06,67.3150,60.341213,106200,0,1,270.152533
2018-12-07,65.7950,58.978680,71400,0,1,264.052380
2018-12-10,65.9250,59.095211,106800,0,1,264.574103
2018-12-11,65.8550,59.032486,70400,0,1,264.293175
2018-12-12,66.2100,59.350685,83400,0,1,265.717882
2018-12-13,66.1200,59.270016,47400,0,1,265.356689
2018-12-14,64.9250,58.198822,59800,0,1,260.560844
2018-12-17,63.2150,56.962078,153600,0.3375,1,255.052646
2018-12-18,63.2550,56.998119,112000,0,1,255.214034
2018-12-19,62.2200,56.065506,154000,0,1,251.038134
2018-12-20,61.2350,55.177921,192600,0,1,247.063969
2018-12-21,59.9950,54.060581,171400,0,1,242.060959
2018-12-24,58.3700,52.596325,225000,0,1,235.504595
2018-12-26,61.3050,55.240997,259200,0,1,247.346397
2018-12-27,61.7050,55.601444,143800,0,1,248.960271
2018-12-28,61.6550,55.619930,243000,0.0705,1,249.042982
2018-12-31,62.2250,56.134140,99600,0,1,251.345382
2019-01-02,62.2650,56.170223,153400,0,1,251.506954
2019-01-03,60.8000,54.848621,82200,0,1,245.589381
2019-01-04,62.8550,56.702465,264400,0,1,253.890141
2019-01-07,63.4600,57.248253,70600,0,1,256.333917
2019-01-08,64.0450,57.775993,54800,0,1,258.696907
2019-01-09,64.3700,58.069183,94000,0,1,260.009679
2019-01-10,64.6850,58.353336,42800,0,1,261.282058
2019-01-11,64.6200,58.294712,202200,0,1,261.019504
2019-01-14,64.3800,58.078194,61400,0,1,260.050072
2019-01-15,64.9600,58.601414,83400,0,1,262.392865
2019-01-16,65.1950,58.813427,126000,0,1,263.342101
2019-01-17,65.6550,59.228401,55800,0,1,265.200178
2019-01-18,66.5250,60.013226,86200,0,1,268.714368
2019-01-22,65.6550,59.228401,98400,0,1,265.200178
2019-01-23,65.7000,59.268997,77600,0,1,265.381947
2019-01-24,65.8300,59.386269,35600,0,1,265.907055
2019-01-25,66.4100,59.909496,54800,0,1,268.249849
2019-01-28,65.9550,59.499027,55400,0,1,266.411968
2019-01-29,65.8700,59.422348,41200,0,1,266.068627
2019-01-30,66.8100,60.270340,61200,0,1,269.865569
2019-01-31,67.4750,60.870255,188600,0,1,272.551702
2019-02-01,67.5500,60.937908,83600,0,1,272.854650
2019-02-04,68.0450,61.384434,87600,0,1,274.854103
2019-02-05,68.3050,61.619011,51600,0,1,275.904321
2019-02-06,68.2000,61.524281,27800,0,1,275.480194
2019-02-07,67.5800,60.964962,155600,0,1,272.975829
2019-02-08,67.6800,61.055164,52800,0,1,273.379759
2019-02-11,67.7700,61.136379,78400,0,1,273.743296
2019-02-12,68.6150,61.898663,35600,0,1,277.156503
2019-02-13,68.8250,62.088108,33000,0,1,278.004756
2019-02-14,68.6900,61.966328,99400,0,1,277.459451
2019-02-15,69.4550,62.656433,37400,0,1,280.549514
2019-02-19,69.5700,62.760185,90600,0,1,281.014034
2019-02-20,69.6650,62.845886,42600,0,1,281.397767
2019-02-21,69.4300,62.633892,23600,0,1,280.448532
2019-02-22,69.9000,63.057869,57200,0,1,282.347003
2019-02-25,70.0050,63.152596,61800,0,1,282.771129
2019-02-26,69.8950,63.053341,25800,0,1,282.326806
2019-02-27,69.9100,63.066895,33600,0,1,282.387396
2019-02-28,69.7450,62.918053,20400,0,1,281.720911
2019-03-01,70.2350,63.360088,25400,0,1,283.700168
2019-03-04,69.8950,63.053341,56200,0,1,282.326806
2019-03-05,69.7950,62.963154,68600,0,1,281.922876
2019-03-06,69.2900,62.507591,35400,0,1,279.883030
2019-03-07,68.7400,62.011456,359600,0,1,277.661416
2019-03-08,68.5950,61.880630,71800,0,1,277.075717
2019-03-11,69.5900,62.778233,25200,0,1,281.094820
2019-03-12,69.8400,63.003735,18200,0,1,282.104645
2019-03-13,70.2950,63.414230,107000,0,1,283.942526
2019-03-14,70.2400,63.364586,16600,0,1,283.720364
2019-03-15,70.5300,63.626217,44400,0,1,284.891761
2019-03-18,70.8350,63.901337,23400,0,1,286.123747
2019-03-19,70.8100,63.878815,58800,0,1,286.022765
2019-03-20,70.3150,63.661045,39000,0.2545,1,285.051313
2019-03-21,71.1100,64.380836,41200,0,1,288.274179
2019-03-22,69.7250,63.126869,51800,0,1,282.659501
2019-03-25,69.6750,63.081635,79400,0,1,282.456805
2019-03-26,70.1700,63.529770,35800,0,1,284.463495
2019-03-27,69.8550,63.244595,33400,0,1,283.186511
2019-03-28,70.1600,63.520737,18800,0,1,284.422956
2019-03-29,70.6150,63.932659,48800,0,1,286.267489
2019-04-01,71.4450,64.684135,104200,0,1,289.632242
2019-04-02,71.4400,64.679604,42200,0,1,289.611972
2019-04-03,71.5950,64.819931,52400,0,1,290.240330
2019-04-04,71.7350,64.946686,46600,0,1,290.807878
2019-04-05,72.0950,65.272621,34800,0,1,292.267289
2019-04-08,72.1650,65.335991,25600,0,1,292.551063
2019-04-09,71.7450,64.955734,15800,0,1,290.848417
2019-04-10,72.0400,65.222809,95400,0,1,292.044323
2019-04-11,72.0500,65.231888,23200,0,1,292.084863
2019-04-12,72.5000,65.639305,39000,0,1,293.909126
2019-04-15,72.4750,65.616646,28200,0,1,293.807778
2019-04-16,72.5150,65.652870,54200,0,1,293.969935
2019-04-17,72.2700,65.431030,14400,0,1,292.976725
2019-04-18,72.4050,65.553284,18200,0,1,293.524004
2019-04-22,72.4550,65.598526,26800,0,1,293.726700
2019-04-23,73.1250,66.205147,35000,0,1,296.442826
2019-04-24,73.0500,66.137253,41600,0,1,296.138782
2019-04-25,72.9450,66.042183,31200,0,1,295.713120
2019-04-26,73.2500,66.318336,23800,0,1,296.949565
2019-04-29,73.3900,66.445068,29400,0,1,297.517114
2019-04-30,73.4400,66.490334,32400,0,1,297.719810
2019-05-01,72.9100,66.010498,39600,0,1,295.571233
2019-05-02,72.6800,65.802261,34200,0,1,294.638832
2019-05-03,73.4800,66.526558,32800,0,1,297.881967
2019-05-06,73.1900,66.264015,34400,0,1,296.706330
2019-05-07,71.9600,65.150391,68200,0,1,291.720010
2019-05-08,71.9150,65.109657,29000,0,1,291.537584
2019-05-09,71.6700,64.887840,48200,0,1,290.544373
2019-05-10,71.9100,65.105095,42800,0,1,291.517314
2019-05-13,70.1300,63.493568,160000,0,1,284.301338
2019-05-14,70.7500,64.054886,48400,0,1,286.814768
2019-05-15,71.2050,64.466850,53600,0,1,288.659301
2019-05-16,71.8100,65.014595,53800,0,1,291.111922
2019-05-17,71.3700,64.616234,43400,0,1,289.328198
2019-05-20,70.8750,64.168060,33600,0,1,287.321508
2019-05-21,71.4950,64.729393,25400,0,1,289.834938
2019-05-22,71.2850,64.539268,47800,0,1,288.983615
2019-05-23,70.3700,63.710873,51800,0,1,285.274279
2019-05-24,70.5600,63.882858,27800,0,1,286.044523
2019-05-28,70.0300,63.403046,27400,0,1,283.895946
2019-05-29,69.4800,62.905064,74000,0,1,281.666291
2019-05-30,69.6150,63.027298,28600,0,1,282.213570
2019-05-31,68.7550,62.248672,167400,0,1,278.727200
2019-06-03,68.5050,62.022320,104600,0,1,277.713720
2019-06-04,70.0500,63.421158,42400,0,1,283.977025
2019-06-05,70.6400,63.955296,127000,0,1,286.368837
2019-06-06,71.0050,64.285751,36600,0,1,287.848517
2019-06-07,71.7300,64.942184,118000,0,1,290.787609
2019-06-10,72.1400,65.313377,79200,0,1,292.449715
2019-06-11,72.0700,65.249985,31000,0,1,292.165941
2019-06-12,71.8900,65.087036,50400,0,1,291.436236
2019-06-13,72.2850,65.444649,43400,0,1,293.037534
2019-06-14,72.1250,65.299774,44800,0,1,292.388907
2019-06-17,71.7700,65.325722,39600,0.3835,1,292.504443
2019-06-18,72.5150,66.003845,55000,0,1,295.540751
2019-06-19,72.7800,66.245010,37800,0,1,296.620780
2019-06-20,73.3850,66.795715,47800,0,1,299.086506
2019-06-21,73.2450,66.668297,27400,0,1,298.515925
2019-06-24,73.0700,66.509018,38800,0,1,297.802699
2019-06-25,72.4300,65.926445,52000,0,1,295.194327
2019-06-26,72.3250,65.830887,57600,0,1,294.766391
2019-06-27,72.6550,66.131264,49800,0,1,296.111332
2019-06-28,73.0650,66.504425,43200,0,1,297.782321
2019-07-01,73.5950,66.986839,222000,0,1,299.942378
2019-07-02,73.8750,67.241722,51400,0,1,301.083541
2019-07-03,74.3900,67.710449,81200,0,1,303.182465
2019-07-05,74.3150,67.642212,34600,0,1,302.876797
2019-07-08,73.9600,67.319084,26800,0,1,301.429966
2019-07-09,74.1050,67.451065,35600,0,1,302.020925
2019-07-10,74.3700,67.692299,27400,0,1,303.100954
2019-07-11,74.5100,67.819695,53400,0,1,303.671535
2019-07-12,74.9150,68.188332,17800,0,1,305.322145
2019-07-15,74.8850,68.161018,27200,0,1,305.199878
2019-07-16,74.6850,67.978989,26400,0,1,304.384762
2019-07-17,74.2250,67.560287,33000,0,1,302.509994
2019-07-18,74.4550,67.769600,30800,0,1,303.447378
2019-07-19,74.0300,67.382790,22000,0,1,301.715256
2019-07-22,74.2100,67.546608,25600,0,1,302.448861
2019-07-23,74.7300,68.019928,25000,0,1,304.568163
2019-07-24,75.1550,68.406754,25000,0,1,306.300285
2019-07-25,74.7500,68.038124,22600,0,1,304.649674
2019-07-26,75.2950,68.534187,71400,0,1,306.870866
2019-07-29,75.1600,68.411339,12800,0,1,306.320663
2019-07-30,74.9400,68.211075,22200,0,1,305.424035
2019-07-31,74.2700,67.601242,46400,0,1,302.693396
2019-08-01,73.5050,66.904938,102000,0,1,299.575576
2019-08-02,72.8950,66.349701,54000,0,1,297.089472
2019-08-05,70.7650,64.410950,124800,0,1,288.408484
2019-08-06,71.7050,65.266556,54200,0,1,292.239531
2019-08-07,71.7850,65.339386,68400,0,1,292.565577
2019-08-08,73.1350,66.568138,114600,0,1,298.067611
2019-08-09,72.6500,66.126701,71600,0,1,296.090955
2019-08-12,71.7550,65.312042,162800,0,1,292.443310
2019-08-13,72.7200,66.190422,74600,0,1,296.376245
2019-08-14,70.7550,64.401840,73400,0,1,288.367729
2019-08-15,70.8250,64.465546,108000,0,1,288.653019
2019-08-16,71.8650,65.412201,39600,0,1,292.891623
2019-08-19,72.6850,66.158585,34200,0,1,296.233600
2019-08-20,72.1900,65.708000,62600,0,1,294.216187
2019-08-21,72.7650,66.231369,25200,0,1,296.559646
2019-08-22,72.7650,66.231369,22600,0,1,296.559646
2019-08-23,70.8700,64.506561,47000,0,1,288.836420
2019-08-26,71.6050,65.175537,78000,0,1,291.831972
2019-08-27,71.3350,64.929779,38000,0,1,290.731566
2019-08-28,71.8000,65.353012,28600,0,1,292.626711
2019-08-29,72.7300,66.199524,35000,0,1,296.417001
2019-08-30,72.7850,66.249588,38000,0,1,296.641158
2019-09-03,72.2650,65.776283,43200,0,1,294.521856
2019-09-04,73.0450,66.486229,49800,0,1,297.700809
2019-09-05,74.0050,67.360023,62200,0,1,301.613367
2019-09-06,74.0750,67.423744,24200,0,1,301.898657
2019-09-09,74.0950,67.441971,26200,0,1,301.980169
2019-09-10,73.9850,67.341850,30800,0,1,301.531855
2019-09-11,74.6300,67.928909,21200,0,1,304.160605
2019-09-12,74.9550,68.224709,25800,0,1,305.485169
2019-09-13,74.8700,68.147362,19600,0,1,305.138744
2019-09-16,74.7250,68.015388,14200,0,1,304.547785
2019-09-17,74.8850,68.161018,14600,0,1,305.199878
2019-09-18,74.8700,68.147362,25800,0,1,305.138744
2019-09-19,74.9250,68.197456,23400,0,1,305.362901
2019-09-20,74.6150,67.915268,23000,0,1,304.099471
2019-09-23,74.5550,67.860641,15200,0,1,303.854936
2019-09-24,73.5250,67.219322,53400,0.3285,1,300.995916
2019-09-25,74.0250,67.676430,107800,0,1,303.042811
2019-09-26,73.7950,67.466164,17800,0,1,302.101239
2019-09-27,73.3600,67.068459,31800,0,1,300.320441
2019-09-30,73.7700,67.443291,35400,0,1,301.998895
2019-10-01,72.8400,66.593063,50200,0,1,298.191670
2019-10-02,71.5900,65.450256,49400,0,1,293.074432
2019-10-03,72.1250,65.939400,62000,0,1,295.264610
2019-10-04,73.1250,66.853615,23600,0,1,299.358400
2019-10-07,72.8250,66.579353,55000,0,1,298.130263
2019-10-08,71.7400,65.587410,43600,0,1,293.688501
2019-10-09,72.3500,66.145088,33800,0,1,296.185713
2019-10-10,72.8100,66.565636,60400,0,1,298.068856
2019-10-11,73.6300,67.315308,88200,0,1,301.425764
2019-10-14,73.5650,67.255898,69600,0,1,301.159668
2019-10-15,74.2800,67.909554,24600,0,1,304.086728
2019-10-16,74.0850,67.731285,19000,0,1,303.288439
2019-10-17,74.3300,67.955284,43400,0,1,304.291417
2019-10-18,74.0750,67.722137,40000,0,1,303.247501
2019-10-21,74.5450,68.151855,16600,0,1,305.171582
2019-10-22,74.2600,67.891289,22400,0,1,304.004852
2019-10-23,74.4450,68.060394,19400,0,1,304.762203
2019-10-24,74.6300,68.229538,25400,0,1,305.519554
2019-10-25,74.9950,68.563232,21000,0,1,307.013788
2019-10-28,75.4150,68.947227,18800,0,1,308.733179
2019-10-29,75.3250,68.864922,55600,0,1,308.364738
2019-10-30,75.5500,69.070648,42800,0,1,309.285841
2019-10-31,75.3000,68.842094,34000,0,1,308.262394
2019-11-01,76.0200,69.500336,35000,0,1,311.209922
2019-11-04,76.3250,69.779182,43800,0,1,312.458528
2019-11-05,76.2350,69.696892,34800,0,1,312.090087
2019-11-06,76.2450,69.706047,32000,0,1,312.131025
2019-11-07,76.4450,69.888878,42600,0,1,312.949783
2019-11-08,76.6700,70.094574,90800,0,1,313.870886
2019-11-11,76.5650,69.998604,16200,0,1,313.441038
2019-11-12,76.6950,70.117439,19600,0,1,313.973231
2019-11-13,76.7700,70.186005,27400,0,1,314.280265
2019-11-14,76.8600,70.268295,46600,0,1,314.648706
2019-11-15,77.3800,70.743706,34200,0,1,316.777477
2019-11-18,77.4500,70.807709,36800,0,1,317.064042
2019-11-19,77.5100,70.862564,64400,0,1,317.309670
2019-11-20,77.2650,70.638550,37800,0,1,316.306691
2019-11-21,77.1050,70.492302,33800,0,1,315.651685
2019-11-22,77.2700,70.643127,19600,0,1,316.327160
2019-11-25,77.8900,71.209946,18400,0,1,318.865310
2019-11-26,78.1050,71.406525,37400,0,1,319.745475
2019-11-27,78.4350,71.708229,19400,0,1,321.096425
2019-11-29,78.1250,71.424812,5800,0,1,319.827351
2019-12-02,77.4600,70.816856,51200,0,1,317.104980
2019-12-03,76.9500,70.350563,59200,0,1,315.017147
2019-12-04,77.3800,70.743706,64800,0,1,316.777477
2019-12-05,77.5100,70.862564,42200,0,1,317.309670
2019-12-06,78.2200,71.511665,16000,0,1,320.216261
2019-12-09,77.9850,71.296829,45600,0,1,319.254220
2019-12-10,77.8550,71.177971,12200,0,1,318.722027
2019-12-11,78.0850,71.388222,25200,0,1,319.663599
2019-12-12,78.7800,72.023628,39000,0,1,322.508783
2019-12-13,78.7600,72.005356,32600,0,1,322.426907
2019-12-16,78.8450,72.513466,49800,0.4675,1,324.688726
2019-12-17,78.8700,72.536476,38200,0,1,324.791678
2019-12-18,78.9100,72.573242,57400,0,1,324.956400
2019-12-19,79.1950,72.835373,24800,0,1,326.130049
2019-12-20,79.6500,73.253838,22800,0,1,328.003768
2019-12-23,79.6600,73.263023,25200,0,1,328.044948
2019-12-24,79.6700,73.272224,9200,0,1,328.086129
2019-12-26,80.0250,73.598732,9200,0,1,329.548041
2019-12-27,80.0400,73.612518,34800,0,1,329.609812
2019-12-30,79.6100,73.217026,27600,0,1,327.839045
2019-12-31,79.8200,73.410194,26400,0,1,328.703838
2020-01-02,80.4600,73.998795,180800,0,1,331.339399
2020-01-03,79.9750,73.552719,43600,0,1,329.342138
2020-01-06,80.2050,73.764259,41600,0,1,330.289293
2020-01-07,80.0500,73.621719,21200,0,1,329.650993
2020-01-08,80.4350,73.975800,118400,0,1,331.236447
2020-01-09,80.9450,74.444839,28200,0,1,333.336660
2020-01-10,80.7450,74.260887,19600,0,1,332.513047
2020-01-13,81.2850,74.757538,30200,0,1,334.736802
2020-01-14,81.2050,74.683968,25600,0,1,334.407356
2020-01-15,81.3550,74.821899,32000,0,1,335.025066
2020-01-16,82.0800,75.488686,176800,0,1,338.010662
2020-01-17,82.3300,75.718620,19800,0,1,339.040178
2020-01-21,82.1300,75.534676,31200,0,1,338.216565
2020-01-22,82.2250,75.622063,32000,0,1,338.607781
2020-01-23,82.2900,75.681839,49400,0,1,338.875455
2020-01-24,81.5350,74.987473,39400,0,1,335.766317
2020-01-27,80.2950,73.847031,82400,0,1,330.659919
2020-01-28,81.1500,74.633385,29400,0,1,334.180863
2020-01-29,81.0500,74.541405,18000,0,1,333.769057
2020-01-30,81.2900,74.762131,44800,0,1,334.757392
2020-01-31,79.8250,73.414772,76000,0,1,328.724429
2020-02-03,80.4950,74.030998,50200,0,1,331.483531
2020-02-04,81.7200,75.157623,33800,0,1,336.528159
2020-02-05,82.5600,75.930168,50600,0,1,339.987333
2020-02-06,82.8050,76.155487,46400,0,1,340.996258
2020-02-07,82.3350,75.723213,40400,0,1,339.060768
2020-02-10,82.9000,76.242851,63000,0,1,341.387474
2020-02-11,83.1450,76.468201,18600,0,1,342.396400
2020-02-12,83.6900,76.969406,31600,0,1,344.640745
2020-02-13,83.6300,76.914230,14600,0,1,344.393661
2020-02-14,83.7750,77.047577,26200,0,1,344.990780
2020-02-18,83.5550,76.845253,19400,0,1,344.084806
2020-02-19,84.0400,77.291298,10800,0,1,346.082067
2020-02-20,83.7600,77.033783,37200,0,1,344.929009
2020-02-21,82.8950,76.238243,33200,0,1,341.366884
2020-02-24,80.2250,73.782639,169000,0,1,330.371654
2020-02-25,77.7200,71.478828,163400,0,1,320.055905
2020-02-26,77.2700,71.064934,110000,0,1,318.202776
2020-02-27,74.0350,68.089752,278200,0,1,304.880840
2020-02-28,73.3550,67.464355,252400,0,1,302.080557
2020-03-02,76.4700,70.329201,173800,0,1,314.908325
2020-03-03,74.4550,68.476013,173400,0,1,306.610427
2020-03-04,77.5150,71.290276,76800,0,1,319.211702
2020-03-05,74.9750,68.954231,87400,0,1,308.751820
2020-03-06,73.6200,67.708061,179800,0,1,303.171844
2020-03-09,67.8250,62.378407,266200,0,1,279.307665
2020-03-10,71.0700,65.362854,180000,0,1,292.670782
2020-03-11,67.6450,62.212872,174600,0,1,278.566414
2020-03-12,61.1100,56.202667,308000,0,1,251.654868
2020-03-13,66.4900,61.150623,242600,0,1,273.810050
2020-03-16,58.4400,53.747059,310200,0,1,240.659638
2020-03-17,61.7500,56.791267,227400,0,1,254.290429
2020-03-18,58.0800,53.415977,200200,0,1,239.177135
2020-03-19,58.8350,54.110359,161200,0,1,242.286273
2020-03-20,56.4800,51.944462,255000,0,1,232.588233
2020-03-23,54.7100,50.316597,250200,0,1,225.299261
2020-03-24,60.1800,55.347336,281200,0,1,247.825069
2020-03-25,60.6200,56.020569,272400,0.2885,1,250.825078
2020-03-26,64.0750,59.213425,259000,0,1,265.120701
2020-03-27,62.2450,57.522270,214200,0,1,257.548779
2020-03-30,64.1650,59.296604,140200,0,1,265.493090
2020-03-31,63.0800,58.293926,132400,0,1,261.003727
2020-04-01,60.3200,55.743320,157800,0,1,249.583779
2020-04-02,61.5750,56.903107,99600,0,1,254.776545
2020-04-03,60.5650,55.969730,84600,0,1,250.597507
2020-04-06,64.7700,59.855682,173000,0,1,267.996376
2020-04-07,64.8850,59.961971,272000,0,1,268.472207
2020-04-08,67.2000,62.101311,154600,0,1,278.050895
2020-04-09,68.3450,63.159428,163600,0,1,282.788518
2020-04-13,67.5250,62.401672,135400,0,1,279.395635
2020-04-14,69.6000,64.319221,144000,0,1,287.981284
2020-04-15,68.0900,62.923790,96000,0,1,281.733414
2020-04-16,68.4200,63.228741,104200,0,1,283.098843
2020-04-17,70.2350,64.906067,113200,0,1,290.608699
2020-04-20,69.0000,63.764755,325200,0,1,285.498687
2020-04-21,67.1000,62.008919,152200,0,1,277.637129
2020-04-22,68.5000,63.302685,103600,0,1,283.429856
2020-04-23,68.4400,63.247253,93600,0,1,283.181596
2020-04-24,69.4150,64.148262,87000,0,1,287.215817
2020-04-27,70.5650,65.211006,68600,0,1,291.974128
2020-04-28,70.2950,64.961510,74800,0,1,290.856959
2020-04-29,72.3350,66.846733,90400,0,1,299.297790
2020-04-30,71.4200,66.001137,82600,0,1,295.511829
2020-05-01,69.5150,64.240677,67800,0,1,287.629583
2020-05-04,69.6850,64.397774,51600,0,1,288.332985
2020-05-05,70.3800,65.040039,74400,0,1,291.208660
2020-05-06,70.0050,64.693497,49200,0,1,289.657037
2020-05-07,70.8050,65.432793,94200,0,1,292.967167
2020-05-08,72.1450,66.671127,154000,0,1,298.511634
2020-05-11,72.1750,66.698853,83200,0,1,298.635764
2020-05-12,70.6400,65.280327,132400,0,1,292.284453
2020-05-13,69.3400,64.078941,238200,0,1,286.905492
2020-05-14,70.0550,64.739700,98200,0,1,289.863920
2020-05-15,70.4000,65.058556,45200,0,1,291.291414
2020-05-18,72.7000,67.184021,126600,0,1,300.808037
2020-05-19,72.0900,66.620323,87400,0,1,298.284063
2020-05-20,73.2550,67.696915,45600,0,1,303.104439
2020-05-21,72.8000,67.276413,44400,0,1,301.221803
2020-05-22,72.9650,67.428909,33800,0,1,301.904517
2020-05-26,73.8750,68.269875,75800,0,1,305.669790
2020-05-27,75.1350,69.434288,100000,0,1,310.883244
2020-05-28,74.9800,69.291031,91400,0,1,310.241906
2020-05-29,75.2250,69.517433,77400,0,1,311.255633
2020-06-01,75.6650,69.924049,70600,0,1,313.076205
2020-06-02,76.3500,70.557076,36800,0,1,315.910503
2020-06-03,77.3400,71.471962,104600,0,1,320.006789
2020-06-04,77.0850,71.236313,170800,0,1,318.951685
2020-06-05,79.1800,73.172379,94600,0,1,327.620087
2020-06-08,80.2500,74.161163,88000,0,1,332.047386
2020-06-09,79.4300,73.403381,56800,0,1,328.654503
2020-06-10,79.0650,73.066086,54400,0,1,327.144256
2020-06-11,74.3550,68.713455,172400,0,1,307.655867
2020-06-12,75.3500,69.632957,87400,0,1,311.772841
2020-06-15,75.6400,70.153740,103400,0.2715,1,314.096139
2020-06-16,77.0150,71.428986,117400,0,1,319.805845
2020-06-17,76.9100,71.331612,70600,0,1,319.369831
2020-06-18,76.9650,71.382614,45200,0,1,319.598219
2020-06-19,76.5850,71.030174,74000,0,1,318.020264
2020-06-22,77.0200,71.433640,67000,0,1,319.826607
2020-06-23,77.3450,71.735062,52200,0,1,321.176174
2020-06-24,75.3050,69.842995,96800,0,1,312.705046
2020-06-25,76.0850,70.566444,51600,0,1,315.944007
2020-06-26,74.3100,68.920174,67400,0,1,308.573295
2020-06-29,75.3350,69.870834,46600,0,1,312.829622
2020-06-30,76.5350,70.983818,65000,0,1,317.812638
2020-07-01,76.9400,71.359428,141200,0,1,319.494406
2020-07-02,77.4250,71.809258,58400,0,1,321.508376
2020-07-06,78.5550,72.857323,70600,0,1,326.200716
2020-07-07,77.6800,72.045753,21400,0,1,322.567267
2020-07-08,78.3300,72.648628,59000,0,1,325.266400
2020-07-09,77.9500,72.296158,41200,0,1,323.688445
2020-07-10,78.7250,73.014984,67800,0,1,326.906643
2020-07-13,77.9850,72.328651,107200,0,1,323.833783
2020-07-14,79.0050,73.274651,137600,0,1,328.069347
2020-07-15,79.7900,74.002731,78600,0,1,331.329071
2020-07-16,79.5050,73.738396,113600,0,1,330.145604
2020-07-17,79.8350,74.044449,108200,0,1,331.515934
2020-07-20,80.5050,74.665855,132400,0,1,334.298118
2020-07-21,80.6300,74.781784,57800,0,1,334.817182
2020-07-22,81.0850,75.203796,87600,0,1,336.706576
2020-07-23,80.1300,74.318069,75800,0,1,332.740925
2020-07-24,79.5550,73.784767,71200,0,1,330.353230
2020-07-27,80.2050,74.387634,55000,0,1,333.052364
2020-07-28,79.6450,73.868210,38000,0,1,330.726956
2020-07-29,80.7200,74.865303,29000,0,1,335.190908
2020-07-30,80.4450,74.610207,59200,0,1,334.048967
2020-07-31,80.9850,75.111053,53200,0,1,336.291324
2020-08-03,81.6050,75.686066,121000,0,1,338.865883
2020-08-04,81.8800,75.941139,34400,0,1,340.007824
2020-08-05,82.4600,76.479073,42000,0,1,342.416282
2020-08-06,82.9400,76.924255,45200,0,1,344.409489
2020-08-07,82.9550,76.938171,23600,0,1,344.471776
2020-08-10,83.2450,77.207130,97000,0,1,345.676005
2020-08-11,82.5300,76.543991,49800,0,1,342.706958
2020-08-12,83.7400,77.666229,43400,0,1,347.731500
2020-08-13,83.6150,77.550285,40800,0,1,347.212436
2020-08-14,83.5800,77.517838,21400,0,1,347.067098
2020-08-17,83.9200,77.833183,33800,0,1,348.478952
2020-08-18,84.0500,77.953751,36400,0,1,349.018779
2020-08-19,83.7500,77.675529,27800,0,1,347.773025
2020-08-20,84.0200,77.925903,26600,0,1,348.894204
2020-08-21,84.2400,78.129951,33400,0,1,349.807757
2020-08-24,84.9850,78.820930,120600,0,1,352.901379
2020-08-25,85.3350,79.145531,20800,0,1,354.354759
2020-08-26,86.1750,79.924614,22400,0,1,357.842871
2020-08-27,86.4650,80.193581,32600,0,1,359.047100
2020-08-28,87.0250,80.712952,32200,0,1,361.372507
2020-08-31,86.8350,80.536743,32400,0,1,360.583530
2020-09-01,87.5400,81.190582,24400,0,1,363.511052
2020-09-02,88.8150,82.373131,34800,0,1,368.805507
2020-09-03,85.6900,79.474785,89200,0,1,355.828902
2020-09-04,84.9300,78.769928,133000,0,1,352.672991
2020-09-08,82.5400,76.553253,79200,0,1,342.748483
2020-09-09,84.1050,78.004768,93200,0,1,349.247167
2020-09-10,82.7950,76.789772,49000,0,1,343.807374
2020-09-11,82.8000,76.794395,32800,0,1,343.828137
2020-09-14,84.0400,77.944473,85000,0,1,348.977254
2020-09-15,84.5200,78.389641,74000,0,1,350.970460
2020-09-16,84.1600,78.055748,105000,0,1,349.475556
2020-09-17,83.3350,77.290611,76800,0,1,346.049732
2020-09-18,82.6000,76.608925,37800,0,1,342.997634
2020-09-21,81.6500,75.727814,133400,0,1,339.052746
2020-09-22,82.4850,76.502243,28600,0,1,342.520095
2020-09-23,80.1450,74.636452,49800,0.3365,1,334.200534
2020-09-24,80.3000,74.780800,46800,0,1,334.846876
2020-09-25,81.7100,76.093887,49200,0,1,340.726503
2020-09-28,82.9800,77.276588,22800,0,1,346.022338
2020-09-29,82.6850,77.001862,31600,0,1,344.792203
2020-09-30,83.3350,77.607208,45000,0,1,347.502670
2020-10-01,83.9750,78.203209,80200,0,1,350.171437
2020-10-02,83.2400,77.518730,37200,0,1,347.106525
2020-10-05,84.7100,78.887688,47800,0,1,353.236349
2020-10-06,83.6900,77.937790,26200,0,1,348.983002
2020-10-07,85.1050,79.255547,30200,0,1,354.883479
2020-10-08,85.7800,79.884163,22000,0,1,357.698194
2020-10-09,86.4900,80.545349,41600,0,1,360.658858
2020-10-12,87.8700,81.830482,70200,0,1,366.413387
2020-10-13,87.3950,81.388145,36800,0,1,364.432661
2020-10-14,86.9200,80.945801,32600,0,1,362.451936
2020-10-15,86.7450,80.782829,42800,0,1,361.722195
2020-10-16,86.7650,80.801437,31200,0,1,361.805594
2020-10-19,85.3700,79.502319,51400,0,1,355.988515
2020-10-20,85.8100,79.912079,15600,0,1,357.823293
2020-10-21,85.5550,79.674622,33800,0,1,356.759956
2020-10-22,85.9450,80.037796,37800,0,1,358.386236
2020-10-23,86.2150,80.289246,18400,0,1,359.512122
2020-10-26,84.6700,78.850449,64000,0,1,353.069551
2020-10-27,84.4450,78.640892,31000,0,1,352.131313
2020-10-28,81.5050,75.902946,68800,0,1,339.871664
2020-10-29,82.6900,77.006523,40800,0,1,344.813053
2020-10-30,81.3600,75.767944,69200,0,1,339.267021
2020-11-02,82.2950,76.638695,39800,0,1,343.165923
2020-11-03,84.0500,78.273064,45800,0,1,350.484183
2020-11-04,85.7900,79.893456,78200,0,1,357.739894
2020-11-05,87.5900,81.569740,58200,0,1,365.245801
2020-11-06,87.5200,81.504547,52400,0,1,364.953905
2020-11-09,88.3000,82.230942,135000,0,1,368.206465
2020-11-10,88.2000,82.137802,69600,0,1,367.789470
2020-11-11,88.8800,82.771088,23600,0,1,370.625035
2020-11-12,88.0500,81.998116,23800,0,1,367.163978
2020-11-13,89.2600,83.124954,22400,0,1,372.209616
2020-11-16,90.3550,84.144707,84800,0,1,376.775709
2020-11-17,90.0850,83.893265,37800,0,1,375.649823
2020-11-18,89.1800,83.050453,46600,0,1,371.876020
2020-11-19,89.6550,83.492798,62600,0,1,373.856745
2020-11-20,89.1250,82.999222,23400,0,1,371.646673
2020-11-23,89.7300,83.562668,34800,0,1,374.169491
2020-11-24,91.1600,84.894379,71400,0,1,380.132518
2020-11-25,91.1400,84.875740,42800,0,1,380.049119
2020-11-27,91.3950,85.113213,12200,0,1,381.112456
2020-11-30,90.9000,84.652245,60400,0,1,379.048331
2020-12-01,91.9600,85.639359,69200,0,1,383.468477
2020-12-02,92.0150,85.690605,21200,0,1,383.697824
2020-12-03,92.0200,85.695236,28600,0,1,383.718674
2020-12-04,93.0100,86.617203,31000,0,1,387.846923
2020-12-07,92.8900,86.505463,52500,0,2,387.346529
2020-12-08,93.2500,86.840729,35100,0,1,388.847711
2020-12-09,92.3800,86.030525,43800,0,1,385.219855
2020-12-10,92.5000,86.142273,19600,0,1,385.720249
2020-12-11,92.3100,85.965317,16400,0,1,384.927959
2020-12-14,91.6300,85.649399,28900,0.342,1,383.518516
2020-12-15,92.8600,86.799118,20600,0,1,388.666697
2020-12-16,93.0100,86.939308,97200,0,1,389.294524
2020-12-17,93.7200,87.602997,155900,0,1,392.266238
2020-12-18,93.4700,87.369301,47300,0,1,391.219859
2020-12-21,93.0900,87.014114,51500,0,1,389.629365
2020-12-22,93.1200,87.042137,15600,0,1,389.754930
2020-12-23,93.2400,87.154305,62200,0,1,390.257192
2020-12-24,93.4400,87.341263,41900,0,1,391.094294
2020-12-28,94.0200,87.883377,29200,0,1,393.521891
2020-12-29,93.7500,87.631012,30400,0,1,392.391803
2020-12-30,93.9200,87.789925,18500,0,1,393.103340
2020-12-31,94.3200,88.163818,41600,0,1,394.777545
2021-01-04,93.0200,86.948669,66100,0,1,389.336379
2021-01-05,93.7400,87.621681,71300,0,1,392.349948
2021-01-06,94.3700,88.210556,80900,0,1,394.986821
2021-01-07,95.9300,89.668739,65100,0,1,401.516220
2021-01-08,96.4000,90.108047,45000,0,1,403.483411
2021-01-11,95.8000,89.547218,40000,0,1,400.972104
2021-01-12,95.9900,89.724815,19200,0,1,401.767351
2021-01-13,96.1500,89.874367,45200,0,1,402.437033
2021-01-14,95.9600,89.696754,47500,0,1,401.641786
2021-01-15,95.1600,88.948990,40100,0,1,398.293376
2021-01-19,96.0300,89.762230,245200,0,1,401.934772
2021-01-20,97.2900,90.939964,105500,0,1,407.208517
2021-01-21,97.2900,90.939964,46500,0,1,407.208517
2021-01-22,96.9800,90.650215,31100,0,1,405.911009
2021-01-25,97.2800,90.930603,44100,0,1,407.166662
2021-01-26,96.9300,90.603477,30700,0,1,405.701733
2021-01-27,94.5700,88.397499,73700,0,1,395.823923
2021-01-28,95.4000,89.173325,155300,0,1,399.297899
2021-01-29,93.7000,87.584274,106100,0,1,392.182527
2021-02-01,95.3300,89.107887,28200,0,1,399.004913
2021-02-02,96.5900,90.285660,60500,0,1,404.278659
2021-02-03,96.7600,90.444550,28900,0,1,404.990196
2021-02-04,97.8200,91.435349,31000,0,1,409.426839
2021-02-05,98.2900,91.874695,26300,0,1,411.394030
2021-02-08,99.0200,92.557060,50400,0,1,414.449454
2021-02-09,99.0800,92.613121,50500,0,1,414.700585
2021-02-10,99.0000,92.538345,75100,0,1,414.365744
2021-02-11,99.3100,92.828117,23900,0,1,415.663253
2021-02-12,99.8300,93.314171,32200,0,1,417.839719
2021-02-16,99.7700,93.258080,15700,0,1,417.588589
2021-02-17,99.6400,93.136581,40500,0,1,417.044472
2021-02-18,99.1000,92.631836,24300,0,1,414.784295
2021-02-19,99.1000,92.631836,28800,0,1,414.784295
2021-02-22,98.2300,91.818626,25200,0,1,411.142899
2021-02-23,98.3300,91.912094,47200,0,1,411.561451
2021-02-24,99.4100,92.921600,37500,0,1,416.081804
2021-02-25,96.8300,90.509979,79900,0,1,405.283182
2021-02-26,96.4500,90.154785,64800,0,1,403.692687
2021-03-01,98.8100,92.360748,44800,0,1,413.570497
2021-03-02,97.9100,91.519501,66100,0,1,409.803535
2021-03-03,96.5100,90.210876,39100,0,1,403.943818
2021-03-04,94.9900,88.790092,110200,0,1,397.581839
2021-03-05,96.8000,90.481949,35700,0,1,405.157616
2021-03-08,96.2400,89.958496,271800,0,1,402.813729
2021-03-09,97.7800,91.397995,28200,0,1,409.259419
2021-03-10,98.3500,91.930786,44800,0,1,411.645161
2021-03-11,99.5500,93.052452,49400,0,1,416.667776
2021-03-12,99.6900,93.183304,56400,0,1,417.253748
2021-03-15,100.4000,93.846977,59700,0,1,420.225462
2021-03-16,100.2100,93.669365,38000,0,1,419.430214
2021-03-17,100.4400,93.884369,20500,0,1,420.392882
2021-03-18,98.8300,92.379456,37300,0,1,413.654207
2021-03-19,98.8700,92.416847,42400,0,1,413.821627
2021-03-22,99.4900,92.996361,62400,0,1,416.416645
2021-03-23,98.5500,92.117722,26400,0,1,412.482263
2021-03-24,97.8700,91.482094,34300,0,1,409.636115
2021-03-25,98.1800,92.056892,41500,0.303,1,412.201834
2021-03-26,99.7100,93.491463,27400,0,1,418.625431
2021-03-29,99.4600,93.257050,84700,0,1,417.575824
2021-03-30,99.3100,93.116394,49400,0,1,416.946060
2021-03-31,99.8600,93.632095,44300,0,1,419.255196
2021-04-01,101.0500,94.747879,125000,0,1,424.251327
2021-04-05,102.3800,95.994934,176500,0,1,429.835239
2021-04-06,102.3800,95.994934,35900,0,1,429.835239
2021-04-07,102.4300,96.041840,36600,0,1,430.045160
2021-04-08,102.9800,96.557541,69600,0,1,432.354297
2021-04-09,103.6400,97.176353,82900,0,1,435.125260
2021-04-12,103.7700,97.298248,43900,0,1,435.671056
2021-04-13,104.1400,97.645180,47500,0,1,437.224475
2021-04-14,103.7200,97.251343,43600,0,1,435.461135
2021-04-15,104.9200,98.376534,66900,0,1,440.499251
2021-04-16,105.1900,98.629692,159200,0,1,441.632827
2021-04-19,104.6100,98.085854,98100,0,1,439.197737
2021-04-20,103.8000,97.326378,65700,0,1,435.797009
2021-04-21,104.7900,98.254639,28400,0,1,439.953455
2021-04-22,104.0000,97.513893,69100,0,1,436.636695
2021-04-23,105.2100,98.648445,35100,0,1,441.716795
2021-04-26,105.4400,98.864090,23300,0,1,442.682434
2021-04-27,105.5000,98.920341,56800,0,1,442.934340
2021-04-28,105.4500,98.873466,47800,0,1,442.724418
2021-04-29,105.9100,99.304802,44100,0,1,444.655696
2021-04-30,105.1600,98.601570,50000,0,1,441.506874
2021-05-03,105.3500,98.779701,28000,0,1,442.304575
2021-05-04,104.5100,97.992096,78700,0,1,438.777894
2021-05-05,104.4700,97.954590,28400,0,1,438.609957
2021-05-06,105.0800,98.526543,54300,0,1,441.170999
2021-05-07,106.0100,99.398544,36100,0,1,445.075539
2021-05-10,104.8300,98.292130,127600,0,1,440.121392
2021-05-11,104.0600,97.570160,56000,0,1,436.888601
2021-05-12,101.7100,95.366730,101700,0,1,427.022291
2021-05-13,102.9000,96.482506,91100,0,1,432.018422
2021-05-14,104.5600,98.038979,69300,0,1,438.987816
2021-05-17,104.2400,97.738937,26400,0,1,437.644318
2021-05-18,103.4700,97.016960,17700,0,1,434.411527
2021-05-19,103.1200,96.688766,36300,0,1,432.942077
2021-05-20,104.2300,97.729568,22600,0,1,437.602334
2021-05-21,104.2500,97.748314,31100,0,1,437.686303
2021-05-24,105.2900,98.723457,16900,0,1,442.052670
2021-05-25,105.0300,98.479660,34900,0,1,440.961078
2021-05-26,105.3200,98.751579,22900,0,1,442.178622
2021-05-27,105.5800,98.995354,24000,0,1,443.270214
2021-05-28,105.6100,99.023499,16200,0,1,443.396167
2021-06-01,105.5400,98.957863,30000,0,1,443.102277
2021-06-02,105.6900,99.098526,29500,0,1,443.732041
2021-06-03,105.2500,98.685959,20700,0,1,441.884732
2021-06-04,106.1600,99.539177,20700,0,1,445.705303
2021-06-07,106.2000,99.576691,130200,0,1,445.873241
2021-06-08,106.2300,99.604820,36200,0,1,445.999194
2021-06-09,106.0100,99.398544,18700,0,1,445.075539
2021-06-10,106.3400,99.925720,18000,0.231,1,447.430858
2021-06-11,106.5800,100.151222,19000,0,1,448.440670
2021-06-14,106.7600,100.320374,21400,0,1,449.198029
2021-06-15,106.4700,100.047874,25500,0,1,447.977840
2021-06-16,105.9600,99.568634,26100,0,1,445.831989
2021-06-17,105.9200,99.531021,51900,0,1,445.663687
2021-06-18,104.6400,98.328255,49800,0,1,440.278023
2021-06-21,106.0900,99.690781,30600,0,1,446.378971
2021-06-22,106.6500,100.216995,42200,0,1,448.735199
2021-06-23,106.6000,100.170013,43900,0,1,448.524821
2021-06-24,107.2300,100.762009,28800,0,1,451.175577
2021-06-25,107.6200,101.128479,29900,0,1,452.816522
2021-06-28,107.8600,101.354027,66300,0,1,453.826334
2021-06-29,107.9100,101.401009,29100,0,1,454.036711
2021-06-30,107.9700,101.457390,85000,0,1,454.289164
2021-07-01,108.4500,101.908424,22200,0,1,456.308788
2021-07-02,109.2400,102.650787,38300,0,1,459.632753
2021-07-06,109.0600,102.481636,36300,0,1,458.875394
2021-07-07,109.3100,102.716545,12700,0,1,459.927281
2021-07-08,108.3600,101.823875,37000,0,1,455.930109
2021-07-09,109.6800,103.064247,18200,0,1,461.484075
2021-07-12,109.9600,103.327362,19300,0,1,462.662189
2021-07-13,109.4500,102.848122,16800,0,1,460.516338
2021-07-14,109.4000,102.801147,22900,0,1,460.305961
2021-07-15,109.1200,102.538017,21200,0,1,459.127847
2021-07-16,108.2900,101.758080,13700,0,1,455.635580
2021-07-19,106.7700,100.329758,84800,0,1,449.240105
2021-07-20,108.4800,101.936607,30800,0,1,456.435015
2021-07-21,109.3700,102.772942,22600,0,1,460.179734
2021-07-22,109.5900,102.979675,146800,0,1,461.105395
2021-07-23,110.7400,104.060303,42000,0,1,465.944078
2021-07-26,110.8700,104.182457,47200,0,1,466.491059
2021-07-27,110.3900,103.731407,27900,0,1,464.471435
2021-07-28,110.4900,103.825386,18800,0,1,464.892190
2021-07-29,110.9400,104.248253,11900,0,1,466.785588
2021-07-30,110.2900,103.637451,14300,0,1,464.050680
2021-08-02,110.1500,103.505882,48900,0,1,463.461623
2021-08-03,110.9300,104.238838,15200,0,1,466.743512
2021-08-04,110.5500,103.881767,17000,0,1,465.144643
2021-08-05,111.1900,104.483177,12500,0,1,467.837475
2021-08-06,111.2900,104.577133,9900,0,1,468.258230
2021-08-09,111.2700,104.558334,19100,0,1,468.174079
2021-08-10,111.3000,104.586517,64400,0,1,468.300306
2021-08-11,111.5300,104.802650,39400,0,1,469.268042
2021-08-12,111.8900,105.140953,14800,0,1,470.782760
2021-08-13,112.0100,105.253700,33100,0,1,471.287666
2021-08-16,112.1800,105.413445,31800,0,1,472.002950
2021-08-17,111.4000,104.680504,40100,0,1,468.721061
2021-08-18,110.2200,103.571678,10900,0,1,463.756152
2021-08-19,110.2500,103.599861,33800,0,1,463.882378
2021-08-20,111.2300,104.520752,20000,0,1,468.005777
2021-08-23,112.2100,105.441635,18700,0,1,472.129176
2021-08-24,112.5300,105.742340,11900,0,1,473.475592
2021-08-25,112.8500,106.043030,14300,0,1,474.822008
2021-08-26,112.1400,105.375862,16800,0,1,471.834648
2021-08-27,113.2300,106.400116,27300,0,1,476.420877
2021-08-30,113.7000,106.841751,24600,0,1,478.398425
2021-08-31,113.5200,106.672615,20100,0,1,477.641066
2021-09-01,113.5800,106.728989,20000,0,1,477.893519
2021-09-02,113.9100,107.039093,11700,0,1,479.282011
2021-09-03,113.9800,107.104881,9300,0,1,479.576539
2021-09-07,113.4700,106.625633,19400,0,1,477.430689
2021-09-08,113.2200,106.390724,20700,0,1,476.378801
2021-09-09,112.7600,105.958458,21100,0,1,474.443329
2021-09-10,111.9400,105.187935,32900,0,1,470.993138
2021-09-13,112.1100,105.347687,33900,0,1,471.708421
2021-09-14,111.5000,104.774460,33100,0,1,469.141816
2021-09-15,112.4100,105.629578,12400,0,1,472.970686
2021-09-16,112.3400,105.563782,10200,0,1,472.676158
2021-09-17,111.4400,104.718079,16200,0,1,468.889363
2021-09-20,109.5000,102.895111,68700,0,1,460.726716
2021-09-21,109.4700,102.866905,101800,0,1,460.600489
2021-09-22,110.5200,103.853554,39800,0,1,465.018417
2021-09-23,111.8600,105.112740,20600,0,1,470.656534
2021-09-24,111.6400,105.209816,13200,0.323,1,471.089911
2021-09-27,111.2800,104.870552,42800,0,1,469.570811
2021-09-28,109.0400,102.759560,146500,0,1,460.118631
2021-09-29,109.1000,102.816093,52100,0,1,460.371814
2021-09-30,107.8700,101.656952,81000,0,1,455.181554
2021-10-01,109.1700,102.882088,44600,0,1,460.667195
2021-10-04,107.6900,101.487343,130300,0,1,454.422004
2021-10-05,108.7900,102.523964,30200,0,1,459.063700
2021-10-06,109.2900,102.995171,65700,0,1,461.173561
2021-10-07,110.2700,103.918724,32300,0,1,465.308890
2021-10-08,109.9700,103.635979,14900,0,1,464.042973
2021-10-11,109.2100,102.919762,28300,0,1,460.835984
2021-10-12,109.1400,102.853798,34700,0,1,460.540603
2021-10-13,109.5600,103.249626,38400,0,1,462.312887
2021-10-14,111.4900,105.068443,58900,0,1,470.456953
2021-10-15,112.2100,105.746986,47100,0,1,473.495154
2021-10-18,112.5900,106.105110,20400,0,1,475.098648
2021-10-19,113.3600,106.830750,14600,0,1,478.347835
2021-10-20,113.7700,107.217133,30300,0,1,480.077922
2021-10-21,114.2200,107.641212,16200,0,1,481.976797
2021-10-22,113.9900,107.424469,18200,0,1,481.006261
2021-10-25,114.5200,107.923935,19600,0,1,483.242714
2021-10-26,114.6900,108.084145,23000,0,1,483.960067
2021-10-27,113.9300,107.367935,72500,0,1,480.753078
2021-10-28,115.0600,108.432838,36100,0,1,485.521365
2021-10-29,115.2200,108.583603,69300,0,1,486.196521
2021-11-01,115.6000,108.941719,110200,0,1,487.800016
2021-11-02,115.9600,109.280991,36200,0,1,489.319116
2021-11-03,116.7300,110.006638,18400,0,1,492.568303
2021-11-04,117.2300,110.477852,148500,0,1,494.678165
2021-11-05,117.6700,110.892502,36700,0,1,496.534843
2021-11-08,117.8300,111.043289,30100,0,1,497.209999
2021-11-09,117.4400,110.675751,36600,0,1,495.564306
2021-11-10,116.4000,109.695663,49700,0,1,491.175794
2021-11-11,116.5100,109.799332,22200,0,1,491.639964
2021-11-12,117.4000,110.638062,25200,0,1,495.395518
2021-11-15,117.3500,110.590935,18200,0,1,495.184531
2021-11-16,117.8700,111.080978,31900,0,1,497.378788
2021-11-17,117.4700,110.704018,46400,0,1,495.690898
2021-11-18,117.7000,110.920784,27300,0,1,496.661435
2021-11-19,117.5400,110.769974,108200,0,1,495.986279
2021-11-22,116.9100,110.176285,137100,0,1,493.327853
2021-11-23,116.9800,110.242241,51500,0,1,493.623234
2021-11-24,117.2700,110.515533,29000,0,1,494.846954
2021-11-26,114.7900,108.178375,72900,0,1,484.382040
2021-11-29,116.0600,109.375221,44900,0,1,489.741088
2021-11-30,113.8200,107.264259,74200,0,1,480.288908
2021-12-01,112.1300,105.671593,140200,0,1,473.157576
2021-12-02,113.8500,107.292534,71300,0,1,480.415500
2021-12-03,112.6700,106.180473,64700,0,1,475.436226
2021-12-06,114.0900,107.518700,32200,0,1,481.428233
2021-12-07,116.5400,109.827591,36300,0,1,491.766556
2021-12-08,116.9900,110.251656,27400,0,1,493.665431
2021-12-09,115.9400,109.262146,34300,0,1,489.234722
2021-12-10,116.8800,110.148010,21500,0,1,493.201261
2021-12-13,115.4300,109.128853,24300,0.372,1,488.652400
2021-12-14,114.4900,108.240181,56300,0,1,484.673077
2021-12-15,116.3200,109.970261,46000,0,1,492.420057
2021-12-16,115.2400,108.949219,431800,0,1,487.848068
2021-12-17,114.3100,108.070000,84300,0,1,483.911079
2021-12-20,112.9700,106.803123,116700,0,1,478.238427
2021-12-21,115.1100,108.826324,93500,0,1,487.297737
2021-12-22,116.2300,109.885170,76100,0,1,492.039058
2021-12-23,117.0100,110.622604,76500,0,1,495.341049
2021-12-27,118.5400,112.069084,25600,0,1,501.818032
2021-12-28,118.2600,111.804382,87000,0,1,500.632702
2021-12-29,118.4400,111.974548,26000,0,1,501.394700
2021-12-30,118.1600,111.709839,21600,0,1,500.209370
2021-12-31,117.8500,111.416748,37500,0,1,498.897040
2022-01-03,118.4500,111.983994,90000,0,1,501.437033
2022-01-04,118.3200,111.861099,201700,0,1,500.886701
2022-01-05,115.8300,109.507019,44600,0,1,490.345729
2022-01-06,115.6800,109.365204,144000,0,1,489.710730
2022-01-07,115.2000,108.911423,46600,0,1,487.678736
2022-01-10,115.0400,108.760139,131300,0,1,487.001404
2022-01-11,116.2000,109.856834,81500,0,1,491.912058
2022-01-12,116.4100,110.055359,33900,0,1,492.801056
2022-01-13,114.7100,108.448174,55500,0,1,485.604408
2022-01-14,114.6700,108.410324,52400,0,1,485.435075
2022-01-18,112.5000,106.358795,93700,0,1,476.248765
2022-01-19,111.4600,105.375572,58800,0,1,471.846110
2022-01-20,110.1100,104.099266,162000,0,1,466.131125
2022-01-21,108.0200,102.123352,172300,0,1,457.283481
2022-01-24,108.5900,102.662231,262700,0,1,459.696475
2022-01-25,107.0900,101.244102,132300,0,1,453.346491
2022-01-26,106.7200,100.894310,274600,0,1,451.780162
2022-01-27,106.0600,100.270355,120000,0,1,448.986169
2022-01-28,108.6000,102.671684,68700,0,1,459.738808
2022-01-31,110.9100,104.855591,56000,0,1,469.517783
2022-02-01,111.8500,105.744270,107400,0,1,473.497106
2022-02-02,112.6300,106.481705,62700,0,1,476.799097
2022-02-03,109.7900,103.796730,119500,0,1,464.776462
2022-02-04,110.5900,104.553062,53000,0,1,468.163119
2022-02-07,110.1800,104.165451,46800,0,1,466.427457
2022-02-08,111.2600,105.186485,44700,0,1,470.999445
2022-02-09,112.9600,106.793686,86600,0,1,478.196093
2022-02-10,111.0900,105.025757,129200,0,1,470.279781
2022-02-11,108.9400,102.993149,109400,0,1,461.178138
2022-02-14,108.4700,102.548798,58400,0,1,459.188476
2022-02-15,110.3300,104.307266,73700,0,1,467.062456
2022-02-16,110.3700,104.345070,66200,0,1,467.231789
2022-02-17,107.9100,102.019356,40900,0,1,456.817816
2022-02-18,107.1000,101.253563,75900,0,1,453.388824
2022-02-22,105.9100,100.128548,169000,0,1,448.351171
2022-02-23,103.9400,98.266075,62300,0,1,440.011526
2022-02-24,105.6600,99.892181,185100,0,1,447.292840
2022-02-25,108.0800,102.180092,121600,0,1,457.537480
2022-02-28,107.9300,102.038261,75900,0,1,456.902482
2022-03-01,106.3400,100.535065,70300,0,1,450.171499
2022-03-02,108.2800,102.369156,110400,0,1,458.384145
2022-03-03,107.5000,101.631729,88000,0,1,455.082153
2022-03-04,106.4500,100.639061,169600,0,1,450.637165
2022-03-07,103.1800,97.547562,131500,0,1,436.794201
2022-03-08,102.4800,96.885788,218600,0,1,433.830875
2022-03-09,105.2900,99.542381,68900,0,1,445.726511
2022-03-10,104.7900,99.069687,54000,0,1,443.609850
2022-03-11,103.3300,97.689362,55900,0,1,437.429199
2022-03-14,102.4500,96.857407,80400,0,1,433.703875
2022-03-15,104.6500,98.937325,45800,0,1,443.017185
2022-03-16,107.1600,101.310287,111400,0,1,453.642824
2022-03-17,108.6000,102.671684,58200,0,1,459.738808
2022-03-18,109.9100,103.910187,42400,0,1,465.284460
2022-03-21,109.8800,103.881821,91400,0,1,465.157461
2022-03-22,111.2200,105.148674,47600,0,1,470.830113
2022-03-23,109.7900,103.796730,23400,0,1,464.776462
2022-03-24,111.0600,105.281265,22100,0.296,1,471.405844
2022-03-25,111.5200,105.717316,45700,0,1,473.358363
2022-03-28,112.2800,106.437775,43000,0,1,476.584263
2022-03-29,113.9100,107.982956,76000,0,1,483.502969
2022-03-30,112.9900,107.110840,35500,0,1,479.597932
2022-03-31,111.3600,105.565651,39400,0,1,472.679226
2022-04-01,111.7400,105.925850,46400,0,1,474.292176
2022-04-04,112.6100,106.750587,22400,0,1,477.984982
2022-04-05,111.0600,105.281265,24800,0,1,471.405844
2022-04-06,109.9100,104.191086,40200,0,1,466.524549
2022-04-07,110.2800,104.541832,30200,0,1,468.095052
2022-04-08,110.0200,104.295357,66800,0,1,466.991455
2022-04-11,108.2600,102.626938,22600,0,1,459.520950
2022-04-12,107.8700,102.257233,47100,0,1,457.865554
2022-04-13,109.2200,103.536995,32700,0,1,463.595771
2022-04-14,107.8300,102.219307,27800,0,1,457.695770
2022-04-18,107.7200,102.115051,47500,0,1,457.228863
2022-04-19,109.5600,103.859291,27600,0,1,465.038937
2022-04-20,109.4700,103.773972,90200,0,1,464.656922
2022-04-21,107.6500,102.048676,76700,0,1,456.931741
2022-04-22,104.7600,99.309044,61800,0,1,444.664832
2022-04-25,105.4100,99.925240,52400,0,1,447.423825
2022-04-26,102.3900,97.062386,118200,0,1,434.605118
2022-04-27,102.5700,97.233017,53900,0,1,435.369147
2022-04-28,105.0400,99.574486,106200,0,1,445.853322
2022-04-29,101.2500,95.981689,49500,0,1,429.766268
2022-05-02,101.8900,96.588371,90600,0,1,432.482815
2022-05-03,102.3200,96.996010,58800,0,1,434.307996
2022-05-04,105.3400,99.858871,47300,0,1,447.126703
2022-05-05,101.5200,96.237640,65300,0,1,430.912312
2022-05-06,100.7300,95.488747,44200,0,1,427.559074
2022-05-09,97.3400,92.275131,71100,0,1,413.169862
2022-05-10,97.4700,92.398384,52600,0,1,413.721661
2022-05-11,95.7700,90.786819,54800,0,1,406.505832
2022-05-12,95.8500,90.862671,67900,0,1,406.845401
2022-05-13,98.3200,93.204163,55800,0,1,417.329575
2022-05-16,97.8200,92.730156,24600,0,1,415.207273
2022-05-17,99.8600,94.663986,49900,0,1,423.866267
2022-05-18,95.9000,90.910072,51900,0,1,407.057631
2022-05-19,95.5400,90.568802,50300,0,1,405.529573
2022-05-20,95.4800,90.511932,51500,0,1,405.274897
2022-05-23,97.1800,92.123474,52800,0,1,412.490725
2022-05-24,96.2000,91.194443,79000,0,1,408.331012
2022-05-25,97.2500,92.189819,47500,0,1,412.787848
2022-05-26,99.3000,94.133156,55400,0,1,421.489288
2022-05-27,101.7500,96.455666,59300,0,1,431.888571
2022-05-31,101.0300,95.773117,278200,0,1,428.832455
2022-06-01,100.3000,95.081108,63100,0,1,425.733893
2022-06-02,102.2500,96.929642,45100,0,1,434.010873
2022-06-03,100.6700,95.431870,27000,0,1,427.304397
2022-06-06,101.0000,95.744690,27900,0,1,428.705117
2022-06-07,101.9200,96.616837,82900,0,1,432.610154
2022-06-08,100.8000,95.555084,39500,0,1,427.856196
2022-06-09,98.1900,93.330917,27600,0.27,1,417.923820
2022-06-10,95.2900,90.574409,78400,0,1,405.580617
2022-06-13,91.4500,86.924446,148700,0,1,389.236514
2022-06-14,91.1100,86.601265,193100,0,1,387.789380
2022-06-15,92.5200,87.941467,82500,0,1,393.790730
2022-06-16,89.3200,84.899849,68800,0,1,380.170645
2022-06-17,89.6700,85.232536,74100,0,1,381.660342
2022-06-21,91.7500,87.209587,55000,0,1,390.513397
2022-06-22,91.6700,87.133537,84900,0,1,390.172895
2022-06-23,92.6800,88.093575,87200,0,1,394.471735
2022-06-24,95.5600,90.831047,23700,0,1,406.729812
2022-06-27,95.2700,90.555389,86700,0,1,405.495492
2022-06-28,93.3400,88.720901,32700,0,1,397.280877
2022-06-29,93.1500,88.540321,27800,0,1,396.472185
2022-06-30,92.3500,87.779900,65800,0,1,393.067163
2022-07-01,93.3300,88.711411,56300,0,1,397.238315
2022-07-05,93.6400,89.006065,49400,0,1,398.557760
2022-07-06,93.8700,89.224686,49700,0,1,399.536704
2022-07-07,95.3800,90.659950,102700,0,1,405.963682
2022-07-08,95.3400,90.621918,69200,0,1,405.793431
2022-07-11,94.0900,89.433769,47600,0,1,400.473085
2022-07-12,93.3300,88.711411,20200,0,1,397.238315
2022-07-13,92.9000,88.302681,52800,0,1,395.408116
2022-07-14,92.4700,87.893974,35100,0,1,393.577917
2022-07-15,94.2500,89.585861,37500,0,1,401.154089
2022-07-18,93.5600,88.930038,56000,0,1,398.217258
2022-07-19,96.1700,91.410866,32800,0,1,409.326141
2022-07-20,96.8900,92.095230,53800,0,1,412.390660
2022-07-21,97.8200,92.979225,43600,0,1,416.348998
2022-07-22,96.8500,92.057228,15500,0,1,412.220409
2022-07-25,96.9400,92.142769,31700,0,1,412.603474
2022-07-26,95.8100,91.068680,17000,0,1,407.793881
2022-07-27,98.3000,93.435463,39600,0,1,418.392010
2022-07-28,99.4900,94.566582,38900,0,1,423.456980
2022-07-29,100.9400,95.944817,26000,0,1,429.628581
2022-08-01,100.7300,95.745209,37600,0,1,428.734763
2022-08-02,100.1300,95.174896,25500,0,1,426.180997
2022-08-03,101.7300,96.695717,21200,0,1,432.991040
2022-08-04,101.6400,96.610176,23500,0,1,432.607975
2022-08-05,101.5100,96.486603,17600,0,1,432.054659
2022-08-08,101.5700,96.543625,22300,0,1,432.310036
2022-08-09,100.9900,95.992340,60900,0,1,429.841395
2022-08-10,103.2400,98.130981,35100,0,1,439.418018
2022-08-11,103.2700,98.159515,31500,0,1,439.545706
2022-08-12,104.9600,99.765884,24600,0,1,446.738814
2022-08-15,105.4400,100.222122,31800,0,1,448.781827
2022-08-16,105.6100,100.383698,59100,0,1,449.505394
2022-08-17,104.6900,99.509247,22000,0,1,445.589619
2022-08-18,105.0000,99.803909,37600,0,1,446.909065
2022-08-19,103.5400,98.416145,18100,0,1,440.694901
2022-08-22,101.4000,96.382057,548000,0,1,431.586468
2022-08-23,101.1300,96.125420,51600,0,1,430.437274
2022-08-24,101.5400,96.515137,21100,0,1,432.182347
2022-08-25,102.9600,97.864861,35300,0,1,438.226260
2022-08-26,99.5600,94.633110,46500,0,1,423.754919
2022-08-29,98.8500,93.958229,22200,0,1,420.732963
2022-08-30,97.7200,92.884148,59400,0,1,415.923370
2022-08-31,97.0300,92.228310,30200,0,1,412.986539
2022-09-01,97.1100,92.304344,34900,0,1,413.327041
2022-09-02,96.1500,91.391853,28600,0,1,409.241015
2022-09-06,95.7800,91.040161,34900,0,1,407.666193
2022-09-07,97.5300,92.703568,13200,0,1,415.114677
2022-09-08,98.2700,93.406937,21800,0,1,418.264322
2022-09-09,99.9000,94.956291,17900,0,1,425.202053
2022-09-12,100.9600,95.963806,31100,0,1,429.713707
2022-09-13,96.5600,91.781548,42700,0,1,410.986089
2022-09-14,96.9200,92.123749,28900,0,1,412.518348
2022-09-15,95.9700,91.220757,25900,0,1,408.474885
2022-09-16,95.1200,90.412842,47700,0,1,404.857050
2022-09-19,95.7300,90.992638,23400,0,1,407.453379
2022-09-20,94.6100,89.928055,34800,0,1,402.686349
2022-09-21,93.0600,88.454758,35600,0,1,396.089120
2022-09-22,92.0700,87.513748,39900,0,1,391.875406
2022-09-23,90.4400,85.964424,98000,0,1,384.937675
2022-09-26,89.1000,85.068878,94400,0.402,1,380.945287
2022-09-27,88.9200,84.897003,64100,0,1,380.175701
2022-09-28,90.7700,86.663315,62600,0,1,388.085339
2022-09-29,88.8300,84.811073,46400,0,1,379.790907
2022-09-30,87.7000,83.732185,45000,0,1,374.959615
2022-10-03,89.8700,85.804031,39000,0,1,384.237407
2022-10-04,92.7200,88.525101,40300,0,1,396.422525
2022-10-05,92.4500,88.267296,48400,0,1,395.268146
2022-10-06,91.6600,87.513039,33700,0,1,391.890516
2022-10-07,89.0600,85.030670,49400,0,1,380.774268
2022-10-10,88.3600,84.362358,219500,0,1,377.781432
2022-10-11,87.7500,83.779938,123600,0,1,375.173389
2022-10-12,87.4900,83.531685,40400,0,1,374.061764
2022-10-13,89.6800,85.622635,107200,0,1,383.425066
2022-10-14,87.5500,83.589005,78000,0,1,374.318293
2022-10-17,89.8200,85.756294,63900,0,1,384.023633
2022-10-18,90.9600,86.844719,51400,0,1,388.897680
2022-10-19,90.1900,86.109543,59200,0,1,385.605560
2022-10-20,89.5200,85.469849,92200,0,1,382.740989
2022-10-21,91.5600,87.417564,38600,0,1,391.462968
2022-10-24,92.5400,88.353233,59700,0,1,395.652939
2022-10-25,94.2400,89.976311,99600,0,1,402.921255
2022-10-26,93.5900,89.355736,45700,0,1,400.142193
2022-10-27,93.1700,88.954735,32600,0,1,398.346491
2022-10-28,95.3000,90.988373,58700,0,1,407.453264
2022-10-31,94.6200,90.339127,48000,0,1,404.545938
2022-11-01,94.3100,90.043144,32300,0,1,403.220539
2022-11-02,91.8700,87.713547,76900,0,1,392.788367
2022-11-03,90.9700,86.854271,82600,0,1,388.940435
2022-11-04,92.0900,87.923599,28300,0,1,393.728973
2022-11-07,92.9400,88.735123,32200,0,1,397.363131
2022-11-08,93.4900,89.260246,103200,0,1,399.714645
2022-11-09,91.4700,87.331642,222800,0,1,391.078175
2022-11-10,96.6300,92.258171,117200,0,1,413.139653
2022-11-11,97.7200,93.298874,42300,0,1,417.799926
2022-11-14,96.7700,92.391853,28100,0,1,413.738220
2022-11-15,97.7400,93.317970,64900,0,1,417.885436
2022-11-16,96.8700,92.487328,26600,0,1,414.165768
2022-11-17,96.4800,92.114990,32900,0,1,412.498331
2022-11-18,96.8400,92.458679,17800,0,1,414.037504
2022-11-21,96.4200,92.057671,121500,0,1,412.241802
2022-11-22,97.7200,93.298874,39000,0,1,417.799926
2022-11-23,98.3300,93.881256,106800,0,1,420.407969
2022-11-25,98.2900,93.843102,14100,0,1,420.236950
2022-11-28,96.8400,92.458679,37000,0,1,414.037504
2022-11-29,96.6600,92.286827,27700,0,1,413.267917
2022-11-30,99.7100,95.198845,40900,0,1,426.308132
2022-12-01,99.6500,95.141571,33200,0,1,426.051603
2022-12-02,99.5400,95.036545,22500,0,1,425.581300
2022-12-05,97.7100,93.289322,30200,0,1,417.757172
2022-12-06,96.2200,91.866745,19000,0,1,411.386706
2022-12-07,96.0700,91.723534,73600,0,1,410.745384
2022-12-08,96.8300,92.449135,33800,0,1,413.994749
2022-12-09,96.0800,91.733070,24700,0,1,410.788139
2022-12-12,97.5400,93.127037,137300,0,1,417.030340
2022-12-13,97.9000,93.874939,31400,0.42,1,420.365215
2022-12-14,97.3700,93.366722,29000,0,1,418.089489
2022-12-15,94.7900,90.892799,54400,0,1,407.011427
2022-12-16,93.8200,89.962692,46800,0,1,402.846419
2022-12-19,92.8700,89.051750,38000,0,1,398.767288
2022-12-20,92.9400,89.118858,141200,0,1,399.067855
2022-12-21,94.3500,90.470901,25400,0,1,405.122145
2022-12-22,93.0100,89.185997,27000,0,1,399.368423
2022-12-23,93.4900,89.646255,83700,0,1,401.429458
2022-12-27,93.1100,89.281876,100300,0,1,399.797805
2022-12-28,91.9900,88.207939,37100,0,1,394.988724
2022-12-29,93.6800,89.828430,103800,0,1,402.245284
2022-12-30,93.4500,89.607910,54300,0,1,401.257705
2023-01-03,93.0600,89.233925,134200,0,1,399.583114
2023-01-04,93.8600,90.001053,103600,0,1,403.018172
2023-01-05,92.7400,88.927078,40400,0,1,398.209091
2023-01-06,94.8000,90.902397,32600,0,1,407.054365
2023-01-09,94.8700,90.969521,59100,0,1,407.354933
2023-01-10,95.5100,91.583206,32800,0,1,410.102979
2023-01-11,96.8000,92.820168,22000,0,1,415.642010
2023-01-12,97.2300,93.232506,25700,0,1,417.488354
2023-01-13,97.6300,93.616043,92700,0,1,419.205883
2023-01-17,97.4800,93.472214,140100,0,1,418.561809
2023-01-18,95.9600,92.014702,55800,0,1,412.035199
2023-01-19,95.1900,91.276367,25900,0,1,408.728956
2023-01-20,97.0200,93.031113,56700,0,1,416.586651
2023-01-23,98.2400,94.200966,115100,0,1,421.825114
2023-01-24,98.1100,94.076309,17900,0,1,421.266917
2023-01-25,98.0900,94.057121,77000,0,1,421.181041
2023-01-26,99.2300,95.150284,31500,0,1,426.075998
2023-01-27,99.5500,95.457100,33500,0,1,427.450022
2023-01-30,98.2800,94.239319,37500,0,1,421.996867
2023-01-31,99.7500,95.648880,26500,0,1,428.308786
2023-02-01,100.9400,96.789963,73800,0,1,433.418435
2023-02-02,102.4600,98.247459,32600,0,1,439.945045
2023-02-03,101.3600,97.192680,25800,0,1,435.221840
2023-02-06,100.6700,96.531059,20500,0,1,432.259103
2023-02-07,101.9600,97.768013,27300,0,1,437.798134
2023-02-08,100.8700,96.722839,83500,0,1,433.117867
2023-02-09,99.9100,95.802307,30300,0,1,428.995798
2023-02-10,100.0500,95.936546,18200,0,1,429.596933
2023-02-13,101.1900,97.029663,34200,0,1,434.491890
2023-02-14,101.2900,97.125557,29300,0,1,434.921273
2023-02-15,101.7200,97.537888,41900,0,1,436.767616
2023-02-16,100.4200,96.291344,45600,0,1,431.185647
2023-02-17,100.0200,95.907768,16800,0,1,429.468118
2023-02-21,98.0100,93.980423,28000,0,1,420.837535
2023-02-22,97.8900,93.865364,23700,0,1,420.322276
2023-02-23,98.4300,94.383156,22700,0,1,422.640940
2023-02-24,97.4200,93.414680,24100,0,1,418.304180
2023-02-27,97.6800,93.663994,39300,0,1,419.420574
2023-02-28,97.5800,93.568100,28500,0,1,418.991191
2023-03-01,97.0100,93.021545,25700,0,1,416.543713
2023-03-02,97.7100,93.692749,33400,0,1,419.549388
2023-03-03,99.3100,95.226967,11800,0,1,426.419504
2023-03-06,99.3000,95.217392,26100,0,1,426.376566
2023-03-07,97.7900,93.769463,39700,0,1,419.892894
2023-03-08,97.9000,93.874939,54600,0,1,420.365215
2023-03-09,96.0300,92.081848,32700,0,1,412.335767
2023-03-10,94.4100,90.528427,39100,0,1,405.379774
2023-03-13,94.2400,90.365417,67800,0,1,404.649825
2023-03-14,95.8400,91.899643,38600,0,1,411.519940
2023-03-15,95.0600,91.151695,94100,0,1,408.170759
2023-03-16,96.7500,92.772232,110800,0,1,415.427319
2023-03-17,95.5900,91.659912,19400,0,1,410.446485
2023-03-20,96.4500,92.484550,28300,0,1,414.139172
2023-03-21,97.7900,93.769463,27800,0,1,419.892894
2023-03-22,96.1400,92.187286,48400,0,1,412.808087
2023-03-23,96.0500,92.432701,35200,0.345,1,413.903012
2023-03-24,96.5100,92.875351,32500,0,1,415.885265
2023-03-27,96.8000,93.154465,32600,0,1,417.134946
2023-03-28,96.6000,92.961983,18200,0,1,416.273097
2023-03-29,98.0000,94.309250,38100,0,1,422.306040
2023-03-30,98.5500,94.838539,34000,0,1,424.676125
2023-03-31,100.0700,96.301300,31200,0,1,431.226178
2023-04-03,100.3600,96.580368,66700,0,1,432.475859
2023-04-04,99.6800,95.925987,110100,0,1,429.545572
2023-04-05,99.3500,95.608406,22500,0,1,428.123521
2023-04-06,99.6800,95.925987,33600,0,1,429.545572
2023-04-10,99.8500,96.089592,14400,0,1,430.278144
2023-04-11,99.9400,96.176201,30500,0,1,430.665976
2023-04-12,99.5100,95.762390,37000,0,1,428.813001
2023-04-13,100.8000,97.003815,27000,0,1,434.371927
2023-04-14,100.5600,96.772865,34200,0,1,433.337708
2023-04-17,100.9600,97.157768,16300,0,1,435.061406
2023-04-18,101.0900,97.282875,17300,0,1,435.621608
2023-04-19,101.1000,97.292511,26200,0,1,435.664701
2023-04-20,100.4200,96.638115,28400,0,1,432.734414
2023-04-21,100.5600,96.772865,38100,0,1,433.337708
2023-04-24,100.5700,96.782471,147800,0,1,433.380801
2023-04-25,98.9100,95.184998,24400,0,1,426.227453
2023-04-26,98.5500,94.838539,21700,0,1,424.676125
2023-04-27,100.4000,96.618896,39800,0,1,432.648229
2023-04-28,101.1900,97.379120,25800,0,1,436.052533
2023-05-01,101.1900,97.379120,20500,0,1,436.052533
2023-05-02,99.9800,96.214691,21600,0,1,430.838346
2023-05-03,99.3400,95.598801,9700,0,1,428.080429
2023-05-04,98.6000,94.886658,151100,0,1,424.891587
2023-05-05,100.4000,96.618896,47300,0,1,432.648229
2023-05-08,100.5500,96.763222,81600,0,1,433.294616
2023-05-09,100.1400,96.368675,23400,0,1,431.527825
2023-05-10,100.5600,96.772865,31900,0,1,433.337708
2023-05-11,100.3700,96.589996,11200,0,1,432.518952
2023-05-12,100.2200,96.445648,78000,0,1,431.872565
2023-05-15,100.5800,96.792084,26300,0,1,433.423893
2023-05-16,99.8900,96.128098,21900,0,1,430.450514
2023-05-17,101.1000,97.292511,33100,0,1,435.664701
2023-05-18,102.1500,98.302956,28400,0,1,440.189408
2023-05-19,101.9200,98.081627,33800,0,1,439.198282
2023-05-22,102.0200,98.177856,178600,0,1,439.629206
2023-05-23,100.9300,97.128922,43000,0,1,434.932129
2023-05-24,100.1400,96.368675,76900,0,1,431.527825
2023-05-25,100.9200,97.119301,61600,0,1,434.889036
2023-05-26,102.2500,98.399200,49700,0,1,440.620333
2023-05-30,102.3700,98.514702,51500,0,1,441.137442
2023-05-31,101.7200,97.889168,88200,0,1,438.336433
2023-06-01,102.7000,98.832245,30100,0,1,442.559493
2023-06-02,104.3100,100.381615,51000,0,1,449.497378
2023-06-05,104.1400,100.218033,38200,0,1,448.764806
2023-06-06,104.5100,100.574089,76500,0,1,450.359227
2023-06-07,103.9200,100.267273,26000,0.272,1,448.988887
2023-06-08,104.5100,100.836525,107900,0,1,451.537996
2023-06-09,104.6000,100.923370,24800,0,1,451.926844
2023-06-12,105.5700,101.859261,37700,0,1,456.117752
2023-06-13,106.3200,102.582909,148100,0,1,459.358145
2023-06-14,106.3700,102.631149,76200,0,1,459.574172
2023-06-15,107.6900,103.904755,36000,0,1,465.277264
2023-06-16,107.3500,103.576698,14100,0,1,463.808286
2023-06-20,106.7300,102.978493,27400,0,1,461.129560
2023-06-21,106.2000,102.467125,13800,0,1,458.839683
2023-06-22,106.5000,102.756577,20800,0,1,460.135840
2023-06-23,105.6400,101.926804,12300,0,1,456.420189
2023-06-26,105.2800,101.579468,35500,0,1,454.864800
2023-06-27,106.5400,102.795181,15000,0,1,460.308661
2023-06-28,106.5900,102.843422,32600,0,1,460.524687
2023-06-29,107.0200,103.258293,20200,0,1,462.382513
2023-06-30,108.3300,104.522255,31700,0,1,468.042399
2023-07-03,108.4700,104.657349,20400,0,1,468.647273
2023-07-05,108.2800,104.474007,29500,0,1,467.826373
2023-07-06,107.3300,103.557411,39600,0,1,463.721875
2023-07-07,107.1500,103.383728,27500,0,1,462.944181
2023-07-10,107.4800,103.702141,19400,0,1,464.369954
2023-07-11,108.3600,104.551224,27000,0,1,468.172015
2023-07-12,109.1300,105.294144,63500,0,1,471.498819
2023-07-13,110.0900,106.220390,24000,0,1,475.646522
2023-07-14,109.8200,105.959877,41400,0,1,474.479981
2023-07-17,110.3500,106.471245,27200,0,1,476.769858
2023-07-18,111.2200,107.310677,20900,0,1,480.528715
2023-07-19,111.5600,107.638725,27800,0,1,481.997693
2023-07-20,110.7500,106.857193,19400,0,1,478.498068
2023-07-21,110.7400,106.847542,41700,0,1,478.454863
2023-07-24,111.1300,107.223824,25000,0,1,480.139867
2023-07-25,111.4400,107.522957,46300,0,1,481.479230
2023-07-26,111.3300,107.416809,14700,0,1,481.003972
2023-07-27,110.7000,106.808960,30000,0,1,478.282042
2023-07-28,111.8100,107.879944,34000,0,1,483.077824
2023-07-31,112.0800,108.140465,18000,0,1,484.244366
2023-08-01,111.7600,107.831703,18500,0,1,482.861798
2023-08-02,110.1800,106.307243,29800,0,1,476.035369
2023-08-03,109.9900,106.123917,24900,0,1,475.214470
2023-08-04,109.3100,105.467819,51200,0,1,472.276513
2023-08-07,110.2300,106.355492,33300,0,1,476.251396
2023-08-08,109.7300,105.873055,39900,0,1,474.091133
2023-08-09,108.8900,105.062561,19600,0,1,470.461893
2023-08-10,109.0000,105.168724,22800,0,1,470.937151
2023-08-11,108.8300,105.004692,28500,0,1,470.202662
2023-08-14,109.4300,105.583603,26500,0,1,472.794976
2023-08-15,108.1900,104.387184,114800,0,1,467.437526
2023-08-16,107.3400,103.567047,80200,0,1,463.765080
2023-08-17,106.5400,102.795181,22300,0,1,460.308661
2023-08-18,106.5100,102.766235,50500,0,1,460.179045
2023-08-21,107.2100,103.441628,58300,0,1,463.203412
2023-08-22,106.9000,103.142517,34400,0,1,461.864050
2023-08-23,108.0700,104.271385,22800,0,1,466.919063
2023-08-24,106.6700,102.920616,59900,0,1,460.870329
2023-08-25,107.3600,103.586357,40400,0,1,463.851491
2023-08-28,108.0700,104.271385,54400,0,1,466.919063
2023-08-29,109.6400,105.786217,31700,0,1,473.702286
2023-08-30,110.1300,106.258980,22100,0,1,475.819343
2023-08-31,110.1100,106.239693,46200,0,1,475.732933
2023-09-01,110.3300,106.451958,26100,0,1,476.683448
2023-09-05,109.8000,105.940582,30100,0,1,474.393570
2023-09-06,109.0500,105.216949,20600,0,1,471.153177
2023-09-07,108.7300,104.908203,128700,0,1,469.770609
2023-09-08,108.8900,105.062561,16000,0,1,470.461893
2023-09-11,109.5400,105.689735,30700,0,1,473.270234
2023-09-12,108.9500,105.120453,27500,0,1,470.721124
2023-09-13,109.0100,105.178360,18900,0,1,470.980356
2023-09-14,109.9500,106.085312,20000,0,1,475.041649
2023-09-15,108.6700,104.850319,17400,0,1,469.511378
2023-09-18,108.7100,104.888908,22300,0,1,469.684199
2023-09-19,108.4400,104.628395,29700,0,1,468.517657
2023-09-20,107.4700,103.692490,31200,0,1,464.326748
2023-09-21,105.6500,101.936455,26000,0,1,456.463394
2023-09-22,105.4400,101.733833,40100,0,1,455.556084
2023-09-25,105.8000,102.081177,29300,0,1,457.111473
2023-09-26,103.9200,100.668816,28000,0.422,1,450.812148
2023-09-27,103.9800,100.726936,33600,0,1,451.072433
2023-09-28,104.6600,101.385643,26800,0,1,454.022320
2023-09-29,104.4800,101.211288,79600,0,1,453.241467
2023-10-02,104.3100,101.046593,30200,0,1,452.503995
2023-10-03,102.8000,99.583839,29300,0,1,445.953511
2023-10-04,103.6700,100.426620,28100,0,1,449.727631
2023-10-05,103.5300,100.291000,68400,0,1,449.120301
2023-10-06,104.8000,101.521271,18800,0,1,454.629649
2023-10-09,105.4400,102.141251,24600,0,1,457.406014
2023-10-10,106.0900,102.770920,18900,0,1,460.225758
2023-10-11,106.5500,103.216530,29600,0,1,462.221270
2023-10-12,105.7400,102.431862,19500,0,1,458.707434
2023-10-13,105.1200,101.831253,16300,0,1,456.017831
2023-10-16,106.2700,102.945267,29600,0,1,461.006611
2023-10-17,106.3400,103.013084,18700,0,1,461.310276
2023-10-18,104.8300,101.550331,80400,0,1,454.759791
2023-10-19,103.9700,100.717239,37600,0,1,451.029052
2023-10-20,102.6100,99.399796,35300,0,1,445.129278
2023-10-23,102.4100,99.206047,36800,0,1,444.261664
2023-10-24,103.1700,99.942268,34000,0,1,447.558597
2023-10-25,101.5800,98.402016,31900,0,1,440.661067
2023-10-26,100.4400,97.297676,34600,0,1,435.715668
2023-10-27,99.9500,96.823006,30800,0,1,433.590014
2023-10-30,101.0700,97.907967,31400,0,1,438.448651
2023-10-31,101.8100,98.624817,11200,0,1,441.658822
2023-11-01,102.7800,99.564476,22500,0,1,445.866750
2023-11-02,104.8300,101.550331,35600,0,1,454.759791
2023-11-03,105.8600,102.548111,852000,0,1,459.228003
2023-11-06,105.9900,102.674034,58500,0,1,459.791952
2023-11-07,106.3600,103.032471,11700,0,1,461.397037
2023-11-08,106.3900,103.061531,18800,0,1,461.527179
2023-11-09,105.4900,102.189682,46000,0,1,457.622917
2023-11-10,107.1200,103.768684,26800,0,1,464.693970
2023-11-13,107.0600,103.710564,20400,0,1,464.433686
2023-11-14,109.3400,105.919235,37500,0,1,474.324483
2023-11-15,109.5500,106.122673,19200,0,1,475.235478
2023-11-16,109.5700,106.142044,92000,0,1,475.322239
2023-11-17,109.7600,106.326096,28800,0,1,476.146472
2023-11-20,110.5700,107.110756,26200,0,1,479.660308
2023-11-21,110.3500,106.897629,15200,0,1,478.705933
2023-11-22,110.8800,107.411064,25800,0,1,481.005110
2023-11-24,110.9600,107.488548,5600,0,1,481.352155
2023-11-27,110.8000,107.333557,23800,0,1,480.658064
2023-11-28,110.8500,107.381989,32100,0,1,480.874968
2023-11-29,110.8700,107.401367,32300,0,1,480.961729
2023-11-30,111.4000,107.914803,36300,0,1,483.260906
2023-12-01,112.1800,108.670395,27500,0,1,486.644600
2023-12-04,111.7000,108.205391,22100,0,1,484.562327
2023-12-05,111.5100,108.021347,19200,0,1,483.738093
2023-12-06,111.1000,107.624168,140000,0,1,481.959485
2023-12-07,111.9500,108.447586,23600,0,1,485.646844
2023-12-08,112.4800,108.960999,18900,0,1,487.946021
2023-12-11,112.9500,109.416298,68500,0,1,489.984913
2023-12-12,113.3900,109.842514,21100,0,1,491.893663
2023-12-13,115.0400,111.440918,51300,0,1,499.051478
2023-12-14,115.6800,112.060890,41000,0,1,501.827842
2023-12-15,115.5000,111.886505,49300,0,1,501.046989
2023-12-18,116.1000,112.467751,38300,0,1,503.649831
2023-12-19,116.8800,113.223351,21800,0,1,507.033525
2023-12-20,114.6100,111.464966,35300,0.462,1,499.190296
2023-12-21,115.9000,112.719566,22100,0,1,504.808963
2023-12-22,116.1200,112.933533,21100,0,1,505.767186
2023-12-26,116.6200,113.419815,25700,0,1,507.944964
2023-12-27,116.8100,113.604591,33600,0,1,508.772519
2023-12-28,116.8800,113.672661,23900,0,1,509.077408
2023-12-29,116.5300,113.332275,26300,0,1,507.552964
2024-01-02,115.6300,112.456963,71800,0,1,503.632963
2024-01-03,114.6100,111.464966,107800,0,1,499.190296
2024-01-04,114.2600,111.124565,18300,0,1,497.665851
2024-01-05,114.4700,111.328796,22000,0,1,498.580518
2024-01-08,116.1100,112.923805,26900,0,1,505.723630
2024-01-09,115.9200,112.739014,18000,0,1,504.896074
2024-01-10,116.5900,113.390610,27900,0,1,507.814297
2024-01-11,116.5300,113.332275,20700,0,1,507.552964
2024-01-12,116.5000,113.303108,26600,0,1,507.422297
2024-01-16,116.0600,112.875175,66600,0,1,505.505852
2024-01-17,115.3500,112.184662,23900,0,1,502.413407
2024-01-18,116.3900,113.196106,80600,0,1,506.943186
2024-01-19,117.7900,114.557693,35100,0,1,513.040965
2024-01-22,118.2200,114.975899,28300,0,1,514.913854
2024-01-23,118.5000,115.248215,26700,0,1,516.133409
2024-01-24,118.5100,115.257935,35400,0,1,516.176965
2024-01-25,119.1100,115.841469,23500,0,1,518.790299
2024-01-26,119.0500,115.783127,30100,0,1,518.528965
2024-01-29,120.0400,116.745956,43200,0,1,522.840966
2024-01-30,119.9700,116.677872,19900,0,1,522.536077
2024-01-31,118.0100,114.771667,20400,0,1,513.999187
2024-02-01,119.4400,116.162422,16100,0,1,520.227632
2024-02-02,120.6400,117.329498,26200,0,1,525.454300
2024-02-05,120.2000,116.901573,28200,0,1,523.537855
2024-02-06,120.5400,117.232246,23900,0,1,525.018744
2024-02-07,121.5400,118.204811,16300,0,1,529.374300
2024-02-08,121.7400,118.399292,18000,0,1,530.245411
2024-02-09,122.4900,119.128731,21900,0,1,533.512079
2024-02-12,122.4200,119.060638,45000,0,1,533.207190
2024-02-13,120.6500,117.339233,36900,0,1,525.497855
2024-02-14,121.9800,118.632721,30000,0,1,531.290745
2024-02-15,122.7800,119.410782,27200,0,1,534.775190
2024-02-16,122.1400,118.788330,33000,0,1,531.987634
2024-02-20,121.3700,118.039459,26500,0,1,528.633856
2024-02-21,121.4000,118.068649,27900,0,1,528.764522
2024-02-22,123.9200,120.519478,34200,0,1,539.740524
2024-02-23,124.1000,120.694542,21800,0,1,540.524524
2024-02-26,123.6800,120.286079,105000,0,1,538.695191
2024-02-27,123.9700,120.568115,16000,0,1,539.958302
2024-02-28,123.7900,120.393044,20800,0,1,539.174302
2024-02-29,124.2300,120.820976,35700,0,1,541.090746
2024-03-01,125.4400,121.997787,32500,0,1,546.360969
2024-03-04,125.2800,121.842163,26900,0,1,545.664080
2024-03-05,124.0500,120.645912,27900,0,1,540.306746
2024-03-06,124.7300,121.307274,35500,0,1,543.268525
2024-03-07,126.0300,122.571594,26300,0,1,548.930748
2024-03-08,125.2500,121.812988,33200,0,1,545.533414
2024-03-11,125.0500,121.618469,18400,0,1,544.662303
2024-03-12,126.3600,122.892532,22500,0,1,550.368081
2024-03-13,126.1800,122.717461,21000,0,1,549.584081
2024-03-14,125.7200,122.270081,22700,0,1,547.580525
2024-03-15,124.8600,121.433685,24600,0,1,543.834747
2024-03-18,125.5900,122.143654,26100,0,1,547.014303
2024-03-19,126.2500,122.785545,19200,0,1,549.888970
2024-03-20,127.5900,124.088760,22300,0,1,555.725415
2024-03-21,127.7500,124.566574,30200,0.33,1,557.859638
2024-03-22,127.5200,124.342300,14600,0,1,556.855272
2024-03-25,127.1700,124.001022,31500,0,1,555.326890
2024-03-26,126.9100,123.747505,46200,0,1,554.191520
2024-03-27,128.0400,124.849327,17900,0,1,559.126012
2024-03-28,128.0900,124.898087,24200,0,1,559.344352
2024-04-01,127.7100,124.527557,148900,0,1,557.684965
2024-04-02,126.8400,123.679237,48200,0,1,553.885843
2024-04-03,127.0400,123.874252,24900,0,1,554.759205
2024-04-04,125.5000,122.372635,22200,0,1,548.034321
2024-04-05,126.7800,123.620743,17700,0,1,553.623835
2024-04-08,126.8800,123.718246,16600,0,1,554.060515
2024-04-09,127.0000,123.835251,28200,0,1,554.584532
2024-04-10,125.7500,122.616409,33700,0,1,549.126023
2024-04-11,126.5500,123.396454,22300,0,1,552.619469
2024-04-12,124.7200,121.612068,21100,0,1,544.628212
2024-04-15,123.1500,120.081184,41700,0,1,537.772324
2024-04-16,122.9200,119.856926,24500,0,1,536.767958
2024-04-17,122.1300,119.086609,47700,0,1,533.318181
2024-04-18,121.9500,118.911102,29200,0,1,532.532155
2024-04-19,120.8500,117.838509,24800,0,1,527.728667
2024-04-22,121.9700,118.930588,18600,0,1,532.619491
2024-04-23,123.5000,120.422485,15000,0,1,539.300707
2024-04-24,123.4900,120.412720,18500,0,1,539.257039
2024-04-25,122.9000,119.837410,14100,0,1,536.680622
2024-04-26,124.1900,121.095284,13900,0,1,542.313804
2024-04-29,124.5400,121.436562,9500,0,1,543.842186
2024-04-30,122.5900,119.535141,19500,0,1,535.326912
2024-05-01,122.2300,119.184113,17900,0,1,533.754861
2024-05-02,123.4000,120.324959,13200,0,1,538.864026
2024-05-03,124.8900,121.777824,14400,0,1,545.370569
2024-05-06,126.2000,123.055191,19200,0,1,551.091086
2024-05-07,126.3500,123.201447,13900,0,1,551.746108
2024-05-08,126.2700,123.123444,14000,0,1,551.396763
2024-05-09,126.9500,123.786491,12500,0,1,554.366192
2024-05-10,127.1500,123.981514,23800,0,1,555.239553
2024-05-13,127.1800,124.010773,13000,0,1,555.370558
2024-05-14,127.8200,124.634827,22500,0,1,558.165314
2024-05-15,129.3300,126.107193,19800,0,1,564.759193
2024-05-16,129.0100,125.795151,16700,0,1,563.361815
2024-05-17,129.2100,125.990181,11700,0,1,564.235177
2024-05-20,129.3800,126.155952,19800,0,1,564.977534
2024-05-21,129.5800,126.350960,17600,0,1,565.850895
2024-05-22,129.1200,125.902435,9500,0,1,563.842164
2024-05-23,128.1800,124.985847,26600,0,1,559.737365
2024-05-24,129.0600,125.843925,15400,0,1,563.580155
2024-05-28,129.0700,125.853683,15400,0,1,563.623823
2024-05-29,128.1100,124.917580,19600,0,1,559.431688
2024-05-30,127.4100,124.235031,24300,0,1,556.374923
2024-05-31,128.4300,125.229614,17600,0,1,560.829067
2024-06-03,128.4300,125.229614,17700,0,1,560.829067
2024-06-04,128.4300,125.229614,13500,0,1,560.829067
2024-06-05,130.0000,126.760498,37000,0,1,567.684954
2024-06-06,129.9100,126.672760,18200,0,1,567.291942
2024-06-07,129.7300,126.497231,18000,0,1,566.505916
2024-06-10,130.1200,126.877495,18900,0,1,568.208971
2024-06-11,130.1200,127.185402,25200,0.315,1,569.584515
2024-06-12,131.3100,128.348557,23200,0,1,574.793596
2024-06-13,131.4500,128.485397,17900,0,1,575.406429
2024-06-14,131.3400,128.377884,25300,0,1,574.924917
2024-06-17,132.3400,129.355331,28900,0,1,579.302296
2024-06-18,132.7000,129.707214,15400,0,1,580.878153
2024-06-20,132.3700,129.384644,39500,0,1,579.433618
2024-06-21,132.2600,129.277161,41700,0,1,578.952106
2024-06-24,132.0000,129.022995,10900,0,1,577.813987
2024-06-25,132.3900,129.404221,14800,0,1,579.521165
2024-06-26,132.5900,129.599701,15800,0,1,580.396641
2024-06-27,132.6800,129.687653,34400,0,1,580.790605
2024-06-28,132.3100,129.326019,11600,0,1,579.170975
2024-07-01,132.5400,129.550812,19900,0,1,580.177772
2024-07-02,133.2500,130.244797,21200,0,1,583.285711
2024-07-03,133.9000,130.880142,13400,0,1,586.131007
2024-07-05,134.6000,131.564377,9200,0,1,589.195172
2024-07-08,134.7300,131.691422,20100,0,1,589.764231
2024-07-09,134.7700,131.730530,11400,0,1,589.939326
2024-07-10,136.1100,133.040298,18800,0,1,595.805014
2024-07-11,135.2300,132.180145,28600,0,1,591.952921
2024-07-12,136.0200,132.952332,33000,0,1,595.411050
2024-07-15,136.5500,133.470383,28700,0,1,597.731060
2024-07-16,137.5100,134.408737,17200,0,1,601.933344
2024-07-17,135.6600,132.600464,33000,0,1,593.835193
2024-07-18,134.4300,131.398178,33700,0,1,588.451018
2024-07-19,133.6200,130.606445,27400,0,1,584.905341
2024-07-22,135.0000,131.955353,14100,0,1,590.946124
2024-07-23,134.8000,131.759842,21800,0,1,590.070648
2024-07-24,131.6600,128.690689,21400,0,1,576.325679
2024-07-25,131.3100,128.348557,20200,0,1,574.793596
2024-07-26,132.4500,129.462860,18000,0,1,579.783808
2024-07-29,132.8500,129.853836,27300,0,1,581.534759
2024-07-30,132.1400,129.159836,16600,0,1,578.426820
2024-07-31,134.1800,131.153839,24800,0,1,587.356673
2024-08-01,132.2100,129.228256,25600,0,1,578.733237
2024-08-02,129.6600,126.735779,28900,0,1,567.570921
2024-08-05,125.7700,122.933502,72500,0,1,550.542918
2024-08-06,127.1000,124.233513,25300,0,1,556.364832
2024-08-07,126.0800,123.236519,51200,0,1,551.899906
2024-08-08,129.0700,126.159088,32300,0,1,564.988268
2024-08-09,129.7000,126.774879,18000,0,1,567.746016
2024-08-12,129.6900,126.765099,16000,0,1,567.702243
2024-08-13,131.8400,128.866592,23400,0,1,577.113607
2024-08-14,132.2100,129.228256,35500,0,1,578.733237
2024-08-15,134.4100,131.378662,31800,0,1,588.363470
2024-08-16,134.7400,131.701202,12400,0,1,589.808005
2024-08-19,135.9800,132.913223,32500,0,1,595.235955
2024-08-20,135.7700,132.707962,18300,0,1,594.316705
2024-08-21,136.4700,133.392197,13400,0,1,597.380870
2024-08-22,135.3300,132.277863,26100,0,1,592.390658
2024-08-23,136.9200,133.832031,25200,0,1,599.350691
2024-08-26,136.5500,133.470383,35100,0,1,597.731060
2024-08-27,136.6600,133.577911,20300,0,1,598.212572
2024-08-28,135.8100,132.747040,15000,0,1,594.491800
2024-08-29,135.8300,132.766632,18100,0,1,594.579348
2024-08-30,137.2400,134.144852,31900,0,1,600.751452
2024-09-03,134.2900,131.261353,1097200,0,1,587.838185
2024-09-04,134.0000,130.977890,51700,0,1,586.568745
2024-09-05,133.6200,130.606445,38900,0,1,584.905341
2024-09-06,131.3800,128.416992,20200,0,1,575.100013
2024-09-09,132.8400,129.844070,41800,0,1,581.490986
2024-09-10,133.4000,130.391434,12300,0,1,583.942318
2024-09-11,134.8600,131.818527,23800,0,1,590.333290
2024-09-12,135.7800,132.717743,18200,0,1,594.360479
2024-09-13,136.7000,133.616974,14600,0,1,598.387667
2024-09-16,136.9100,133.822281,6900,0,1,599.306917
2024-09-17,136.9800,133.890686,14800,0,1,599.613333
2024-09-18,136.6500,133.568130,19200,0,1,598.168798
2024-09-19,138.9800,135.845581,31600,0,1,608.368091
2024-09-20,138.7600,135.630569,17400,0,1,607.405067
2024-09-23,139.1300,135.992203,21400,0,1,609.024698
2024-09-24,139.4900,136.344070,25100,0,1,610.600554
2024-09-25,138.6600,135.950928,16200,0.429,1,608.845225
2024-09-26,139.3100,136.588196,20000,0,1,611.699324
2024-09-27,139.0700,136.352905,51600,0,1,610.645503
2024-09-30,139.5900,136.862732,31700,0,1,612.928782
2024-10-01,138.3700,135.666565,122900,0,1,607.571858
2024-10-02,138.3800,135.676392,15700,0,1,607.615767
2024-10-03,138.1500,135.450867,142700,0,1,606.605855
2024-10-04,139.4100,136.686279,28000,0,1,612.138416
2024-10-07,138.1400,135.441055,40200,0,1,606.561946
2024-10-08,139.3300,136.607803,247400,0,1,611.787143
2024-10-09,140.4800,137.735352,85000,0,1,616.836703
2024-10-10,140.1200,137.382416,28000,0,1,615.255971
2024-10-11,141.1800,138.421677,31300,0,1,619.910348
2024-10-14,142.2700,139.490387,11800,0,1,624.696453
2024-10-15,141.1300,138.372650,86200,0,1,619.690802
2024-10-16,141.8200,139.049179,31800,0,1,622.720538
2024-10-17,141.8200,139.049179,21900,0,1,622.720538
2024-10-18,142.4700,139.686462,28400,0,1,625.574637
2024-10-21,142.0600,139.284500,19100,0,1,623.774359
2024-10-22,141.9500,139.176620,11400,0,1,623.291358
2024-10-23,140.6800,137.931442,12400,0,1,617.714887
2024-10-24,141.0300,138.274612,14900,0,1,619.251710
2024-10-25,140.9400,138.186356,18300,0,1,618.856527
2024-10-28,141.4000,138.637360,17500,0,1,620.876351
2024-10-29,141.6300,138.862885,20400,0,1,621.886263
2024-10-30,141.3200,138.558945,33900,0,1,620.525077
2024-10-31,138.6000,135.892075,31700,0,1,608.581770
2024-11-01,139.2400,136.519608,23500,0,1,611.391960
2024-11-04,138.8100,136.097977,56400,0,1,609.503863
2024-11-05,140.5700,137.823593,22400,0,1,617.231886
2024-11-06,144.4100,141.588562,69000,0,1,634.093026
2024-11-07,145.4900,142.647491,34700,0,1,638.835221
2024-11-08,146.1000,143.245544,36000,0,1,641.513684
2024-11-11,146.3800,143.520096,64200,0,1,642.743142
2024-11-12,146.0200,143.167099,37000,0,1,641.162410
2024-11-13,146.0200,143.167099,24600,0,1,641.162410
2024-11-14,145.0400,142.206253,17500,0,1,636.859306
2024-11-15,143.1600,140.363007,43100,0,1,628.604373
2024-11-18,143.7800,140.970856,35700,0,1,631.326745
2024-11-19,144.3600,141.539566,20700,0,1,633.873480
2024-11-20,144.4800,141.657196,42900,0,1,634.400390
2024-11-21,145.4500,142.608261,22500,0,1,638.659584
2024-11-22,146.0900,143.235733,15000,0,1,641.469774
2024-11-25,146.6700,143.804428,39900,0,1,644.016509
2024-11-26,147.3600,144.480927,32800,0,1,647.046245
2024-11-27,146.8000,143.931870,17300,0,1,644.587329
2024-11-29,147.6900,144.804459,12900,0,1,648.495249
2024-12-02,147.9300,145.039810,29900,0,1,649.549071
2024-12-03,148.0200,145.128036,22500,0,1,649.944254
2024-12-04,149.0000,146.088898,21300,0,1,654.247357
2024-12-05,148.6900,145.784973,30800,0,1,652.886171
2024-12-06,149.1300,146.216354,16200,0,1,654.818177
2024-12-09,148.1000,145.206482,15500,0,1,650.295527
2024-12-10,147.5000,144.618210,10500,0,1,647.660974
2024-12-11,148.7300,145.824173,16700,0,1,653.061808
2024-12-12,148.0200,145.128036,13400,0,1,649.944254
2024-12-13,147.8500,144.961380,14300,0,1,649.197797
2024-12-16,148.5200,145.618301,41200,0,1,652.139715
2024-12-17,147.2900,144.834549,18200,0.433,1,648.640150
2024-12-18,142.6700,140.291595,41800,0,1,628.294454
2024-12-19,142.7200,140.340744,85700,0,1,628.514646
2024-12-20,144.2700,141.864914,38100,0,1,635.340583
2024-12-23,145.1100,142.690887,27100,0,1,639.039800
2024-12-24,146.7200,144.274063,17200,0,1,646.129967
2024-12-26,146.7600,144.313385,11500,0,1,646.306120
2024-12-27,145.0700,142.651566,44200,0,1,638.863647
2024-12-30,143.6400,141.245392,19900,0,1,632.566170
2024-12-31,143.0900,140.704590,21600,0,1,630.144063
2025-01-02,142.6800,140.301422,23500,0,1,628.338493
2025-01-03,144.6500,142.238556,147600,0,1,637.014038
2025-01-06,145.4900,143.064575,76800,0,1,640.713255
2025-01-07,143.8400,141.442078,31800,0,1,633.446936
2025-01-08,144.0100,141.609222,31800,0,1,634.195587
2025-01-10,141.9100,139.544235,30500,0,1,624.947543
2025-01-13,142.0700,139.701599,28100,0,1,625.652156
2025-01-14,142.3700,139.996582,33000,0,1,626.973305
2025-01-15,144.9700,142.553238,21700,0,1,638.423264
2025-01-16,144.8500,142.435257,26700,0,1,637.894804
2025-01-17,146.2500,143.811905,36300,0,1,644.060166
2025-01-21,147.5500,145.090210,36400,0,1,649.785146
2025-01-22,148.4600,145.985046,30700,0,1,653.792631
2025-01-23,149.1400,146.653732,15300,0,1,656.787236
2025-01-24,148.7800,146.299713,33000,0,1,655.201857
2025-01-27,146.5900,144.146225,43700,0,1,645.557469
2025-01-28,147.8900,145.424561,17600,0,1,651.282448
2025-01-29,147.3200,144.864059,23000,0,1,648.772265
2025-01-30,148.1600,145.690079,20400,0,1,652.471482
2025-01-31,147.4400,144.982071,16600,0,1,649.300724
2025-02-03,146.3500,143.910217,211900,0,1,644.500549
2025-02-04,147.2600,144.805038,508200,0,1,648.508035
2025-02-05,147.9500,145.483551,40600,0,1,651.546678
2025-02-06,148.4100,145.935898,29200,0,1,653.572440
2025-02-07,147.1500,144.696899,37000,0,1,648.023614
2025-02-10,148.0300,145.562225,12900,0,1,651.898984
2025-02-11,148.0300,145.562225,15000,0,1,651.898984
2025-02-12,147.6000,145.139404,22300,0,1,650.005337
2025-02-13,149.0600,146.575058,62900,0,1,656.434929
2025-02-14,149.1200,146.634064,17200,0,1,656.699159
2025-02-18,149.5400,147.047043,29100,0,1,658.548768
2025-02-19,149.7500,147.253571,23900,0,1,659.473572
2025-02-20,149.0000,146.516052,17200,0,1,656.170699
2025-02-21,146.2600,143.821732,24600,0,1,644.104205
2025-02-24,145.5900,143.162918,25400,0,1,641.153638
2025-02-25,144.7400,142.327072,40100,0,1,637.410383
2025-02-26,144.8800,142.464737,44400,0,1,638.026919
2025-02-27,142.6300,140.252243,38700,0,1,628.118301
2025-02-28,144.8200,142.405762,49200,0,1,637.762689
2025-03-03,142.1300,139.760574,49600,0,1,625.916386
2025-03-04,140.5100,138.167572,82400,0,1,618.782181
2025-03-05,142.1000,139.731079,40400,0,1,625.784271
2025-03-06,139.3300,137.007278,37200,0,1,613.585661
2025-03-07,140.1500,137.813599,46300,0,1,617.196802
2025-03-10,136.2000,133.929459,209500,0,1,599.801673
2025-03-11,135.3000,133.044434,79600,0,1,595.838226
2025-03-12,136.0500,133.781921,31000,0,1,599.141098
2025-03-13,134.0500,131.815277,30600,0,1,590.333438
2025-03-14,136.9700,134.686600,22700,0,1,603.192622
2025-03-17,138.0400,135.738754,19900,0,1,607.904720
2025-03-18,136.1700,134.241257,22900,0.351,1,601.215302
2025-03-19,137.7200,135.769333,13900,0,1,608.058834
2025-03-20,137.5300,135.582031,21000,0,1,607.219950
2025-03-21,137.4500,135.503143,34300,0,1,606.866735
2025-03-24,140.0200,138.036758,30800,0,1,618.213752
2025-03-25,140.3500,138.362076,23500,0,1,619.670762
2025-03-26,138.7100,136.745316,27900,0,1,612.429864
2025-03-27,138.0400,136.084793,21000,0,1,609.471692
2025-03-28,135.4000,133.482178,13400,0,1,597.815612
2025-03-31,136.1000,134.172272,41300,0,1,600.906240
2025-04-01,136.5800,134.645462,85200,0,1,603.025527
2025-04-02,137.6200,135.670746,14300,0,1,607.617316
2025-04-03,130.6800,128.829010,71300,0,1,576.975954
2025-04-04,123.0300,121.287399,138200,0,1,543.199814
2025-04-07,122.7200,120.981781,119400,0,1,541.831108
2025-04-08,120.9000,119.187569,99200,0,1,533.795477
2025-04-09,132.0600,130.189468,103600,0,1,583.068905
2025-04-10,127.5900,125.782799,50600,0,1,563.333043
2025-04-11,129.8800,128.040359,37700,0,1,573.443809
2025-04-14,130.9100,129.055786,28300,0,1,577.991446
2025-04-15,130.7700,128.917770,25800,0,1,577.373321
2025-04-16,127.9500,126.137703,35100,0,1,564.922508
2025-04-17,128.1800,126.364456,27300,0,1,565.938000
2025-04-21,125.1100,123.337936,48600,0,1,552.383392
2025-04-22,128.2600,126.443306,66000,0,1,566.291215
2025-04-23,130.4200,128.572723,74000,0,1,575.828007
2025-04-24,133.1500,131.264053,33600,0,1,587.881453
2025-04-25,134.1700,132.269608,24700,0,1,592.384939
2025-04-28,134.2600,132.358337,19100,0,1,592.782305
2025-04-29,135.0600,133.147003,24000,0,1,596.314451
2025-04-30,134.9900,133.078018,27500,0,1,596.005388
2025-05-01,135.9600,134.034256,21800,0,1,600.288114
2025-05-02,138.1500,136.193237,43900,0,1,609.957362
2025-05-05,137.3600,135.414413,16000,0,1,606.469369
2025-05-06,136.1800,134.251144,16200,0,1,601.259454
2025-05-07,136.8600,134.921509,22600,0,1,604.261778
2025-05-08,137.7500,135.798889,146400,0,1,608.191290
2025-05-09,137.6800,135.729889,16700,0,1,607.882227
2025-05-12,142.2400,140.225311,44000,0,1,628.015456
2025-05-13,143.2600,141.230850,27800,0,1,632.518941
2025-05-14,143.4000,141.368851,25800,0,1,633.137067
2025-05-15,144.0600,142.019516,17800,0,1,636.051087
2025-05-16,145.0100,142.956055,24600,0,1,640.245509
2025-05-19,145.0600,143.005371,44000,0,1,640.466268
2025-05-20,144.5700,142.522308,19100,0,1,638.302829
2025-05-21,142.0500,140.037994,24600,0,1,627.176571
2025-05-22,142.0700,140.057724,18200,0,1,627.264875
2025-05-23,141.1800,139.180298,17100,0,1,623.335363
2025-05-27,144.1000,142.058975,65700,0,1,636.227694
2025-05-28,143.3700,141.339294,34300,0,1,633.004611
2025-05-29,143.8500,141.812515,38000,0,1,635.123898
2025-05-30,143.6800,141.644928,30900,0,1,634.373318
2025-06-02,144.4000,142.354721,16600,0,1,637.552248
2025-06-03,145.4100,143.350403,15000,0,1,642.011582
2025-06-04,145.4300,143.370132,14900,0,1,642.099886
2025-06-05,144.6700,142.620880,15900,0,1,638.744347
2025-06-06,146.2500,144.178528,18600,0,1,645.720335
2025-06-09,146.3300,144.257370,19300,0,1,646.073549
2025-06-10,147.1200,145.036163,11900,0,1,649.561543
2025-06-11,146.6900,144.612274,18800,0,1,647.663015
2025-06-12,147.1400,145.055893,28200,0,1,649.649846
2025-06-13,145.5000,143.439117,21800,0,1,642.408948
2025-06-16,146.5900,144.862152,18800,0.35,1,648.766810
2025-06-17,145.3700,143.656540,13200,0,1,643.367427
2025-06-18,145.4400,143.725723,15600,0,1,643.677228
2025-06-20,145.1200,143.409500,21800,0,1,642.260997
2025-06-23,146.4700,144.743591,20100,0,1,648.235723
2025-06-24,148.1900,146.443298,18100,0,1,655.847968
2025-06-25,148.0300,146.285187,12100,0,1,655.139852
2025-06-26,149.2400,147.480957,19400,0,1,660.494977
2025-06-27,150.0200,148.251740,21700,0,1,663.947042
2025-06-30,150.8700,149.091705,128500,0,1,667.708907
2025-07-01,150.7500,148.973129,249400,0,1,667.177820
2025-07-02,151.4600,149.674759,59100,0,1,670.320084
2025-07-03,152.6900,150.890274,13000,0,1,675.763724
2025-07-07,151.6700,149.882278,27200,0,1,671.249486
2025-07-08,151.5600,149.773575,36800,0,1,670.762656
2025-07-09,152.4800,150.682709,18100,0,1,674.834322
2025-07-10,152.8400,151.038498,30200,0,1,676.427582
2025-07-11,152.2500,150.455429,27400,0,1,673.816405
2025-07-14,152.5000,150.702484,36900,0,1,674.922836
2025-07-15,151.9300,150.139221,18200,0,1,672.400174
2025-07-16,152.4100,150.613556,17100,0,1,674.524521
2025-07-17,153.3100,151.502960,17900,0,1,678.507672
2025-07-18,153.2800,151.473297,34800,0,1,678.374900
2025-07-21,153.3900,151.582001,28400,0,1,678.861730
2025-07-22,153.5600,151.750000,15700,0,1,679.614103
2025-07-23,154.7600,152.935837,22000,0,1,684.924971
2025-07-24,154.7600,152.935837,18400,0,1,684.924971
2025-07-25,155.4800,153.647369,9400,0,1,688.111492
2025-07-28,155.4700,153.637482,16300,0,1,688.067235
2025-07-29,155.0800,153.252090,23500,0,1,686.341203
2025-07-30,154.8400,153.014893,17300,0,1,685.279029
2025-07-31,154.3700,152.550446,17100,0,1,683.198939
2025-08-01,151.7400,149.951462,36600,0,1,671.559286
2025-08-04,153.9800,152.165054,19500,0,1,681.472907
2025-08-05,153.3200,151.512833,11400,0,1,678.551929
2025-08-06,154.3100,152.491150,11200,0,1,682.933396
2025-08-07,154.2800,152.461517,23300,0,1,682.800624
2025-08-08,155.2800,153.449738,10400,0,1,687.226347
2025-08-11,154.9900,153.163147,13900,0,1,685.942888
2025-08-12,156.7900,154.941925,17100,0,1,693.909190
2025-08-13,157.4500,155.594131,31800,0,1,696.830168
2025-08-14,157.3100,155.455795,11500,0,1,696.210566
2025-08-15,156.8600,155.011108,26100,0,1,694.218991
2025-08-18,156.9300,155.080276,20000,0,1,694.528791
2025-08-19,155.9700,154.131592,20800,0,1,690.280097
2025-08-20,155.5700,153.736313,8500,0,1,688.509807
2025-08-21,155.0400,153.212555,27800,0,1,686.164174
2025-08-22,157.5700,155.712753,14000,0,1,697.361254
2025-08-25,156.8200,154.971573,18000,0,1,694.041962
2025-08-26,157.5500,155.692978,11200,0,1,697.272740
2025-08-27,157.8800,156.019089,8200,0,1,698.733229
2025-08-28,158.4400,156.572479,22400,0,1,701.211634
2025-08-29,157.4900,155.633682,14200,0,1,697.007196
2025-09-02,156.4800,154.635590,30600,0,1,692.537216
2025-09-03,157.1600,155.307587,19200,0,1,695.546708
2025-09-04,158.5400,156.671310,15300,0,1,701.654206
2025-09-05,158.1900,156.325439,11200,0,1,700.105203
2025-09-08,158.6000,156.730606,16900,0,1,701.919750
2025-09-09,158.8900,157.017181,16700,0,1,703.203209
2025-09-10,159.3500,157.471756,19100,0,1,705.239042
2025-09-11,160.6600,158.766327,22600,0,1,711.036740
2025-09-12,160.5000,158.608200,11600,0,1,710.328624
2025-09-15,161.2900,159.388885,14700,0,1,713.824946
2025-09-16,160.6400,159.139236,27600,0.398,1,712.709663
2025-09-17,160.5000,159.000549,24900,0,1,712.088527
2025-09-18,161.3900,159.882248,26900,0,1,716.037180
2025-09-19,162.0800,160.565811,29900,0,1,719.098495
2025-09-22,162.8200,161.298889,12500,0,1,722.381645
2025-09-23,161.9200,160.407288,28100,0,1,718.388625
2025-09-24,161.3300,159.822800,12000,0,1,715.770979
2025-09-25,160.4700,158.970840,15400,0,1,711.955426
2025-09-26,161.4400,159.931778,8400,0,1,716.259014
2025-09-29,161.8900,160.377594,13200,0,1,718.255524
2025-09-30,162.4800,160.962051,26100,0,1,720.873171
2025-10-01,163.0400,161.516815,27400,0,1,723.357716
2025-10-02,163.2800,161.754593,11600,0,1,724.422521
2025-10-03,163.2200,161.695175,14800,0,1,724.156320
2025-10-06,163.8200,162.289551,13100,0,1,726.818333
2025-10-07,163.1300,161.606003,16300,0,1,723.757018
2025-10-08,164.1500,162.616455,21100,0,1,728.282441
2025-10-09,163.5800,162.051788,15400,0,1,725.753528
2025-10-10,159.3000,157.811768,82000,0,1,706.764501
2025-10-13,161.7200,160.209152,26600,0,1,717.501287
2025-10-14,161.6900,160.179459,35400,0,1,717.368187
2025-10-15,162.3200,160.803558,20100,0,1,720.163300
2025-10-16,161.0800,159.575150,24300,0,1,714.661806
2025-10-17,161.9900,160.476654,16900,0,1,718.699193
2025-10-20,163.7800,162.249908,29500,0,1,726.640866
2025-10-21,163.7700,162.240021,16700,0,1,726.596499
2025-10-22,162.7300,161.209717,24000,0,1,721.982343
2025-10-23,163.8100,162.279633,15000,0,1,726.773966
2025-10-24,165.0600,163.517944,15600,0,1,732.319827
2025-10-27,167.0500,165.489380,22500,0,1,741.148838
2025-10-28,167.4400,165.875732,25900,0,1,742.879146
2025-10-29,167.2000,165.637970,16500,0,1,741.814341
2025-10-30,165.6000,164.052933,17100,0,1,734.715639
2025-10-31,166.1500,164.597763,12300,0,1,737.155818
2025-11-03,166.3000,164.746384,17600,0,1,737.821321
2025-11-04,164.2900,162.755142,29300,0,1,728.903577
2025-11-05,165.1400,163.597214,17200,0,1,732.674762
2025-11-06,163.0800,161.556458,18400,0,1,723.535184
2025-11-07,163.4400,161.913101,76000,0,1,725.132392
2025-11-10,165.9500,164.399643,17800,0,1,736.268480
2025-11-11,166.1800,164.627487,14100,0,1,737.288919
2025-11-12,166.2600,164.706741,21000,0,1,737.643854
2025-11-13,163.4000,161.873459,47300,0,1,724.954924
2025-11-14,163.2900,161.764481,28100,0,1,724.466888
2025-11-17,161.6900,160.179459,20300,0,1,717.368187
2025-11-18,160.4700,158.970840,40700,0,1,711.955426
2025-11-19,161.0800,159.575150,40200,0,1,714.661806
2025-11-20,158.4500,156.969696,32300,0,1,702.993315
2025-11-21,160.1300,158.634033,34200,0,1,710.446952
2025-11-24,162.6000,161.080948,27800,0,1,721.405573
2025-11-25,164.2400,162.705627,49700,0,1,728.681743
2025-11-26,165.3900,163.844864,15100,0,1,733.783935
2025-11-28,166.2200,164.667145,12200,0,1,737.466386
2025-12-01,165.5200,163.973663,30700,0,1,734.360704
2025-12-02,165.8400,164.290665,19700,0,1,735.780444
2025-12-03,166.4300,164.875153,19300,0,1,738.398091
2025-12-04,166.6400,165.083191,52900,0,1,739.329795
2025-12-05,166.9000,165.340759,38600,0,1,740.483334
2025-12-08,166.4100,164.855362,39300,0,1,738.309357
2025-12-09,166.2200,164.667145,19300,0,1,737.466386
2025-12-10,167.4400,165.875732,24800,0,1,742.879146
2025-12-11,167.7900,166.222443,20800,0,1,744.431987
2025-12-12,166.0400,164.488785,43500,0,1,736.667782
2025-12-15,165.6700,164.122253,49600,0,1,735.026207
2025-12-16,164.6700,163.606613,43200,0.481,1,732.723566
2025-12-17,162.8800,161.828186,24800,0,1,724.758696
2025-12-18,164.1300,163.070099,30100,0,1,730.320756
2025-12-19,165.7000,164.629944,44900,0,1,737.306704
2025-12-22,166.7700,165.693054,28000,0,1,742.067827
2025-12-23,167.4600,166.378586,26100,0,1,745.138084
2025-12-24,167.9900,166.905167,22800,0,1,747.496398
2025-12-26,167.9000,166.815750,21800,0,1,747.095930
2025-12-29,167.2900,166.209686,29000,0,1,744.381644
2025-12-30,167.0600,165.981171,14900,0,1,743.358225
2025-12-31,165.8100,164.739243,23300,0,1,737.796165
2026-01-02,166.2500,165.176407,69200,0,1,739.754010
2026-01-05,167.4000,166.318970,25700,0,1,744.871105
2026-01-06,168.5300,167.441681,49700,0,1,749.899208
2026-01-07,167.9900,166.905167,26500,0,1,747.496398
2026-01-08,167.9800,166.895218,32900,0,1,747.451901
2026-01-09,168.9600,167.868912,53400,0,1,751.812557
2026-01-12,169.2500,168.157028,34700,0,1,753.102955
2026-01-13,168.9700,167.878845,49900,0,1,751.857053
2026-01-14,168.1600,167.074081,16400,0,1,748.252838
2026-01-15,168.5700,167.481430,23700,0,1,750.077194
2026-01-16,168.4900,167.401947,29500,0,1,749.721222
2026-01-20,165.1600,164.093460,57900,0,1,734.903894
2026-01-21,167.0300,165.951355,45400,0,1,743.224736
2026-01-22,167.9700,166.885300,43600,0,1,747.407405
2026-01-23,167.9000,166.815750,19000,0,1,747.095930
2026-01-26,168.6900,167.600632,17500,0,1,750.611152
2026-01-27,169.3500,168.256393,27600,0,1,753.547919
2026-01-28,169.2600,168.166962,23200,0,1,753.147451
2026-01-29,168.9100,167.819244,21200,0,1,751.590074
2026-01-30,168.1000,167.014465,28600,0,1,747.985859
2026-02-02,168.9600,167.868912,36200,0,1,751.812557
2026-02-03,167.5800,166.497818,28400,0,1,745.672042
2026-02-04,166.7600,165.683105,39000,0,1,742.023331
2026-02-05,164.6600,163.596680,33200,0,1,732.679069
2026-02-06,168.0600,166.974716,20700,0,1,747.807873
2026-02-09,168.9600,167.868912,29300,0,1,751.812557
2026-02-10,168.4100,167.322464,18200,0,1,749.365250
2026-02-11,168.4100,167.322464,17000,0,1,749.365250
2026-02-12,165.6800,164.610077,43000,0,1,737.217711
2026-02-13,165.9900,164.918091,21500,0,1,738.597102
2026-02-17,166.1500,165.077042,21300,0,1,739.309045
2026-02-18,167.0800,166.001038,17700,0,1,743.447218
2026-02-19,166.6500,165.573807,17500,0,1,741.533869
2026-02-20,167.6900,166.607101,33100,0,1,746.161503
2026-02-23,165.9100,164.838608,21500,0,1,738.241130
2026-02-24,167.2300,166.150070,19900,0,1,744.114665
2026-02-25,168.5800,167.491364,20100,0,1,750.121690
2026-02-26,167.8300,166.746201,14400,0,1,746.784454
2026-02-27,167.1400,166.060654,17700,0,1,743.714197
2026-03-02,167.1600,166.080521,30000,0,1,743.803190
2026-03-03,165.5200,164.451126,57100,0,1,736.505767
2026-03-04,166.7900,165.712906,21400,0,1,742.156820
2026-03-05,165.7800,164.709427,28400,0,1,737.662675
2026-03-06,163.5900,162.533585,29000,0,1,727.917946
2026-03-09,164.9800,163.914597,33300,0,1,734.102957
2026-03-10,164.6000,163.537079,28500,0,1,732.412091
2026-03-11,164.4300,163.368149,16100,0,1,731.655650
2026-03-12,161.9300,160.884308,20200,0,1,720.531530
2026-03-13,161.0000,159.960312,25400,0,1,716.393357
2026-03-16,162.6500,161.599655,25000,0,1,723.735277
2026-03-17,162.7700,162.082596,22500,0.365,1,725.893356
2026-03-18,160.5300,159.852066,21000,0,1,715.903793
2026-03-19,160.1500,159.473663,41500,0,1,714.209135
2026-03-20,157.7500,157.083801,244500,0,1,703.506032
2026-03-23,159.6000,158.925995,48500,0,1,711.756341
2026-03-24,159.0600,158.388260,29800,0,1,709.348143
2026-03-25,160.0100,159.334259,25400,0,1,713.584788
2026-03-26,157.2000,156.536118,20300,0,1,701.053238
2026-03-27,154.4300,153.777817,55200,0,1,688.700074
2026-03-30,153.8600,153.210236,41500,0,1,686.158087
2026-03-31,158.4500,157.780838,44500,0,1,706.627771
2026-04-01,159.6500,158.975769,41900,0,1,711.979322
2026-04-02,159.8100,159.135101,25200,0,1,712.692862
2026-04-06,160.5300,159.852066,24500,0,1,715.903793
2026-04-07,160.6800,160.001419,33400,0,1,716.572737
2026-04-08,164.6800,163.984528,49100,0,1,734.411242
2026-04-09,165.4700,164.771194,20600,0,1,737.934347
2026-04-10,165.3800,164.681580,15600,0,1,737.532980
2026-04-13,167.1200,166.414230,28200,0,1,745.292730
2026-04-14,169.0400,168.326111,63600,0,1,753.855212
2026-04-15,170.3700,169.650497,29500,0,1,759.786515
2026-04-16,170.7900,170.068726,38100,0,1,761.659558
2026-04-17,172.9600,172.229568,24000,0,1,771.336947
2026-04-20,172.6700,171.940796,32500,0,1,770.043655
2026-04-21,171.5300,170.805603,42100,0,1,764.959681
2026-04-22,173.2000,172.468552,23100,0,1,772.407257
2026-04-23,172.4900,171.761566,18200,0,1,769.240923
2026-04-24,173.7500,173.016235,17100,0,1,774.860052
2026-04-27,174.0100,173.275131,14400,0,1,776.019554
2026-04-28,173.1300,172.398865,15400,0,1,772.095083
2026-04-29,173.0000,172.269394,19500,0,1,771.515332
2026-04-30,174.8300,174.091675,16400,0,1,779.676448
2026-05-01,175.2800,174.539764,27400,0,1,781.683280
2026-05-04,174.6600,173.922394,26700,0,1,778.918311
2026-05-05,176.0700,175.326431,16700,0,1,785.206384
2026-05-06,178.6500,177.895538,30900,0,1,796.712220
2026-05-07,177.7500,176.999344,17800,0,1,792.698556
2026-05-08,179.2000,178.443222,15300,0,1,799.165014
2026-05-11,179.5800,178.821609,11200,0,1,800.859672
2026-05-12,179.2400,178.483063,10200,0,1,799.343399
2026-05-13,180.1700,179.409119,12000,0,1,803.490852
2026-05-14,181.4400,180.673752,16500,0,1,809.154577
2026-05-15,179.3300,178.572662,21500,0,1,799.744766
2026-05-18,179.1800,178.423294,15900,0,1,799.075822
2026-05-19,178.0000,177.248276,10900,0,1,793.813463
2026-05-20,179.9500,179.190033,14500,0,1,802.509734
2026-05-21,180.3900,179.628189,23200,0,1,804.471970
2026-05-22,181.0700,180.305313,16700,0,1,807.504515
2026-05-26,182.4000,181.629684,15900,0,1,813.435818
2026-05-27,182.3200,181.550034,14000,0,1,813.079048
2026-05-28,183.3600,182.585632,15200,0,1,817.717059
2026-05-29,183.8000,183.023804,21000,0,1,819.679295
2026-06-01,184.3500,183.571472,29500,0,1,822.132089
2026-06-02,184.8500,184.069351,79800,0,1,824.361902
2026-06-03,183.5000,182.725052,10100,0,1,818.341407
2026-06-04,184.3600,183.581421,8600,0,1,822.176686
2026-06-05,179.4600,178.702133,15000,0,1,800.324517
2026-06-08,179.9800,179.219925,20700,0,1,802.643523
2026-06-09,179.5700,178.811661,27700,0,1,800.815076
2026-06-10,176.6500,175.903976,37000,0,1,787.792968
2026-06-11,179.7900,179.030716,28000,0,1,801.796194
2026-06-12,180.6300,179.867172,20600,0,1,805.542280
2026-06-15,183.4700,183.049881,23400,0.35,1,819.768487
2026-06-16,182.4000,181.982315,15500,0,1,814.987584
2026-06-17,180.1700,179.757431,22400,0,1,805.023646
2026-06-18,182.2200,181.802734,23100,0,1,814.183320
2026-06-22,181.3100,180.894821,23300,0,1,810.117319
2026-06-23,178.8900,178.480362,17400,0,1,799.304435
2026-06-24,178.7600,178.350647,13200,0,1,798.723578
2026-06-25,178.8100,178.400543,12400,0,1,798.946984
2026-06-26,178.3900,177.981506,11900,0,1,797.070368
2026-06-29,180.8100,180.395966,22400,0,1,807.883252
2026-06-30,182.2800,181.862595,18700,0,1,814.451408
2026-07-01,181.9300,181.513397,18100,0,1,812.887562
2026-07-02,181.7900,181.373718,17000,0,1,812.262023
2026-07-06,183.2400,182.820404,112900,0,1,818.740817
2026-07-07,182.2300,181.812714,14100,0,1,814.228002
2026-07-08,181.7400,181.323837,11900,0,1,812.038616
2026-07-09,183.1700,182.750565,25800,0,1,818.428047
2026-07-10,183.9300,183.508820,12200,0,1,821.823829
2026-07-13,182.5600,182.141953,15800,0,1,815.702486
2026-07-14,183.1600,182.740585,12000,0,1,818.383366
2026-07-15,183.7000,183.279343,18300,0,1,820.796158
2026-07-16,182.9300,182.511108,15000,0,1,817.355695
2026-07-17,181.1500,180.735184,10000,0,1,809.402417
2026-07-20,180.7300,180.316147,7400,0,1,807.525801
2026-07-21,182.2700,181.852631,17100,0,1,814.406727
2026-07-22,181.9500,181.533356,11100,0,1,812.976924
2026-07-23,179.7800,179.368317,16100,0,1,803.281074
2026-07-24,180.0000,179.587814,9200,0,1,804.264064
2026-07-27,180.1100,179.697571,32700,0,1,804.755558
2026-07-28,180.6400,180.226349,56900,0,1,807.123669
2026-07-29,177.8600,177.452713,24400,0,1,794.702257
2026-07-30,180.6000,180.186447,10500,0,1,806.944944
2026-07-31,181.8000,181.383698,154900,0,1,812.306704
2026-08-03,184.5600,184.137375,26800,0,1,824.638753
2026-08-04,187.8900,187.459747,204500,0,1,839.517638
2026-08-05,187.4500,187.020752,17900,0,1,837.551659
2026-08-06,187.1200,186.691513,19700,0,1,836.077175
2026-08-07,188.5500,188.118240,11900,0,1,842.466607
2026-08-10,188.2400,187.808960,20900,0,1,841.081485
2026-08-11,187.7900,187.359970,16700,0,1,839.070825
2026-08-12,188.4400,188.008499,17000,0,1,841.975112
2026-08-13,189.6500,189.215714,15300,0,1,847.381554
2026-08-14,189.2800,188.846573,4800,0,1,845.728344
2026-08-17,188.5000,188.068359,17100,0,1,842.243200
2026-08-18,187.0600,186.631653,12000,0,1,835.809087
2026-08-19,187.4200,186.990829,11800,0,1,837.417615
2026-08-20,185.8100,185.384506,31700,0,1,830.223920
2026-08-21,186.7700,186.342316,11600,0,1,834.513329
2026-08-24,186.0700,185.643921,10800,0,1,831.385635
2026-08-25,186.6900,186.262497,13700,0,1,834.155878
2026-08-26,186.5800,186.152756,9300,0,1,833.664383
2026-08-27,187.9700,187.539566,10600,0,1,839.875089
2026-08-28,187.4900,187.060669,12500,0,1,837.730385
2026-08-31,186.8400,186.412155,14000,0,1,834.826098
2026-09-01,185.5000,185.075226,15600,0,1,828.838799
2026-09-02,186.3200,185.893356,11400,0,1,832.502668
2026-09-03,188.3400,187.908722,11300,0,1,841.528298
2026-09-04,187.6400,187.210327,12700,0,1,838.400605
2026-09-08,186.4900,186.062958,17100,0,1,833.262251
2026-09-09,185.6400,185.214905,14100,0,1,829.464338
2026-09-10,184.5400,184.117416,18800,0,1,824.549390
2026-09-11,185.9700,185.544144,12700,0,1,830.938822
2026-09-14,185.1600,184.736008,13300,0,1,827.319633
2026-09-15,183.9000,183.899994,11200,0.424,1,823.584274
2026-09-16,183.1000,183.100006,10400,0,1,820.001525
2026-09-17,185.2000,185.199997,12600,0,1,829.406240
2026-09-18,185.3100,185.309998,18100,0,1,829.898868
2026-09-21,188.0700,188.070007,19500,0,1,842.259349
2026-09-22,188.2200,188.220001,8400,0,1,842.931115
2026-09-23,186.6600,186.660004,15900,0,1,835.944755
2026-09-24,186.6200,186.619995,11100,0,1,835.765618
2026-09-25,187.4900,187.490005,14500,0,1,839.661857
2026-09-28,186.0300,186.029999,12500,0,1,833.123341
2026-09-29,185.7800,185.779999,11700,0,1,832.003732
2026-09-30,185.4000,185.399994,10900,0,1,830.301927
2026-10-01,185.8000,185.800003,8800,0,1,832.093301
2026-10-02,187.1200,187.119995,207400,0,1,838.004836
2026-10-05,188.4800,188.479996,12500,0,1,844.095508
2026-10-06,189.6000,189.600006,14201,0,1,849.111355
