date,close,adj_close,volume,dividend,split,tr_index
1999-03-10,51.0625,42.982269,5232000,0,1,100.000000
1999-03-11,51.3125,43.192715,9688600,0,1,100.489596
1999-03-12,50.0625,42.140495,8743600,0,1,98.041616
1999-03-15,51.5000,43.350529,6369000,0,1,100.856793
1999-03-16,51.9375,43.718788,4905800,0,1,101.713586
1999-03-17,51.5625,43.403156,3965000,0,1,100.979192
1999-03-18,52.5625,44.244888,4848400,0,1,102.937576
1999-03-19,51.2188,43.113789,7160400,0,1,100.306095
1999-03-22,50.5938,42.587692,5024800,0,1,99.082105
1999-03-23,48.8125,41.088322,10962400,0,1,95.593635
1999-03-24,50.4688,42.482471,8447000,0,1,98.837307
1999-03-25,52.3125,44.034470,8133800,0,1,102.447980
1999-03-26,51.7500,43.560966,8256200,0,1,101.346389
1999-03-29,53.6250,45.139271,5113800,0,1,105.018360
1999-03-30,53.2500,44.823605,4940600,0,1,104.283966
1999-03-31,52.4688,44.165981,8256600,0,1,102.754076
1999-04-01,53.5625,45.086666,8715800,0,1,104.895961
1999-04-05,55.5000,46.717579,5697200,0,1,108.690330
1999-04-06,55.6094,46.809624,7522400,0,1,108.904578
1999-04-07,55.0312,46.322968,11923600,0,1,107.772240
1999-04-08,55.4688,46.691261,7952400,0,1,108.629229
1999-04-09,55.8125,46.980621,4946800,0,1,109.302326
1999-04-12,55.4375,46.664974,10934000,0,1,108.567931
1999-04-13,54.6875,46.033646,9962200,0,1,107.099143
1999-04-14,52.8125,44.455353,21253800,0,1,103.427173
1999-04-15,53.5312,45.060371,17650600,0,1,104.834663
1999-04-16,51.9688,43.745117,17274000,0,1,101.774884
1999-04-19,49.5312,41.693314,19460600,0,1,97.001126
1999-04-20,50.6562,42.640305,17413600,0,1,99.204308
1999-04-21,53.1562,44.744717,10940400,0,1,104.100269
1999-04-22,54.5938,45.954727,13630600,0,1,106.915643
1999-04-23,55.3125,46.559746,7064400,0,1,108.323133
1999-04-26,56.5859,47.631653,5421000,0,1,110.816940
1999-04-27,55.7188,46.901707,16482800,0,1,109.118825
1999-04-28,53.8125,45.297108,7676800,0,1,105.385557
1999-04-29,53.3750,44.928841,19148200,0,1,104.528764
1999-04-30,53.7188,45.218182,15295200,0,1,105.202056
1999-05-03,53.4375,44.981445,11109800,0,1,104.651163
1999-05-04,52.5938,44.271194,15428400,0,1,102.998874
1999-05-05,54.1875,45.612755,12642600,0,1,106.119951
1999-05-06,52.2188,43.955544,15173400,0,1,102.264480
1999-05-07,52.9688,44.586853,16430400,0,1,103.733268
1999-05-10,53.5000,45.034054,10604200,0,1,104.773562
1999-05-11,54.3438,45.744293,8800800,0,1,106.426047
1999-05-12,55.4688,46.691261,12507400,0,1,108.629229
1999-05-13,54.4375,45.823208,9864000,0,1,106.609547
1999-05-14,53.4062,44.955143,12205400,0,1,104.589865
1999-05-17,54.3672,45.764000,9906800,0,1,106.471873
1999-05-18,54.1250,45.560154,9267800,0,1,105.997552
1999-05-19,54.8750,46.191479,7985600,0,1,107.466340
1999-05-20,53.3672,44.922253,5997200,0,1,104.513488
1999-05-21,52.8750,44.507965,10958600,0,1,103.549572
1999-05-24,51.5312,43.376846,9569800,0,1,100.917895
1999-05-25,49.8438,41.956379,17771200,0,1,97.613317
1999-05-26,51.2344,43.126934,26772000,0,1,100.336646
1999-05-27,51.1875,43.087498,23334800,0,1,100.244798
1999-05-28,52.0312,43.797726,12969800,0,1,101.897087
1999-06-01,50.8750,42.824444,6960200,0,1,99.632803
1999-06-02,51.7344,43.547817,11996600,0,1,101.315838
1999-06-03,51.0000,42.929649,11147800,0,1,99.877601
1999-06-04,52.5625,44.244888,12987200,0,1,102.937576
1999-06-07,53.6562,45.165562,11491800,0,1,105.079461
1999-06-08,52.3125,44.034470,8134800,0,1,102.447980
1999-06-09,53.1875,44.770988,8384400,0,1,104.161567
1999-06-10,52.5781,44.258060,9392400,0,1,102.968127
1999-06-11,51.7812,43.587276,16567600,0,1,101.407491
1999-06-14,50.8047,42.765244,14136800,0,1,99.495129
1999-06-15,51.5625,43.403156,9147800,0,1,100.979192
1999-06-16,54.2109,45.632488,15060200,0,1,106.165777
1999-06-17,54.8125,46.138847,16278200,0,1,107.343941
1999-06-18,55.0625,46.349297,5392800,0,1,107.833537
1999-06-21,56.7109,47.736885,10565200,0,1,111.061738
1999-06-22,55.0000,46.296700,10862800,0,1,107.711138
1999-06-23,55.8672,47.026661,9607000,0,1,109.409449
1999-06-24,54.7578,46.092842,14988800,0,1,107.236818
1999-06-25,54.6875,46.033646,8635600,0,1,107.099143
1999-06-28,55.9844,47.125290,7666200,0,1,109.638972
1999-06-29,56.7500,47.769772,9000400,0,1,111.138311
1999-06-30,57.6250,48.506317,19467600,0,1,112.851897
1999-07-01,58.0156,48.835114,6822600,0,1,113.616842
1999-07-02,58.7500,49.453281,3302000,0,1,115.055080
1999-07-06,58.3750,49.137608,8794800,0,1,114.320685
1999-07-07,58.4688,49.216545,10520000,0,1,114.504382
1999-07-08,59.2500,49.874168,11225000,0,1,116.034272
1999-07-09,59.8438,50.373955,4206800,0,1,117.197160
1999-07-12,59.5312,50.110920,7816200,0,1,116.584969
1999-07-13,59.2500,49.874168,6230000,0,1,116.034272
1999-07-14,60.2578,50.722488,6909400,0,1,118.007931
1999-07-15,60.8125,51.189400,6539800,0,1,119.094247
1999-07-16,61.3750,51.662914,4913800,0,1,120.195838
1999-07-19,60.7500,51.136787,6833000,0,1,118.971848
1999-07-20,58.4062,49.163940,14837400,0,1,114.381787
1999-07-21,58.6875,49.400673,10980400,0,1,114.932681
1999-07-22,57.1953,48.144611,15148400,0,1,112.010379
1999-07-23,57.2812,48.216957,12115000,0,1,112.178605
1999-07-26,55.8750,47.033237,10720000,0,1,109.424725
1999-07-27,57.0000,47.980206,13732800,0,1,111.627907
1999-07-28,58.1172,48.920593,10161800,0,1,113.815814
1999-07-29,56.8750,47.874989,13033800,0,1,111.383109
1999-07-30,56.5938,47.638233,10947400,0,1,110.832411
1999-08-02,56.4375,47.506733,9642400,0,1,110.526316
1999-08-03,56.0703,47.197632,13005000,0,1,109.807197
1999-08-04,55.0547,46.342709,13227600,0,1,107.818262
1999-08-05,55.9297,47.079262,18695200,0,1,109.531848
1999-08-06,55.3281,46.572880,12392200,0,1,108.353684
1999-08-09,54.6172,45.974445,7983400,0,1,106.961469
1999-08-10,54.1250,45.560154,16767200,0,1,105.997552
1999-08-11,55.9062,47.059540,13101400,0,1,109.485826
1999-08-12,55.2500,46.507130,12715000,0,1,108.200734
1999-08-13,57.6562,48.532600,14342600,0,1,112.912999
1999-08-16,58.1172,48.920593,11470600,0,1,113.815814
1999-08-17,58.4062,49.163940,11408400,0,1,114.381787
1999-08-18,57.7500,48.611511,7035200,0,1,113.096695
1999-08-19,57.0625,48.032803,10157800,0,1,111.750306
1999-08-20,57.9688,48.795639,6920800,0,1,113.525190
1999-08-23,59.8125,50.347649,9652000,0,1,117.135863
1999-08-24,60.2188,50.689606,13891400,0,1,117.931554
1999-08-25,61.5000,51.768112,11352000,0,1,120.440636
1999-08-26,60.4766,50.906628,9753000,0,1,118.436426
1999-08-27,59.8750,50.400261,9635400,0,1,117.258262
1999-08-30,59.0312,49.690018,10141600,0,1,115.605777
1999-08-31,59.6875,50.242420,14590400,0,1,116.891065
1999-09-01,60.1172,50.604095,10752000,0,1,117.732583
1999-09-02,59.9062,50.426567,14583200,0,1,117.319364
1999-09-03,62.6562,52.741398,14195400,0,1,122.704920
1999-09-07,62.3750,52.504650,9009000,0,1,122.154223
1999-09-08,61.5312,51.794434,14303400,0,1,120.501738
1999-09-09,62.4062,52.530968,12677600,0,1,122.215324
1999-09-10,63.1250,53.135986,10251000,0,1,123.623011
1999-09-13,62.3672,52.498074,7240800,0,1,122.138947
1999-09-14,62.7109,52.787445,10022600,0,1,122.812044
1999-09-15,61.5000,51.768112,16096000,0,1,120.440636
1999-09-16,61.4688,51.741806,15371000,0,1,120.379535
1999-09-17,63.3125,53.293800,14506400,0,1,123.990208
1999-09-20,63.4609,53.418758,6187200,0,1,124.280832
1999-09-21,61.9375,52.136395,12265800,0,1,121.297430
1999-09-22,62.5938,52.688801,12441800,0,1,122.582717
1999-09-23,60.0000,50.505459,19766000,0,1,117.503060
1999-09-24,60.0781,50.571255,23570800,0,1,117.656010
1999-09-27,60.5000,50.926353,12608800,0,1,118.482252
1999-09-28,60.7812,51.163082,20622000,0,1,119.032950
1999-09-29,59.5625,50.137199,15557000,0,1,116.646267
1999-09-30,60.1875,50.663315,17604200,0,1,117.870257
1999-10-01,60.2109,50.683048,19607400,0,1,117.916083
1999-10-04,61.5625,51.820728,12434200,0,1,120.563035
1999-10-05,62.0000,52.189003,19526400,0,1,121.419829
1999-10-06,63.2422,53.234623,19098200,0,1,123.852534
1999-10-07,63.0938,53.109680,22013600,0,1,123.561909
1999-10-08,63.7578,53.668667,22523200,0,1,124.862277
1999-10-11,64.6562,54.424927,13016000,0,1,126.621689
1999-10-12,63.1875,53.188595,20182800,0,1,123.745410
1999-10-13,61.3125,51.610298,22570600,0,1,120.073439
1999-10-14,61.6953,51.932510,22130400,0,1,120.823109
1999-10-15,59.8750,50.400261,33703000,0,1,117.258262
1999-10-18,59.1172,49.762371,24714800,0,1,115.774198
1999-10-19,59.4375,50.032001,26657200,0,1,116.401469
1999-10-20,61.2500,51.557678,22486400,0,1,119.951040
1999-10-21,62.2500,52.399429,22454800,0,1,121.909425
1999-10-22,61.9688,52.162693,16589400,0,1,121.358727
1999-10-25,62.0000,52.189003,13855400,0,1,121.419829
1999-10-26,61.5000,51.768112,13542400,0,1,120.440636
1999-10-27,61.4062,51.689205,15225200,0,1,120.256940
1999-10-28,63.5312,53.477947,14103800,0,1,124.418507
1999-10-29,65.7500,55.345570,19000000,0,1,128.763770
1999-11-01,65.4062,55.056236,9681800,0,1,128.090477
1999-11-02,65.4453,55.089127,12834800,0,1,128.167050
1999-11-03,66.7500,56.187340,18752600,0,1,130.722154
1999-11-04,67.5000,56.818672,20048600,0,1,132.190942
1999-11-05,68.1875,57.397369,15134600,0,1,133.537332
1999-11-08,69.5625,58.554783,10890800,0,1,136.230110
1999-11-09,69.0938,58.160217,14629800,0,1,135.312215
1999-11-10,70.0000,58.923054,16561000,0,1,137.086903
1999-11-11,71.2500,59.975243,18501400,0,1,139.534884
1999-11-12,72.1875,60.764400,28646600,0,1,141.370869
1999-11-15,72.0469,60.646030,10909400,0,1,141.095520
1999-11-16,73.8750,62.184891,19126400,0,1,144.675643
1999-11-17,72.8750,61.343109,21683600,0,1,142.717258
1999-11-18,75.1094,63.223942,17738400,0,1,147.093072
1999-11-19,75.7812,63.789448,17939400,0,1,148.408715
1999-11-22,74.6250,62.816223,18841800,0,1,146.144431
1999-11-23,74.9688,63.105518,24047600,0,1,146.817723
1999-11-24,77.4375,65.183647,18617800,0,1,151.652387
1999-11-26,77.6875,65.394081,8045200,0,1,152.141983
1999-11-29,76.4062,64.315575,20485200,0,1,149.632705
1999-11-30,73.5000,61.869198,23702400,0,1,143.941248
1999-12-01,75.0938,63.210762,23205800,0,1,147.062521
1999-12-02,77.4766,65.216537,17229200,0,1,151.728960
1999-12-03,79.1250,66.604103,21444600,0,1,154.957160
1999-12-06,79.8438,67.209122,16018400,0,1,156.364847
1999-12-07,79.8438,67.209122,23397000,0,1,156.364847
1999-12-08,78.8750,66.393631,19563000,0,1,154.467564
1999-12-09,79.2500,66.709335,28445400,0,1,155.201958
1999-12-10,79.9062,67.261681,20428400,0,1,156.487050
1999-12-13,80.9922,68.175781,16209200,0,1,158.613856
1999-12-14,79.5312,66.946106,27760200,0,1,155.752656
1999-12-15,81.0625,68.234985,31797200,0,1,158.751530
1999-12-16,83.0625,69.918526,27219600,0,1,162.668299
1999-12-17,83.7812,70.523567,23892400,0,1,164.075789
1999-12-20,84.8750,71.444176,15392000,0,1,166.217870
1999-12-21,89.4375,75.284698,26003800,0,1,175.152999
1999-12-22,89.1562,75.048004,22313600,0,1,174.602105
1999-12-23,90.2188,75.942360,17543600,0,1,176.683084
1999-12-27,89.6875,75.495193,19281800,0,1,175.642595
1999-12-28,89.1250,75.021660,15346400,0,1,174.541004
1999-12-29,92.5000,77.862602,16512600,0,1,181.150551
1999-12-30,91.5000,77.020821,21887000,0,1,179.192166
1999-12-31,91.3750,76.915665,14464400,0,1,178.947368
2000-01-03,94.7500,79.756554,36345200,0,1,185.556916
2000-01-04,88.2500,74.285110,33786600,0,1,172.827417
2000-01-05,86.0000,72.391174,42496600,0,1,168.421053
2000-01-06,80.0938,67.419556,37134800,0,1,156.854443
2000-01-07,90.0000,75.758224,28138200,0,1,176.254590
2000-01-10,92.5000,77.862602,29675600,0,1,181.150551
2000-01-11,88.0000,74.074677,32546600,0,1,172.337821
2000-01-12,86.0625,72.443794,29050000,0,1,168.543452
2000-01-13,91.2500,76.810463,25165200,0,1,178.702570
2000-01-14,93.3750,78.599174,21898600,0,1,182.864137
2000-01-18,93.8750,79.020020,16752400,0,1,183.843329
2000-01-19,96.0000,80.808792,19006000,0,1,188.004896
2000-01-20,95.0625,80.019608,25958000,0,1,186.168911
2000-01-21,96.2500,81.019203,18698200,0,1,188.494492
2000-01-24,91.6250,77.126129,28340400,0,1,179.436965
2000-01-25,93.0000,78.283501,33276200,0,1,182.129743
2000-01-26,89.2500,75.126900,23095600,0,1,174.785802
2000-01-27,90.5625,76.231689,30739200,0,1,177.356181
2000-01-28,86.0000,72.391174,35313800,0,1,168.421053
2000-01-31,89.6875,75.495193,36014600,0,1,175.642595
2000-02-01,92.0938,77.520676,26417600,0,1,180.355055
2000-02-02,92.8750,78.178284,26169200,0,1,181.884945
2000-02-03,96.5000,81.229652,30579800,0,1,188.984088
2000-02-04,97.1562,81.782051,26640000,0,1,190.269180
2000-02-07,98.5000,82.913147,17761000,0,1,192.900857
2000-02-08,102.6250,86.385429,21999400,0,1,200.979192
2000-02-09,99.0000,83.334045,27258200,0,1,193.880049
2000-02-10,102.2500,86.069756,26341600,0,1,200.244798
2000-02-11,99.8750,84.070580,24876000,0,1,195.593635
2000-02-14,99.7500,83.965370,22814600,0,1,195.348837
2000-02-15,100.4688,84.570412,30572800,0,1,196.756524
2000-02-16,100.0000,84.175812,25310600,0,1,195.838433
2000-02-17,102.1250,85.964539,30080200,0,1,200.000000
2000-02-18,98.4375,82.860596,25271200,0,1,192.778458
2000-02-22,98.7500,83.123634,37226200,0,1,193.390453
2000-02-23,104.2500,87.753265,32170800,0,1,204.161567
2000-02-24,106.5000,89.647209,48868200,0,1,208.567931
2000-02-25,104.0625,87.595451,32617600,0,1,203.794370
2000-02-28,104.0000,87.542816,38216200,0,1,203.671971
2000-02-29,106.7500,89.857681,23978600,0,1,209.057528
2000-03-01,107.6250,90.594215,24468400,0,1,210.771114
2000-03-02,105.1328,88.496368,32739200,0,1,205.890428
2000-03-03,111.0625,93.487762,32017200,0,1,217.503060
2000-03-06,111.9375,94.224289,23268400,0,1,219.216646
2000-03-07,110.2500,92.803848,39471000,0,1,215.911873
2000-03-08,111.2500,93.645576,43512600,0,1,217.870257
2000-03-09,115.0000,96.802155,30101400,0,1,225.214198
2000-03-10,114.5000,96.381294,29750600,0,1,224.235006
2000-03-13,111.5000,93.856026,37544200,0,1,218.359853
2000-03-14,107.3750,90.383751,39106800,0,1,210.281518
2000-03-15,102.8750,86.595863,51202600,0,1,201.468788
2000-03-16,108.7500,91.541191,55282200,0,1,212.974296
2000-03-17,110.8125,93.277283,31422400,0,1,217.013464
2000-03-20,107.6875,90.646805,21167200,0,2,210.893513
2000-03-21,111.7500,94.066475,33435100,0,1,218.849449
2000-03-22,114.0000,95.960411,24370200,0,1,223.255814
2000-03-23,116.0000,97.643913,19227400,0,1,227.172583
2000-03-24,117.5625,98.959175,22063000,0,1,230.232558
2000-03-27,117.7500,99.117004,11752600,0,1,230.599755
2000-03-28,114.7500,96.591713,18336300,0,1,224.724602
2000-03-29,110.0000,92.593399,27189500,0,1,215.422277
2000-03-30,107.2500,90.278542,42328700,0,1,210.036720
2000-03-31,109.5000,92.172485,31349900,0,1,214.443084
2000-04-03,102.9375,86.648453,31551300,0,1,201.591187
2000-04-04,101.9375,85.806686,66213000,0,1,199.632803
2000-04-05,100.1250,84.280991,37631500,0,1,196.083231
2000-04-06,102.5000,86.280190,30499900,0,1,200.734394
2000-04-07,106.6250,89.752434,20645500,0,1,208.812729
2000-04-10,100.1250,84.280991,26988200,0,1,196.083231
2000-04-11,97.7500,82.281845,34497100,0,1,191.432069
2000-04-12,92.0000,77.441711,34824400,0,1,180.171359
2000-04-13,88.0000,74.074677,46330500,0,1,172.337821
2000-04-14,80.3750,67.656281,60851300,0,1,157.405141
2000-04-17,89.6250,75.442528,55398500,0,1,175.520196
2000-04-18,92.0000,77.441711,36260900,0,1,180.171359
2000-04-19,89.1875,75.074272,28082500,0,1,174.663403
2000-04-20,87.2500,73.443367,21255600,0,1,170.869033
2000-04-24,84.7500,71.338997,31190900,0,1,165.973072
2000-04-25,90.4688,76.152779,28663200,0,1,177.172681
2000-04-26,87.3750,73.548630,25688300,0,1,171.113831
2000-04-27,91.2500,76.810463,37010400,0,1,178.702570
2000-04-28,94.7500,79.756554,24828400,0,1,185.556916
2000-05-01,95.6250,80.493111,23205700,0,1,187.270502
2000-05-02,90.1250,75.863434,20307900,0,1,176.499388
2000-05-03,89.1250,75.021660,26589700,0,1,174.541004
2000-05-04,89.3125,75.179512,17750700,0,1,174.908201
2000-05-05,91.4375,76.968239,20571200,0,1,179.069767
2000-05-08,87.8750,73.969460,13903000,0,1,172.093023
2000-05-09,86.0000,72.391174,19825800,0,1,168.421053
2000-05-10,79.7500,67.130203,34847500,0,1,156.181151
2000-05-11,84.6250,71.233765,24709700,0,1,165.728274
2000-05-12,84.6250,71.233765,17832000,0,1,165.728274
2000-05-15,88.3125,74.337723,17950800,0,1,172.949816
2000-05-16,90.8125,76.442184,23758800,0,1,177.845777
2000-05-17,88.9375,74.863876,20339400,0,1,174.173807
2000-05-18,85.7500,72.180756,19063000,0,1,167.931457
2000-05-19,81.6875,68.761139,28178100,0,1,159.975520
2000-05-22,81.6250,68.708481,43879800,0,1,159.853121
2000-05-23,74.8125,62.974033,31898500,0,1,146.511628
2000-05-24,79.5000,66.919754,49476000,0,1,155.691554
2000-05-25,77.7500,65.446686,29632700,0,1,152.264382
2000-05-26,77.7500,65.446686,18203200,0,1,152.264382
2000-05-30,85.5625,72.022919,31590400,0,1,167.564259
2000-05-31,83.1250,69.971130,29675400,0,1,162.790698
2000-06-01,87.3750,73.548630,28993500,0,1,171.113831
2000-06-02,93.6250,78.809608,31677200,0,1,183.353733
2000-06-05,93.8594,79.006859,23784300,0,1,183.812778
2000-06-06,91.2500,76.810463,23200500,0,1,178.702570
2000-06-07,93.6875,78.862206,22524400,0,1,183.476132
2000-06-08,93.2500,78.493927,19313800,0,1,182.619339
2000-06-09,93.7500,78.914833,17014600,0,1,183.598531
2000-06-12,90.7500,76.389496,16484700,0,1,177.723378
2000-06-13,94.2500,79.335724,25187900,0,1,184.577723
2000-06-14,92.1250,77.546913,20274500,0,1,180.416157
2000-06-15,93.7500,78.914833,18807800,0,1,183.598531
2000-06-16,94.2500,79.335724,21203400,0,1,184.577723
2000-06-19,98.0000,82.492279,20042500,0,1,191.921665
2000-06-20,97.6250,82.176643,20988300,0,1,191.187271
2000-06-21,98.8750,83.228828,20880600,0,1,193.635251
2000-06-22,95.2500,80.177437,21526700,0,1,186.536108
2000-06-23,91.5000,77.020821,24888100,0,1,179.192166
2000-06-26,94.0000,79.125259,22169200,0,1,184.088127
2000-06-27,92.8750,78.178284,14786000,0,1,181.884945
2000-06-28,94.0000,79.125259,19259800,0,1,184.088127
2000-06-29,91.6406,77.139236,21355800,0,1,179.467515
2000-06-30,93.4375,78.651764,15153100,0,1,182.986536
2000-07-03,95.2500,80.177437,5212000,0,1,186.536108
2000-07-05,91.5625,77.073486,16489000,0,1,179.314565
2000-07-06,94.0000,79.125259,23594700,0,1,184.088127
2000-07-07,95.9375,80.756149,16603200,0,1,187.882497
2000-07-10,94.4844,79.532974,12659400,0,1,185.036769
2000-07-11,95.0000,79.967010,14374600,0,1,186.046512
2000-07-12,97.2500,81.860970,18252600,0,1,190.452876
2000-07-13,98.5000,82.913147,19566700,0,1,192.900857
2000-07-14,100.6250,84.701859,17219400,0,1,197.062424
2000-07-17,101.7500,85.648888,13140500,0,1,199.265606
2000-07-18,99.5000,83.754898,20684000,0,1,194.859241
2000-07-19,97.2500,81.860970,21828500,0,1,190.452876
2000-07-20,100.3750,84.491417,19521200,0,1,196.572827
2000-07-21,97.0000,81.650520,14411400,0,1,189.963280
2000-07-24,95.0000,79.967010,18579200,0,1,186.046512
2000-07-25,95.7500,80.598351,19065700,0,1,187.515300
2000-07-26,95.6250,80.493111,20318700,0,1,187.270502
2000-07-27,91.8750,77.336502,26141800,0,1,179.926561
2000-07-28,86.8750,73.127708,36485600,0,1,170.134639
2000-07-31,89.4375,75.284698,27609900,0,1,175.152999
2000-08-01,88.2500,74.285110,15751800,0,1,172.827417
2000-08-02,86.6875,72.969887,23578200,0,1,169.767442
2000-08-03,90.4375,76.126488,35874700,0,1,177.111383
2000-08-04,90.1250,75.863434,22283400,0,1,176.499388
2000-08-07,92.2500,77.652184,15103300,0,1,180.660955
2000-08-08,94.1250,79.230476,14832300,0,1,184.332925
2000-08-09,91.6250,77.126129,18649800,0,1,179.436965
2000-08-10,89.8125,75.600365,15336200,0,1,175.887393
2000-08-11,91.0625,76.652588,21050600,0,1,178.335373
2000-08-14,93.0000,78.283501,12539300,0,1,182.129743
2000-08-15,93.0000,78.283501,14090300,0,1,182.129743
2000-08-16,93.9375,79.072632,15245300,0,1,183.965728
2000-08-17,95.7500,80.598351,14492400,0,1,187.515300
2000-08-18,95.2500,80.177437,14706700,0,1,186.536108
2000-08-21,95.5000,80.387878,13560100,0,1,187.025704
2000-08-22,95.5000,80.387878,14878200,0,1,187.025704
2000-08-23,97.0625,81.703171,21396400,0,1,190.085679
2000-08-24,98.5625,82.965752,13567700,0,1,193.023256
2000-08-25,98.0312,82.518562,11764700,0,1,191.982766
2000-08-28,98.5000,82.913147,12314200,0,1,192.900857
2000-08-29,99.0000,83.334045,11162800,0,1,193.880049
2000-08-30,98.8750,83.228828,10545300,0,1,193.635251
2000-08-31,101.6250,85.543625,15588700,0,1,199.020808
2000-09-01,102.6250,86.385429,14071900,0,1,200.979192
2000-09-05,99.5000,83.754898,16348300,0,1,194.859241
2000-09-06,96.0000,80.808792,20964900,0,1,188.004896
2000-09-07,98.1250,82.597450,16669700,0,1,192.166463
2000-09-08,95.1250,80.072189,23475200,0,1,186.291310
2000-09-11,92.8125,78.125648,27262100,0,1,181.762546
2000-09-12,91.3750,76.915665,24256000,0,1,178.947368
2000-09-13,93.5000,78.704391,34093100,0,1,183.108935
2000-09-14,93.0000,78.283501,28615300,0,1,182.129743
2000-09-15,91.3125,76.863007,24994600,0,1,178.824969
2000-09-18,89.8750,75.653008,29218500,0,1,176.009792
2000-09-19,93.1875,78.441307,27568700,0,1,182.496940
2000-09-20,94.6250,79.651352,33123200,0,1,185.312118
2000-09-21,87.7500,73.864273,25031400,0,1,171.848225
2000-09-22,92.9375,78.230881,33710100,0,1,182.007344
2000-09-25,90.4688,76.152779,20560800,0,1,177.172681
2000-09-26,89.4375,75.284698,26011200,0,1,175.152999
2000-09-27,89.5625,75.389946,28482900,0,1,175.397797
2000-09-28,91.5625,77.073486,29050000,0,1,179.314565
2000-09-29,88.7500,74.706024,27198800,0,1,173.806610
2000-10-02,86.7500,73.022514,24968200,0,1,169.889841
2000-10-03,84.0000,70.707687,35731200,0,1,164.504284
2000-10-04,85.6250,72.075493,37672100,0,1,167.686659
2000-10-05,85.8750,72.285965,23443100,0,1,168.176255
2000-10-06,83.0000,69.865913,36335800,0,1,162.545900
2000-10-09,82.6250,69.550201,28834600,0,1,161.811506
2000-10-10,78.3125,65.920143,35283200,0,1,153.365973
2000-10-11,77.0625,64.867981,48462600,0,1,150.917993
2000-10-12,75.1250,63.237057,53223600,0,1,147.123623
2000-10-13,81.2500,68.392860,42410200,0,1,159.118727
2000-10-16,82.0000,69.024155,27644900,0,1,160.587515
2000-10-17,78.2500,65.867538,52101400,0,1,153.243574
2000-10-18,78.0000,65.657127,64354400,0,1,152.753978
2000-10-19,85.0625,71.602020,44278900,0,1,166.585067
2000-10-20,86.3125,72.654236,40692200,0,1,169.033048
2000-10-23,86.1875,72.549049,28989200,0,1,168.788250
2000-10-24,82.5000,69.445015,31466200,0,1,161.566707
2000-10-25,77.8750,65.551918,48635400,0,1,152.509180
2000-10-26,79.8750,67.235420,69991300,0,1,156.425949
2000-10-27,79.7188,67.103897,51046400,0,1,156.120049
2000-10-30,76.7656,64.618073,35496700,0,1,150.336548
2000-10-31,81.7031,68.774277,43863800,0,1,160.006071
2000-11-01,81.0000,68.182381,45186400,0,1,158.629131
2000-11-02,82.0000,69.024155,26594300,0,1,160.587515
2000-11-03,83.0625,69.918526,29837100,0,1,162.668299
2000-11-06,82.4375,69.392441,23485800,0,1,161.444308
2000-11-07,82.1250,69.129387,24334400,0,1,160.832313
2000-11-08,75.7031,63.723717,40338200,0,1,148.255765
2000-11-09,75.6875,63.710537,64955900,0,1,148.225214
2000-11-10,71.7500,60.396137,49235500,0,1,140.514076
2000-11-13,71.8594,60.488194,75023400,0,1,140.728323
2000-11-14,75.8438,63.842045,44829500,0,1,148.531310
2000-11-15,77.3750,65.131027,37760900,0,1,151.529988
2000-11-16,72.8750,61.343109,33898700,0,1,142.717258
2000-11-17,72.8281,61.303665,49913800,0,1,142.625410
2000-11-20,69.8594,58.804680,46862300,0,1,136.811554
2000-11-21,69.7500,58.712635,42128600,0,1,136.597307
2000-11-22,66.6250,56.082108,56623700,0,1,130.477356
2000-11-24,70.4375,59.291351,19987900,0,1,137.943696
2000-11-27,69.5625,58.554783,35416600,0,1,136.230110
2000-11-28,65.4531,55.095680,48812700,0,1,128.182326
2000-11-29,62.9375,52.978142,66189300,0,1,123.255814
2000-11-30,62.9844,53.017593,74792600,0,1,123.347662
2000-12-01,64.0000,53.872513,57112500,0,1,125.336597
2000-12-04,65.0000,54.714268,49106300,0,1,127.294982
2000-12-05,70.6875,59.501785,76531800,0,1,138.433293
2000-12-06,68.0000,57.239529,63352100,0,1,133.170135
2000-12-07,66.5000,55.976921,41481100,0,1,130.232558
2000-12-08,68.0000,57.239529,65856900,0,1,133.170135
2000-12-11,74.3750,62.605717,51829800,0,1,145.654835
2000-12-12,71.6562,60.317219,31054500,0,1,140.330379
2000-12-13,68.7344,57.857735,51661600,0,1,134.608372
2000-12-14,65.3750,55.029949,41562700,0,1,128.029376
2000-12-15,63.8750,53.767303,59026100,0,1,125.091799
2000-12-18,64.0000,53.872513,42950000,0,1,125.336597
2000-12-19,59.1250,49.768940,80489200,0,1,115.789474
2000-12-20,55.7344,46.914879,81432100,0,1,109.149376
2000-12-21,56.0625,47.191040,85875600,0,1,109.791922
2000-12-22,60.5000,50.926353,57240000,0,1,118.482252
2000-12-26,60.8750,51.242020,37082800,0,1,119.216646
2000-12-27,61.5625,51.820728,33955500,0,1,120.563035
2000-12-28,61.4375,51.715511,30996900,0,1,120.318237
2000-12-29,58.3750,49.137608,49191000,0,1,114.320685
2001-01-02,53.4375,44.981445,62514100,0,1,104.651163
2001-01-03,62.4375,52.557270,118175700,0,1,122.276622
2001-01-04,61.3125,51.610298,58465400,0,1,120.073439
2001-01-05,56.6250,47.664558,68782000,0,1,110.893513
2001-01-08,57.2500,48.190647,55576500,0,1,112.117503
2001-01-09,57.2500,48.190647,53318900,0,1,112.117503
2001-01-10,60.1875,50.663315,74258300,0,1,117.870257
2001-01-11,61.9375,52.136395,65451700,0,1,121.297430
2001-01-12,62.7344,52.807171,60793900,0,1,122.858066
2001-01-16,61.9844,52.175835,32203300,0,1,121.389278
2001-01-17,63.8750,53.767303,61388800,0,1,125.091799
2001-01-18,66.5625,56.029533,54934700,0,1,130.354957
2001-01-19,66.3125,55.819080,56292500,0,1,129.865361
2001-01-22,66.3750,55.871681,35777100,0,1,129.987760
2001-01-23,67.7656,57.042248,49859500,0,1,132.711089
2001-01-24,67.1250,56.502991,53905400,0,1,131.456548
2001-01-25,64.5000,54.293404,57151900,0,1,126.315789
2001-01-26,65.5469,55.174625,45681400,0,1,128.366022
2001-01-29,67.0000,56.397793,31514100,0,1,131.211750
2001-01-30,66.7500,56.187340,42439300,0,1,130.722154
2001-01-31,64.3000,54.125053,59322200,0,1,125.924113
2001-02-01,65.1500,54.840519,45142600,0,1,127.588739
2001-02-02,61.5500,51.810192,47471000,0,1,120.538556
2001-02-05,61.5000,51.768112,36016300,0,1,120.440636
2001-02-06,61.6000,51.852280,42417700,0,1,120.636475
2001-02-07,60.6000,51.010548,61972200,0,1,118.678091
2001-02-08,58.7900,49.486946,48269500,0,1,115.133415
2001-02-09,56.4000,47.475166,55385200,0,1,110.452876
2001-02-12,57.0800,48.047562,50540400,0,1,111.784578
2001-02-13,55.2500,46.507130,58914000,0,1,108.200734
2001-02-14,57.4500,48.358997,63048200,0,1,112.509180
2001-02-15,58.4000,49.158669,67801300,0,1,114.369645
2001-02-16,55.1300,46.406120,66779700,0,1,107.965728
2001-02-20,52.9900,44.604748,55298400,0,1,103.774786
2001-02-21,51.5000,43.350529,72349000,0,1,100.856793
2001-02-22,51.0000,42.929649,103855500,0,1,99.877601
2001-02-23,51.1800,43.081177,93337900,0,1,100.230110
2001-02-26,52.1500,43.897678,78342700,0,1,102.129743
2001-02-27,49.0000,41.246140,66741700,0,1,95.960832
2001-02-28,47.4500,39.941406,102187900,0,1,92.925337
2001-03-01,48.8000,41.077774,101773000,0,1,95.569155
2001-03-02,46.7000,39.310097,95927100,0,1,91.456548
2001-03-05,47.5500,40.025589,43888400,0,1,93.121175
2001-03-06,49.4000,41.582848,60828600,0,1,96.744186
2001-03-07,49.4200,41.599678,55215500,0,1,96.783354
2001-03-08,48.5000,40.825260,48965200,0,1,94.981640
2001-03-09,45.1000,37.963276,79990900,0,1,88.323133
2001-03-12,42.3000,35.606369,80674000,0,1,82.839657
2001-03-13,44.4500,37.416142,80024400,0,1,87.050184
2001-03-14,43.7500,36.826916,97190000,0,1,85.679315
2001-03-15,42.1500,35.480087,74135500,0,1,82.545900
2001-03-16,41.2000,34.680435,77784500,0,1,80.685435
2001-03-19,43.2600,36.414452,53248200,0,1,84.719706
2001-03-20,40.3500,33.964935,104796200,0,1,79.020808
2001-03-21,40.3500,33.964935,96200700,0,1,79.020808
2001-03-22,42.8000,36.027237,130208100,0,1,83.818849
2001-03-23,42.8000,36.027237,95277500,0,1,83.818849
2001-03-26,41.8100,35.193897,57666200,0,1,81.880049
2001-03-27,43.2500,36.406025,69945300,0,1,84.700122
2001-03-28,39.7000,33.417786,77863500,0,1,77.747858
2001-03-29,38.9500,32.786484,79654700,0,1,76.279070
2001-03-30,39.1500,32.954807,63661300,0,1,76.670747
2001-04-02,37.4000,31.481766,69713600,0,1,73.243574
2001-04-03,34.6600,29.175322,89015700,0,1,67.877601
2001-04-04,34.0500,28.661850,76473900,0,1,66.682987
2001-04-05,37.3100,31.405983,87035800,0,1,73.067319
2001-04-06,35.9500,30.261198,86123600,0,1,70.403917
2001-04-09,37.0500,31.187122,51638700,0,1,72.558140
2001-04-10,39.8000,33.501968,94265100,0,1,77.943696
2001-04-11,41.0000,34.512077,92829500,0,1,80.293758
2001-04-12,42.8000,36.027237,79531500,0,1,83.818849
2001-04-16,40.2500,33.880741,65229800,0,1,78.824969
2001-04-17,41.2500,34.722507,94694300,0,1,80.783354
2001-04-18,45.5500,38.342083,128891400,0,1,89.204406
2001-04-19,48.3000,40.656925,110467600,0,1,94.589963
2001-04-20,48.4000,40.741093,80598100,0,1,94.785802
2001-04-23,45.1500,38.005383,79317600,0,1,88.421053
2001-04-24,44.3000,37.289886,88888300,0,1,86.756426
2001-04-25,45.1000,37.963276,68418400,0,1,88.323133
2001-04-26,43.9500,36.995251,71110200,0,1,86.070991
2001-04-27,45.1500,38.005383,55580000,0,1,88.421053
2001-04-30,46.1500,38.847137,73859100,0,1,90.379437
2001-05-01,48.0500,40.446461,54498300,0,1,94.100367
2001-05-02,48.9800,41.229313,77566500,0,1,95.921665
2001-05-03,46.8000,39.394272,67124900,0,1,91.652387
2001-05-04,48.2000,40.572735,72673400,0,1,94.394125
2001-05-07,47.2000,39.730984,45561600,0,1,92.435741
2001-05-08,48.2000,40.572735,56970700,0,1,94.394125
2001-05-09,46.5500,39.183838,60984600,0,1,91.162791
2001-05-10,45.7700,38.527267,61130300,0,1,89.635251
2001-05-11,45.5500,38.342083,48760400,0,1,89.204406
2001-05-14,44.8200,37.727570,43108000,0,1,87.774786
2001-05-15,45.1500,38.005383,69007600,0,1,88.421053
2001-05-16,47.1500,39.688892,80110500,0,1,92.337821
2001-05-17,47.9000,40.320210,73810700,0,1,93.806610
2001-05-18,48.0400,40.438061,41095100,0,1,94.080783
2001-05-21,51.0500,42.971748,85426900,0,1,99.975520
2001-05-22,50.9000,42.845490,77233900,0,1,99.681763
2001-05-23,48.6500,40.951530,65618000,0,1,95.275398
2001-05-24,49.9000,42.003716,61792500,0,1,97.723378
2001-05-25,48.9900,41.237732,36191100,0,1,95.941248
2001-05-29,46.1200,38.821896,66609600,0,1,90.320685
2001-05-30,44.4300,37.399307,81397400,0,1,87.011016
2001-05-31,44.7300,37.651825,68018300,0,1,87.598531
2001-06-01,46.0500,38.762955,61874300,0,1,90.183599
2001-06-04,45.8300,38.577774,41696000,0,1,89.752754
2001-06-05,47.8500,40.278122,68146400,0,1,93.708690
2001-06-06,47.4800,39.966675,61169500,0,1,92.984088
2001-06-07,48.7000,40.993618,65400200,0,1,95.373317
2001-06-08,47.3500,39.857239,56391400,0,1,92.729498
2001-06-11,46.0500,38.762955,48809400,0,1,90.183599
2001-06-12,45.8000,38.552513,78450500,0,1,89.694002
2001-06-13,44.5500,37.500301,68535400,0,1,87.246022
2001-06-14,42.2500,35.564255,91050300,0,1,82.741738
2001-06-15,42.6000,35.858898,84589400,0,1,83.427173
2001-06-18,42.0300,35.379078,63539100,0,1,82.310894
2001-06-19,41.8200,35.202297,73386900,0,1,81.899633
2001-06-20,42.7700,36.001991,83588600,0,1,83.760098
2001-06-21,43.3500,36.490223,67212600,0,1,84.895961
2001-06-22,43.2500,36.406025,51870400,0,1,84.700122
2001-06-25,43.3600,36.498638,39212100,0,1,84.915545
2001-06-26,43.5100,36.624882,55155100,0,1,85.209302
2001-06-27,43.7900,36.860584,53289400,0,1,85.757650
2001-06-28,44.3500,37.331959,89963700,0,1,86.854345
2001-06-29,45.7000,38.468334,59719600,0,1,89.498164
2001-07-02,45.4500,38.257908,50884300,0,1,89.008568
2001-07-03,45.6400,38.417828,24758400,0,1,89.380661
2001-07-05,43.4500,36.574379,44409800,0,1,85.091799
2001-07-06,41.6500,35.059216,53434800,0,1,81.566707
2001-07-09,42.0100,35.362244,45547500,0,1,82.271726
2001-07-10,40.5000,34.091190,58620000,0,1,79.314565
2001-07-11,41.0000,34.512077,77840200,0,1,80.293758
2001-07-12,43.6000,36.700649,70363300,0,1,85.385557
2001-07-13,43.1500,36.321838,62474200,0,1,84.504284
2001-07-16,42.3500,35.648453,53390800,0,1,82.937576
2001-07-17,43.3000,36.448105,59813000,0,1,84.798042
2001-07-18,41.6500,35.059216,64797200,0,1,81.566707
2001-07-19,42.6400,35.892563,76590200,0,1,83.505508
2001-07-20,41.6500,35.059216,49012800,0,1,81.566707
2001-07-23,40.6100,34.183784,55329400,0,1,79.529988
2001-07-24,40.1500,33.796589,70422900,0,1,78.629131
2001-07-25,40.5000,34.091190,68859600,0,1,79.314565
2001-07-26,41.1000,34.596260,69199300,0,1,80.489596
2001-07-27,41.9500,35.311752,47452900,0,1,82.154223
2001-07-30,41.7000,35.101307,39459400,0,1,81.664627
2001-07-31,41.7600,35.151806,55732500,0,1,81.782130
2001-08-01,43.1000,36.279766,53864800,0,1,84.406365
2001-08-02,43.9100,36.961601,53187300,0,1,85.992656
2001-08-03,43.1800,36.347099,51513700,0,1,84.563035
2001-08-06,42.5000,35.774715,31105700,0,1,83.231334
2001-08-07,42.2800,35.589527,38407500,0,1,82.800490
2001-08-08,40.5000,34.091190,76045200,0,1,79.314565
2001-08-09,40.6700,34.234303,66861400,0,1,79.647491
2001-08-10,40.2800,33.905998,68491900,0,1,78.883721
2001-08-13,41.1000,34.596260,48425700,0,1,80.489596
2001-08-14,40.6000,34.175362,51267600,0,1,79.510404
2001-08-15,39.1000,32.912727,58935300,0,1,76.572827
2001-08-16,39.5600,33.299950,68227300,0,1,77.473684
2001-08-17,37.7600,31.784786,56649300,0,1,73.948592
2001-08-20,38.2800,32.222473,49921300,0,1,74.966952
2001-08-21,36.6900,30.884094,56445600,0,1,71.853121
2001-08-22,37.6900,31.725851,65221400,0,1,73.811506
2001-08-23,37.3200,31.414410,54711800,0,1,73.086903
2001-08-24,39.3000,33.081078,58450600,0,1,76.964504
2001-08-27,39.3500,33.123173,50927500,0,1,77.062424
2001-08-28,38.1200,32.087818,65275500,0,1,74.653611
2001-08-29,37.5600,31.616430,59060500,0,1,73.556916
2001-08-30,36.1700,30.446386,76105800,0,1,70.834761
2001-08-31,36.6300,30.833616,54309000,0,1,71.735618
2001-09-04,35.4700,29.857157,74073600,0,1,69.463892
2001-09-05,35.3300,29.739321,95461200,0,1,69.189718
2001-09-06,33.9000,28.535601,88701800,0,1,66.389229
2001-09-07,33.7000,28.367237,95528800,0,1,65.997552
2001-09-10,34.1000,28.703953,80371300,0,1,66.780906
2001-09-17,31.2000,26.262848,97700900,0,1,61.101591
2001-09-18,30.5000,25.673615,66285300,0,1,59.730722
2001-09-19,29.9700,25.227489,116632800,0,1,58.692778
2001-09-20,28.9700,24.385725,90840200,0,1,56.734394
2001-09-21,28.1900,23.729158,112341900,0,1,55.206854
2001-09-24,29.6100,24.924452,85696500,0,1,57.987760
2001-09-25,29.7000,25.000229,83860600,0,1,58.164015
2001-09-26,28.6700,24.133205,59759800,0,1,56.146879
2001-09-27,28.4800,23.973265,70050700,0,1,55.774786
2001-09-28,28.9800,24.394150,84810800,0,1,56.753978
2001-10-01,28.7300,24.183701,53460800,0,1,56.264382
2001-10-02,28.8200,24.259460,74133400,0,1,56.440636
2001-10-03,31.0000,26.094501,136198600,0,1,60.709914
2001-10-04,31.3000,26.347027,127371500,0,1,61.297430
2001-10-05,31.7600,26.734234,96443400,0,1,62.198286
2001-10-08,31.8600,26.818407,67789600,0,1,62.394125
2001-10-09,31.0900,26.170265,57564800,0,1,60.886169
2001-10-10,32.5000,27.357134,73840600,0,1,63.647491
2001-10-11,34.7000,29.208990,117232200,0,1,67.955936
2001-10-12,34.5500,29.082739,111901600,0,1,67.662179
2001-10-15,34.4000,28.956486,78322000,0,1,67.368421
2001-10-16,34.9600,29.427862,81346800,0,1,68.465116
2001-10-17,32.4500,27.315044,141530300,0,1,63.549572
2001-10-18,33.3300,28.055788,94448200,0,1,65.272950
2001-10-19,33.5500,28.240978,73434200,0,1,65.703794
2001-10-22,34.4500,28.998566,74104900,0,1,67.466340
2001-10-23,34.6300,29.150082,104062200,0,1,67.818849
2001-10-24,35.3800,29.781380,90171400,0,1,69.287638
2001-10-25,36.8000,30.976700,118551900,0,1,72.068543
2001-10-26,36.0100,30.311701,93823900,0,1,70.521420
2001-10-29,34.0400,28.653444,92146800,0,1,66.663403
2001-10-30,33.3800,28.097883,96092200,0,1,65.370869
2001-10-31,33.9000,28.535601,106175500,0,1,66.389229
2001-11-01,35.3400,29.747736,92716000,0,1,69.209302
2001-11-02,35.6000,29.966585,64917700,0,1,69.718482
2001-11-05,36.7600,30.943020,64473000,0,1,71.990208
2001-11-06,38.1900,32.146740,107214900,0,1,74.790698
2001-11-07,38.1400,32.104637,92562100,0,1,74.692778
2001-11-08,37.7500,31.776354,105916300,0,1,73.929009
2001-11-09,37.7300,31.759520,74121900,0,1,73.889841
2001-11-12,38.0000,31.986799,112994400,0,1,74.418605
2001-11-13,39.3600,33.131580,97931800,0,1,77.082007
2001-11-14,39.6400,33.367279,88660100,0,1,77.630355
2001-11-15,39.4800,33.232597,86349700,0,1,77.317013
2001-11-16,39.3700,33.140022,64035500,0,1,77.101591
2001-11-19,40.4900,34.082787,69196300,0,1,79.294982
2001-11-20,38.6200,32.508698,85176500,0,1,75.632803
2001-11-21,38.4200,32.340351,60867900,0,1,75.241126
2001-11-23,39.2800,33.064259,27046000,0,1,76.925337
2001-11-26,40.2500,33.880741,75267500,0,1,78.824969
2001-11-27,40.2000,33.838669,100289700,0,1,78.727050
2001-11-28,38.7500,32.618134,101568200,0,1,75.887393
2001-11-29,39.9500,33.628239,83774700,0,1,78.237454
2001-11-30,39.6500,33.375694,66018200,0,1,77.649939
2001-12-03,38.9700,32.803303,60449800,0,1,76.318237
2001-12-04,40.8300,34.368984,79378700,0,1,79.960832
2001-12-05,42.8500,36.069340,115773700,0,1,83.916769
2001-12-06,42.9100,36.119823,77702100,0,1,84.034272
2001-12-07,41.7300,35.126572,81632600,0,1,81.723378
2001-12-10,41.0000,34.512077,69088000,0,1,80.293758
2001-12-11,41.2300,34.705681,66056500,0,1,80.744186
2001-12-12,41.5600,34.983459,76093400,0,1,81.390453
2001-12-13,39.7600,33.468304,79582600,0,1,77.865361
2001-12-14,40.1100,33.762917,70006300,0,1,78.550796
2001-12-17,40.8000,34.343719,62295500,0,1,79.902081
2001-12-18,41.2600,34.730934,50850400,0,1,80.802938
2001-12-19,40.5100,34.099613,79596200,0,1,79.334149
2001-12-20,38.7900,32.651791,83048800,0,1,75.965728
2001-12-21,39.4800,33.232597,56205000,0,1,77.317013
2001-12-24,39.3200,33.097916,13660400,0,1,77.003672
2001-12-26,39.6900,33.409374,37672900,0,1,77.728274
2001-12-27,40.0100,33.678749,34255200,0,1,78.354957
2001-12-28,40.3300,33.948090,38240400,0,1,78.981640
2001-12-31,38.9100,32.752800,46176900,0,1,76.200734
2002-01-02,40.1100,33.762917,61708800,0,1,78.550796
2002-01-03,41.5000,34.932957,85769100,0,1,81.272950
2002-01-04,41.6700,35.076042,86876900,0,1,81.605875
2002-01-07,41.2100,34.688839,75166200,0,1,80.705018
2002-01-08,41.4900,34.924549,66956800,0,1,81.253366
2002-01-09,41.1100,34.604656,85123000,0,1,80.509180
2002-01-10,41.3800,34.831940,75548000,0,1,81.037944
2002-01-11,40.8500,34.385807,60832900,0,1,80.000000
2002-01-14,39.9600,33.636642,71310700,0,1,78.257038
2002-01-15,40.3400,33.956520,66916100,0,1,79.001224
2002-01-16,38.7800,32.643368,90942000,0,1,75.946144
2002-01-17,39.6500,33.375694,75285900,0,1,77.649939
2002-01-18,38.5900,32.483437,81985600,0,1,75.574051
2002-01-22,37.4000,31.481766,81773800,0,1,73.243574
2002-01-23,38.4300,32.348759,74968800,0,1,75.260710
2002-01-24,38.9400,32.778076,77251200,0,1,76.259486
2002-01-25,38.8300,32.685471,58832100,0,1,76.044064
2002-01-28,39.0500,32.870640,47795900,0,1,76.474908
2002-01-29,37.9800,31.969969,83339800,0,1,74.379437
2002-01-30,38.2700,32.214096,101385500,0,1,74.947368
2002-01-31,38.5100,32.416096,69655500,0,1,75.417381
2002-02-01,38.1400,32.104637,61207100,0,1,74.692778
2002-02-04,36.9200,31.077696,82763300,0,1,72.303550
2002-02-05,36.3100,30.564240,86853800,0,1,71.108935
2002-02-06,36.0600,30.353806,98507600,0,1,70.619339
2002-02-07,35.1900,29.621454,97725900,0,1,68.915545
2002-02-08,36.1700,30.446386,80483100,0,1,70.834761
2002-02-11,36.6300,30.833616,57641200,0,1,71.735618
2002-02-12,36.3300,30.581066,51477700,0,1,71.148103
2002-02-13,36.9500,31.102945,60984700,0,1,72.362301
2002-02-14,36.8800,31.044022,77482300,0,1,72.225214
2002-02-15,35.7800,30.118103,79719900,0,1,70.070991
2002-02-19,34.6800,29.192156,72437200,0,1,67.916769
2002-02-20,35.1500,29.587801,106552700,0,1,68.837209
2002-02-21,33.4800,28.182060,109307800,0,1,65.566707
2002-02-22,33.6500,28.325155,99824200,0,1,65.899633
2002-02-25,35.0100,29.469940,88994700,0,1,68.563035
2002-02-26,34.8800,29.360508,94683300,0,1,68.308446
2002-02-27,34.4000,28.956486,95159300,0,1,67.368421
2002-02-28,33.7800,28.434589,95711200,0,1,66.154223
2002-03-01,35.7400,30.084433,86081600,0,1,69.992656
2002-03-04,37.1500,31.271299,105734600,0,1,72.753978
2002-03-05,37.4200,31.498590,91452600,0,1,73.282742
2002-03-06,37.6000,31.650099,86943400,0,1,73.635251
2002-03-07,37.6800,31.717447,85496000,0,1,73.791922
2002-03-08,38.6700,32.550777,84443700,0,1,75.730722
2002-03-11,38.5300,32.432938,71035200,0,1,75.456548
2002-03-12,38.0000,31.986799,82652100,0,1,74.418605
2002-03-13,37.0800,31.212387,71376200,0,1,72.616891
2002-03-14,36.8600,31.027182,70700500,0,1,72.186047
2002-03-15,37.2300,31.338642,63966500,0,1,72.910649
2002-03-18,37.4400,31.515409,78938300,0,1,73.321909
2002-03-19,37.3800,31.464905,58947600,0,1,73.204406
2002-03-20,36.0600,30.353806,61816500,0,1,70.619339
2002-03-21,37.0200,31.161879,89198800,0,1,72.499388
2002-03-22,36.6800,30.875673,58930100,0,1,71.833537
2002-03-25,35.5600,29.932905,87421900,0,1,69.640147
2002-03-26,35.8900,30.210682,92457500,0,1,70.286414
2002-03-27,35.6100,29.975010,64531800,0,1,69.738066
2002-03-28,36.0600,30.353806,59539400,0,1,70.619339
2002-04-01,36.7500,30.934599,70730500,0,1,71.970624
2002-04-02,35.0900,29.537291,77759800,0,1,68.719706
2002-04-03,35.0300,29.486786,85766400,0,1,68.602203
2002-04-04,34.7600,29.259514,90521500,0,1,68.073439
2002-04-05,34.3700,28.931219,68426000,0,1,67.309670
2002-04-08,34.8000,29.293161,74950700,0,1,68.151775
2002-04-09,33.5900,28.274643,80910200,0,1,65.782130
2002-04-10,33.8400,28.485092,85748700,0,1,66.271726
2002-04-11,33.0000,27.778017,90665600,0,1,64.626683
2002-04-12,33.5200,28.215733,78360100,0,1,65.645043
2002-04-15,33.7900,28.443007,69306800,0,1,66.173807
2002-04-16,35.2000,29.629868,72064700,0,1,68.935129
2002-04-17,35.0200,29.478355,69130100,0,1,68.582619
2002-04-18,34.3500,28.914394,91086100,0,1,67.270502
2002-04-19,34.4600,29.006975,62286800,0,1,67.485924
2002-04-22,33.5900,28.274643,64625600,0,1,65.782130
2002-04-23,33.0100,27.786438,73070300,0,1,64.646267
2002-04-24,32.5000,27.357134,68953900,0,1,63.647491
2002-04-25,32.4200,27.289804,103073700,0,1,63.490820
2002-04-26,31.0400,26.128166,100193400,0,1,60.788250
2002-04-29,31.1200,26.195509,85326800,0,1,60.944920
2002-04-30,31.7300,26.708982,95357900,0,1,62.139535
2002-05-01,31.5600,26.565872,109975700,0,1,61.806610
2002-05-02,30.5100,25.682034,85852200,0,1,59.750306
2002-05-03,29.7400,25.033886,92103200,0,1,58.242350
2002-05-06,28.9700,24.385725,96491200,0,1,56.734394
2002-05-07,28.7000,24.158449,101954400,0,1,56.205630
2002-05-08,31.7700,26.742647,129741500,0,1,62.217870
2002-05-09,30.9500,26.052410,106477200,0,1,60.611995
2002-05-10,29.5600,24.882362,112282800,0,1,57.889841
2002-05-13,30.7600,25.892471,93971200,0,1,60.239902
2002-05-14,32.5700,27.416061,107284700,0,1,63.784578
2002-05-15,32.8100,27.618090,150522100,0,1,64.254590
2002-05-16,32.8600,27.660168,89916300,0,1,64.352509
2002-05-17,32.9300,27.719091,82695000,0,1,64.489596
2002-05-20,32.2100,27.113028,78144200,0,1,63.079559
2002-05-21,31.3300,26.372272,104180000,0,1,61.356181
2002-05-22,31.4000,26.431192,89543100,0,1,61.493268
2002-05-23,32.0300,26.961508,94445800,0,1,62.727050
2002-05-24,31.2400,26.296526,55874600,0,1,61.179927
2002-05-28,31.1000,26.178677,68829400,0,1,60.905753
2002-05-29,30.2800,25.488434,73470200,0,1,59.299878
2002-05-30,30.5400,25.707283,92080500,0,1,59.809058
2002-05-31,30.0400,25.286413,79907400,0,1,58.829865
2002-06-03,28.9800,24.394150,77043700,0,1,56.753978
2002-06-04,29.3600,24.714012,98366200,0,1,57.498164
2002-06-05,29.6600,24.966537,95347100,0,1,58.085679
2002-06-06,28.8800,24.309973,91129700,0,1,56.558140
2002-06-07,28.3000,23.821745,106049200,0,1,55.422277
2002-06-10,28.2500,23.779663,73142900,0,1,55.324357
2002-06-11,27.4600,23.114674,84609500,0,1,53.777234
2002-06-12,27.8600,23.451374,152974400,0,1,54.560588
2002-06-13,27.6800,23.299858,97556300,0,1,54.208078
2002-06-14,27.6200,23.249355,122106800,0,1,54.090575
2002-06-17,28.5600,24.040606,87618100,0,1,55.931457
2002-06-18,29.0200,24.427809,100513400,0,1,56.832313
2002-06-19,27.3400,23.013664,93507600,0,1,53.542228
2002-06-20,26.4600,22.272909,99913200,0,1,51.818849
2002-06-21,25.8200,21.734192,168755100,0,1,50.565483
2002-06-24,26.3300,22.163488,219672100,0,1,51.564259
2002-06-25,25.4600,21.431162,136336400,0,1,49.860465
2002-06-26,25.6500,21.591095,149080300,0,1,50.232558
2002-06-27,26.2100,22.062473,121371100,0,1,51.329253
2002-06-28,26.1000,21.969879,87842000,0,1,51.113831
2002-07-01,24.8500,20.917686,64753900,0,1,48.665851
2002-07-02,23.9500,20.160105,111629600,0,1,46.903305
2002-07-03,24.7500,20.833511,101067000,0,1,48.470012
2002-07-05,26.3400,22.171909,56768300,0,1,51.583843
2002-07-08,25.3800,21.363829,97288500,0,1,49.703794
2002-07-09,24.6600,20.757750,91039600,0,1,48.293758
2002-07-10,23.9000,20.118019,115365200,0,1,46.805386
2002-07-11,24.8000,20.875599,170271200,0,1,48.567931
2002-07-12,24.8000,20.875599,130027800,0,1,48.567931
2002-07-15,25.5700,21.523748,140207200,0,1,50.075887
2002-07-16,25.1900,21.203882,148281700,0,1,49.331701
2002-07-17,25.6500,21.591095,157954700,0,1,50.232558
2002-07-18,24.7300,20.816673,114052300,0,1,48.430845
2002-07-19,23.9900,20.193777,124116400,0,1,46.981640
2002-07-22,23.4000,19.697136,150034800,0,1,45.826193
2002-07-23,22.4000,18.855387,150786800,0,1,43.867809
2002-07-24,23.6200,19.882324,186493600,0,1,46.257038
2002-07-25,22.2500,18.729115,153915500,0,1,43.574051
2002-07-26,22.6700,19.082653,96034200,0,1,44.396573
2002-07-29,23.8300,20.059095,96735200,0,1,46.668299
2002-07-30,24.3100,20.463135,117394300,0,1,47.608323
2002-07-31,23.8500,20.075930,93831300,0,1,46.707466
2002-08-01,22.7300,19.133158,85149700,0,1,44.514076
2002-08-02,22.2500,18.729115,86706000,0,1,43.574051
2002-08-05,21.4400,18.047291,84897800,0,1,41.987760
2002-08-06,22.5000,18.939556,115364600,0,1,44.063647
2002-08-07,22.8000,19.192095,125677100,0,1,44.651163
2002-08-08,23.5700,19.840240,111697900,0,1,46.159119
2002-08-09,23.3300,19.638220,93576900,0,1,45.689106
2002-08-12,23.4000,19.697136,62870900,0,1,45.826193
2002-08-13,22.6000,19.023733,88434400,0,1,44.259486
2002-08-14,24.0400,20.235874,102613500,0,1,47.079559
2002-08-15,24.5300,20.648317,120307800,0,1,48.039168
2002-08-16,24.7000,20.791424,95853000,0,1,48.372093
2002-08-19,25.3000,21.296480,76015900,0,1,49.547124
2002-08-20,25.1900,21.203882,89981300,0,1,49.331701
2002-08-21,25.7500,21.675264,101365500,0,1,50.428397
2002-08-22,26.1600,22.020390,80345500,0,1,51.231334
2002-08-23,25.1500,21.170210,75211200,0,1,49.253366
2002-08-26,25.2500,21.254391,83335400,0,1,49.449204
2002-08-27,24.3700,20.513641,92340400,0,1,47.725826
2002-08-28,23.4800,19.764482,115562300,0,1,45.982864
2002-08-29,23.7900,20.025425,97028200,0,1,46.589963
2002-08-30,23.4900,19.772900,59474900,0,1,46.002448
2002-09-03,22.6400,19.057405,81828100,0,1,44.337821
2002-09-04,22.7300,19.133158,82717600,0,1,44.514076
2002-09-05,22.1700,18.661776,91576600,0,1,43.417381
2002-09-06,22.8500,19.234167,86008800,0,1,44.749082
2002-09-09,23.0800,19.427767,72679500,0,1,45.199510
2002-09-10,23.6500,19.907578,74615800,0,1,46.315789
2002-09-11,23.4500,19.739231,73902800,0,1,45.924113
2002-09-12,22.8100,19.200499,70763500,0,1,44.670747
2002-09-13,22.9900,19.352005,79716100,0,1,45.023256
2002-09-16,22.6600,19.074240,58853600,0,1,44.376989
2002-09-17,22.1800,18.670187,89139700,0,1,43.436965
2002-09-18,21.9300,18.459743,92358300,0,1,42.947368
2002-09-19,21.5800,18.165138,86247700,0,1,42.261934
2002-09-20,21.6700,18.240892,78116900,0,1,42.438188
2002-09-23,21.0200,17.693758,72757500,0,1,41.165239
2002-09-24,21.0300,17.702171,91507300,0,1,41.184823
2002-09-25,21.8700,18.409252,98051900,0,1,42.829865
2002-09-26,21.6000,18.181959,104453500,0,1,42.301102
2002-09-27,21.3100,17.937868,92249700,0,1,41.733170
2002-09-30,20.7200,17.441231,91502500,0,1,40.577723
2002-10-01,21.9800,18.501833,102096000,0,1,43.045288
2002-10-02,21.2500,17.887358,94829700,0,1,41.615667
2002-10-03,20.7400,17.458052,74354800,0,1,40.616891
2002-10-04,20.3500,17.129778,81837100,0,1,39.853121
2002-10-07,20.1600,16.969831,79861800,0,1,39.481028
2002-10-08,20.2000,17.003511,94103100,0,1,39.559364
2002-10-09,20.0600,16.885666,103301000,0,1,39.285190
2002-10-10,21.0800,17.744246,109610500,0,1,41.282742
2002-10-11,22.2200,18.703863,124777400,0,1,43.515300
2002-10-14,22.4800,18.922710,78890300,0,1,44.024480
2002-10-15,23.5600,19.831816,118176000,0,1,46.139535
2002-10-16,22.7800,19.175255,97441900,0,1,44.611995
2002-10-17,23.5500,19.823400,95754500,0,1,46.119951
2002-10-18,23.8100,20.042248,84941900,0,1,46.629131
2002-10-21,24.2900,20.446306,85311500,0,1,47.569155
2002-10-22,24.1400,20.320038,89947000,0,1,47.275398
2002-10-23,24.6000,20.707249,88093500,0,1,48.176255
2002-10-24,23.9800,20.185358,88674800,0,1,46.962056
2002-10-25,24.7000,20.791424,71557300,0,1,48.372093
2002-10-28,24.4900,20.614656,90272000,0,1,47.960832
2002-10-29,23.9200,20.134859,90293800,0,1,46.844553
2002-10-30,24.5600,20.673586,103531100,0,1,48.097919
2002-10-31,24.5500,20.665159,81493100,0,1,48.078335
2002-11-01,25.2500,21.254391,86658400,0,1,49.449204
2002-11-04,25.9000,21.801533,110562400,0,1,50.722154
2002-11-05,26.1000,21.969879,79603300,0,1,51.113831
2002-11-06,26.4700,22.281338,116251700,0,1,51.838433
2002-11-07,25.5400,21.498503,82711600,0,1,50.017136
2002-11-08,25.0700,21.102869,76937600,0,1,49.096695
2002-11-11,24.3100,20.463135,74384300,0,1,47.608323
2002-11-12,24.9300,20.985031,88748800,0,1,48.822521
2002-11-13,25.2300,21.237556,119341800,0,1,49.410037
2002-11-14,26.1000,21.969879,85720100,0,1,51.113831
2002-11-15,26.4400,22.256083,69291300,0,1,51.779682
2002-11-18,26.0500,21.927790,76238000,0,1,51.015912
2002-11-19,25.6500,21.591095,88139200,0,1,50.232558
2002-11-20,26.7400,22.508604,75104700,0,1,52.367197
2002-11-21,27.7300,23.341948,105472900,0,1,54.305998
2002-11-22,27.7200,23.333525,73808600,0,1,54.286414
2002-11-25,27.9900,23.560804,72666100,0,1,54.815177
2002-11-26,27.0500,22.769548,80017900,0,1,52.974296
2002-11-27,27.9100,23.493460,73643900,0,1,54.658507
2002-11-29,27.7200,23.333525,34652100,0,1,54.286414
2002-12-02,28.0000,23.569221,85136000,0,1,54.834761
2002-12-03,27.1700,22.870565,76595500,0,1,53.209302
2002-12-04,26.5700,22.365511,130115900,0,1,52.034272
2002-12-05,26.2000,22.054071,84933200,0,1,51.309670
2002-12-06,26.4700,22.281338,81727900,0,1,51.838433
2002-12-09,25.2200,21.229143,75855200,0,1,49.390453
2002-12-10,25.6000,21.549004,69578300,0,1,50.134639
2002-12-11,25.7200,21.650005,64237600,0,1,50.369645
2002-12-12,25.8600,21.767860,62296400,0,1,50.643819
2002-12-13,25.0400,21.077620,72647800,0,1,49.037944
2002-12-16,25.8500,21.759443,60278500,0,1,50.624235
2002-12-17,25.9300,21.826792,62562700,0,1,50.780906
2002-12-18,25.3800,21.363829,67130700,0,1,49.703794
2002-12-19,25.0600,21.094454,95969700,0,1,49.077111
2002-12-20,25.3200,21.313313,65578600,0,1,49.586291
2002-12-23,25.6700,21.607924,45941700,0,1,50.271726
2002-12-24,25.3500,21.338558,16772700,0,1,49.645043
2002-12-26,25.2800,21.279644,33795400,0,1,49.507956
2002-12-27,24.8200,20.892437,42490200,0,1,48.607099
2002-12-30,24.6300,20.732500,57396400,0,1,48.235006
2002-12-31,24.3700,20.513641,46015400,0,1,47.725826
2003-01-02,25.4000,21.380653,65903200,0,1,49.742962
2003-01-03,25.6800,21.616344,39059500,0,1,50.291310
2003-01-06,26.3200,22.155075,67223400,0,1,51.544676
2003-01-07,26.6500,22.432852,88726100,0,1,52.190942
2003-01-08,25.9000,21.801533,74989900,0,1,50.722154
2003-01-09,26.7000,22.474943,75391100,0,1,52.288862
2003-01-10,27.1000,22.811644,82594300,0,1,53.072215
2003-01-13,26.9400,22.676956,72870300,0,1,52.758874
2003-01-14,27.0800,22.794798,46993800,0,1,53.033048
2003-01-15,26.7400,22.508604,55131000,0,1,52.367197
2003-01-16,26.4400,22.256083,68740300,0,1,51.779682
2003-01-17,25.3100,21.304901,77289400,0,1,49.566707
2003-01-21,25.0300,21.069201,67729600,0,1,49.018360
2003-01-22,24.9300,20.985031,80020200,0,1,48.822521
2003-01-23,25.5100,21.473251,78471100,0,1,49.958384
2003-01-24,24.8200,20.892437,74519700,0,1,48.607099
2003-01-27,24.5300,20.648317,76561000,0,1,48.039168
2003-01-28,24.7800,20.858767,65217200,0,1,48.528764
2003-01-29,25.1500,21.170210,95717500,0,1,49.253366
2003-01-30,24.5000,20.623070,70333800,0,1,47.980416
2003-01-31,24.4400,20.572565,90505600,0,1,47.862913
2003-02-03,24.4900,20.614656,53158800,0,1,47.960832
2003-02-04,24.1900,20.362123,68235700,0,1,47.373317
2003-02-05,24.0800,20.269522,80107700,0,1,47.157895
2003-02-06,24.2100,20.378958,103552000,0,1,47.412485
2003-02-07,23.8100,20.042248,72312400,0,1,46.629131
2003-02-10,24.0200,20.219030,67572600,0,1,47.040392
2003-02-11,24.1500,20.328463,77823300,0,1,47.294982
2003-02-12,23.8200,20.050680,51753000,0,1,46.648715
2003-02-13,23.9400,20.151688,77387400,0,1,46.883721
2003-02-14,24.4900,20.614656,67510400,0,1,47.960832
2003-02-18,25.2500,21.254391,73976800,0,1,49.449204
2003-02-19,25.0800,21.111292,45541400,0,1,49.116279
2003-02-20,24.9800,21.027111,59759800,0,1,48.920441
2003-02-21,25.1700,21.187050,70228500,0,1,49.292534
2003-02-24,24.7400,20.825104,56646600,0,1,48.450428
2003-02-25,24.7700,20.850346,74440700,0,1,48.509180
2003-02-26,24.2200,20.387381,60005600,0,1,47.432069
2003-02-27,24.7700,20.850346,66424000,0,1,48.509180
2003-02-28,25.1600,21.178627,50185800,0,1,49.272950
2003-03-03,24.6500,20.749332,60414400,0,1,48.274174
2003-03-04,24.5000,20.623070,56043500,0,1,47.980416
2003-03-05,24.5500,20.665159,69096500,0,1,48.078335
2003-03-06,24.4900,20.614656,59108600,0,1,47.960832
2003-03-07,24.5400,20.656744,73291000,0,1,48.058752
2003-03-10,24.0100,20.210609,55948000,0,1,47.020808
2003-03-11,23.8000,20.033836,54934200,0,1,46.609547
2003-03-12,24.2300,20.395790,77859800,0,1,47.451652
2003-03-13,25.6200,21.565840,128537600,0,1,50.173807
2003-03-14,25.7200,21.650005,89794400,0,1,50.369645
2003-03-17,26.6000,22.390766,141040800,0,1,52.093023
2003-03-18,26.9300,22.668545,96548700,0,1,52.739290
2003-03-19,26.7000,22.474943,91315100,0,1,52.288862
2003-03-20,26.8000,22.559111,92789700,0,1,52.484700
2003-03-21,27.1700,22.870565,93304600,0,1,53.209302
2003-03-24,26.0400,21.919371,85244500,0,1,50.996328
2003-03-25,26.4100,22.230824,78731500,0,1,51.720930
2003-03-26,26.5600,22.357084,67880200,0,1,52.014688
2003-03-27,26.3700,22.197161,64113100,0,1,51.642595
2003-03-28,26.0800,21.953049,45374700,0,1,51.074663
2003-03-31,25.2500,21.254391,89345300,0,1,49.449204
2003-04-01,25.4500,21.422745,73159500,0,1,49.840881
2003-04-02,26.1500,22.011969,75843800,0,1,51.211750
2003-04-03,26.4800,22.289753,70138200,0,1,51.858017
2003-04-04,26.0500,21.927790,65665700,0,1,51.015912
2003-04-07,26.0900,21.961464,83842700,0,1,51.094247
2003-04-08,26.0600,21.936203,54250600,0,1,51.035496
2003-04-09,25.4600,21.431162,76457100,0,1,49.860465
2003-04-10,25.7700,21.692093,57017500,0,1,50.467564
2003-04-11,25.5100,21.473251,67974500,0,1,49.958384
2003-04-14,26.0300,21.910963,52476200,0,1,50.976744
2003-04-15,26.2800,22.121399,64655700,0,1,51.466340
2003-04-16,26.2200,22.070896,70711600,0,1,51.348837
2003-04-17,26.8200,22.575945,70179900,0,1,52.523868
2003-04-21,26.9200,22.660122,52729600,0,1,52.719706
2003-04-22,27.4300,23.089422,70757200,0,1,53.718482
2003-04-23,27.6300,23.257771,70327100,0,1,54.110159
2003-04-24,27.4800,23.131506,72383900,0,1,53.816401
2003-04-25,26.9500,22.685379,63277900,0,1,52.778458
2003-04-28,27.4800,23.131506,59666200,0,1,53.816401
2003-04-29,27.7300,23.341948,79903800,0,1,54.305998
2003-04-30,27.4500,23.106262,60202100,0,1,53.757650
2003-05-01,27.6900,23.308289,66022600,0,1,54.227662
2003-05-02,28.2800,23.804918,85004100,0,1,55.383109
2003-05-05,28.2500,23.779663,80520300,0,1,55.324357
2003-05-06,28.6100,24.082699,77338300,0,1,56.029376
2003-05-07,28.2900,23.813349,70353200,0,1,55.402693
2003-05-08,27.7700,23.375620,80249100,0,1,54.384333
2003-05-09,28.4100,23.914341,58528200,0,1,55.637699
2003-05-12,28.8400,24.276299,67487300,0,1,56.479804
2003-05-13,28.6600,24.124784,64934300,0,1,56.127295
2003-05-14,28.6000,24.074278,62181200,0,1,56.009792
2003-05-15,28.9200,24.343639,62232100,0,1,56.636475
2003-05-16,28.7000,24.158449,70590400,0,1,56.205630
2003-05-19,27.6900,23.308289,91334800,0,1,54.227662
2003-05-20,27.7700,23.375620,71817800,0,1,54.384333
2003-05-21,27.6900,23.308289,63648500,0,1,54.227662
2003-05-22,28.0900,23.644981,62401400,0,1,55.011016
2003-05-23,28.1000,23.653400,37922500,0,1,55.030600
2003-05-27,29.1000,24.495150,101422100,0,1,56.988984
2003-05-28,29.1900,24.570911,76290400,0,1,57.165239
2003-05-29,29.3100,24.671923,97336000,0,1,57.400245
2003-05-30,29.7900,25.075968,78093700,0,1,58.340269
2003-06-02,29.5800,24.899208,102937000,0,1,57.929009
2003-06-03,29.8600,25.134892,81672600,0,1,58.477356
2003-06-04,30.4200,25.606268,87046100,0,1,59.574051
2003-06-05,30.6400,25.791456,88747900,0,1,60.004896
2003-06-06,30.1300,25.362169,157178100,0,1,59.006120
2003-06-09,29.7300,25.025469,94941800,0,1,58.222766
2003-06-10,30.1800,25.404259,69660100,0,1,59.104039
2003-06-11,30.5200,25.690453,87338200,0,1,59.769890
2003-06-12,30.6500,25.799885,79450500,0,1,60.024480
2003-06-13,29.9600,25.219074,83353600,0,1,58.673195
2003-06-16,30.8800,25.993486,71211800,0,1,60.474908
2003-06-17,30.7600,25.892471,67571200,0,1,60.239902
2003-06-18,30.9200,26.027147,80215700,0,1,60.553244
2003-06-19,30.4200,25.606268,79467200,0,1,59.574051
2003-06-20,30.3800,25.572605,71512400,0,1,59.495716
2003-06-23,29.9100,25.176977,86509400,0,1,58.575275
2003-06-24,29.6800,24.983377,83004400,0,1,58.124847
2003-06-25,29.5200,24.848688,94255300,0,1,57.811506
2003-06-26,30.2200,25.437935,79187500,0,1,59.182375
2003-06-27,29.8300,25.109646,82451900,0,1,58.418605
2003-06-30,29.9500,25.210653,72043000,0,1,58.653611
2003-07-01,30.3500,25.547354,105852500,0,1,59.436965
2003-07-02,30.9700,26.069241,81972500,0,1,60.651163
2003-07-03,30.5800,25.740961,50050400,0,1,59.887393
2003-07-07,31.8900,26.843660,88554600,0,1,62.452876
2003-07-08,32.2800,27.171940,81874500,0,1,63.216646
2003-07-09,32.2000,27.104593,89588400,0,1,63.059976
2003-07-10,31.6000,26.599552,102928700,0,1,61.884945
2003-07-11,31.8400,26.801577,67728100,0,1,62.354957
2003-07-14,32.2200,27.121433,84524600,0,1,63.099143
2003-07-15,32.2600,27.155104,75059000,0,1,63.177479
2003-07-16,32.1600,27.070938,80138700,0,1,62.981640
2003-07-17,31.1800,26.246008,116260400,0,1,61.062424
2003-07-18,31.2800,26.330183,80519000,0,1,61.258262
2003-07-21,30.8800,25.993486,111325300,0,1,60.474908
2003-07-22,31.3400,26.380686,91471500,0,1,61.375765
2003-07-23,31.6000,26.599552,69050400,0,1,61.884945
2003-07-24,31.1800,26.246008,82999700,0,1,61.062424
2003-07-25,31.8000,26.767906,82709600,0,1,62.276622
2003-07-28,31.8900,26.843660,56180800,0,1,62.452876
2003-07-29,31.6500,26.641644,80560100,0,1,61.982864
2003-07-30,31.4200,26.448036,56617300,0,1,61.532436
2003-07-31,31.8000,26.767906,85544100,0,1,62.276622
2003-08-01,31.4600,26.481710,73545400,0,1,61.610771
2003-08-04,31.4500,26.473280,96344600,0,1,61.591187
2003-08-05,30.2100,25.429514,111041800,0,1,59.162791
2003-08-06,30.1900,25.412668,96816000,0,1,59.123623
2003-08-07,30.3100,25.513681,67326600,0,1,59.358629
2003-08-08,30.0700,25.311665,66677100,0,1,58.888617
2003-08-11,30.4000,25.589441,63712200,0,1,59.534884
2003-08-12,30.8600,25.976656,59676100,0,1,60.435741
2003-08-13,30.8700,25.985073,57969700,0,1,60.455324
2003-08-14,30.9000,26.010326,50271500,0,1,60.514076
2003-08-15,31.1700,26.237600,28116300,0,1,61.042840
2003-08-18,31.9700,26.910999,67224100,0,1,62.609547
2003-08-19,32.3700,27.247700,68205000,0,1,63.392901
2003-08-20,32.2900,27.180367,58233500,0,1,63.236230
2003-08-21,32.6400,27.474977,77161400,0,1,63.921665
2003-08-22,32.4400,27.306631,92989800,0,1,63.529988
2003-08-25,32.5100,27.365559,43044700,0,1,63.667075
2003-08-26,32.5400,27.390812,79838500,0,1,63.725826
2003-08-27,32.8000,27.609661,47532100,0,1,64.235006
2003-08-28,33.0900,27.853767,55311000,0,1,64.802938
2003-08-29,33.3900,28.106300,53148800,0,1,65.390453
2003-09-02,33.8700,28.510324,80303100,0,1,66.330477
2003-09-03,33.8500,28.493504,85234800,0,1,66.291310
2003-09-04,34.1600,28.754440,63736100,0,1,66.898409
2003-09-05,33.9400,28.569263,91024100,0,1,66.467564
2003-09-08,34.5000,29.040644,69296000,0,1,67.564259
2003-09-09,34.0900,28.695522,87817500,0,1,66.761322
2003-09-10,33.2700,28.005297,111624500,0,1,65.155447
2003-09-11,33.6400,28.316736,96914900,0,1,65.880049
2003-09-12,33.8200,28.468252,104963000,0,1,66.232558
2003-09-15,33.4900,28.190468,54594200,0,1,65.586291
2003-09-16,34.4000,28.956486,87463800,0,1,67.368421
2003-09-17,34.2600,28.838627,79794700,0,1,67.094247
2003-09-18,34.7800,29.276344,91469900,0,1,68.112607
2003-09-19,34.5800,29.108002,69796000,0,1,67.720930
2003-09-22,33.9200,28.552433,97477500,0,1,66.428397
2003-09-23,34.5200,29.057484,77826500,0,1,67.603427
2003-09-24,33.2200,27.963194,115057400,0,1,65.057528
2003-09-25,32.7900,27.601250,117604800,0,1,64.215422
2003-09-26,32.5800,27.424479,106581000,0,1,63.804162
2003-09-29,33.1400,27.895859,96862800,0,1,64.900857
2003-09-30,32.4200,27.289804,119122500,0,1,63.490820
2003-10-01,33.1500,27.904268,106653600,0,1,64.920441
2003-10-02,33.2600,27.996861,83911100,0,1,65.135863
2003-10-03,34.1900,28.779716,112862800,0,1,66.957160
2003-10-06,34.4400,28.990147,49162900,0,1,67.446756
2003-10-07,34.6500,29.166910,80104600,0,1,67.858017
2003-10-08,34.4300,28.981726,71387400,0,1,67.427173
2003-10-09,34.6900,29.200579,118216100,0,1,67.936353
2003-10-10,35.0100,29.469940,68356200,0,1,68.563035
2003-10-13,35.2400,29.663555,60919800,0,1,69.013464
2003-10-14,35.3300,29.739321,62274900,0,1,69.189718
2003-10-15,35.1800,29.613058,97045200,0,1,68.895961
2003-10-16,35.4600,29.848743,73955000,0,1,69.444308
2003-10-17,34.6100,29.133238,97794400,0,1,67.779682
2003-10-20,35.0400,29.495201,75544300,0,1,68.621787
2003-10-21,35.2500,29.671961,73455600,0,1,69.033048
2003-10-22,34.5700,29.099569,88141400,0,1,67.701346
2003-10-23,34.1700,28.762869,95409600,0,1,66.917993
2003-10-24,34.2000,28.788126,101778600,0,1,66.976744
2003-10-27,34.2100,28.796551,63604500,0,1,66.996328
2003-10-28,35.3600,29.764557,107375700,0,1,69.248470
2003-10-29,35.3200,29.730890,74075200,0,1,69.170135
2003-10-30,35.3900,29.789818,95062600,0,1,69.307222
2003-10-31,35.1800,29.613058,55473200,0,1,68.895961
2003-11-03,35.7600,30.101255,71141200,0,1,70.031824
2003-11-04,35.5200,29.899225,60033900,0,1,69.561812
2003-11-05,35.8400,30.168604,67412700,0,1,70.188494
2003-11-06,35.9400,30.252779,90567400,0,1,70.384333
2003-11-07,35.6300,29.991850,63505200,0,1,69.777234
2003-11-10,35.1900,29.621454,68896400,0,1,68.915545
2003-11-11,35.0600,29.512043,75607100,0,1,68.660955
2003-11-12,35.8100,30.143358,80364600,0,1,70.129743
2003-11-13,35.7700,30.109680,64243000,0,1,70.051408
2003-11-14,35.0400,29.495201,90932200,0,1,68.621787
2003-11-17,34.6800,29.192156,108063100,0,1,67.916769
2003-11-18,33.8800,28.518761,108588500,0,1,66.350061
2003-11-19,34.2100,28.796551,86320300,0,1,66.996328
2003-11-20,33.8800,28.518761,117324500,0,1,66.350061
2003-11-21,34.2300,28.813379,81787500,0,1,67.035496
2003-11-24,35.1800,29.613058,92057500,0,1,68.895961
2003-11-25,35.1800,29.613058,72519800,0,1,68.895961
2003-11-26,35.3400,29.747736,72842900,0,1,69.209302
2003-11-28,35.3800,29.781380,24802600,0,1,69.287638
2003-12-01,35.9000,30.219103,82767300,0,1,70.305998
2003-12-02,35.7000,30.050749,62504500,0,1,69.914321
2003-12-03,35.2500,29.671961,107568500,0,1,69.033048
2003-12-04,35.6300,29.991850,102334800,0,1,69.777234
2003-12-05,35.0400,29.495201,87490200,0,1,68.621787
2003-12-08,35.2400,29.663555,86961200,0,1,69.013464
2003-12-09,34.4300,28.981726,109949500,0,1,67.427173
2003-12-10,34.5600,29.091158,103504200,0,1,67.681763
2003-12-11,35.3000,29.714050,108374700,0,1,69.130967
2003-12-12,35.2400,29.663555,72189400,0,1,69.013464
2003-12-15,34.7800,29.276344,106091400,0,1,68.112607
2003-12-16,34.8500,29.335270,89854700,0,1,68.249694
2003-12-17,34.9100,29.385773,68539900,0,1,68.367197
2003-12-18,35.5600,29.932905,89978100,0,1,69.640147
2003-12-19,35.4600,29.848743,89762300,0,1,69.444308
2003-12-22,35.5700,29.941330,63580000,0,1,69.659731
2003-12-23,35.8400,30.168604,66999800,0,1,70.188494
2003-12-24,35.9000,30.230909,44840300,0.014,1,70.333415
2003-12-26,35.8500,30.188803,25497600,0,1,70.235458
2003-12-29,36.4400,30.685631,63296200,0,1,71.391355
2003-12-30,36.5600,30.786701,48249400,0,1,71.626453
2003-12-31,36.4600,30.702496,60494600,0,1,71.430538
2004-01-02,36.3600,30.618265,55234100,0,1,71.234623
2004-01-05,37.0900,31.233002,69717900,0,1,72.664801
2004-01-06,37.3400,31.443548,60033000,0,1,73.154588
2004-01-07,37.6800,31.729839,71830000,0,1,73.820698
2004-01-08,37.9800,31.982450,76800900,0,1,74.408443
2004-01-09,37.7300,31.771942,94296500,0,1,73.918656
2004-01-12,38.3300,32.277195,77668400,0,1,75.094145
2004-01-13,37.9500,31.957201,92973900,0,1,74.349668
2004-01-14,38.0800,32.066677,68122400,0,1,74.604358
2004-01-15,38.1800,32.150864,104427700,0,1,74.800272
2004-01-16,38.5700,32.479290,77324100,0,1,75.564340
2004-01-20,38.5400,32.454029,81998100,0,1,75.505566
2004-01-21,38.3800,32.319302,112180300,0,1,75.192102
2004-01-22,38.1500,32.125622,90061900,0,1,74.741498
2004-01-23,38.0100,32.007732,88751300,0,1,74.467217
2004-01-26,38.5900,32.496132,84538000,0,1,75.603523
2004-01-27,37.7400,31.780344,97191600,0,1,73.938247
2004-01-28,37.1000,31.241442,127959700,0,1,72.684393
2004-01-29,37.2400,31.359331,143925900,0,1,72.958673
2004-01-30,37.0700,31.216160,84264700,0,1,72.625618
2004-02-02,36.9700,31.131960,94507900,0,1,72.429703
2004-02-03,36.9300,31.098280,73488700,0,1,72.351337
2004-02-04,36.3300,30.593012,109933000,0,1,71.175849
2004-02-05,36.4700,30.710917,96784500,0,1,71.450129
2004-02-06,37.1300,31.266699,107174100,0,1,72.743167
2004-02-09,37.1200,31.258268,58817700,0,1,72.723576
2004-02-10,37.1800,31.308796,65042700,0,1,72.841124
2004-02-11,37.5800,31.645613,92503000,0,1,73.624784
2004-02-12,37.2500,31.367737,70556400,0,1,72.978265
2004-02-13,36.9400,31.106684,90570400,0,1,72.370929
2004-02-17,37.4400,31.527731,69678600,0,1,73.350503
2004-02-18,37.5500,31.620363,70972100,0,1,73.566009
2004-02-19,36.9800,31.140377,100843800,0,1,72.449295
2004-02-20,36.8600,31.039320,132347600,0,1,72.214197
2004-02-23,36.4500,30.694075,125199800,0,1,71.410946
2004-02-24,36.3600,30.618265,124521900,0,1,71.234623
2004-02-25,36.5800,30.803553,74457100,0,1,71.665636
2004-02-26,36.6700,30.879326,71327600,0,1,71.841959
2004-02-27,36.5700,30.795122,99383900,0,1,71.646044
2004-03-01,37.0500,31.199326,79700700,0,1,72.586435
2004-03-02,36.6200,30.837221,91536000,0,1,71.744002
2004-03-03,36.4200,30.668818,83938300,0,1,71.352172
2004-03-04,36.7600,30.955111,65905600,0,1,72.018282
2004-03-05,36.6300,30.845663,118107100,0,1,71.763593
2004-03-08,35.7700,30.121443,112599500,0,1,70.078726
2004-03-09,35.6600,30.028831,126140400,0,1,69.863219
2004-03-10,35.1900,29.633038,134226100,0,1,68.942420
2004-03-11,34.8700,29.363579,152132000,0,1,68.315492
2004-03-12,35.5100,29.902506,118369600,0,1,69.569347
2004-03-15,34.8900,29.380402,115813600,0,1,68.354675
2004-03-16,34.9500,29.430941,123265100,0,1,68.472224
2004-03-17,35.5000,29.894085,91684700,0,1,69.549756
2004-03-18,35.3400,29.759348,111249700,0,1,69.236292
2004-03-19,34.7500,29.262526,99976700,0,1,68.080395
2004-03-22,34.3100,28.892010,133870400,0,1,67.218370
2004-03-23,34.0300,28.656216,125945800,0,1,66.669808
2004-03-24,34.4200,28.984634,118876800,0,1,67.433876
2004-03-25,35.3400,29.759348,142122000,0,1,69.236292
2004-03-26,35.2200,29.658310,78430800,0,1,69.001194
2004-03-29,35.7900,30.138285,103864000,0,1,70.117909
2004-03-30,35.9100,30.239338,95716500,0,1,70.353006
2004-03-31,35.8400,30.180399,85993900,0,1,70.215866
2004-04-01,36.1600,30.449852,93048600,0,1,70.842793
2004-04-02,37.1000,31.241442,145964000,0,1,72.684393
2004-04-05,37.4500,31.536148,67351600,0,1,73.370094
2004-04-06,36.9800,31.140377,98611400,0,1,72.449295
2004-04-07,36.9400,31.106684,91004900,0,1,72.370929
2004-04-08,36.9400,31.106684,77176300,0,1,72.370929
2004-04-12,37.1700,31.300386,55285700,0,1,72.821533
2004-04-13,36.6300,30.845663,100624400,0,1,71.763593
2004-04-14,36.8100,30.997231,113663200,0,1,72.116240
2004-04-15,36.1500,30.441450,123565500,0,1,70.823202
2004-04-16,36.0900,30.390926,110736600,0,1,70.705653
2004-04-19,36.5300,30.761423,85838700,0,1,71.567678
2004-04-20,35.6800,30.045673,119545100,0,1,69.902402
2004-04-21,35.9900,30.306717,117850500,0,1,70.509738
2004-04-22,36.9200,31.089844,137623300,0,1,72.331746
2004-04-23,37.2100,31.334066,91855600,0,1,72.899899
2004-04-26,36.9400,31.106684,74392200,0,1,72.370929
2004-04-27,36.8700,31.047741,87548500,0,1,72.233789
2004-04-28,36.2000,30.483549,111740700,0,1,70.921159
2004-04-29,35.6400,30.011972,156917100,0,1,69.824036
2004-04-30,34.7700,29.279362,150829200,0,1,68.119578
2004-05-03,35.1000,29.557251,117007200,0,1,68.766096
2004-05-04,35.2500,29.683565,126176000,0,1,69.059969
2004-05-05,35.5300,29.919352,97528500,0,1,69.608530
2004-05-06,35.2600,29.691982,102733300,0,1,69.079560
2004-05-07,34.9700,29.447775,137686000,0,1,68.511407
2004-05-10,34.6700,29.195154,156951400,0,1,67.923663
2004-05-11,35.1900,29.633038,120493600,0,1,68.942420
2004-05-12,35.2600,29.691982,197765400,0,1,69.079560
2004-05-13,35.0100,29.481459,137841700,0,1,68.589773
2004-05-14,34.7500,29.262526,133689900,0,1,68.080395
2004-05-17,34.4200,28.984634,150652400,0,1,67.433876
2004-05-18,34.7300,29.245686,96686400,0,1,68.041212
2004-05-19,34.6900,29.211987,141646900,0,1,67.962846
2004-05-20,34.8500,29.346729,94938500,0,1,68.276309
2004-05-21,35.0200,29.489878,111329200,0,1,68.609365
2004-05-24,35.2600,29.691982,99861800,0,1,69.079560
2004-05-25,35.9600,30.281439,146321400,0,1,70.450964
2004-05-26,36.1900,30.475107,93789700,0,1,70.901568
2004-05-27,36.4200,30.668818,110183400,0,1,71.352172
2004-05-28,36.5500,30.778276,56379500,0,1,71.606861
2004-06-01,36.5000,30.736189,90592700,0,1,71.508904
2004-06-02,36.4200,30.668818,103519800,0,1,71.352172
2004-06-03,35.9800,30.298279,97301400,0,1,70.490147
2004-06-04,36.1900,30.475107,91233200,0,1,70.901568
2004-06-07,37.0500,31.199326,107532600,0,1,72.586435
2004-06-08,37.1000,31.241442,72530900,0,1,72.684393
2004-06-09,36.5800,30.803553,98215200,0,1,71.665636
2004-06-10,36.8400,31.022476,57101300,0,1,72.175014
2004-06-14,36.3200,30.584585,85129900,0,1,71.156257
2004-06-15,36.7900,30.980398,91937700,0,1,72.077057
2004-06-16,36.7300,30.929840,64743300,0,1,71.959508
2004-06-17,36.3900,30.643547,77844200,0,1,71.293397
2004-06-18,36.4400,30.685631,78641500,0,1,71.391355
2004-06-21,36.1500,30.441450,65373100,0,1,70.823202
2004-06-22,36.6800,30.887747,101524300,0,1,71.861550
2004-06-23,37.1200,31.258268,94393900,0,1,72.723576
2004-06-24,37.0500,31.199326,92343200,0,1,72.586435
2004-06-25,37.3300,31.435122,81005400,0,1,73.134997
2004-06-28,37.0200,31.174049,94033200,0,1,72.527661
2004-06-29,37.3700,31.468788,68265900,0,1,73.213363
2004-06-30,37.7400,31.780344,97809500,0,1,73.938247
2004-07-01,37.0400,31.190895,122141800,0,1,72.566844
2004-07-02,36.8200,31.005638,74056400,0,1,72.135831
2004-07-06,36.0300,30.340389,130232600,0,1,70.588104
2004-07-07,36.1000,30.399328,95623100,0,1,70.725245
2004-07-08,35.7000,30.062508,108755400,0,1,69.941585
2004-07-09,35.7500,30.104609,86014700,0,1,70.039543
2004-07-12,35.6000,29.978306,81844500,0,1,69.745671
2004-07-13,35.5500,29.936199,81222000,0,1,69.647713
2004-07-14,35.1900,29.633038,119489200,0,1,68.942420
2004-07-15,35.0700,29.531984,90405700,0,1,68.707322
2004-07-16,34.6700,29.195154,120387100,0,1,67.923663
2004-07-19,34.6000,29.136217,106387900,0,1,67.786522
2004-07-20,35.4300,29.835138,117453700,0,1,69.412615
2004-07-21,34.4000,28.967798,136086800,0,1,67.394693
2004-07-22,34.8700,29.363579,132135800,0,1,68.315492
2004-07-23,34.2100,28.807800,107107100,0,1,67.022455
2004-07-26,34.0600,28.681494,112962200,0,1,66.728583
2004-07-27,34.5300,29.077257,103474700,0,1,67.649382
2004-07-28,34.3800,28.950951,154299800,0,1,67.355510
2004-07-29,34.7800,29.287777,98959800,0,1,68.139169
2004-07-30,34.8900,29.380402,83007800,0,1,68.354675
2004-08-02,34.9600,29.439362,81249000,0,1,68.491816
2004-08-03,34.2300,28.824636,85746500,0,1,67.061638
2004-08-04,34.2400,28.833055,86721000,0,1,67.081229
2004-08-05,33.6000,28.294130,109722900,0,1,65.827374
2004-08-06,32.7200,27.553076,148808600,0,1,64.103324
2004-08-09,32.8000,27.620451,79281900,0,1,64.260056
2004-08-10,33.2100,27.965702,105819800,0,1,65.063307
2004-08-11,32.9200,27.721500,121217700,0,1,64.495154
2004-08-12,32.4700,27.342560,113691800,0,1,63.613537
2004-08-13,32.5200,27.384665,91416100,0,1,63.711495
2004-08-16,32.8900,27.696243,77851300,0,1,64.436379
2004-08-17,33.2600,28.007811,89573100,0,1,65.161264
2004-08-18,33.8500,28.504639,106608500,0,1,66.317161
2004-08-19,33.6700,28.353050,104690200,0,1,65.964515
2004-08-20,34.0100,28.639374,91962400,0,1,66.630625
2004-08-23,34.0900,28.706730,83390800,0,1,66.787357
2004-08-24,34.0800,28.698334,86610500,0,1,66.767765
2004-08-25,34.5500,29.094101,88394600,0,1,67.688565
2004-08-26,34.4000,28.967798,57663400,0,1,67.394693
2004-08-27,34.5600,29.102530,58597200,0,1,67.708157
2004-08-30,33.9800,28.614119,62355700,0,1,66.571851
2004-08-31,34.0200,28.647799,81262000,0,1,66.650217
2004-09-01,34.2700,28.858337,96630600,0,1,67.140004
2004-09-02,34.7800,29.287777,83054000,0,1,68.139169
2004-09-03,34.1400,28.748856,90213700,0,1,66.885314
2004-09-07,34.4300,28.993053,95556500,0,1,67.453467
2004-09-08,34.3000,28.883595,101466100,0,1,67.198778
2004-09-09,34.5900,29.127783,104397500,0,1,67.766931
2004-09-10,35.1200,29.574087,108591600,0,1,68.805279
2004-09-13,35.5800,29.961447,109350500,0,1,69.706488
2004-09-14,35.6300,30.003567,76466300,0,1,69.804445
2004-09-15,35.2500,29.683565,90128700,0,1,69.059969
2004-09-16,35.3200,29.742514,67121000,0,1,69.197109
2004-09-17,35.4300,29.835138,83903400,0,1,69.412615
2004-09-20,35.4300,29.835138,110678100,0,1,69.412615
2004-09-21,35.5700,29.953039,93688400,0,1,69.686896
2004-09-22,34.9500,29.430941,101393400,0,1,68.472224
2004-09-23,34.9200,29.405687,92503200,0,1,68.413450
2004-09-24,34.8000,29.304615,103247400,0,1,68.178352
2004-09-27,34.5000,29.051994,86017600,0,1,67.590608
2004-09-28,34.5700,29.110941,87070300,0,1,67.727748
2004-09-29,35.0800,29.540409,95096200,0,1,68.726914
2004-09-30,35.1400,29.590944,74514600,0,1,68.844462
2004-10-01,36.1000,30.399328,118252700,0,1,70.725245
2004-10-04,36.3100,30.576164,108032600,0,1,71.136666
2004-10-05,36.3600,30.618265,89754400,0,1,71.234623
2004-10-06,36.6500,30.862480,87815500,0,1,71.802776
2004-10-07,36.2400,30.517227,82374300,0,1,70.999525
2004-10-08,35.5800,29.961447,115073000,0,1,69.706488
2004-10-11,35.7500,30.104609,51181600,0,1,70.039543
2004-10-12,35.6900,30.054075,97884100,0,1,69.921994
2004-10-13,35.6100,29.986713,132442500,0,1,69.765262
2004-10-14,35.4500,29.851986,99383700,0,1,69.451798
2004-10-15,35.6300,30.003567,129183400,0,1,69.804445
2004-10-18,36.1400,30.433020,108933400,0,1,70.803610
2004-10-19,35.8800,30.214092,129973500,0,1,70.294232
2004-10-20,36.0500,30.357241,106524200,0,1,70.627287
2004-10-21,36.6000,30.820391,122627600,0,1,71.704819
2004-10-22,35.8000,30.146706,114321100,0,1,70.137500
2004-10-25,35.6300,30.003567,102863000,0,1,69.804445
2004-10-26,35.8200,30.163548,98164500,0,1,70.176683
2004-10-27,36.7300,30.929840,152423400,0,1,71.959508
2004-10-28,36.9600,31.123522,111113900,0,1,72.410112
2004-10-29,36.9000,31.073011,100779200,0,1,72.292563
2004-11-01,37.0400,31.190895,72356000,0,1,72.566844
2004-11-02,37.1600,31.291946,108930700,0,1,72.801941
2004-11-03,37.4100,31.502472,140980100,0,1,73.291728
2004-11-04,37.6200,31.679300,112513700,0,1,73.703150
2004-11-05,37.9600,31.965597,117017900,0,1,74.369260
2004-11-08,38.0000,31.999308,66486000,0,1,74.447626
2004-11-09,37.9200,31.931946,85038700,0,1,74.290894
2004-11-10,37.7900,31.822443,95122300,0,1,74.036205
2004-11-11,38.2900,32.243519,99338800,0,1,75.015779
2004-11-12,38.6600,32.555096,102418100,0,1,75.740664
2004-11-15,38.8300,32.698231,82696000,0,1,76.073719
2004-11-16,38.5900,32.496132,97197500,0,1,75.603523
2004-11-17,39.1100,32.934021,125242500,0,1,76.622280
2004-11-18,39.2900,33.085583,94901100,0,1,76.974927
2004-11-19,38.6800,32.571918,118448900,0,1,75.779847
2004-11-22,39.0500,32.883495,79882600,0,1,76.504731
2004-11-23,38.9900,32.832958,91925300,0,1,76.387182
2004-11-24,39.3300,33.119274,74051700,0,1,77.053293
2004-11-26,39.2100,33.018234,31248900,0,1,76.818195
2004-11-29,39.2000,33.009811,94765400,0,1,76.798603
2004-11-30,39.1200,32.942425,87663100,0,1,76.641872
2004-12-01,39.9200,33.616100,102375000,0,1,78.209190
2004-12-02,40.0700,33.742424,122005600,0,1,78.503062
2004-12-03,40.1300,33.792946,114227700,0,1,78.620611
2004-12-06,40.2700,33.910835,70415100,0,1,78.894892
2004-12-07,39.5800,33.329807,121439800,0,1,77.543080
2004-12-08,39.8100,33.523464,10121300,0,1,77.993684
2004-12-09,40.0500,33.725594,134346000,0,1,78.463879
2004-12-10,39.9300,33.624535,86177300,0,1,78.228782
2004-12-13,40.2800,33.919262,74296400,0,1,78.914483
2004-12-14,40.4800,34.087673,91985000,0,1,79.306313
2004-12-15,40.3300,33.961365,95179300,0,1,79.012441
2004-12-16,39.9500,33.641380,86101300,0,1,78.267965
2004-12-17,39.4700,33.555508,97947000,0.379,1,78.070091
2004-12-20,39.2000,33.325970,106397600,0,1,77.536041
2004-12-21,39.6800,33.734032,83184700,0,1,78.485462
2004-12-22,39.7300,33.776543,75298000,0,1,78.584360
2004-12-23,39.7600,33.802052,45782000,0,1,78.643699
2004-12-27,39.5900,33.657536,67157700,0,1,78.307446
2004-12-28,39.9700,33.980572,62563100,0,1,79.059071
2004-12-29,40.0200,34.023087,46594800,0,1,79.157969
2004-12-30,39.9900,33.997585,41717600,0,1,79.098630
2004-12-31,39.9200,33.938072,44112300,0,1,78.960173
2005-01-03,39.5000,33.581024,100970900,0,1,78.129429
2005-01-04,38.7800,32.968899,136623200,0,1,76.705298
2005-01-05,38.5400,32.764877,127925500,0,1,76.230588
2005-01-06,38.3500,32.603325,102934600,0,1,75.854775
2005-01-07,38.5500,32.773369,123104000,0,1,76.250367
2005-01-10,38.5300,32.756371,88764200,0,1,76.210808
2005-01-11,38.2600,32.526836,106398800,0,1,75.676759
2005-01-12,38.5800,32.798878,127754900,0,1,76.309706
2005-01-13,38.0700,32.365288,101982400,0,1,75.300946
2005-01-14,38.4300,32.671375,93460900,0,1,76.013012
2005-01-18,38.7200,32.917892,91760400,0,1,76.586620
2005-01-19,38.0800,32.373806,104981000,0,1,75.320726
2005-01-20,37.3500,31.753189,120963900,0,1,73.876815
2005-01-21,37.0500,31.498140,138569200,0,1,73.283427
2005-01-24,36.5300,31.056044,137499000,0,1,72.254887
2005-01-25,36.7100,31.209095,119171300,0,1,72.610920
2005-01-26,37.1500,31.583157,107465800,0,1,73.481223
2005-01-27,37.1000,31.540661,103654700,0,1,73.382325
2005-01-28,36.9200,31.387619,111648600,0,1,73.026292
2005-01-31,37.4000,31.795685,89139900,0,1,73.975713
2005-02-01,37.5200,31.897694,76610300,0,1,74.213068
2005-02-02,37.5800,31.948709,100160500,0,1,74.331746
2005-02-03,37.1500,31.583157,90157900,0,1,73.481223
2005-02-04,37.7500,32.093250,99302000,0,1,74.667999
2005-02-07,37.6700,32.025246,71551400,0,1,74.509762
2005-02-08,37.7400,32.084736,72821700,0,1,74.648219
2005-02-09,37.1100,31.549128,93276600,0,1,73.402104
2005-02-10,37.1500,31.583157,110373000,0,1,73.481223
2005-02-11,37.7000,32.050735,108684100,0,1,74.569101
2005-02-14,37.8700,32.195267,54908900,0,1,74.905354
2005-02-15,38.1200,32.407795,131406500,0,1,75.399844
2005-02-16,37.9800,32.288780,80273900,0,1,75.122930
2005-02-17,37.4700,31.855196,115628300,0,1,74.114170
2005-02-18,37.3500,31.753189,69158800,0,1,73.876815
2005-02-22,36.8900,31.362118,121232000,0,1,72.966953
2005-02-23,36.9400,31.404623,95010100,0,1,73.065851
2005-02-24,37.4100,31.804190,99334600,0,1,73.995492
2005-02-25,37.6200,31.982719,79988700,0,1,74.410864
2005-02-28,37.2200,31.642666,95731300,0,1,73.619680
2005-03-01,37.6300,31.991230,78460600,0,1,74.430644
2005-03-02,37.6100,31.974239,107270600,0,1,74.391085
2005-03-03,37.3000,31.710688,89793800,0,1,73.777917
2005-03-04,37.5200,31.897694,86622300,0,1,74.213068
2005-03-07,38.0600,32.356812,93563900,0,1,75.281167
2005-03-08,37.6800,32.033745,89595200,0,1,74.529542
2005-03-09,37.5700,31.940212,98063000,0,1,74.311966
2005-03-10,37.5200,31.897694,97043600,0,1,74.213068
2005-03-11,37.1700,31.600164,102857500,0,1,73.520782
2005-03-14,37.3400,31.744705,65576200,0,1,73.857035
2005-03-15,37.0400,31.489635,93856300,0,1,73.263647
2005-03-16,36.6200,31.132576,159578000,0,1,72.432904
2005-03-17,36.7100,31.209095,100429600,0,1,72.610920
2005-03-18,36.5100,31.039059,108899400,0,1,72.215328
2005-03-21,36.5800,31.098577,92752500,0,1,72.353785
2005-03-22,36.1300,30.715998,114016300,0,1,71.463703
2005-03-23,36.2600,30.826513,97444900,0,1,71.720838
2005-03-24,36.2700,30.835039,77566800,0,1,71.740618
2005-03-28,36.3400,30.894529,59739000,0,1,71.879075
2005-03-29,36.0500,30.647997,119554300,0,1,71.305467
2005-03-30,36.7300,31.226082,114711000,0,1,72.650480
2005-03-31,36.5700,31.090071,86578900,0,1,72.334006
2005-04-01,36.2000,30.775515,143814300,0,1,71.602161
2005-04-04,36.4600,30.996559,100090300,0,1,72.116430
2005-04-05,36.5600,31.081568,66266600,0,1,72.314226
2005-04-06,36.5000,31.030573,82168900,0,1,72.195549
2005-04-07,36.9400,31.404623,88618000,0,1,73.065851
2005-04-08,36.6400,31.149601,92332900,0,1,72.472463
2005-04-11,36.4800,31.013535,70976000,0,1,72.155989
2005-04-12,36.6600,31.166580,144848500,0,1,72.512022
2005-04-13,36.0600,30.656492,108995500,0,1,71.325246
2005-04-14,35.5500,30.222923,158057900,0,1,70.316486
2005-04-15,34.7400,29.534288,170013300,0,1,68.714339
2005-04-18,34.7500,29.542801,110084000,0,1,68.734118
2005-04-19,34.9900,29.746834,96922100,0,1,69.208829
2005-04-20,34.7000,29.500273,140457400,0,1,68.635220
2005-04-21,35.6200,30.282406,124505100,0,1,70.454944
2005-04-22,35.0900,29.831835,114996800,0,1,69.406625
2005-04-25,35.3800,30.078367,72170100,0,1,69.980233
2005-04-26,35.0500,29.797840,104958800,0,1,69.327506
2005-04-27,35.1000,29.840342,112539300,0,1,69.426404
2005-04-28,34.7500,29.542801,98181900,0,1,68.734118
2005-04-29,34.9800,29.738327,144435900,0,1,69.189049
2005-05-02,35.1200,29.857336,67648800,0,1,69.465964
2005-05-03,35.3000,30.010376,103428700,0,1,69.821996
2005-05-04,35.7300,30.375935,90480600,0,1,70.672519
2005-05-05,35.7600,30.401445,79341700,0,1,70.731858
2005-05-06,35.8600,30.486456,77310200,0,1,70.929654
2005-05-09,36.0300,30.630983,66298400,0,1,71.265907
2005-05-10,35.7700,30.409935,77194700,0,1,70.751638
2005-05-11,35.9500,30.562971,131952400,0,1,71.107671
2005-05-12,35.8500,30.477943,116602200,0,1,70.909875
2005-05-13,36.2400,30.809521,133273500,0,1,71.681279
2005-05-16,36.4800,31.013535,79093200,0,1,72.155989
2005-05-17,36.7000,31.200567,91665900,0,1,72.591141
2005-05-18,37.2000,31.625658,128105900,0,1,73.580121
2005-05-19,37.5100,31.889215,92619700,0,1,74.193289
2005-05-20,37.6600,32.016750,66530100,0,1,74.489983
2005-05-23,37.8500,32.178272,93068200,0,1,74.865795
2005-05-24,37.9700,32.280281,100830000,0,1,75.103150
2005-05-25,37.8100,32.144245,76470600,0,1,74.786677
2005-05-26,38.1900,32.467316,84066800,0,1,75.538301
2005-05-27,38.2100,32.484314,50076900,0,1,75.577861
2005-05-31,38.0800,32.373806,75281500,0,1,75.320726
2005-06-01,38.3900,32.637352,110875700,0,1,75.933894
2005-06-02,38.6600,32.866894,75926500,0,1,76.467943
2005-06-03,38.1000,32.390785,96998400,0,1,75.360285
2005-06-06,38.1100,32.399296,52681400,0,1,75.380065
2005-06-07,37.7900,32.127235,108953400,0,1,74.747117
2005-06-08,37.7100,32.059235,79211900,0,1,74.588881
2005-06-09,37.9500,32.263283,99383300,0,1,75.063591
2005-06-10,37.5500,31.923220,85971700,0,1,74.272407
2005-06-13,37.7300,32.076237,82331300,0,1,74.628440
2005-06-14,37.5800,31.948709,62593600,0,1,74.331746
2005-06-15,37.7000,32.050735,103952000,0,1,74.569101
2005-06-16,37.9000,32.220779,90450100,0,1,74.964693
2005-06-17,37.8700,32.225021,83915700,0.035,1,74.974583
2005-06-20,37.8700,32.225021,67580000,0,1,74.974583
2005-06-21,37.8500,32.208008,97845600,0,1,74.934987
2005-06-22,37.8100,32.173958,75221100,0,1,74.855796
2005-06-23,37.3900,31.816572,122163300,0,1,74.024284
2005-06-24,36.9700,31.459194,142144100,0,1,73.192773
2005-06-27,36.8000,31.314526,72780800,0,1,72.856209
2005-06-28,37.1500,31.612350,73330300,0,1,73.549135
2005-06-29,37.0700,31.544266,71513600,0,1,73.390752
2005-06-30,36.7800,31.297501,87803700,0,1,72.816614
2005-07-01,36.7300,31.254948,55254800,0,1,72.717624
2005-07-05,37.1100,31.578289,79288700,0,1,73.469944
2005-07-06,36.9300,31.425144,79101000,0,1,73.113582
2005-07-07,37.0600,31.535755,119466300,0,1,73.370954
2005-07-08,37.7700,32.139915,101320700,0,1,74.776604
2005-07-11,38.1200,32.437752,96283700,0,1,75.469530
2005-07-12,38.3000,32.590923,86059300,0,1,75.825892
2005-07-13,38.3900,32.667519,72135400,0,1,76.004073
2005-07-14,38.7700,32.990868,99135200,0,1,76.756392
2005-07-15,38.8900,33.092995,67239200,0,1,76.993967
2005-07-18,38.7300,32.956833,58644000,0,1,76.677201
2005-07-19,39.1800,33.339745,77860900,0,1,77.568105
2005-07-20,39.4600,33.578014,91433100,0,1,78.122446
2005-07-21,39.4700,33.586521,127286000,0,1,78.142244
2005-07-22,39.4200,33.543972,71666600,0,1,78.043255
2005-07-25,39.2700,33.416340,51872700,0,1,77.746286
2005-07-26,39.4200,33.543972,67324900,0,1,78.043255
2005-07-27,39.7200,33.799263,78351100,0,1,78.637191
2005-07-28,39.9100,33.960930,66163700,0,1,79.013351
2005-07-29,39.5800,33.680130,74725700,0,1,78.360021
2005-08-01,39.6500,33.739681,59748300,0,1,78.498606
2005-08-02,40.0800,34.105595,79284100,0,1,79.349915
2005-08-03,40.0600,34.088570,61916400,0,1,79.310319
2005-08-04,39.6700,33.756718,72035500,0,1,78.538202
2005-08-05,39.4800,33.595036,66029500,0,1,78.162042
2005-08-08,39.1900,33.348259,63415400,0,1,77.587903
2005-08-09,39.4500,33.569500,62143600,0,1,78.102648
2005-08-10,39.1100,33.280186,102317500,0,1,77.429520
2005-08-11,39.4300,33.552490,92446700,0,1,78.063053
2005-08-12,39.2100,33.365288,86367300,0,1,77.627499
2005-08-15,39.4500,33.569500,63061100,0,1,78.102648
2005-08-16,38.8100,33.024906,94596000,0,1,76.835584
2005-08-17,39.0400,33.220619,74470500,0,1,77.290935
2005-08-18,38.8400,33.050430,72559400,0,1,76.894977
2005-08-19,38.8200,33.033413,52024300,0,1,76.855382
2005-08-22,38.8400,33.050430,88056300,0,1,76.894977
2005-08-23,38.7300,32.956833,57482900,0,1,76.677201
2005-08-24,38.5000,32.761105,95025700,0,1,76.221849
2005-08-25,38.5900,32.837704,52328800,0,1,76.400030
2005-08-26,38.4600,32.727066,63840700,0,1,76.142658
2005-08-29,38.7600,32.982357,74940400,0,1,76.736594
2005-08-30,38.6200,32.863205,87373600,0,1,76.459424
2005-08-31,38.9800,33.169575,93426300,0,1,77.172148
2005-09-01,38.9200,33.118500,74884400,0,1,77.053361
2005-09-02,38.7700,32.990868,53244900,0,1,76.756392
2005-09-06,39.3400,33.475903,78106600,0,1,77.884872
2005-09-07,39.4100,33.535473,57440100,0,1,78.023457
2005-09-08,39.4000,33.526962,73529700,0,1,78.003659
2005-09-09,39.6200,33.714161,75342100,0,1,78.439212
2005-09-12,39.7300,33.807758,51689900,0,1,78.656989
2005-09-13,39.6300,33.722691,66145800,0,1,78.459010
2005-09-14,39.1800,33.339745,98644000,0,1,77.568105
2005-09-15,39.1600,33.322739,80421500,0,1,77.528510
2005-09-16,39.4000,33.526962,71034100,0,1,78.003659
2005-09-19,39.0900,33.263149,73387500,0,1,77.389925
2005-09-20,38.9300,33.127026,115202800,0,1,77.073158
2005-09-21,38.5000,32.761105,116404300,0,1,76.221849
2005-09-22,38.6400,32.880230,118686100,0,1,76.499020
2005-09-23,38.7500,32.973862,70154000,0,1,76.716797
2005-09-26,38.7600,32.982357,69327600,0,1,76.736594
2005-09-27,38.6700,32.905766,64089500,0,1,76.558413
2005-09-28,38.6800,32.914284,72044500,0,1,76.578211
2005-09-29,39.2000,33.356773,117634600,0,1,77.607701
2005-09-30,39.4600,33.578014,79248500,0,1,78.122446
2005-10-03,39.5600,33.663109,81685600,0,1,78.320425
2005-10-04,39.3000,33.441860,85348600,0,1,77.805680
2005-10-05,38.7600,32.982357,106152200,0,1,76.736594
2005-10-06,38.2500,32.548382,162213700,0,1,75.726902
2005-10-07,38.3400,32.624966,91119900,0,1,75.905083
2005-10-10,38.1300,32.446262,64012000,0,1,75.489328
2005-10-11,37.9400,32.284592,114736900,0,1,75.113168
2005-10-12,37.4900,31.901680,146109500,0,1,74.222263
2005-10-13,37.7800,32.148438,138569600,0,1,74.796402
2005-10-14,38.0600,32.386719,131463200,0,1,75.350743
2005-10-17,38.1800,32.488819,64080400,0,1,75.588317
2005-10-18,37.9100,32.259064,88070400,0,1,75.053774
2005-10-19,38.6700,32.905766,132879900,0,1,76.558413
2005-10-20,38.3100,32.599434,132576900,0,1,75.845690
2005-10-21,38.5500,32.803665,110032000,0,1,76.320839
2005-10-24,39.1600,33.322739,110820900,0,1,77.528510
2005-10-25,39.0100,33.195087,86665800,0,1,77.231541
2005-10-26,38.8100,33.024906,89878100,0,1,76.835584
2005-10-27,38.0300,32.361187,132231100,0,1,75.291349
2005-10-28,38.3200,32.607933,95243900,0,1,75.865488
2005-10-31,38.8700,33.075974,115279100,0,1,76.954371
2005-11-01,38.8400,33.050430,73502300,0,1,76.894977
2005-11-02,39.3500,33.484402,101409900,0,1,77.904669
2005-11-03,39.9400,33.986454,137054000,0,1,79.072745
2005-11-04,40.0800,34.105595,100944500,0,1,79.349915
2005-11-07,40.1300,34.148148,65324500,0,1,79.448904
2005-11-08,40.1400,34.156651,78859700,0,1,79.468702
2005-11-09,40.1600,34.173668,72458800,0,1,79.508298
2005-11-10,40.6000,34.548077,120763100,0,1,80.379405
2005-11-11,40.7100,34.641689,80057200,0,1,80.597182
2005-11-14,40.7100,34.641689,53652400,0,1,80.597182
2005-11-15,40.5200,34.480015,79543500,0,1,80.221022
2005-11-16,40.7700,34.692722,65895700,0,1,80.715969
2005-11-17,41.3100,35.152256,94425500,0,1,81.785055
2005-11-18,41.4500,35.271378,108820200,0,1,82.062225
2005-11-21,41.5500,35.356472,69731400,0,1,82.260204
2005-11-22,41.7000,35.484104,88814000,0,1,82.557172
2005-11-23,41.8000,35.569221,64101200,0,1,82.755151
2005-11-25,41.8900,35.645798,22930200,0,1,82.933332
2005-11-28,41.5400,35.347977,74716200,0,1,82.240406
2005-11-29,41.3400,35.177780,77443000,0,1,81.844448
2005-11-30,41.2400,35.092693,88044400,0,1,81.646469
2005-12-01,42.0100,35.747902,91914100,0,1,83.170906
2005-12-02,42.1100,35.832989,72929200,0,1,83.368885
2005-12-05,41.8000,35.569221,61519900,0,1,82.755151
2005-12-06,41.9400,35.688324,81509400,0,1,83.032321
2005-12-07,41.8600,35.620270,83885500,0,1,82.873938
2005-12-08,41.5600,35.365005,112043200,0,1,82.280002
2005-12-09,41.7200,35.501152,56526900,0,1,82.596768
2005-12-12,41.8700,35.628777,44863600,0,1,82.893736
2005-12-13,42.0400,35.773434,76611600,0,1,83.230300
2005-12-14,41.9000,35.654316,73581600,0,1,82.953130
2005-12-15,41.9700,35.713860,72607200,0,1,83.091715
2005-12-16,41.5800,35.467342,63743000,0.101,1,82.519556
2005-12-19,40.9200,34.904377,75341700,0,1,81.209722
2005-12-20,40.9500,34.929977,70257700,0,1,81.269260
2005-12-21,41.1300,35.083511,68935000,0,1,81.626487
2005-12-22,41.4000,35.313828,59149500,0,1,82.162328
2005-12-23,41.4000,35.313828,38000400,0,1,82.162328
2005-12-27,41.0400,35.006748,55656300,0,1,81.447873
2005-12-28,40.9900,34.964092,50302400,0,1,81.348644
2005-12-29,40.7200,34.733753,47301700,0,1,80.812802
2005-12-30,40.4100,34.469368,60026500,0,1,80.197577
2006-01-03,41.3100,35.237061,109350400,0,1,81.983715
2006-01-04,41.7400,35.603840,92769400,0,1,82.837092
2006-01-05,41.9200,35.757366,77656900,0,1,83.194319
2006-01-06,42.6800,36.405655,110053900,0,1,84.702613
2006-01-09,42.8500,36.550655,80768800,0,1,85.039995
2006-01-10,42.8800,36.576237,84369400,0,1,85.099533
2006-01-11,43.2100,36.857735,100761400,0,1,85.754450
2006-01-12,43.0000,36.678589,82429200,0,1,85.337684
2006-01-13,42.9800,36.661530,64572100,0,1,85.297992
2006-01-17,42.7000,36.422714,77962100,0,1,84.742305
2006-01-18,42.2100,36.004734,121021900,0,1,83.769852
2006-01-19,42.5200,36.269173,111094000,0,1,84.385077
2006-01-20,41.2500,35.185883,188569400,0,1,81.864639
2006-01-23,41.2600,35.194405,111381900,0,1,81.884485
2006-01-24,41.4400,35.347942,77956900,0,1,82.241712
2006-01-25,41.2600,35.194405,99826400,0,1,81.884485
2006-01-26,41.5500,35.441757,112600600,0,1,82.460018
2006-01-27,42.1100,35.919434,110830400,0,1,83.571393
2006-01-30,42.1900,35.987679,53942600,0,1,83.730160
2006-01-31,42.0000,35.825600,100988100,0,1,83.353087
2006-02-01,42.1500,35.953545,89168700,0,1,83.650776
2006-02-02,41.4300,35.339401,94047400,0,1,82.221866
2006-02-03,40.9200,34.904377,121094200,0,1,81.209722
2006-02-06,40.8100,34.810555,58162800,0,1,80.991416
2006-02-07,40.6300,34.657017,87327000,0,1,80.634189
2006-02-08,41.1000,35.057915,89907800,0,1,81.566949
2006-02-09,40.7100,34.725250,78213400,0,1,80.792956
2006-02-10,40.9600,34.938496,102575900,0,1,81.289106
2006-02-13,40.4900,34.537598,70643100,0,1,80.356345
2006-02-14,40.9000,34.887321,94340300,0,1,81.170030
2006-02-15,41.1600,35.109100,92254300,0,1,81.686025
2006-02-16,41.5400,35.433235,103859600,0,1,82.440172
2006-02-17,41.2100,35.151733,81770200,0,1,81.785255
2006-02-21,40.7500,34.759377,85101400,0,1,80.872340
2006-02-22,41.2600,35.194405,91983900,0,1,81.884485
2006-02-23,41.1500,35.100590,66517100,0,1,81.666179
2006-02-24,41.2600,35.194405,57085400,0,1,81.884485
2006-02-27,41.7200,35.586784,64945000,0,1,82.797400
2006-02-28,41.1000,35.057915,117564600,0,1,81.566949
2006-03-01,41.6600,35.535587,80962300,0,1,82.678324
2006-03-02,41.6900,35.561188,69856500,0,1,82.737862
2006-03-03,41.4500,35.356472,112066100,0,1,82.261558
2006-03-06,41.0900,35.049374,99581000,0,1,81.547103
2006-03-07,40.8500,34.844677,96441100,0,1,81.070800
2006-03-08,40.8700,34.861725,103961900,0,1,81.110492
2006-03-09,40.5200,34.563175,108556700,0,1,80.415883
2006-03-10,40.5600,34.597313,124474900,0,1,80.495267
2006-03-13,40.6800,34.699646,69169100,0,1,80.733418
2006-03-14,41.3700,35.288223,118201000,0,1,82.102791
2006-03-15,41.7200,35.586784,84375800,0,1,82.797400
2006-03-16,41.3700,35.288223,101371200,0,1,82.102791
2006-03-17,41.4500,35.381268,78219600,0.029,1,82.319112
2006-03-20,41.5500,35.466633,60240100,0,1,82.517710
2006-03-21,41.1100,35.091057,136566000,0,1,81.643877
2006-03-22,41.2100,35.176403,112282800,0,1,81.842475
2006-03-23,41.0900,35.073967,75158200,0,1,81.604157
2006-03-24,41.3000,35.253231,81795500,0,1,82.021214
2006-03-27,41.3100,35.261765,54400400,0,1,82.041074
2006-03-28,41.1400,35.116650,100522800,0,1,81.703456
2006-03-29,41.9200,35.782471,130669100,0,1,83.252525
2006-03-30,42.0500,35.893425,115915600,0,1,83.510703
2006-03-31,41.9300,35.790989,71074600,0,1,83.272385
2006-04-03,41.9800,35.833664,80730700,0,1,83.371684
2006-04-04,42.2100,36.030003,89952600,0,1,83.828461
2006-04-05,42.6100,36.371429,91628200,0,1,84.622855
2006-04-06,42.7300,36.473854,91712800,0,1,84.861174
2006-04-07,42.3200,36.123894,116604300,0,1,84.046919
2006-04-10,42.2600,36.072674,58981900,0,1,83.927760
2006-04-11,41.9200,35.782471,91481900,0,1,83.252525
2006-04-12,41.9300,35.790989,58751200,0,1,83.272385
2006-04-13,42.1000,35.936100,63476900,0,1,83.610002
2006-04-17,41.6600,35.560520,104072100,0,1,82.736169
2006-04-18,42.4600,36.243385,124291700,0,1,84.324957
2006-04-19,42.6500,36.405586,79050300,0,1,84.702295
2006-04-20,42.5000,36.277531,81408000,0,1,84.404397
2006-04-21,42.0000,35.850742,130181200,0,1,83.411404
2006-04-24,41.9600,35.816597,78556400,0,1,83.331964
2006-04-25,41.8700,35.739769,77660800,0,1,83.153226
2006-04-26,41.8600,35.731247,82537000,0,1,83.133366
2006-04-27,42.2600,36.072674,173950100,0,1,83.927760
2006-04-28,41.8500,35.722706,88876600,0,1,83.113506
2006-05-01,41.4400,35.372738,92875500,0,1,82.299252
2006-05-02,41.5500,35.466633,85148100,0,1,82.517710
2006-05-03,41.4900,35.415417,74971600,0,1,82.398551
2006-05-04,41.8300,35.705627,88696800,0,1,83.073786
2006-05-05,42.1600,35.987297,80392200,0,1,83.729162
2006-05-08,42.2000,36.021450,45079100,0,1,83.808601
2006-05-09,42.0400,35.884884,48528800,0,1,83.490843
2006-05-10,41.6700,35.569065,92424200,0,1,82.756029
2006-05-11,40.7400,34.775219,140989700,0,1,80.909062
2006-05-12,40.1900,34.305748,153920800,0,1,79.816770
2006-05-15,40.1600,34.280140,127896500,0,1,79.757190
2006-05-16,39.8600,34.024048,132397500,0,1,79.161394
2006-05-17,39.3200,33.563122,207897100,0,1,78.088962
2006-05-18,39.0500,33.332661,139690900,0,1,77.552746
2006-05-19,39.3500,33.588737,194306300,0,1,78.148541
2006-05-22,38.9700,33.264355,169591800,0,1,77.393867
2006-05-23,38.5900,32.940002,142243900,0,1,76.639192
2006-05-24,38.8500,33.161949,234981600,0,1,77.155549
2006-05-25,39.3600,33.597279,123510900,0,1,78.168401
2006-05-26,39.4900,33.708225,91319600,0,1,78.426579
2006-05-30,38.6400,32.982693,105606200,0,1,76.738492
2006-05-31,38.8200,33.136326,137066200,0,1,77.095969
2006-06-01,39.7400,33.921619,119357400,0,1,78.923076
2006-06-02,39.6400,33.836292,128864100,0,1,78.724477
2006-06-05,38.7800,33.102180,103190600,0,1,77.016530
2006-06-06,38.7500,33.076565,127271000,0,1,76.956950
2006-06-07,38.4600,32.829037,130754700,0,1,76.381014
2006-06-08,38.4000,32.777817,280562200,0,1,76.261855
2006-06-09,38.1500,32.564415,144146200,0,1,75.765359
2006-06-12,37.4000,31.924242,145607500,0,1,74.275869
2006-06-13,37.2500,31.796211,207099500,0,1,73.977971
2006-06-14,37.6300,32.120560,201876800,0,1,74.732646
2006-06-15,38.6500,32.991211,200700400,0,1,76.758351
2006-06-16,38.3400,32.748642,120006100,0.026,1,76.194331
2006-06-19,38.0300,32.483856,129450100,0,1,75.578258
2006-06-20,38.0800,32.526573,102871700,0,1,75.677625
2006-06-21,38.6800,33.039036,129548100,0,1,76.870025
2006-06-22,38.1900,32.620502,143100500,0,1,75.896232
2006-06-23,38.1500,32.586330,88050200,0,1,75.816738
2006-06-26,38.2500,32.671757,65157700,0,1,76.015472
2006-06-27,37.5300,32.056751,128227500,0,1,74.584592
2006-06-28,37.8100,32.295918,91576300,0,1,75.141045
2006-06-29,38.9600,33.278206,181997200,0,1,77.426478
2006-06-30,38.7700,33.115940,82719200,0,1,77.048884
2006-07-03,39.0000,33.312389,21598500,0,1,77.505971
2006-07-05,38.1500,32.586330,93724000,0,1,75.816738
2006-07-06,38.1100,32.552197,70615200,0,1,75.737245
2006-07-07,37.6900,32.193428,108063300,0,1,74.902565
2006-07-10,37.3600,31.911552,105109800,0,1,74.246746
2006-07-11,37.6400,32.150711,136114200,0,1,74.803199
2006-07-12,36.9300,31.544281,154458900,0,1,73.392192
2006-07-13,36.3100,31.014681,177745500,0,1,72.160046
2006-07-14,35.9400,30.698647,172448500,0,1,71.424733
2006-07-17,36.0300,30.775522,134311000,0,1,71.603593
2006-07-18,36.1500,30.878014,206964900,0,1,71.842073
2006-07-19,36.6200,31.279467,192517600,0,1,72.776119
2006-07-20,36.0800,30.818228,152292100,0,1,71.702960
2006-07-21,35.7000,30.493649,119343000,0,1,70.947773
2006-07-24,36.4100,31.100100,130269300,0,1,72.358780
2006-07-25,36.6200,31.279467,108869600,0,1,72.776119
2006-07-26,36.5900,31.253843,107170500,0,1,72.716499
2006-07-27,36.3500,31.048859,99698700,0,1,72.239540
2006-07-28,37.1100,31.698011,93556100,0,1,73.749912
2006-07-31,37.1000,31.689489,78015300,0,1,73.730039
2006-08-01,36.4800,31.159891,98552800,0,1,72.497893
2006-08-02,36.8900,31.510099,87370600,0,1,73.312699
2006-08-03,37.1200,31.706547,99205600,0,1,73.769786
2006-08-04,36.9500,31.561342,123493800,0,1,73.431939
2006-08-07,36.7100,31.356329,69634800,0,1,72.954979
2006-08-08,36.4800,31.159891,124139900,0,1,72.497893
2006-08-09,36.5300,31.202597,145342200,0,1,72.597259
2006-08-10,36.7900,31.424696,102481300,0,1,73.113966
2006-08-11,36.5300,31.202597,86903200,0,1,72.597259
2006-08-14,36.7700,31.407610,109281100,0,1,73.074219
2006-08-15,37.7000,32.201996,133712100,0,1,74.922439
2006-08-16,38.5900,32.962185,135452100,0,1,76.691165
2006-08-17,38.7300,33.081768,129492200,0,1,76.969391
2006-08-18,38.7900,33.133015,97754500,0,1,77.088631
2006-08-21,38.4200,32.816963,66668400,0,1,76.353318
2006-08-22,38.4300,32.825520,102058600,0,1,76.373191
2006-08-23,38.1400,32.577808,96056300,0,1,75.796865
2006-08-24,38.2500,32.671757,78985300,0,1,76.015472
2006-08-25,38.3200,32.731537,73572900,0,1,76.154585
2006-08-28,38.6100,32.979275,80035000,0,1,76.730911
2006-08-29,38.7300,33.081768,104842000,0,1,76.969391
2006-08-30,38.9100,33.235512,75687200,0,1,77.327111
2006-08-31,38.8700,33.201366,61207200,0,1,77.247618
2006-09-01,39.0800,33.380730,69388500,0,1,77.664958
2006-09-05,39.4600,33.705307,85582800,0,1,78.420144
2006-09-06,38.6700,33.030518,97888600,0,1,76.850151
2006-09-07,38.4900,32.876759,115877400,0,1,76.492431
2006-09-08,38.7200,33.073215,96627000,0,1,76.949518
2006-09-11,38.9600,33.278206,142377500,0,1,77.426478
2006-09-12,39.6800,33.893215,124102400,0,1,78.857357
2006-09-13,39.9500,34.123829,116054300,0,1,79.393937
2006-09-14,39.9900,34.158009,98116000,0,1,79.473430
2006-09-15,40.1100,34.280216,137825600,0.023,1,79.757619
2006-09-18,40.1200,34.288769,117806700,0,1,79.777504
2006-09-19,39.8500,34.058006,159060800,0,1,79.240616
2006-09-20,40.4300,34.553707,116635500,0,1,80.393930
2006-09-21,40.1800,34.340046,121886900,0,1,79.896812
2006-09-22,39.8700,34.075100,100996400,0,1,79.280385
2006-09-25,40.5700,34.673374,136473400,0,1,80.672316
2006-09-26,40.7700,34.844299,113375600,0,1,81.070010
2006-09-27,40.7200,34.801567,113003800,0,1,80.970587
2006-09-28,40.8300,34.895580,85943600,0,1,81.189319
2006-09-29,40.6500,34.741730,85438200,0,1,80.831394
2006-10-02,40.1400,34.305862,97068800,0,1,79.817273
2006-10-03,40.3100,34.451168,116261400,0,1,80.155313
2006-10-04,41.3000,35.297253,149209500,0,1,82.123901
2006-10-05,41.5000,35.468178,91799900,0,1,82.521595
2006-10-06,41.4100,35.391289,85450400,0,1,82.342633
2006-10-09,41.5500,35.510929,62786100,0,1,82.621019
2006-10-10,41.6200,35.570747,98181800,0,1,82.760212
2006-10-11,41.5400,35.502388,136561300,0,1,82.601134
2006-10-12,42.2000,36.066456,95260200,0,1,83.913526
2006-10-13,42.4300,36.263023,80470200,0,1,84.370874
2006-10-16,42.4700,36.297207,62017400,0,1,84.450413
2006-10-17,42.0000,35.895515,146149100,0,1,83.515831
2006-10-18,41.8000,35.724598,120366100,0,1,83.118137
2006-10-19,41.9000,35.810070,108198400,0,1,83.316984
2006-10-20,42.0000,35.895515,105454300,0,1,83.515831
2006-10-23,42.4300,36.263023,126960500,0,1,84.370874
2006-10-24,42.1400,36.015163,103541700,0,1,83.794217
2006-10-25,42.4300,36.263023,125399500,0,1,84.370874
2006-10-26,42.8200,36.596340,130260700,0,1,85.146378
2006-10-27,42.2100,36.074982,129375000,0,1,83.933410
2006-10-30,42.4800,36.305748,103899900,0,1,84.470298
2006-10-31,42.5800,36.391235,135811800,0,1,84.669145
2006-11-01,42.0000,35.895515,148960600,0,1,83.515831
2006-11-02,42.0400,35.929707,100216400,0,1,83.595370
2006-11-03,41.9300,35.835690,119263300,0,1,83.376638
2006-11-06,42.5400,36.357025,101283300,0,1,84.589606
2006-11-07,42.8300,36.604885,139706500,0,1,85.166263
2006-11-08,43.0300,36.775806,180245700,0,1,85.563958
2006-11-09,42.8300,36.604885,124278000,0,1,85.166263
2006-11-10,43.0300,36.775806,82419400,0,1,85.563958
2006-11-13,43.4700,37.151878,89146200,0,1,86.438885
2006-11-14,43.9300,37.545006,121962800,0,1,87.353582
2006-11-15,44.1100,37.698841,116565900,0,1,87.711507
2006-11-16,44.3000,37.861214,113513200,0,1,88.089317
2006-11-17,44.3000,37.861214,95162500,0,1,88.089317
2006-11-20,44.3900,37.938145,107184100,0,1,88.268280
2006-11-21,44.4500,37.989422,68092200,0,1,88.387588
2006-11-22,44.7300,38.228737,69852700,0,1,88.944360
2006-11-24,44.6500,38.160347,51762900,0,1,88.785282
2006-11-27,43.6400,37.297142,159506300,0,1,86.776926
2006-11-28,43.7700,37.408260,118268400,0,1,87.035427
2006-11-29,44.0700,37.664654,139515500,0,1,87.631969
2006-11-30,44.0400,37.639019,123457100,0,1,87.572314
2006-12-01,43.6600,37.314255,144559600,0,1,86.816695
2006-12-04,44.2600,37.827038,89782400,0,1,88.009778
2006-12-05,44.4200,37.963779,84697500,0,1,88.327934
2006-12-06,44.2600,37.827038,78207500,0,1,88.009778
2006-12-07,43.7000,37.348434,124936100,0,1,86.896234
2006-12-08,43.9000,37.519360,133798700,0,1,87.293928
2006-12-11,44.0600,37.656120,72931300,0,1,87.612084
2006-12-12,43.8000,37.433907,110985900,0,1,87.095081
2006-12-13,43.8800,37.502266,79035500,0,1,87.254159
2006-12-14,44.3700,37.921059,109104200,0,1,88.228510
2006-12-15,44.4300,38.018585,99942300,0.054,1,88.455196
2006-12-18,43.9900,37.642124,121588700,0,1,87.579205
2006-12-19,43.8500,37.522293,136535200,0,1,87.300480
2006-12-20,43.6900,37.385399,67213400,0,1,86.981938
2006-12-21,43.3800,37.120110,102952300,0,1,86.364763
2006-12-22,42.9300,36.735054,92858600,0,1,85.468863
2006-12-26,43.1100,36.889084,50848600,0,1,85.827223
2006-12-27,43.3300,37.077305,54129200,0,1,86.265218
2006-12-28,43.1200,36.897636,69016000,0,1,85.847132
2006-12-29,43.1600,36.931877,75152500,0,1,85.926767
2007-01-03,43.2400,37.000340,167689500,0,1,86.086038
2007-01-04,44.0600,37.702007,136853500,0,1,87.718567
2007-01-05,43.8500,37.522293,138958800,0,1,87.300480
2007-01-08,43.8800,37.547966,106401600,0,1,87.360207
2007-01-09,44.1000,37.736225,121577500,0,1,87.798203
2007-01-10,44.6200,38.181183,121070100,0,1,88.833465
2007-01-11,45.0800,38.574821,174029800,0,1,89.749274
2007-01-12,45.3100,38.771622,104217300,0,1,90.207178
2007-01-16,45.2800,38.745960,95690500,0,1,90.147452
2007-01-17,44.9100,38.429348,127142600,0,1,89.410823
2007-01-18,44.0800,37.719116,189029800,0,1,87.758385
2007-01-19,44.1700,37.796108,127544300,0,1,87.937565
2007-01-22,43.6900,37.385399,123441700,0,1,86.981938
2007-01-23,43.5800,37.291241,133103600,0,1,86.762940
2007-01-24,44.3000,37.907352,117615300,0,1,88.196380
2007-01-25,43.7300,37.419582,158337600,0,1,87.061574
2007-01-26,43.5700,37.282696,146284300,0,1,86.743032
2007-01-29,43.6100,37.316936,104191500,0,1,86.822667
2007-01-30,43.6300,37.334034,69605900,0,1,86.862485
2007-01-31,44.0700,37.710556,157772500,0,1,87.738476
2007-02-01,44.0000,37.650654,147365600,0,1,87.599114
2007-02-02,44.1600,37.787544,98189200,0,1,87.917656
2007-02-05,44.1200,37.753323,96347800,0,1,87.838020
2007-02-06,44.0600,37.702007,121110200,0,1,87.718567
2007-02-07,44.4600,38.044270,117823800,0,1,88.514923
2007-02-08,44.4500,38.035725,89521900,0,1,88.495014
2007-02-09,43.8800,37.547966,133472000,0,1,87.360207
2007-02-12,43.7100,37.402481,126940000,0,1,87.021756
2007-02-13,43.8600,37.530842,93648000,0,1,87.320389
2007-02-14,44.6000,38.164059,133370000,0,1,88.793647
2007-02-15,44.8600,38.386543,110452500,0,1,89.311278
2007-02-16,44.7100,38.258194,72342200,0,1,89.012645
2007-02-20,45.0500,38.549149,93629000,0,1,89.689547
2007-02-21,45.1900,38.668922,95864000,0,1,89.968272
2007-02-22,45.4200,38.865723,116344400,0,1,90.426176
2007-02-23,45.2600,38.728821,113467100,0,1,90.107634
2007-02-26,45.0400,38.540577,101623700,0,1,89.669638
2007-02-27,43.1900,36.957542,317813200,0,1,85.986494
2007-02-28,43.3300,37.077305,214978700,0,1,86.265218
2007-03-01,43.1300,36.906189,231806500,0,1,85.867040
2007-03-02,42.4800,36.349987,183359400,0,1,84.572963
2007-03-05,42.1500,36.067608,171885400,0,1,83.915969
2007-03-06,42.8500,36.666599,155551800,0,1,85.309592
2007-03-07,42.6800,36.521130,119979300,0,1,84.971140
2007-03-08,42.9700,36.769291,120900700,0,1,85.548498
2007-03-09,42.9300,36.735054,128597600,0,1,85.468863
2007-03-12,43.2100,36.974659,81310100,0,1,86.026312
2007-03-13,42.3700,36.255867,171231800,0,1,84.353965
2007-03-14,42.9900,36.786423,192586700,0,1,85.588316
2007-03-15,42.8900,36.700840,111627400,0,1,85.389227
2007-03-16,42.8300,36.672581,108328800,0.027,1,85.323528
2007-03-19,43.2700,37.049332,95913200,0,1,86.200071
2007-03-20,43.5800,37.314732,78755700,0,1,86.817636
2007-03-21,44.4200,38.033985,173333500,0,1,88.491037
2007-03-22,44.2600,37.896996,114856300,0,1,88.172294
2007-03-23,44.1200,37.777115,68530300,0,1,87.893394
2007-03-26,44.3000,37.931229,114237300,0,1,88.251979
2007-03-27,43.9900,37.665829,76419200,0,1,87.634415
2007-03-28,43.5200,37.263386,142795000,0,1,86.698107
2007-03-29,43.5700,37.306190,124407000,0,1,86.797714
2007-03-30,43.5300,37.271942,120418700,0,1,86.718029
2007-04-02,43.5900,37.323315,89617700,0,1,86.837557
2007-04-03,44.1600,37.811340,105814500,0,1,87.973079
2007-04-04,44.3400,37.965500,85147200,0,1,88.331665
2007-04-05,44.5600,38.153866,54220200,0,1,88.769937
2007-04-09,44.4500,38.059685,63050200,0,1,88.550801
2007-04-10,44.6800,38.256611,76364500,0,1,89.008994
2007-04-11,44.2100,37.854187,114012300,0,1,88.072686
2007-04-12,44.5600,38.153866,113801300,0,1,88.769937
2007-04-13,44.6500,38.230915,94572000,0,1,88.949230
2007-04-16,45.0600,38.581989,72803200,0,1,89.766009
2007-04-17,45.1600,38.667610,81852300,0,1,89.965223
2007-04-18,45.0100,38.539173,82002500,0,1,89.666402
2007-04-19,45.1500,38.659039,95413000,0,1,89.945302
2007-04-20,45.4000,38.873108,122377400,0,1,90.443338
2007-04-23,45.4700,38.933022,85303300,0,1,90.582788
2007-04-24,45.7000,39.129971,108143700,0,1,91.040981
2007-04-25,46.3100,39.652283,106818100,0,1,92.256189
2007-04-26,46.5500,39.857777,99308300,0,1,92.734303
2007-04-27,46.5700,39.874905,96536500,0,1,92.774146
2007-04-30,45.9600,39.352592,93290500,0,1,91.558938
2007-05-01,45.9200,39.318333,135044400,0,1,91.479253
2007-05-02,46.4200,39.746464,91971600,0,1,92.475325
2007-05-03,46.5900,39.892033,98003600,0,1,92.813989
2007-05-04,46.6300,39.926273,93591800,0,1,92.893675
2007-05-07,46.6300,39.926273,47487900,0,1,92.893675
2007-05-08,46.7300,40.011890,95138900,0,1,93.092889
2007-05-09,46.8300,40.097527,116021000,0,1,93.292104
2007-05-10,46.1900,39.549530,171196300,0,1,92.017132
2007-05-11,46.7800,40.054703,104767900,0,1,93.192497
2007-05-14,46.4600,39.780704,118899200,0,1,92.555010
2007-05-15,46.1000,39.472469,179438500,0,1,91.837839
2007-05-16,46.5500,39.857777,144420500,0,1,92.734303
2007-05-17,46.3300,39.669422,109869100,0,1,92.296032
2007-05-18,46.7100,39.994759,104961700,0,1,93.053046
2007-05-21,47.0100,40.251625,112831400,0,1,93.650690
2007-05-22,47.0500,40.285881,98029100,0,1,93.730375
2007-05-23,46.8300,40.097527,119220600,0,1,93.292104
2007-05-24,46.1600,39.523834,206268600,0,1,91.957367
2007-05-25,46.4500,39.772148,87143200,0,1,92.535089
2007-05-29,46.8100,40.080402,99702400,0,1,93.252261
2007-05-30,47.1900,40.405743,132036500,0,1,94.009276
2007-05-31,47.4100,40.594124,109457700,0,1,94.447547
2007-06-01,47.4400,40.619804,125089800,0,1,94.507312
2007-06-04,47.5800,40.739704,64782700,0,1,94.786212
2007-06-05,47.5800,40.739704,151160400,0,1,94.786212
2007-06-06,47.0700,40.303024,183166500,0,1,93.770218
2007-06-07,46.3400,39.677982,221373300,0,1,92.315953
2007-06-08,46.9100,40.166027,177587800,0,1,93.451475
2007-06-11,46.8200,40.088947,97100400,0,1,93.272182
2007-06-12,46.5400,39.849228,153967700,0,1,92.714382
2007-06-13,47.0500,40.285881,147985300,0,1,93.730375
2007-06-14,47.3600,40.551331,101531900,0,1,94.347940
2007-06-15,47.7600,40.925774,100378400,0.037,1,95.218507
2007-06-18,47.7700,40.934353,75713200,0,1,95.238444
2007-06-19,47.7600,40.925774,109621300,0,1,95.218507
2007-06-20,47.3100,40.540180,161889500,0,1,94.321348
2007-06-21,47.7400,40.908649,143181300,0,1,95.178633
2007-06-22,47.2900,40.523056,153328700,0,1,94.281474
2007-06-25,47.0900,40.351669,136602600,0,1,93.882736
2007-06-26,46.8200,40.120296,128211900,0,1,93.344441
2007-06-27,47.5400,40.737274,141196200,0,1,94.779896
2007-06-28,47.5200,40.720127,116546300,0,1,94.740022
2007-06-29,47.6000,40.788670,124794700,0,1,94.899517
2007-07-02,48.0300,41.157154,80863100,0,1,95.756803
2007-07-03,48.3100,41.397102,34803300,0,1,96.315035
2007-07-05,48.6600,41.696995,73588500,0,1,97.012826
2007-07-06,48.8600,41.868385,65804300,0,1,97.411563
2007-07-09,48.8900,41.894089,66768800,0,1,97.471374
2007-07-10,48.4800,41.542767,104383100,0,1,96.653962
2007-07-11,48.8100,41.825520,99637600,0,1,97.311879
2007-07-12,49.5600,42.468212,107667100,0,1,98.807144
2007-07-13,49.9000,42.759571,74232200,0,1,99.484998
2007-07-16,49.8500,42.716713,77799500,0,1,99.385314
2007-07-17,50.2300,43.042351,124833700,0,1,100.142915
2007-07-18,50.1700,42.990932,144915900,0,1,100.023293
2007-07-19,50.3200,43.119480,116563800,0,1,100.322347
2007-07-20,50.0500,42.888092,163721300,0,1,99.784051
2007-07-23,50.0700,42.905247,107464100,0,1,99.823925
2007-07-24,49.3300,42.271111,175496200,0,1,98.348596
2007-07-25,49.4000,42.331112,170258700,0,1,98.488154
2007-07-26,48.9800,41.971203,318522000,0,1,97.650806
2007-07-27,47.9900,41.122887,246387600,0,1,95.677055
2007-07-30,48.5500,41.602757,166517200,0,1,96.793520
2007-07-31,47.5300,40.728699,260224500,0,1,94.759959
2007-08-01,47.9000,41.045757,301153900,0,1,95.497623
2007-08-02,48.3400,41.422791,177369900,0,1,96.374846
2007-08-03,47.4200,40.634445,166048400,0,1,94.540653
2007-08-06,47.9700,41.105743,190869100,0,1,95.637181
2007-08-07,48.3100,41.397102,167109700,0,1,96.315035
2007-08-08,48.8400,41.851227,164831200,0,1,97.371689
2007-08-09,47.7100,40.882950,242418200,0,1,95.118823
2007-08-10,47.2800,40.514496,247006400,0,1,94.261537
2007-08-13,47.6000,40.788670,116935100,0,1,94.899517
2007-08-14,46.7900,40.094589,153529800,0,1,93.284630
2007-08-15,45.9000,39.331940,214854100,0,1,91.510249
2007-08-16,45.4500,38.946354,362468700,0,1,90.613089
2007-08-17,46.3100,39.683270,223246600,0,1,92.327660
2007-08-20,46.5300,39.871799,144715100,0,1,92.766272
2007-08-21,47.0200,40.291660,115027200,0,1,93.743178
2007-08-22,47.6600,40.840103,115814100,0,1,95.019138
2007-08-23,47.5300,40.728699,118663400,0,1,94.759959
2007-08-24,48.2000,41.302841,88189200,0,1,96.095729
2007-08-27,47.8800,41.028614,72490400,0,1,95.457749
2007-08-28,46.7400,40.051743,106024800,0,1,93.184946
2007-08-29,48.0800,41.200001,113201000,0,1,95.856487
2007-08-30,48.3300,41.414230,138930000,0,1,96.354909
2007-08-31,48.8700,41.876965,94687200,0,1,97.431500
2007-09-04,49.6800,42.571049,98480900,0,1,99.046387
2007-09-05,49.1800,42.142593,114049300,0,1,98.049543
2007-09-06,49.1400,42.108334,99222600,0,1,97.969796
2007-09-07,48.2300,41.328522,152438000,0,1,96.155540
2007-09-10,48.2000,41.302841,125199400,0,1,96.095729
2007-09-11,48.9300,41.928379,103064500,0,1,97.551121
2007-09-12,48.9400,41.936939,93993400,0,1,97.571058
2007-09-13,49.1800,42.142593,80807500,0,1,98.049543
2007-09-14,49.2200,42.176876,99801200,0,1,98.129291
2007-09-17,48.8100,41.825520,84882300,0,1,97.311879
2007-09-18,50.0400,42.879520,151452100,0,1,99.764114
2007-09-19,50.1700,42.990932,127025800,0,1,100.023293
2007-09-20,50.0300,42.870975,109970600,0,1,99.744177
2007-09-21,50.3600,43.176170,86829500,0.026,1,100.453930
2007-09-24,50.5900,43.373363,107226800,0,1,100.912715
2007-09-25,51.0700,43.784893,101102200,0,1,101.870179
2007-09-26,51.3200,43.999237,96124600,0,1,102.368858
2007-09-27,51.5800,44.222157,73423200,0,1,102.887484
2007-09-28,51.4100,44.076408,75546000,0,1,102.548382
2007-10-01,52.0000,44.582241,100404100,0,1,103.725265
2007-10-02,52.0100,44.590816,71046000,0,1,103.745212
2007-10-03,51.6500,44.282150,106785000,0,1,103.027114
2007-10-04,51.7700,44.385048,84129300,0,1,103.266480
2007-10-05,52.8200,45.285263,115674700,0,1,105.360933
2007-10-08,53.1500,45.568169,63022400,0,1,106.019189
2007-10-09,53.3800,45.765388,93965600,0,1,106.477974
2007-10-10,53.5100,45.876831,91777500,0,1,106.737287
2007-10-11,52.6600,45.148094,239786700,0,1,105.041778
2007-10-12,53.5300,45.893982,131676000,0,1,106.777182
2007-10-15,53.1200,45.542465,121578700,0,1,105.959348
2007-10-16,52.8700,45.328136,193676600,0,1,105.460669
2007-10-17,53.5500,45.911121,183985200,0,1,106.817076
2007-10-18,53.7800,46.108318,144491200,0,1,107.275861
2007-10-19,52.4400,44.959484,245111500,0,1,104.602941
2007-10-22,53.0700,45.499611,207052100,0,1,105.859612
2007-10-23,54.1800,46.451267,162360600,0,1,108.073748
2007-10-24,53.7700,46.099751,298293400,0,1,107.255914
2007-10-25,53.0500,45.482456,233833100,0,1,105.819718
2007-10-26,53.9300,46.236927,146690300,0,1,107.575068
2007-10-29,54.1500,46.425537,101896600,0,1,108.013906
2007-10-30,54.2600,46.519852,114616600,0,1,108.233325
2007-10-31,55.0300,47.180012,148431900,0,1,109.769257
2007-11-01,54.0000,46.296947,181974200,0,1,107.714699
2007-11-02,54.4200,46.657036,217882900,0,1,108.552480
2007-11-05,54.0700,46.356945,150588900,0,1,107.854329
2007-11-06,54.6800,46.879944,131884700,0,1,109.071106
2007-11-07,53.3500,45.739662,197908200,0,1,106.418133
2007-11-08,51.7300,44.350754,380626400,0,1,103.186692
2007-11-09,50.0000,42.867527,309414900,0,1,99.735832
2007-11-12,48.7300,41.778698,283216000,0,1,97.202542
2007-11-13,50.7400,43.501968,255625900,0,1,101.211922
2007-11-14,50.0900,42.944691,263284100,0,1,99.915356
2007-11-15,49.8200,42.713223,251548800,0,1,99.376783
2007-11-16,50.2800,43.107616,263623700,0,1,100.294353
2007-11-19,49.7000,42.610332,198651100,0,1,99.137417
2007-11-20,49.9000,42.781818,300763600,0,1,99.536360
2007-11-21,49.3100,42.275967,212225400,0,1,98.359477
2007-11-23,49.8400,42.730358,46463300,0,1,99.416677
2007-11-26,48.9800,41.993038,150352100,0,1,97.701221
2007-11-27,49.9600,42.833244,211369300,0,1,99.656043
2007-11-28,51.4800,44.136402,216868100,0,1,102.688013
2007-11-29,51.7000,44.325035,172087300,0,1,103.126850
2007-11-30,51.3100,43.990688,171417400,0,1,102.348911
2007-12-03,50.8800,43.622025,108625700,0,1,101.491183
2007-12-04,50.6700,43.441967,113374100,0,1,101.072292
2007-12-05,51.5800,44.222157,137614200,0,1,102.887484
2007-12-06,52.3200,44.856590,99724500,0,1,104.363575
2007-12-07,52.3300,44.865173,88992300,0,1,104.383522
2007-12-10,52.5400,45.045200,75657900,0,1,104.802412
2007-12-11,51.3200,43.999237,167064300,0,1,102.368858
2007-12-12,51.7800,44.393620,162975200,0,1,103.286428
2007-12-13,51.5000,44.153545,153476200,0,1,102.727907
2007-12-14,50.9700,43.699162,128396700,0,1,101.670707
2007-12-17,49.7300,42.636055,134377000,0,1,99.197258
2007-12-18,49.8900,42.773224,154251700,0,1,99.516413
2007-12-19,49.8800,42.764656,137970900,0,1,99.496466
2007-12-20,50.9000,43.639141,167341700,0,1,101.531077
2007-12-21,51.8500,44.499973,107573500,0.053,1,103.531778
2007-12-24,52.2400,44.834686,34499800,0,1,104.310512
2007-12-26,52.5000,45.057800,58492100,0,1,104.829669
2007-12-27,51.8700,44.517132,65778900,0,1,103.571713
2007-12-28,51.8200,44.474213,67545400,0,1,103.471875
2007-12-31,51.2200,43.959259,70135600,0,1,102.273822
2008-01-02,50.4100,43.264103,152344100,0,1,100.656450
2008-01-03,50.6200,43.444332,114103700,0,1,101.075768
2008-01-04,48.4000,41.539017,212617600,0,1,96.642971
2008-01-07,48.1700,41.341610,235083600,0,1,96.183717
2008-01-08,46.9200,40.268826,261669800,0,1,93.687773
2008-01-09,47.9200,41.127064,254011800,0,1,95.684528
2008-01-10,47.9900,41.187157,249958500,0,1,95.824301
2008-01-11,47.0500,40.380383,211685200,0,1,93.947351
2008-01-14,47.8700,41.084164,168048500,0,1,95.584690
2008-01-15,46.5500,39.951271,241094900,0,1,92.948973
2008-01-16,46.0500,39.522152,265625900,0,1,91.950595
2008-01-17,45.4100,38.972889,254098800,0,1,90.672672
2008-01-18,45.3500,38.921368,273063300,0,1,90.552866
2008-01-22,44.1800,37.917236,325732000,0,1,88.216662
2008-01-23,44.0100,37.771328,390129000,0,1,87.877214
2008-01-24,44.9100,38.543755,250249100,0,1,89.674294
2008-01-25,43.9900,37.754169,199299100,0,1,87.837279
2008-01-28,44.3300,38.045971,163711200,0,1,88.516176
2008-01-29,44.4100,38.114632,138520000,0,1,88.675916
2008-01-30,44.3700,38.080296,220824400,0,1,88.596046
2008-01-31,45.1300,38.732571,246824100,0,1,90.113580
2008-02-01,45.5900,39.127357,161920300,0,1,91.032088
2008-02-04,44.9500,38.578091,100209900,0,1,89.754164
2008-02-05,43.6700,37.479530,188990400,0,1,87.198317
2008-02-06,42.8100,36.741440,178285000,0,1,85.481107
2008-02-07,43.1100,36.998920,286254800,0,1,86.080134
2008-02-08,43.6000,37.419464,173781300,0,1,87.058544
2008-02-11,44.0700,37.822826,119562300,0,1,87.997019
2008-02-12,43.8200,37.608276,145412400,0,1,87.497830
2008-02-13,44.7800,38.432178,148685900,0,1,89.414716
2008-02-14,43.9700,37.737011,170868900,0,1,87.797344
2008-02-15,43.8200,37.608276,100053300,0,1,87.497830
2008-02-19,43.7400,37.539619,110507600,0,1,87.338090
2008-02-20,43.9400,37.711254,137338800,0,1,87.737441
2008-02-21,43.5200,37.350815,127857000,0,1,86.898804
2008-02-22,43.6800,37.488121,157364700,0,1,87.218284
2008-02-25,43.9000,37.676929,121444300,0,1,87.657571
2008-02-26,44.0700,37.822826,148375900,0,1,87.997019
2008-02-27,44.2900,38.011642,125682600,0,1,88.436305
2008-02-28,44.1200,37.865738,129196700,0,1,88.096857
2008-02-29,42.9500,36.861580,188724500,0,1,85.760653
2008-03-03,42.6700,36.621277,132963800,0,1,85.201561
2008-03-04,42.9100,36.827263,183851000,0,1,85.680783
2008-03-05,43.1200,37.007488,183208300,0,1,86.100101
2008-03-06,42.1700,36.192162,152752200,0,1,84.203184
2008-03-07,42.0700,36.106354,242552400,0,1,84.003508
2008-03-10,41.2600,35.411152,146801900,0,1,82.386136
2008-03-11,42.8300,36.758606,196755300,0,1,85.521042
2008-03-12,42.7100,36.655624,155566100,0,1,85.281432
2008-03-13,43.0400,36.938843,208967900,0,1,85.940361
2008-03-14,42.2500,36.260822,309589800,0,1,84.362924
2008-03-17,41.4800,35.599968,193130600,0,1,82.825422
2008-03-18,43.3300,37.187721,216300400,0,1,86.519420
2008-03-19,42.2600,36.269398,216157200,0,1,84.382892
2008-03-20,43.0900,37.010643,128397000,0.033,1,86.106092
2008-03-24,44.5800,38.290447,125018000,0,1,89.083536
2008-03-25,44.8300,38.505161,118107500,0,1,89.583107
2008-03-26,44.7000,38.393505,124824600,0,1,89.323330
2008-03-27,43.7100,37.543167,143868600,0,1,87.345028
2008-03-28,43.4900,37.354221,111822300,0,1,86.905406
2008-03-31,43.7200,37.551765,113644800,0,1,87.365011
2008-04-01,45.5900,39.157940,137494400,0,1,91.101804
2008-04-02,45.4900,39.072052,132486800,0,1,90.901975
2008-04-03,45.5900,39.157940,140033800,0,1,91.101804
2008-04-04,45.8600,39.389847,139261000,0,1,91.641340
2008-04-07,45.7600,39.303944,102297100,0,1,91.441512
2008-04-08,45.4100,39.003334,97435200,0,1,90.742112
2008-04-09,44.9000,38.565296,127182300,0,1,89.722987
2008-04-10,45.5400,39.114998,112773800,0,1,91.001889
2008-04-11,44.2800,38.032753,120135400,0,1,88.484051
2008-04-14,44.0800,37.860970,89274600,0,1,88.084394
2008-04-15,44.1400,37.912518,124232300,0,1,88.204291
2008-04-16,45.3700,38.968971,134027900,0,1,90.662181
2008-04-17,45.2700,38.883080,124953100,0,1,90.462352
2008-04-18,46.7100,40.119926,133022500,0,1,93.339883
2008-04-21,47.0400,40.403351,83303200,0,1,93.999317
2008-04-22,46.3400,39.802132,104689600,0,1,92.600517
2008-04-23,46.8500,40.240166,131086200,0,1,93.619642
2008-04-24,47.2700,40.600925,166509000,0,1,94.458922
2008-04-25,47.1500,40.497841,121945400,0,1,94.219128
2008-04-28,47.2400,40.575146,71244000,0,1,94.398974
2008-04-29,47.6000,40.884342,91270600,0,1,95.118356
2008-04-30,47.2100,40.549370,132152700,0,1,94.339025
2008-05-01,48.7000,41.829163,143596900,0,1,97.316469
2008-05-02,48.7700,41.889286,124990000,0,1,97.456349
2008-05-05,48.6300,41.769043,75624700,0,1,97.176589
2008-05-06,48.9300,42.026718,139582600,0,1,97.776075
2008-05-07,48.0400,41.262280,140008300,0,1,95.997601
2008-05-08,48.4000,41.571476,128058700,0,1,96.716984
2008-05-09,48.2100,41.408298,97062000,0,1,96.337310
2008-05-12,49.0900,42.164131,89606500,0,1,98.095800
2008-05-13,49.2200,42.275810,85448100,0,1,98.355577
2008-05-14,49.1100,42.181320,143598200,0,1,98.135766
2008-05-15,49.9700,42.919987,157248900,0,1,99.854291
2008-05-16,50.0100,42.954350,146563200,0,1,99.934222
2008-05-19,49.6500,42.645134,140048700,0,1,99.214840
2008-05-20,49.2700,42.318752,137163700,0,1,98.455492
2008-05-21,48.1800,41.382523,192806700,0,1,96.277361
2008-05-22,48.3500,41.528549,153198200,0,1,96.617070
2008-05-23,48.2000,41.399708,121698400,0,1,96.317327
2008-05-27,49.0500,42.129772,106984300,0,1,98.015869
2008-05-28,49.2500,42.301559,121363000,0,1,98.415526
2008-05-29,49.6900,42.679485,143993000,0,1,99.294771
2008-05-30,50.0100,42.954350,94153600,0,1,99.934222
2008-06-02,49.4000,42.430397,144359900,0,1,98.715269
2008-06-03,49.1300,42.198494,167606900,0,1,98.175732
2008-06-04,49.7600,42.739620,174870800,0,1,99.434651
2008-06-05,50.5500,43.418148,126653700,0,1,101.013296
2008-06-06,49.0300,42.112614,189136000,0,1,97.975903
2008-06-09,48.7700,41.889286,208897300,0,1,97.456349
2008-06-10,48.5400,41.691738,162798500,0,1,96.996744
2008-06-11,47.3700,40.686817,170366900,0,1,94.658751
2008-06-12,47.4200,40.729759,189913200,0,1,94.758665
2008-06-13,48.3700,41.545712,167855000,0,1,96.657035
2008-06-16,48.8000,41.915051,136343900,0,1,97.516298
2008-06-17,48.5400,41.691738,122932000,0,1,96.996744
2008-06-18,48.0200,41.245102,169338100,0,1,95.957636
2008-06-19,48.7700,41.889286,221304200,0,1,97.456349
2008-06-20,47.4200,40.758171,197434200,0.034,1,94.826606
2008-06-23,47.0500,40.440151,131488800,0,1,94.086711
2008-06-24,46.8100,40.233860,178293800,0,1,93.606779
2008-06-25,47.5700,40.887089,179023400,0,1,95.126564
2008-06-26,45.6500,39.236835,190028300,0,1,91.287106
2008-06-27,45.6500,39.236835,181351800,0,1,91.287106
2008-06-30,45.1700,38.824257,132912400,0,1,90.327242
2008-07-01,45.8100,39.374352,245494300,0,1,91.607061
2008-07-02,44.7100,38.428886,199576400,0,1,89.407372
2008-07-03,44.6300,38.360134,123118300,0,1,89.247394
2008-07-07,44.9000,38.592209,181011300,0,1,89.787318
2008-07-08,45.9700,39.511875,206151200,0,1,91.927016
2008-07-09,44.7500,38.463280,168500300,0,1,89.487361
2008-07-10,45.2800,38.918793,238811500,0,1,90.547211
2008-07-11,44.5600,38.299957,265514700,0,1,89.107414
2008-07-14,44.2300,38.016308,177389800,0,1,88.447507
2008-07-15,44.2400,38.024914,283891100,0,1,88.467505
2008-07-16,45.3400,38.970367,186047800,0,1,90.667194
2008-07-17,45.6400,39.228218,197555100,0,1,91.267109
2008-07-18,44.5900,38.325741,160661000,0,1,89.167406
2008-07-21,44.7800,38.489063,128107800,0,1,89.547352
2008-07-22,44.7800,38.489063,152524500,0,1,89.547352
2008-07-23,45.3700,38.996170,169259100,0,1,90.727185
2008-07-24,44.6900,38.411682,145561000,0,1,89.367378
2008-07-25,45.2700,38.910210,111616700,0,1,90.527214
2008-07-28,44.4200,38.179619,124028500,0,1,88.827454
2008-07-29,45.3400,38.970367,142290900,0,1,90.667194
2008-07-30,45.5700,39.168060,165679900,0,1,91.127129
2008-07-31,45.4600,39.073517,180473100,0,1,90.907160
2008-08-01,44.8800,38.574993,180350400,0,1,89.747324
2008-08-04,44.4300,38.188232,116298000,0,1,88.847451
2008-08-05,45.9300,39.477486,151657400,0,1,91.847027
2008-08-06,46.6300,40.079147,133463700,0,1,93.246830
2008-08-07,46.2700,39.769699,152805800,0,1,92.526931
2008-08-08,47.3200,40.672199,143121500,0,1,94.626635
2008-08-11,47.7500,41.041809,157290100,0,1,95.486513
2008-08-12,47.8000,41.084770,140549300,0,1,95.586499
2008-08-13,47.7000,40.998817,169652100,0,1,95.386527
2008-08-14,48.2500,41.471565,158069200,0,1,96.486372
2008-08-15,48.1600,41.394207,123115900,0,1,96.306397
2008-08-18,47.6000,40.912884,151399100,0,1,95.186556
2008-08-19,47.0100,40.405773,155410600,0,1,94.006722
2008-08-20,47.0900,40.474522,155466700,0,1,94.166700
2008-08-21,46.8700,40.285442,118916200,0,1,93.726762
2008-08-22,47.4900,40.818336,96515500,0,1,94.966587
2008-08-25,46.4900,39.958824,128076500,0,1,92.966869
2008-08-26,46.4300,39.907234,107225500,0,1,92.846886
2008-08-27,46.7300,40.165115,108489900,0,1,93.446801
2008-08-28,47.1100,40.491722,112808600,0,1,94.206694
2008-08-29,46.1200,39.640793,133184300,0,1,92.226974
2008-09-02,45.5500,39.150871,162277500,0,1,91.087135
2008-09-03,45.1200,38.781303,161682900,0,1,90.227256
2008-09-04,43.6600,37.526382,219004700,0,1,87.307668
2008-09-05,43.4500,37.345894,247977500,0,1,86.887728
2008-09-08,43.3700,37.277134,311065100,0,1,86.727750
2008-09-09,42.4500,36.486362,214180600,0,1,84.888010
2008-09-10,42.8000,36.787205,160658100,0,1,85.587911
2008-09-11,43.6000,37.474819,203398200,0,1,87.187685
2008-09-12,43.4300,37.328705,172094300,0,1,86.847733
2008-09-15,42.0800,36.168369,616772300,0,1,84.148115
2008-09-16,42.4100,36.452007,349506500,0,1,84.808021
2008-09-17,40.2100,34.561077,340088000,0,1,80.408643
2008-09-18,41.5700,35.729988,423934000,0,1,83.128259
2008-09-19,42.9000,36.898003,263394000,0.028,1,85.843875
2008-09-22,40.8800,35.160622,164698200,0,1,81.801809
2008-09-23,40.5700,34.893986,184011200,0,1,81.181492
2008-09-24,40.8500,35.134823,159270800,0,1,81.741779
2008-09-25,41.5000,35.693878,148586800,0,1,83.042443
2008-09-26,41.0800,35.332649,182678600,0,1,82.202014
2008-09-29,37.8200,32.528748,307954400,0,1,75.678680
2008-09-30,38.9100,33.466255,195436700,0,1,77.859794
2008-10-01,38.5000,33.113605,174033300,0,1,77.039375
2008-10-02,36.7500,31.608450,192124000,0,1,73.537585
2008-10-03,36.1800,31.118187,272116100,0,1,72.397002
2008-10-06,34.8600,29.982874,394046600,0,1,69.755652
2008-10-07,32.6500,28.082064,329365700,0,1,65.333392
2008-10-08,32.3900,27.858433,452066500,0,1,64.813126
2008-10-09,31.5200,27.110149,352433900,0,1,63.072237
2008-10-10,31.3200,26.938128,472339100,0,1,62.672032
2008-10-13,35.1300,30.215076,276998700,0,1,70.295929
2008-10-14,33.6100,28.907745,341595900,0,1,67.254374
2008-10-15,30.6000,26.318865,312088500,0,1,61.231296
2008-10-16,32.2600,27.746624,494783500,0,1,64.552993
2008-10-17,32.3000,27.781013,326571300,0,1,64.633034
2008-10-20,33.2000,28.555128,232783400,0,1,66.433955
2008-10-21,31.4800,27.075743,239932400,0,1,62.992196
2008-10-22,30.6100,26.327465,289993600,0,1,61.251306
2008-10-23,30.4900,26.224255,377966900,0,1,61.011183
2008-10-24,29.5100,25.381365,322129500,0,1,59.050181
2008-10-27,28.6900,24.676081,239302300,0,1,57.409342
2008-10-28,31.8600,27.402584,327239500,0,1,63.752584
2008-10-29,31.7800,27.333771,341316000,0,1,63.592502
2008-10-30,32.8400,28.245480,255292100,0,1,65.713587
2008-10-31,32.8900,28.288483,224261000,0,1,65.813638
2008-11-03,32.8200,28.228277,128455500,0,1,65.673566
2008-11-04,33.7500,29.028172,182487600,0,1,67.534517
2008-11-05,31.9900,27.514393,183893900,0,1,64.012717
2008-11-06,30.5600,26.284454,220677200,0,1,61.151255
2008-11-07,31.1900,26.826323,176946200,0,1,62.411899
2008-11-10,30.7700,26.465080,142584500,0,1,61.571469
2008-11-11,30.1000,25.888823,162869800,0,1,60.230784
2008-11-12,28.7100,24.693295,184946400,0,1,57.449363
2008-11-13,30.4600,26.198456,317943900,0,1,60.951152
2008-11-14,28.9800,24.925520,259407000,0,1,57.989639
2008-11-17,28.3700,24.400858,202835200,0,1,56.769015
2008-11-18,28.3400,24.375050,252661800,0,1,56.708984
2008-11-19,26.8600,23.102114,244180600,0,1,53.747471
2008-11-20,25.5600,21.983988,342472400,0,1,51.146141
2008-11-21,26.6700,22.938694,282746800,0,1,53.367276
2008-11-24,28.3000,24.340643,225058200,0,1,56.628943
2008-11-25,28.1700,24.228832,202968700,0,1,56.368810
2008-11-26,29.3500,25.243742,164912000,0,1,58.730017
2008-11-28,29.1200,25.045931,41238200,0,1,58.269782
2008-12-01,26.9300,23.162319,149161500,0,1,53.887542
2008-12-02,27.8300,23.936407,181743000,0,1,55.688463
2008-12-03,28.6200,24.615877,230944900,0,1,57.269271
2008-12-04,27.8100,23.919205,188868700,0,1,55.648442
2008-12-05,28.9400,24.891113,212283700,0,1,57.909598
2008-12-08,30.0800,25.871613,185782500,0,1,60.190764
2008-12-09,30.0100,25.811411,178148300,0,1,60.050692
2008-12-10,29.9100,25.725399,162335100,0,1,59.850590
2008-12-11,29.0900,25.020121,167161400,0,1,58.209751
2008-12-12,29.6800,25.527576,158600100,0,1,59.390355
2008-12-15,29.1600,25.080330,107887000,0,1,58.349823
2008-12-16,30.5600,26.284454,169300100,0,1,61.151255
2008-12-17,30.1900,25.966228,159813500,0,1,60.410876
2008-12-18,29.6600,25.510376,142656400,0,1,59.350334
2008-12-19,29.8600,25.719687,118308900,0.043,1,59.836583
2008-12-22,29.2100,25.159805,95379600,0,1,58.534045
2008-12-23,29.0600,25.030609,68764800,0,1,58.233459
2008-12-24,29.1400,25.099514,27194700,0,1,58.393772
2008-12-26,29.1300,25.090899,20937000,0,1,58.373733
2008-12-29,28.8900,24.884184,52688300,0,1,57.892796
2008-12-30,29.4900,25.400988,77089500,0,1,59.095138
2008-12-31,29.7400,25.616320,89189700,0,1,59.596114
2009-01-02,31.0300,26.727448,107891500,0,1,62.181151
2009-01-05,31.0200,26.718840,91751900,0,1,62.161112
2009-01-06,31.3300,26.985859,136791700,0,1,62.782322
2009-01-07,30.4400,26.219257,133879800,0,1,60.998847
2009-01-08,30.7600,26.494890,131926600,0,1,61.640097
2009-01-09,30.0700,25.900566,117137900,0,1,60.257403
2009-01-12,29.5200,25.426826,102726200,0,1,59.155255
2009-01-13,29.5300,25.435446,186266700,0,1,59.175294
2009-01-14,28.6300,24.660231,136294000,0,1,57.371780
2009-01-15,29.1000,25.065069,192567200,0,1,58.313615
2009-01-16,29.4200,25.340693,175478100,0,1,58.954865
2009-01-20,27.9600,24.083130,135105800,0,1,56.029165
2009-01-21,29.1500,25.108131,149179600,0,1,58.413811
2009-01-22,28.7600,24.772205,200602700,0,1,57.632288
2009-01-23,28.9000,24.892794,170164100,0,1,57.912835
2009-01-26,29.1100,25.073677,140398700,0,1,58.333655
2009-01-27,29.3200,25.254557,110591300,0,1,58.754474
2009-01-28,30.3500,26.141739,139722800,0,1,60.818496
2009-01-29,29.5800,25.478504,130731800,0,1,59.275490
2009-01-30,29.0600,25.030609,140334200,0,1,58.233459
2009-02-02,29.4100,25.332088,126796100,0,1,58.934826
2009-02-03,29.8700,25.728302,120541100,0,1,59.856622
2009-02-04,29.9100,25.762747,175780900,0,1,59.936778
2009-02-05,30.5700,26.331232,217578900,0,1,61.259355
2009-02-06,31.3700,27.020306,164513200,0,1,62.862478
2009-02-09,31.5000,27.132282,98856900,0,1,63.122986
2009-02-10,30.3400,26.133129,232795200,0,1,60.798457
2009-02-11,30.2000,26.012543,169117200,0,1,60.517910
2009-02-12,30.5700,26.331232,201151400,0,1,61.259355
2009-02-13,30.4300,26.210655,145066700,0,1,60.978808
2009-02-17,29.2200,25.168421,157783300,0,1,58.554084
2009-02-18,29.2400,25.185652,161271900,0,1,58.594162
2009-02-19,28.7900,24.798038,155322400,0,1,57.692405
2009-02-20,28.8700,24.866951,210752400,0,1,57.852717
2009-02-23,27.8600,23.996998,169473500,0,1,55.828774
2009-02-24,28.7800,24.789434,181337300,0,1,57.672366
2009-02-25,28.5900,24.625778,220224700,0,1,57.291624
2009-02-26,27.7900,23.936701,211218500,0,1,55.688501
2009-02-27,27.5300,23.712753,204492600,0,1,55.167486
2009-03-02,26.6400,22.946159,188180400,0,1,53.384011
2009-03-03,26.6200,22.928934,158758800,0,1,53.343933
2009-03-04,27.3300,23.540482,164911000,0,1,54.766705
2009-03-05,26.5100,22.834185,199626900,0,1,53.123503
2009-03-06,26.3000,22.653305,218421600,0,1,52.702683
2009-03-09,25.7400,22.170950,181098800,0,1,51.580497
2009-03-10,27.3300,23.540482,175068200,0,1,54.766705
2009-03-11,27.7500,23.902245,173094900,0,1,55.608345
2009-03-12,28.6700,24.694687,184395100,0,1,57.451937
2009-03-13,28.7400,24.754978,156783500,0,1,57.592210
2009-03-16,28.2600,24.341532,190269800,0,1,56.630336
2009-03-17,29.3300,25.263174,169773800,0,1,58.774513
2009-03-18,29.7000,25.581865,208033900,0,1,59.515958
2009-03-19,29.6800,25.564644,146753400,0,1,59.475880
2009-03-20,29.1800,25.175535,149410800,0.049,1,58.572119
2009-03-23,30.9000,26.659491,179499000,0,1,62.024622
2009-03-24,30.3300,26.167713,118757600,0,1,60.880479
2009-03-25,30.4700,26.288506,190555200,0,1,61.161497
2009-03-26,31.4100,27.099504,182459500,0,1,63.048330
2009-03-27,30.8200,26.590475,156108100,0,1,61.864041
2009-03-30,30.0600,25.934769,162919700,0,1,60.338516
2009-03-31,30.3200,26.159088,150243800,0,1,60.860406
2009-04-01,30.7700,26.547335,137950000,0,1,61.763677
2009-04-02,31.7600,27.401461,212272400,0,1,63.750874
2009-04-03,32.3500,27.910501,134577300,0,1,64.935163
2009-04-06,32.2700,27.841486,160413700,0,1,64.774581
2009-04-07,31.4200,27.108131,147531200,0,1,63.068402
2009-04-08,31.9500,27.565392,126126000,0,1,64.132255
2009-04-09,32.9400,28.419525,131871500,0,1,66.119452
2009-04-13,32.8900,28.376408,119310500,0,1,66.019088
2009-04-14,32.4900,28.031286,124069000,0,1,65.216181
2009-04-15,32.4000,27.953638,124808200,0,1,65.035526
2009-04-16,33.2400,28.678375,171168000,0,1,66.721633
2009-04-17,33.3100,28.738758,129835400,0,1,66.862141
2009-04-20,32.2400,27.815594,123080500,0,1,64.714363
2009-04-21,32.6900,28.203848,145490200,0,1,65.617634
2009-04-22,32.7900,28.290127,165040500,0,1,65.818361
2009-04-23,33.1100,28.566198,181666600,0,1,66.460688
2009-04-24,33.6900,29.066599,141170000,0,1,67.624904
2009-04-27,33.7300,29.101112,120749100,0,1,67.705195
2009-04-28,33.4800,28.885426,108968000,0,1,67.203377
2009-04-29,33.9400,29.282299,141413600,0,1,68.126721
2009-04-30,34.2800,29.575638,144120400,0,1,68.809193
2009-05-01,34.3700,29.653288,100112000,0,1,68.989847
2009-05-04,35.0500,30.239956,119317400,0,1,70.354790
2009-05-05,35.0200,30.214090,113569500,0,1,70.294572
2009-05-06,35.0300,30.222719,178840500,0,1,70.314645
2009-05-07,34.2100,29.515244,216484700,0,1,68.668684
2009-05-08,34.2300,29.532495,183507300,0,1,68.708829
2009-05-11,34.3500,29.636034,142775900,0,1,68.949702
2009-05-12,33.9300,29.273687,147842200,0,1,68.106648
2009-05-13,33.0200,28.488554,175548300,0,1,66.280033
2009-05-14,33.3900,28.807785,140021700,0,1,67.022723
2009-05-15,33.3700,28.790525,121326400,0,1,66.982578
2009-05-18,34.2400,29.541130,114333400,0,1,68.728902
2009-05-19,34.4000,29.679186,129086400,0,1,69.050065
2009-05-20,34.2800,29.575638,131873700,0,1,68.809193
2009-05-21,33.6500,29.032106,139253200,0,1,67.544613
2009-05-22,33.5400,28.937197,83510600,0,1,67.323813
2009-05-26,34.7900,30.015659,144857200,0,1,69.832900
2009-05-27,34.5500,29.808590,121348800,0,1,69.351155
2009-05-28,34.9500,30.153700,118931300,0,1,70.154063
2009-05-29,35.3800,30.524681,111535700,0,1,71.017189
2009-06-01,36.3900,31.396076,119126200,0,1,73.044531
2009-06-02,36.4400,31.439201,126858600,0,1,73.144894
2009-06-03,36.3300,31.344303,93329800,0,1,72.924095
2009-06-04,36.7400,31.698053,89280600,0,1,73.747075
2009-06-05,36.7800,31.732567,121958800,0,1,73.827366
2009-06-08,36.6700,31.637651,89194100,0,1,73.606566
2009-06-09,36.9500,31.879238,109187800,0,1,74.168602
2009-06-10,36.8200,31.767069,133404700,0,1,73.907657
2009-06-11,36.8200,31.767069,147909800,0,1,73.907657
2009-06-12,36.6500,31.620413,109452500,0,1,73.566421
2009-06-15,35.9000,30.973322,112152900,0,1,72.060969
2009-06-16,35.5500,30.671358,110550300,0,1,71.358425
2009-06-17,35.8900,30.964699,153421800,0,1,72.040896
2009-06-18,35.8200,30.904303,126266700,0,1,71.900387
2009-06-19,36.1600,31.236004,122044700,0.044,1,72.671179
2009-06-22,35.0800,30.303099,137714900,0,1,70.500690
2009-06-23,35.0000,30.233965,114903100,0,1,70.339913
2009-06-24,35.5900,30.743633,103314600,0,1,71.525643
2009-06-25,36.2900,31.348316,112538200,0,1,72.932441
2009-06-26,36.3700,31.417427,87677300,0,1,73.093218
2009-06-29,36.4500,31.486507,93817600,0,1,73.253995
2009-06-30,36.3800,31.426069,97843000,0,1,73.113316
2009-07-01,36.4000,31.443336,85976000,0,1,73.153510
2009-07-02,35.6000,30.752279,113309800,0,1,71.545740
2009-07-06,35.4100,30.588140,107632500,0,1,71.163895
2009-07-07,34.5300,29.827978,149773000,0,1,69.395349
2009-07-08,34.7100,29.983461,152776400,0,1,69.757097
2009-07-09,34.7700,30.035290,97851500,0,1,69.877680
2009-07-10,34.9200,30.164856,108482000,0,1,70.179136
2009-07-13,35.5900,30.743633,127140300,0,1,71.525643
2009-07-14,35.7200,30.855928,115631700,0,1,71.786906
2009-07-15,36.9200,31.892538,160869700,0,1,74.198560
2009-07-16,37.3600,32.272610,120142500,0,1,75.082833
2009-07-17,37.5600,32.445366,104906500,0,1,75.484775
2009-07-20,37.9200,32.756340,97168800,0,1,76.208272
2009-07-21,38.1800,32.980942,130587600,0,1,76.730797
2009-07-22,38.5000,33.257381,113808600,0,1,77.373905
2009-07-23,39.3500,33.991631,160239300,0,1,79.082160
2009-07-24,39.0500,33.732487,109312300,0,1,78.479246
2009-07-27,39.3500,33.991631,94718600,0,1,79.082160
2009-07-28,39.0800,33.758400,111564300,0,1,78.539537
2009-07-29,39.3400,33.982983,126538200,0,1,79.062062
2009-07-30,39.5700,34.181656,108969900,0,1,79.524296
2009-07-31,39.4500,34.078007,78208300,0,1,79.283131
2009-08-03,40.0400,34.587666,111722800,0,1,80.468861
2009-08-04,40.0400,34.587666,100690800,0,1,80.468861
2009-08-05,39.7300,34.319870,118093000,0,1,79.845850
2009-08-06,39.3800,34.017544,116937500,0,1,79.142451
2009-08-07,39.8800,34.449455,107442100,0,1,80.147307
2009-08-10,39.6000,34.207577,87163200,0,1,79.584588
2009-08-11,39.2600,33.913883,91922700,0,1,78.901286
2009-08-12,39.8700,34.440800,147240000,0,1,80.127210
2009-08-13,40.0900,34.630848,110107000,0,1,80.569346
2009-08-14,39.6300,34.233494,124480200,0,1,79.644879
2009-08-17,38.4800,33.240101,131797200,0,1,77.333710
2009-08-18,39.0300,33.715202,84496200,0,1,78.439052
2009-08-19,39.3000,33.948448,88036300,0,1,78.981674
2009-08-20,39.7600,34.345798,81473500,0,1,79.906141
2009-08-21,40.2900,34.803619,114660200,0,1,80.971289
2009-08-24,40.2500,34.769070,109904900,0,1,80.890900
2009-08-25,40.3700,34.872719,92900400,0,1,81.132066
2009-08-26,40.3000,34.812260,96407500,0,1,80.991386
2009-08-27,40.4000,34.898647,121957800,0,1,81.192357
2009-08-28,40.4400,34.933193,114300900,0,1,81.272745
2009-08-31,40.0300,34.579021,96415300,0,1,80.448764
2009-09-01,39.2800,33.931149,162958900,0,1,78.941480
2009-09-02,39.2500,33.905235,92757200,0,1,78.881188
2009-09-03,39.5100,34.129826,76783100,0,1,79.403713
2009-09-04,40.3600,34.864109,74866600,0,1,81.111969
2009-09-08,40.7400,35.192348,71024400,0,1,81.875659
2009-09-09,41.0900,35.494671,99280800,0,1,82.579058
2009-09-10,41.4800,35.831581,99289100,0,1,83.362846
2009-09-11,41.5200,35.866146,93868400,0,1,83.443234
2009-09-14,41.6800,36.004341,90435600,0,1,83.764788
2009-09-15,41.8100,36.116642,91594600,0,1,84.026051
2009-09-16,42.4200,36.643570,96888500,0,1,85.251975
2009-09-17,42.4100,36.634949,102169600,0,1,85.231878
2009-09-18,42.4400,36.696316,87444200,0.041,1,85.374567
2009-09-21,42.5700,36.808735,71351400,0,1,85.636082
2009-09-22,42.6500,36.877903,75638400,0,1,85.797014
2009-09-23,42.4500,36.704975,143924100,0,1,85.394684
2009-09-24,42.0700,36.376415,111016400,0,1,84.630256
2009-09-25,41.7000,36.056484,109216000,0,1,83.885944
2009-09-28,42.4100,36.670387,84478500,0,1,85.314218
2009-09-29,42.2200,36.506104,106686400,0,1,84.932004
2009-09-30,42.2500,36.532055,173102700,0,1,84.992353
2009-10-01,41.0000,35.451218,140119100,0,1,82.477786
2009-10-02,40.8800,35.347450,145286400,0,1,82.236388
2009-10-05,41.2100,35.632793,97054200,0,1,82.900234
2009-10-06,41.9400,36.264008,124628000,0,1,84.368741
2009-10-07,42.0600,36.367764,93787600,0,1,84.610139
2009-10-08,42.2400,36.523407,107850400,0,1,84.972237
2009-10-09,42.4800,36.730923,62828000,0,1,85.455033
2009-10-12,42.5700,36.808735,53221900,0,1,85.636082
2009-10-13,42.5800,36.817375,70939300,0,1,85.656199
2009-10-14,43.1600,37.318886,91004900,0,1,86.822958
2009-10-15,43.0600,37.232422,85772800,0,1,86.621792
2009-10-16,42.7800,36.990311,111859300,0,1,86.058529
2009-10-19,43.2100,37.362114,83512000,0,1,86.923540
2009-10-20,43.2200,37.370750,89847900,0,1,86.943657
2009-10-21,43.1400,37.301575,110397400,0,1,86.782725
2009-10-22,43.3100,37.448582,85871800,0,1,87.124706
2009-10-23,43.1300,37.292965,117020400,0,1,86.762608
2009-10-26,42.9900,37.171890,107068600,0,1,86.480977
2009-10-27,42.3400,36.609879,121438200,0,1,85.173402
2009-10-28,41.3900,35.788441,143553600,0,1,83.262331
2009-10-29,42.0900,36.393700,85207600,0,1,84.670489
2009-10-30,40.9600,35.416630,162796500,0,1,82.397320
2009-11-02,41.1300,35.563629,142456600,0,1,82.739301
2009-11-03,41.2600,35.676010,95107000,0,1,83.000816
2009-11-04,41.3300,35.736557,107970600,0,1,83.141632
2009-11-05,42.3500,36.618488,135204800,0,1,85.193518
2009-11-06,42.6000,36.834667,96312300,0,1,85.696432
2009-11-09,43.5100,37.621540,101620800,0,1,87.527036
2009-11-10,43.6200,37.716625,72846500,0,1,87.748318
2009-11-11,43.9000,37.958740,84676200,0,1,88.311581
2009-11-12,43.6500,37.742554,92426100,0,1,87.808668
2009-11-13,44.0100,38.053864,87959500,0,1,88.532863
2009-11-16,44.4600,38.442947,87776100,0,1,89.438107
2009-11-17,44.6000,38.564011,81884000,0,1,89.719738
2009-11-18,44.3500,38.347820,100240800,0,1,89.216825
2009-11-19,43.6600,37.751217,114558000,0,1,87.828784
2009-11-20,43.4400,37.560989,70912100,0,1,87.386221
2009-11-23,44.1400,38.166275,91621500,0,1,88.794378
2009-11-24,43.9900,38.036564,60670000,0,1,88.492630
2009-11-25,44.1800,38.200848,37630100,0,1,88.874844
2009-11-27,43.5100,37.621540,61230000,0,1,87.527036
2009-11-30,43.5600,37.664738,84819400,0,1,87.627619
2009-12-01,44.0100,38.053864,81817800,0,1,88.532863
2009-12-02,44.0700,38.105740,81653600,0,1,88.653562
2009-12-03,43.8900,37.950104,72460400,0,1,88.291465
2009-12-04,44.1200,38.148968,125062600,0,1,88.754145
2009-12-07,43.9100,37.967377,67471900,0,1,88.331698
2009-12-08,43.6400,37.733917,86621400,0,1,87.788551
2009-12-09,44.0800,38.114384,78820500,0,1,88.673679
2009-12-10,44.3000,38.304604,76722400,0,1,89.116242
2009-12-11,44.1300,38.157619,66643700,0,1,88.774261
2009-12-14,44.5500,38.520760,47965500,0,1,89.619156
2009-12-15,44.3000,38.304604,61171100,0,1,89.116242
2009-12-16,44.3600,38.356499,61629700,0,1,89.236942
2009-12-17,43.8200,37.889576,90440900,0,1,88.150649
2009-12-18,44.4600,38.507092,96442600,0.073,1,89.584958
2009-12-21,44.9600,38.940151,82357400,0,1,90.592436
2009-12-22,45.2300,39.174011,51569100,0,1,91.136474
2009-12-23,45.5600,39.459808,73932200,0,1,91.801410
2009-12-24,45.9800,39.823578,31770400,0,1,92.647691
2009-12-28,46.2200,40.031441,49381400,0,1,93.131281
2009-12-29,46.0300,39.866875,32410200,0,1,92.748439
2009-12-30,46.1700,39.988140,57612700,0,1,93.030533
2009-12-31,45.7500,39.624371,50079200,0,1,92.184251
2010-01-04,46.4200,40.204666,62822800,0,1,93.534272
2010-01-05,46.4200,40.204666,62935600,0,1,93.534272
2010-01-06,46.1400,39.962158,96033000,0,1,92.970084
2010-01-07,46.1700,39.988140,77094100,0,1,93.030533
2010-01-08,46.5500,40.317265,88886600,0,1,93.796216
2010-01-11,46.3600,40.152706,104673400,0,1,93.413375
2010-01-12,45.7800,39.650352,90673900,0,1,92.244700
2010-01-13,46.3500,40.144032,100661000,0,1,93.393225
2010-01-14,46.3900,40.178684,75209000,0,1,93.473823
2010-01-15,45.8500,39.710983,126849300,0,1,92.385747
2010-01-19,46.5900,40.351910,84388200,0,1,93.876815
2010-01-20,45.9200,39.771603,145680000,0,1,92.526794
2010-01-21,45.4900,39.399181,204939600,0,1,91.660363
2010-01-22,44.1600,38.247265,171098700,0,1,88.980471
2010-01-25,44.3100,38.377174,154218700,0,1,89.282714
2010-01-26,44.3500,38.411812,140816500,0,1,89.363312
2010-01-27,44.7000,38.714962,161632700,0,1,90.068547
2010-01-28,43.5500,37.718941,221439800,0,1,87.751347
2010-01-29,42.7900,37.060696,212099600,0,1,86.219981
2010-02-01,43.2600,37.467785,136827100,0,1,87.167010
2010-02-02,43.6500,37.805534,110727700,0,1,87.952843
2010-02-03,43.8900,38.013432,93581600,0,1,88.436433
2010-02-04,42.6200,36.913452,151652500,0,1,85.877438
2010-02-05,42.9800,37.225266,213618600,0,1,86.602822
2010-02-08,42.6700,36.956757,94354400,0,1,85.978186
2010-02-09,43.1100,37.337864,118956000,0,1,86.864767
2010-02-10,43.0200,37.259903,94102900,0,1,86.683421
2010-02-11,43.6700,37.822857,93050800,0,1,87.993142
2010-02-12,43.7600,37.900814,93938500,0,1,88.174488
2010-02-16,44.3200,38.385830,83861400,0,1,89.302864
2010-02-17,44.5700,38.602364,82691700,0,1,89.806603
2010-02-18,44.8500,38.844872,65752600,0,1,90.370791
2010-02-19,44.8300,38.827553,80416500,0,1,90.330491
2010-02-22,44.7400,38.749611,72055000,0,1,90.149145
2010-02-23,44.1600,38.247265,95814400,0,1,88.980471
2010-02-24,44.6100,38.637016,86591000,0,1,89.887201
2010-02-25,44.6000,38.628365,97961300,0,1,89.867052
2010-02-26,44.7600,38.766930,66222400,0,1,90.189445
2010-03-01,45.4100,39.329880,77290100,0,1,91.499166
2010-03-02,45.5500,39.451157,76368500,0,1,91.781260
2010-03-03,45.6000,39.494453,65735500,0,1,91.882008
2010-03-04,45.7500,39.624371,54470900,0,1,92.184251
2010-03-05,46.4400,40.221985,68136300,0,1,93.574571
2010-03-08,46.5300,40.299931,58712400,0,1,93.755917
2010-03-09,46.7900,40.525116,98002800,0,1,94.279806
2010-03-10,47.1700,40.854252,102578900,0,1,95.045489
2010-03-11,47.3500,41.010147,67510300,0,1,95.408181
2010-03-12,47.3600,41.018818,64068300,0,1,95.428331
2010-03-15,47.2400,40.914871,60150500,0,1,95.186536
2010-03-16,47.5400,41.174709,74950600,0,1,95.791023
2010-03-17,47.6700,41.287292,75643500,0,1,96.052967
2010-03-18,47.8300,41.425888,77829400,0,1,96.375360
2010-03-19,47.4900,41.175301,86337100,0.051,1,95.793038
2010-03-22,47.9200,41.548126,71902800,0,1,96.660400
2010-03-23,48.2500,41.834229,59182600,0,1,97.326049
2010-03-24,48.0200,41.634827,62995700,0,1,96.862112
2010-03-25,47.9500,41.574146,76294800,0,1,96.720913
2010-03-26,48.0000,41.617489,78067900,0,1,96.821769
2010-03-29,48.2300,41.816910,57993300,0,1,97.285707
2010-03-30,48.3900,41.955635,49437300,0,1,97.608446
2010-03-31,48.1600,41.756233,59947400,0,1,97.144509
2010-04-01,48.1600,41.756233,83728600,0,1,97.144509
2010-04-05,48.6100,42.146385,56220300,0,1,98.052213
2010-04-06,48.7500,42.267780,54097100,0,1,98.334610
2010-04-07,48.6300,42.163715,77211500,0,1,98.092555
2010-04-08,48.7400,42.259090,68314300,0,1,98.314438
2010-04-09,49.0300,42.510540,54227300,0,1,98.899403
2010-04-12,49.0700,42.545212,44280600,0,1,98.980088
2010-04-13,49.3200,42.761959,59376000,0,1,99.484368
2010-04-14,49.9100,43.273518,69004800,0,1,100.674469
2010-04-15,50.1300,43.464268,72254200,0,1,101.118235
2010-04-16,49.5300,42.944057,127388000,0,1,99.907963
2010-04-19,49.5000,42.918034,98251700,0,1,99.847450
2010-04-20,49.7500,43.134796,69543700,0,1,100.351730
2010-04-21,50.0300,43.377571,74748700,0,1,100.916523
2010-04-22,50.3100,43.620323,110477200,0,1,101.481317
2010-04-23,50.5200,43.802406,77205200,0,1,101.904912
2010-04-26,50.4100,43.707024,67361000,0,1,101.683029
2010-04-27,49.3400,42.779301,112608000,0,1,99.524710
2010-04-28,49.3700,42.805332,130082100,0,1,99.585224
2010-04-29,50.2300,43.550980,84180200,0,1,101.319947
2010-04-30,49.2400,42.692616,110897000,0,1,99.322998
2010-05-03,49.9300,43.290855,74169700,0,1,100.714811
2010-05-04,48.4300,41.990303,141136500,0,1,97.689131
2010-05-05,48.1800,41.773563,128560200,0,1,97.184851
2010-05-06,46.5700,40.377628,274356800,0,1,93.937287
2010-05-07,45.4100,39.371868,288200400,0,1,91.597428
2010-05-10,47.7700,41.418087,136041600,0,1,96.357832
2010-05-11,47.7200,41.374718,113016100,0,1,96.256976
2010-05-12,48.6200,42.155041,85462400,0,1,98.072384
2010-05-13,47.8500,41.487438,102844300,0,1,96.519201
2010-05-14,46.9300,40.689770,147386100,0,1,94.663451
2010-05-17,47.0800,40.819832,120969600,0,1,94.966019
2010-05-18,46.4300,40.256260,153072100,0,1,93.654891
2010-05-19,46.0600,39.935444,159000300,0,1,92.908556
2010-05-20,44.3500,38.452816,189289800,0,1,89.459281
2010-05-21,44.8400,38.877674,190631100,0,1,90.447670
2010-05-24,44.6600,38.721603,113038000,0,1,90.084588
2010-05-25,44.7000,38.756298,155643000,0,1,90.165273
2010-05-26,44.2000,38.322784,140203200,0,1,89.156713
2010-05-27,45.8700,39.770706,110671600,0,1,92.525303
2010-05-28,45.6000,39.536606,128535300,0,1,91.980681
2010-06-01,45.1800,39.172459,104242700,0,1,91.133490
2010-06-02,46.2500,40.100193,97249300,0,1,93.291809
2010-06-03,46.6900,40.481674,98928400,0,1,94.179342
2010-06-04,45.0900,39.094429,112849900,0,1,90.951950
2010-06-07,44.2700,38.383461,88436600,0,1,89.297911
2010-06-08,44.1900,38.314102,133030100,0,1,89.136541
2010-06-09,43.8200,37.993305,101949200,0,1,88.390207
2010-06-10,45.0700,39.077080,76892300,0,1,90.911607
2010-06-11,45.5000,39.449917,74346800,0,1,91.778969
2010-06-14,45.4900,39.441250,68085000,0,1,91.758798
2010-06-15,46.7100,40.499035,76332600,0,1,94.219684
2010-06-16,46.9000,40.663757,78399700,0,1,94.602937
2010-06-17,47.0500,40.793827,77111900,0,1,94.905505
2010-06-18,47.0000,40.827690,75921400,0.089,1,94.984173
2010-06-21,46.6000,40.480213,95488100,0,1,94.175797
2010-06-22,46.2400,40.167488,94493400,0,1,93.448259
2010-06-23,46.0500,40.002457,92397600,0,1,93.064280
2010-06-24,45.3500,39.394382,114145900,0,1,91.649622
2010-06-25,45.2700,39.402218,88740300,0.089,1,91.667811
2010-06-28,45.1100,39.262951,71350000,0,1,91.343824
2010-06-29,43.3700,37.748478,136384200,0,1,87.820476
2010-06-30,42.7100,37.174030,101313200,0,1,86.484033
2010-07-01,42.5900,37.069595,158695000,0,1,86.241044
2010-07-02,42.4700,36.965137,78565300,0,1,85.998054
2010-07-06,42.6000,37.078289,88591900,0,1,86.261293
2010-07-07,43.9600,38.262012,72448400,0,1,89.015175
2010-07-08,44.2000,38.470909,78264600,0,1,89.501154
2010-07-09,44.6200,38.836456,47851200,0,1,90.351617
2010-07-12,44.7500,38.949608,60927500,0,1,90.614856
2010-07-13,45.3300,39.454437,93310500,0,1,91.789305
2010-07-14,45.5600,39.654610,87687100,0,1,92.255035
2010-07-15,45.6000,39.689434,95992500,0,1,92.336032
2010-07-16,44.3400,38.592770,98831900,0,1,89.784642
2010-07-19,44.7200,38.923496,81800800,0,1,90.554108
2010-07-20,45.2600,39.393501,89061200,0,1,91.647561
2010-07-21,44.6400,38.853882,83577000,0,1,90.392115
2010-07-22,45.7700,39.837414,82890300,0,1,92.680267
2010-07-23,46.0600,40.089821,81056100,0,1,93.267492
2010-07-26,46.4400,40.420547,64850900,0,1,94.036959
2010-07-27,46.4200,40.403156,67655600,0,1,93.996461
2010-07-28,46.0500,40.081104,51988200,0,1,93.247243
2010-07-29,45.7100,39.785183,85669500,0,1,92.558772
2010-07-30,45.8100,39.872211,98958100,0,1,92.761264
2010-08-02,46.6700,40.620758,68706800,0,1,94.502689
2010-08-03,46.4700,40.446667,60856600,0,1,94.097706
2010-08-04,46.9400,40.855747,43820600,0,1,95.049415
2010-08-05,46.8300,40.760010,39150200,0,1,94.826675
2010-08-06,46.7600,40.699085,71339200,0,1,94.684931
2010-08-09,47.0800,40.977608,26927600,0,1,95.332903
2010-08-10,46.6700,40.620758,86694500,0,1,94.502689
2010-08-11,45.4000,39.515369,92219700,0,1,91.931049
2010-08-12,45.0400,39.202015,66000200,0,1,91.202081
2010-08-13,44.7200,38.923496,46387300,0,1,90.554108
2010-08-16,44.8000,38.993130,55472900,0,1,90.716101
2010-08-17,45.3700,39.489262,56927100,0,1,91.870302
2010-08-18,45.5500,39.645912,61835400,0,1,92.234786
2010-08-19,44.8600,39.045357,82969500,0,1,90.837596
2010-08-20,44.9200,39.097569,65806700,0,1,90.959091
2010-08-23,44.4800,38.714622,69612200,0,1,90.068129
2010-08-24,43.6500,37.992191,79095800,0,1,88.387452
2010-08-25,44.0700,38.357773,87247900,0,1,89.237915
2010-08-26,43.5400,37.896439,91199000,0,1,88.164711
2010-08-27,44.0700,38.357773,109568800,0,1,89.237915
2010-08-30,43.6100,37.957371,49373200,0,1,88.306455
2010-08-31,43.4600,37.826817,72066900,0,1,88.002718
2010-09-01,44.7600,38.958324,83523100,0,1,90.635105
2010-09-02,45.2600,39.393501,41816800,0,1,91.647561
2010-09-03,46.0100,40.046291,64041100,0,1,93.166246
2010-09-07,45.7000,39.776474,51195200,0,1,92.538523
2010-09-08,46.2500,40.255180,66879800,0,1,93.652225
2010-09-09,46.4300,40.411842,61476400,0,1,94.016710
2010-09-10,46.6000,40.559807,66995700,0,1,94.360945
2010-09-13,47.2500,41.125565,64523400,0,1,95.677138
2010-09-14,47.4500,41.299637,91405800,0,1,96.082121
2010-09-15,47.7500,41.560753,67108200,0,1,96.689595
2010-09-16,47.9400,41.726139,66885800,0,1,97.074328
2010-09-17,47.9900,41.867466,76372600,0.112,1,97.402364
2010-09-20,48.8300,42.600300,84475000,0,1,99.107261
2010-09-21,48.8200,42.591579,82272000,0,1,99.086964
2010-09-22,48.6900,42.478165,88315900,0,1,98.823111
2010-09-23,48.6700,42.460724,85040000,0,1,98.782518
2010-09-24,49.6600,43.324406,79495900,0,1,100.791861
2010-09-27,49.3900,43.088867,43859800,0,1,100.243858
2010-09-28,49.3700,43.071404,104922900,0,1,100.203266
2010-09-29,49.2900,43.001606,81679200,0,1,100.040895
2010-09-30,49.0700,42.809669,122458600,0,1,99.594374
2010-10-01,49.0100,42.757328,77675400,0,1,99.472596
2010-10-04,48.4800,42.294941,71359900,0,1,98.396887
2010-10-05,49.6600,43.324406,99301300,0,1,100.791861
2010-10-06,49.2300,42.949276,81831200,0,1,99.919116
2010-10-07,49.4100,43.106297,75693300,0,1,100.284451
2010-10-08,49.7500,43.402935,83223900,0,1,100.974528
2010-10-11,49.7700,43.420387,46880000,0,1,101.015121
2010-10-12,50.1100,43.716980,88571700,0,1,101.705198
2010-10-13,50.5200,44.074688,71122900,0,1,102.537350
2010-10-14,50.4200,43.987457,68464000,0,1,102.334386
2010-10-15,51.4900,44.920925,104654000,0,1,104.506100
2010-10-18,51.3000,44.755165,72399400,0,1,104.120468
2010-10-19,50.8200,44.336403,105739800,0,1,103.146242
2010-10-20,51.1900,44.659199,80861400,0,1,103.897208
2010-10-21,51.2900,44.746437,85885400,0,1,104.100172
2010-10-22,51.6400,45.051811,47406900,0,1,104.810546
2010-10-25,51.8900,45.269909,51413900,0,1,105.317955
2010-10-26,52.0300,45.392036,60498300,0,1,105.602105
2010-10-27,52.1900,45.531620,57483400,0,1,105.926847
2010-10-28,52.3000,45.627602,61220000,0,1,106.150107
2010-10-29,52.1800,45.522911,46668700,0,1,105.906551
2010-11-01,52.2200,45.557816,60555600,0,1,105.987736
2010-11-02,52.7800,46.046349,48137500,0,1,107.124334
2010-11-03,53.0200,46.255741,126225800,0,1,107.611447
2010-11-04,53.6700,46.822803,84201000,0,1,108.930712
2010-11-05,53.6700,46.822803,77937100,0,1,108.930712
2010-11-08,53.7400,46.883877,39623500,0,1,109.072787
2010-11-09,53.4500,46.630871,66828700,0,1,108.484192
2010-11-10,53.7200,46.866440,83553700,0,1,109.032194
2010-11-11,53.3800,46.569824,85163600,0,1,108.342117
2010-11-12,52.5100,45.810806,99164300,0,1,106.576331
2010-11-15,52.3100,45.636318,56723400,0,1,106.170404
2010-11-16,51.4500,44.886040,101097000,0,1,104.424914
2010-11-17,51.6000,45.016891,77836200,0,1,104.729360
2010-11-18,52.4300,45.741024,71488300,0,1,106.413960
2010-11-19,52.4700,45.775909,54506100,0,1,106.495146
2010-11-22,52.9100,46.159760,69918900,0,1,107.388187
2010-11-23,52.0700,45.426933,76818300,0,1,105.683290
2010-11-24,53.1200,46.342979,53444200,0,1,107.814411
2010-11-26,52.7700,46.037643,23640300,0,1,107.104037
2010-11-29,52.7300,46.002739,89269100,0,1,107.022852
2010-11-30,52.0900,45.444393,118862100,0,1,105.723883
2010-12-01,53.1900,46.404045,81758800,0,1,107.956486
2010-12-02,53.7300,46.875160,56844600,0,1,109.052491
2010-12-03,53.8700,46.997288,38014200,0,1,109.336640
2010-12-06,53.8500,46.979847,39312000,0,1,109.296047
2010-12-07,53.8800,47.006023,59067300,0,1,109.356936
2010-12-08,54.0800,47.180508,48066900,0,1,109.762864
2010-12-09,54.1300,47.224140,51679800,0,1,109.864346
2010-12-10,54.4900,47.538204,44696200,0,1,110.595016
2010-12-13,54.3000,47.372452,53110200,0,1,110.209385
2010-12-14,54.4000,47.459675,69884800,0,1,110.412349
2010-12-15,54.1600,47.250313,76951900,0,1,109.925235
2010-12-16,54.5800,47.616707,65519400,0,1,110.777684
2010-12-17,54.5200,47.658684,36844200,0.108,1,110.875106
2010-12-20,54.5600,47.693626,48159600,0,1,110.956453
2010-12-21,54.8900,47.982128,35775400,0,1,111.627560
2010-12-22,54.8800,47.973385,35766500,0,1,111.607224
2010-12-23,54.7400,47.850994,21664800,0,1,111.322511
2010-12-27,54.7700,47.877209,29263700,0,1,111.383521
2010-12-28,54.6700,47.789791,24160500,0,1,111.180155
2010-12-29,54.7900,47.894699,24132700,0,1,111.424194
2010-12-30,54.6600,47.781048,27553300,0,1,111.159819
2010-12-31,54.4600,47.606228,38540100,0,1,110.753087
2011-01-03,55.3100,48.349270,90994300,0,1,112.481697
2011-01-04,55.2700,48.314278,43851500,0,1,112.400351
2011-01-05,55.7400,48.725143,43787400,0,1,113.356171
2011-01-06,55.9200,48.882500,46139600,0,1,113.722229
2011-01-07,55.8700,48.838787,72261700,0,1,113.620546
2011-01-10,56.0800,49.022343,55551800,0,1,114.047615
2011-01-11,56.1600,49.092274,56663800,0,1,114.210308
2011-01-12,56.5600,49.441936,51979300,0,1,115.023771
2011-01-13,56.5800,49.459435,47364500,0,1,115.064444
2011-01-14,57.0000,49.826569,43867400,0,1,115.918581
2011-01-18,57.1600,49.966434,65805600,0,1,116.243967
2011-01-19,56.5100,49.398224,67767200,0,1,114.922088
2011-01-20,56.1100,49.048580,92357800,0,1,114.108625
2011-01-21,55.6800,48.672691,59673300,0,1,113.234151
2011-01-24,56.4500,49.345787,64103300,0,1,114.800069
2011-01-25,56.5300,49.415737,55305100,0,1,114.962761
2011-01-26,56.8300,49.677952,60547700,0,1,115.572859
2011-01-27,57.1800,49.983917,53656100,0,1,116.284640
2011-01-28,55.7300,48.716400,123359900,0,1,113.335834
2011-01-31,56.0000,48.952419,70571300,0,1,113.884922
2011-02-01,57.0500,49.870281,76952900,0,1,116.020264
2011-02-02,56.9600,49.791611,48661000,0,1,115.837235
2011-02-03,57.0600,49.879017,45341900,0,1,116.040601
2011-02-04,57.3800,50.158756,47647800,0,1,116.691372
2011-02-07,57.6500,50.394768,45627100,0,1,117.240460
2011-02-08,58.0300,50.726940,38099900,0,1,118.013250
2011-02-09,57.9300,50.639515,62540800,0,1,117.809885
2011-02-10,58.0200,50.718197,70194700,0,1,117.992914
2011-02-11,58.4400,51.085350,47853500,0,1,118.847051
2011-02-14,58.5800,51.207729,48506100,0,1,119.131763
2011-02-15,58.5000,51.137794,39723800,0,1,118.969070
2011-02-16,58.8800,51.469967,53061700,0,1,119.741861
2011-02-17,58.8600,51.452499,38361900,0,1,119.701188
2011-02-18,58.7300,51.338848,44334300,0,1,119.436812
2011-02-22,57.0300,49.852798,92598100,0,1,115.979591
2011-02-23,56.5600,49.441936,97842900,0,1,115.023771
2011-02-24,56.8600,49.704185,98716100,0,1,115.633869
2011-02-25,57.6500,50.394768,54094600,0,1,117.240460
2011-02-28,57.7700,50.499680,51402800,0,1,117.484499
2011-03-01,56.8400,49.686703,91993900,0,1,115.593196
2011-03-02,57.1400,49.948940,61552900,0,1,116.203294
2011-03-03,58.2700,50.936737,64146600,0,1,118.501329
2011-03-04,57.9700,50.674496,62328400,0,1,117.891231
2011-03-07,57.1900,49.992657,98470000,0,1,116.304977
2011-03-08,57.4200,50.193710,62399100,0,1,116.772718
2011-03-09,57.0300,49.852798,84764200,0,1,115.979591
2011-03-10,56.1400,49.074814,102894400,0,1,114.169634
2011-03-11,56.4900,49.380745,81679400,0,1,114.881415
2011-03-14,56.2900,49.205914,73565800,0,1,114.474683
2011-03-15,55.4900,48.506615,101276500,0,1,112.847756
2011-03-16,54.1500,47.335255,176507700,0,1,110.122652
2011-03-17,54.6500,47.772316,94434500,0,1,111.139482
2011-03-18,54.4500,47.664646,94887200,0.077,1,110.889342
2011-03-21,55.5000,48.583801,57423000,0,1,113.027704
2011-03-22,55.4000,48.496269,36162100,0,1,112.824050
2011-03-23,55.7100,48.767612,60365100,0,1,113.455376
2011-03-24,56.7000,49.634254,69502400,0,1,115.471546
2011-03-25,56.8400,49.756809,74131100,0,1,115.756661
2011-03-28,56.5300,49.485443,37824000,0,1,115.125335
2011-03-29,57.0800,49.966904,47994800,0,1,116.245429
2011-03-30,57.3500,50.203255,44935900,0,1,116.795294
2011-03-31,57.4300,50.273277,50004300,0,1,116.958217
2011-04-01,57.4600,50.299553,68031800,0,1,117.019313
2011-04-04,57.2700,50.133228,48659100,0,1,116.632371
2011-04-05,57.1200,50.001923,55349400,0,1,116.326891
2011-04-06,57.2600,50.124477,49532100,0,1,116.612006
2011-04-07,57.2200,50.089466,60697000,0,1,116.530544
2011-04-08,56.9500,49.853111,42782200,0,1,115.980680
2011-04-11,56.7600,49.686787,42451700,0,1,115.593738
2011-04-12,56.3700,49.345390,50422800,0,1,114.799489
2011-04-13,56.8500,49.765575,49979800,0,1,115.777026
2011-04-14,56.7500,49.678020,53544100,0,1,115.573373
2011-04-15,56.6500,49.590488,68530000,0,1,115.369719
2011-04-18,56.2500,49.240345,69065000,0,1,114.555105
2011-04-19,56.6000,49.546730,38608400,0,1,115.267893
2011-04-20,57.8800,50.667213,67397500,0,1,117.874658
2011-04-21,58.3400,51.069885,43666800,0,1,118.811464
2011-04-25,58.4900,51.201199,25376800,0,1,119.116944
2011-04-26,58.8200,51.490067,49400000,0,1,119.789001
2011-04-27,59.2200,51.840218,56465500,0,1,120.603615
2011-04-28,59.1300,51.761444,48100000,0,1,120.420327
2011-04-29,59.0800,51.717670,44831200,0,1,120.318500
2011-05-02,58.9700,51.621384,48149400,0,1,120.094481
2011-05-03,58.6900,51.376270,38100000,0,1,119.524251
2011-05-04,58.6000,51.297485,53097200,0,1,119.340963
2011-05-05,58.2800,51.017372,72200000,0,1,118.689272
2011-05-06,58.4700,51.183678,72507000,0,1,119.076213
2011-05-09,58.6900,51.376270,40022000,0,1,119.524251
2011-05-10,59.1900,51.813953,38053600,0,1,120.542519
2011-05-11,58.7600,51.437550,61900000,0,1,119.666809
2011-05-12,59.1100,51.743938,66100000,0,1,120.379596
2011-05-13,58.4100,51.131165,63506600,0,1,118.954021
2011-05-16,57.4000,50.247036,73115300,0,1,116.897121
2011-05-17,57.5600,50.387085,63136000,0,1,117.222966
2011-05-18,58.0400,50.807285,42351100,0,1,118.200503
2011-05-19,58.2100,50.956089,35015800,0,1,118.546714
2011-05-20,57.7700,50.570919,44703300,0,1,117.650639
2011-05-23,56.9200,49.826839,43700000,0,1,115.919584
2011-05-24,56.5700,49.520451,39314800,0,1,115.206796
2011-05-25,56.7900,49.713036,41369000,0,1,115.654834
2011-05-26,57.1400,50.019417,40564100,0,1,116.367622
2011-05-27,57.4300,50.273277,30127200,0,1,116.958217
2011-05-31,58.3600,51.087406,47590100,0,1,118.852194
2011-06-01,57.0900,49.975658,51795000,0,1,116.265795
2011-06-02,57.2100,50.080688,50198100,0,1,116.510179
2011-06-03,56.3500,49.327869,57773700,0,1,114.758759
2011-06-06,55.8900,48.925201,50175600,0,1,113.821953
2011-06-07,55.7900,48.837662,46311100,0,1,113.618299
2011-06-08,55.3900,48.487507,46426400,0,1,112.803685
2011-06-09,55.4900,48.575054,45307500,0,1,113.007338
2011-06-10,54.6400,47.830959,53740600,0,1,111.276284
2011-06-13,54.6400,47.830959,37736800,0,1,111.276284
2011-06-14,55.3400,48.443729,40565300,0,1,112.701858
2011-06-15,54.2900,47.524590,59022400,0,1,110.563496
2011-06-16,54.0800,47.340763,66316200,0,1,110.135824
2011-06-17,53.7900,47.192497,70337000,0.121,1,109.791649
2011-06-20,54.0700,47.438133,37402900,0,1,110.363162
2011-06-21,55.2300,48.455864,55892800,0,1,112.730857
2011-06-22,54.8300,48.104927,36833300,0,1,111.914410
2011-06-23,55.3400,48.552383,80743300,0,1,112.955380
2011-06-24,54.3800,47.710117,56298300,0,1,110.995908
2011-06-27,55.2500,48.473423,49968900,0,1,112.771679
2011-06-28,56.0700,49.192841,47028800,0,1,114.445395
2011-06-29,56.3000,49.394619,65407300,0,1,114.914851
2011-06-30,57.0500,50.052643,50347200,0,1,116.445689
2011-07-01,57.9100,50.807156,53203900,0,1,118.201049
2011-07-05,58.2000,51.061573,43128800,0,1,118.792973
2011-07-06,58.3900,51.228271,49282700,0,1,119.180785
2011-07-07,59.1900,51.930145,54799800,0,1,120.813678
2011-07-08,59.0300,51.789761,69519500,0,1,120.487099
2011-07-11,57.9600,50.851009,52080800,0,1,118.303105
2011-07-12,57.5200,50.464989,84000700,0,1,117.405013
2011-07-13,57.7600,50.675541,82378100,0,1,117.894881
2011-07-14,57.0900,50.087742,98774200,0,1,116.527333
2011-07-15,57.8500,50.754505,68281500,0,1,118.078582
2011-07-18,57.5400,50.482540,59512200,0,1,117.445836
2011-07-19,58.8500,51.631866,73904600,0,1,120.119698
2011-07-20,58.6000,51.412518,57085500,0,1,119.609419
2011-07-21,58.9900,51.754673,70148800,0,1,120.405454
2011-07-22,59.6000,52.289864,43620400,0,1,121.650535
2011-07-25,59.4800,52.184578,48916100,0,1,121.405601
2011-07-26,59.6300,52.316185,40918900,0,1,121.711769
2011-07-27,58.0900,50.965069,83969500,0,1,118.568450
2011-07-28,58.1900,51.052814,61031900,0,1,118.772561
2011-07-29,58.0000,50.886120,82860500,0,1,118.384749
2011-08-01,57.7300,50.649235,85421100,0,1,117.833648
2011-08-02,56.2700,49.368286,90853300,0,1,114.853618
2011-08-03,56.8100,49.842068,103612300,0,1,115.955821
2011-08-04,54.1700,47.525860,132830000,0,1,110.567274
2011-08-05,53.8300,47.227589,214111800,0,1,109.873294
2011-08-08,50.5900,44.384979,204804500,0,1,103.260077
2011-08-09,53.0300,46.525692,193707100,0,1,108.240401
2011-08-10,50.8600,44.621857,205917900,0,1,103.811178
2011-08-11,53.1000,46.587124,143825300,0,1,108.383279
2011-08-12,53.5700,46.999462,90483300,0,1,109.342604
2011-08-15,54.3600,47.692577,73554300,0,1,110.955086
2011-08-16,53.9000,47.288998,89219200,0,1,110.016172
2011-08-17,53.5800,47.008240,84416600,0,1,109.363015
2011-08-18,50.9500,44.700829,130019400,0,1,103.994879
2011-08-19,50.0300,43.893661,96674600,0,1,102.117052
2011-08-22,50.2100,44.051590,77107700,0,1,102.484453
2011-08-23,52.2800,45.867683,75688400,0,1,106.709564
2011-08-24,52.6900,46.227394,80197700,0,1,107.546421
2011-08-25,51.8300,45.472881,93623700,0,1,105.791061
2011-08-26,53.1300,46.613430,91573300,0,1,108.444513
2011-08-29,54.6100,47.911900,45985800,0,1,111.465365
2011-08-30,54.9700,48.227753,61617900,0,1,112.200167
2011-08-31,55.0600,48.306717,60900400,0,1,112.383867
2011-09-01,54.5600,47.868053,57158400,0,1,111.363309
2011-09-02,53.2800,46.745041,58185700,0,1,108.750680
2011-09-06,53.2900,46.753811,52992200,0,1,108.771091
2011-09-07,54.6400,47.938236,48952200,0,1,111.526598
2011-09-08,54.3900,47.718880,61422800,0,1,111.016319
2011-09-09,53.1800,46.657284,63663500,0,1,108.546568
2011-09-12,53.8600,47.253902,65973000,0,1,109.934528
2011-09-13,54.5800,47.885586,59020000,0,1,111.404131
2011-09-14,55.3600,48.569920,90757300,0,1,112.996202
2011-09-15,56.1800,49.289349,83536100,0,1,114.669917
2011-09-16,56.5900,49.741150,91902100,0.104,1,115.719051
2011-09-19,56.6100,49.758717,73042900,0,1,115.759949
2011-09-20,56.3600,49.538944,66570100,0,1,115.248732
2011-09-21,55.3800,48.677586,79938000,0,1,113.244762
2011-09-22,53.5800,47.095421,151885500,0,1,109.564000
2011-09-23,54.1500,47.596439,85940600,0,1,110.729575
2011-09-26,54.7800,48.150196,96261400,0,1,112.017841
2011-09-27,55.3500,48.651199,81148600,0,1,113.183416
2011-09-28,54.5300,47.930443,76757100,0,1,111.506624
2011-09-29,53.8800,47.359116,116900200,0,1,110.177460
2011-09-30,52.4900,46.137344,104870100,0,1,107.335095
2011-10-03,51.1400,44.950722,99149500,0,1,104.574523
2011-10-04,52.1900,45.873646,137013700,0,1,106.721634
2011-10-05,53.5300,47.051476,108825700,0,1,109.461757
2011-10-06,54.4300,47.842564,71939200,0,1,111.302138
2011-10-07,54.0700,47.526112,72525200,0,1,110.565985
2011-10-10,55.9400,49.169796,48230200,0,1,114.389887
2011-10-11,56.3200,49.503811,66449100,0,1,115.166937
2011-10-12,56.6000,49.749920,85627600,0,1,115.739500
2011-10-13,57.1200,50.206989,63443700,0,1,116.802831
2011-10-14,58.1800,51.138706,65643600,0,1,118.970391
2011-10-17,57.2800,50.347622,65161300,0,1,117.130010
2011-10-18,57.9900,50.971687,91434600,0,1,118.581866
2011-10-19,56.8700,49.987244,67639400,0,1,116.291614
2011-10-20,56.5900,49.741150,80378300,0,1,115.719051
2011-10-21,57.3000,50.365211,60455800,0,1,117.170907
2011-10-24,58.4900,51.411190,61449500,0,1,119.604300
2011-10-25,57.3400,50.400356,65299200,0,1,117.252702
2011-10-26,57.2700,50.338844,98193800,0,1,117.109561
2011-10-27,58.8500,51.727623,104455500,0,1,120.340452
2011-10-28,58.9400,51.806713,42950000,0,1,120.524490
2011-10-31,57.9500,50.936546,60520200,0,1,118.500071
2011-11-01,56.4400,49.609291,99933000,0,1,115.412321
2011-11-02,56.9200,50.031204,65003800,0,1,116.393858
2011-11-03,58.1000,51.068359,78994200,0,1,118.806801
2011-11-04,57.8000,50.804691,61527800,0,1,118.193341
2011-11-07,58.2100,51.165066,65559000,0,1,119.031737
2011-11-08,58.8800,51.753998,62906900,0,1,120.401798
2011-11-09,56.8100,49.934502,69539000,0,1,116.168922
2011-11-10,56.7800,49.908131,66052400,0,1,116.107576
2011-11-11,57.8500,50.848637,54471000,0,1,118.295584
2011-11-14,57.4900,50.532215,44617600,0,1,117.559432
2011-11-15,58.1300,51.094742,52203900,0,1,118.868147
2011-11-16,57.1700,50.250946,68342800,0,1,116.905074
2011-11-17,55.8300,49.073120,101706900,0,1,114.164952
2011-11-18,55.4000,48.695152,60417000,0,1,113.285659
2011-11-21,54.3400,47.763439,52283700,0,1,111.118099
2011-11-22,54.5200,47.921658,51940100,0,1,111.486176
2011-11-23,53.2900,46.840519,48437300,0,1,108.970989
2011-11-25,52.8800,46.480148,25448100,0,1,108.132593
2011-11-28,54.7200,48.097466,46710700,0,1,111.895149
2011-11-29,54.3800,47.798595,52056700,0,1,111.199894
2011-11-30,56.3900,49.565338,66918600,0,1,115.310078
2011-12-01,56.7800,49.908131,45362200,0,1,116.107576
2011-12-02,56.6200,49.767506,36938900,0,1,115.780397
2011-12-05,57.2400,50.312466,40492200,0,1,117.048215
2011-12-06,57.0800,50.171829,38670000,0,1,116.721036
2011-12-07,57.0800,50.171829,44576200,0,1,116.721036
2011-12-08,56.1200,49.328014,51692600,0,1,114.757964
2011-12-09,57.0200,50.119110,55757900,0,1,116.598344
2011-12-12,56.3800,49.556549,55411700,0,1,115.289629
2011-12-13,55.7600,49.011600,68557700,0,1,114.021811
2011-12-14,54.8900,48.246868,63682800,0,1,112.242777
2011-12-15,54.7400,48.115028,58732900,0,1,111.936046
2011-12-16,54.8600,48.362759,60978900,0.161,1,112.510654
2011-12-19,54.3200,47.886711,46733900,0,1,111.403185
2011-12-20,55.9300,49.306038,81758800,0,1,114.705084
2011-12-21,55.1300,48.600792,78552300,0,1,113.064389
2011-12-22,55.6000,49.015110,40334100,0,1,114.028297
2011-12-23,56.0800,49.438267,26594600,0,1,115.012714
2011-12-27,56.2400,49.622673,21443500,0.049,1,115.441346
2011-12-28,55.5900,49.049171,38180100,0,1,114.107119
2011-12-29,55.9900,49.402081,28077900,0,1,114.928182
2011-12-30,55.8300,49.260929,21832400,0,1,114.599757
2012-01-03,56.9000,50.205009,39514100,0,1,116.796098
2012-01-04,57.1400,50.416779,29403400,0,1,117.288735
2012-01-05,57.6100,50.831474,41260600,0,1,118.253484
2012-01-06,57.8100,51.007954,46325200,0,1,118.664015
2012-01-09,57.6200,50.840309,39195500,0,1,118.274010
2012-01-10,58.0400,51.210880,35949900,0,1,119.136125
2012-01-11,58.1600,51.316761,37144100,0,1,119.382444
2012-01-12,58.3900,51.519691,26188300,0,1,119.854555
2012-01-13,58.1800,51.334404,35980400,0,1,119.423497
2012-01-17,58.7100,51.802040,41790800,0,1,120.511405
2012-01-18,59.4900,52.490284,48692700,0,1,122.112476
2012-01-19,59.8600,52.816734,47774500,0,1,122.871958
2012-01-20,59.7700,52.737339,41041700,0,1,122.687219
2012-01-23,59.7900,52.754978,40958300,0,1,122.728273
2012-01-24,59.6800,52.657913,38440200,0,1,122.502480
2012-01-25,60.4300,53.319664,61591800,0,1,124.041972
2012-01-26,60.2200,53.134384,37852700,0,1,123.610914
2012-01-27,60.4000,53.293209,45532300,0,1,123.980392
2012-01-30,60.4500,53.337330,42797800,0,1,124.083025
2012-01-31,60.5300,53.407902,51449600,0,1,124.247238
2012-02-01,61.0200,53.840244,46146700,0,1,125.253039
2012-02-02,61.2100,54.007896,46373600,0,1,125.643043
2012-02-03,62.0500,54.749050,36453800,0,1,127.367274
2012-02-06,62.0000,54.704952,28541300,0,1,127.264641
2012-02-07,62.1300,54.819653,37935700,0,1,127.531486
2012-02-08,62.4600,55.110809,41171100,0,1,128.208863
2012-02-09,62.9100,55.507862,46856400,0,1,129.132558
2012-02-10,62.4700,55.119637,58090500,0,1,128.229389
2012-02-13,63.0500,55.631397,36810200,0,1,129.419929
2012-02-14,63.2100,55.772572,51648200,0,1,129.748354
2012-02-15,62.7700,55.384346,105709100,0,1,128.845186
2012-02-16,63.6300,56.143147,83642300,0,1,130.610470
2012-02-17,63.4300,55.966686,76112300,0,1,130.199939
2012-02-21,63.6100,56.125504,38141300,0,1,130.569417
2012-02-22,63.3200,55.869614,43174700,0,1,129.974146
2012-02-23,63.7400,56.240211,54250000,0,1,130.836262
2012-02-24,63.9600,56.434315,41364900,0,1,131.287846
2012-02-27,64.0500,56.513729,42678500,0,1,131.472585
2012-02-28,64.7000,57.087261,43717500,0,1,132.806811
2012-02-29,64.4100,56.831375,59784400,0,1,132.211541
2012-03-01,64.9200,57.281357,67558900,0,1,133.258395
2012-03-02,64.8700,57.237244,33358200,0,1,133.155762
2012-03-05,64.2000,56.646065,45788800,0,1,131.780483
2012-03-06,63.5700,56.090199,54638600,0,1,130.487310
2012-03-07,64.0600,56.522560,42741800,0,1,131.493112
2012-03-08,64.7500,57.131374,43711100,0,1,132.909444
2012-03-09,65.0200,57.369595,43117200,0,1,133.463661
2012-03-12,65.0500,57.396065,32687300,0,1,133.525240
2012-03-13,66.2600,58.463699,61559100,0,1,136.008954
2012-03-14,66.4900,58.666630,59926900,0,1,136.481064
2012-03-15,66.6800,58.834267,65531200,0,1,136.871069
2012-03-16,66.5200,58.792721,53023100,0.113,1,136.774594
2012-03-19,66.9900,59.208145,60966200,0,1,137.740981
2012-03-20,67.1100,59.314190,47290600,0,1,137.987718
2012-03-21,67.1200,59.323051,39648100,0,1,138.008280
2012-03-22,66.9800,59.199295,56953900,0,1,137.720420
2012-03-23,66.9400,59.163952,45541700,0,1,137.638174
2012-03-26,68.1100,60.198044,40855300,0,1,140.043861
2012-03-27,68.2100,60.286419,37278200,0,1,140.249475
2012-03-28,67.9400,60.047791,44421900,0,1,139.694316
2012-03-29,67.6800,59.818001,53975300,0,1,139.159719
2012-03-30,67.5500,59.703083,39480900,0,1,138.892421
2012-04-02,68.2500,60.321785,40031600,0,1,140.331721
2012-04-03,68.2300,60.304104,45539900,0,1,140.290598
2012-04-04,67.3000,59.482143,54088100,0,1,138.378385
2012-04-05,67.7200,59.853367,42979900,0,1,139.241965
2012-04-09,67.2100,59.402588,36908200,0,1,138.193332
2012-04-10,66.1300,58.448051,69254200,0,1,135.972699
2012-04-11,66.4500,58.730877,62950000,0,1,136.630664
2012-04-12,67.2100,59.402588,57407400,0,1,138.193332
2012-04-13,66.1900,58.501076,55227500,0,1,136.096067
2012-04-16,65.4500,57.847023,57588000,0,1,134.574522
2012-04-17,66.7800,59.022511,47362400,0,1,137.309191
2012-04-18,66.6100,58.872288,42536100,0,1,136.959647
2012-04-19,65.8600,58.209408,81110900,0,1,135.417540
2012-04-20,65.6800,58.050312,59906900,0,1,135.047435
2012-04-23,65.0800,57.520016,70514400,0,1,133.813749
2012-04-24,64.7300,57.210678,49661500,0,1,133.094099
2012-04-25,66.4500,58.730877,57526900,0,1,136.630664
2012-04-26,66.8400,59.075565,41799500,0,1,137.432560
2012-04-27,67.2400,59.429100,46003800,0,1,138.255017
2012-04-30,66.7600,59.004868,37787700,0,1,137.268068
2012-05-01,66.8700,59.102070,37643800,0,1,137.494244
2012-05-02,67.0600,59.270027,38299300,0,1,137.884911
2012-05-03,66.3500,58.642487,51297600,0,1,136.425050
2012-05-04,64.7000,57.184170,107554000,0,1,133.032415
2012-05-07,64.7600,57.237186,50267800,0,1,133.155783
2012-05-08,64.5200,57.025066,72659700,0,1,132.662309
2012-05-09,64.3200,56.848301,85715300,0,1,132.251081
2012-05-10,64.1900,56.733402,49448900,0,1,131.983782
2012-05-11,64.1800,56.724571,47099900,0,1,131.963221
2012-05-14,63.5800,56.194263,46360000,0,1,130.729535
2012-05-15,63.3700,56.008648,66908600,0,1,130.297746
2012-05-16,62.9400,55.628620,52825900,0,1,129.413604
2012-05-17,61.6100,54.453117,62253900,0,1,126.678935
2012-05-18,60.8100,53.746033,79496500,0,1,125.034021
2012-05-21,62.5100,55.248554,61473000,0,1,128.529463
2012-05-22,62.4400,55.186676,62954800,0,1,128.385533
2012-05-23,62.5600,55.292740,56951100,0,1,128.632270
2012-05-24,62.1500,54.930370,83131200,0,1,127.789252
2012-05-25,62.0700,54.859657,32078900,0,1,127.624760
2012-05-29,62.8600,55.557903,44216700,0,1,129.249113
2012-05-30,62.3300,55.089462,56431800,0,1,128.159357
2012-05-31,62.0600,54.850830,55260100,0,1,127.604199
2012-06-01,60.4100,53.392509,71430800,0,1,124.211564
2012-06-04,60.8700,53.799061,74119500,0,1,125.157389
2012-06-05,61.1200,54.020035,47916900,0,1,125.671425
2012-06-06,62.5200,55.257401,58781800,0,1,128.550024
2012-06-07,62.2700,55.036449,38414800,0,1,128.035989
2012-06-08,62.8700,55.566723,39730800,0,1,129.269674
2012-06-11,61.8100,54.629875,51008900,0,1,127.090163
2012-06-12,62.5600,55.292740,48802600,0,1,128.632270
2012-06-13,62.1300,54.912716,50840100,0,1,127.748129
2012-06-14,62.3600,55.115978,65170600,0,1,128.221042
2012-06-15,62.9900,55.800758,41536100,0.143,1,129.810440
2012-06-18,63.5800,56.323418,32191200,0,1,131.026318
2012-06-19,64.2400,56.908096,36476500,0,1,132.386453
2012-06-20,64.2900,56.952381,51389700,0,1,132.489493
2012-06-21,62.6900,55.534992,42492700,0,1,129.192197
2012-06-22,63.3500,56.119656,29504200,0,1,130.552331
2012-06-25,62.1300,55.038933,33136400,0,1,128.038143
2012-06-26,62.5200,55.384407,30611100,0,1,128.841859
2012-06-27,62.9000,55.721024,35705800,0,1,129.624967
2012-06-28,62.2000,55.100922,49793400,0,1,128.182400
2012-06-29,64.1600,56.837215,44761300,0,1,132.221588
2012-07-02,64.3500,57.005539,33425600,0,1,132.613142
2012-07-03,64.8900,57.483891,15895100,0,1,133.725979
2012-07-05,64.9300,57.519341,37016200,0,1,133.808412
2012-07-06,64.1200,56.801785,40684100,0,1,132.139155
2012-07-09,64.0000,56.695480,35628300,0,1,131.891858
2012-07-10,63.3700,56.137383,47365700,0,1,130.593548
2012-07-11,63.0200,55.827347,43432000,0,1,129.872264
2012-07-12,62.4300,55.304680,57680400,0,1,128.656386
2012-07-13,63.3800,56.146244,32357200,0,1,130.614156
2012-07-16,63.2000,55.986778,27621400,0,1,130.243210
2012-07-17,63.5300,56.279129,42467800,0,1,130.923277
2012-07-18,64.3900,57.040970,44489700,0,1,132.695574
2012-07-19,65.1000,57.669933,53017800,0,1,134.158749
2012-07-20,64.2400,56.908096,40573100,0,1,132.386453
2012-07-23,63.4600,56.217129,48657800,0,1,130.779021
2012-07-24,62.9600,55.774185,57269700,0,1,129.748615
2012-07-25,62.5400,55.402111,46264400,0,1,128.883075
2012-07-26,63.3700,56.137383,41928200,0,1,130.593548
2012-07-27,64.8700,57.466175,42621000,0,1,133.684763
2012-07-30,64.8200,57.421917,37821300,0,1,133.581723
2012-07-31,64.8000,57.404182,34588300,0,1,133.540506
2012-08-01,64.6100,57.235886,30920200,0,1,133.148952
2012-08-02,64.3800,57.032108,40534900,0,1,132.674966
2012-08-03,65.6000,58.112862,42117400,0,1,135.189155
2012-08-06,66.1000,58.555809,23523600,0,1,136.219560
2012-08-07,66.6500,59.043045,28223300,0,1,137.353005
2012-08-08,66.6200,59.016449,20723500,0,1,137.291181
2012-08-09,66.8200,59.193642,20726200,0,1,137.703343
2012-08-10,66.8600,59.229073,20312000,0,1,137.785776
2012-08-13,67.0200,59.370781,19890300,0,1,138.115505
2012-08-14,67.0500,59.397392,24218700,0,1,138.177330
2012-08-15,67.2200,59.547977,29100400,0,1,138.527667
2012-08-16,68.0200,60.256676,35699900,0,1,140.176315
2012-08-17,68.3200,60.522430,22584800,0,1,140.794559
2012-08-20,68.4200,60.610996,26924000,0,1,141.000640
2012-08-21,68.1500,60.371822,41391000,0,1,140.444221
2012-08-22,68.4300,60.619881,44555700,0,1,141.021248
2012-08-23,67.8700,60.123787,28800400,0,1,139.867194
2012-08-24,68.2900,60.495842,38384800,0,1,140.732734
2012-08-27,68.4000,60.593315,20671400,0,1,140.959423
2012-08-28,68.4000,60.593315,27337900,0,1,140.959423
2012-08-29,68.4000,60.593315,26672400,0,1,140.959423
2012-08-30,67.7100,59.982063,24425400,0,1,139.537464
2012-08-31,68.1600,60.380692,42128000,0,1,140.464829
2012-09-04,68.0900,60.318676,32017200,0,1,140.320572
2012-09-05,68.0200,60.256676,26129300,0,1,140.176315
2012-09-06,69.5300,61.594307,43100000,0,1,143.288139
2012-09-07,69.4300,61.505753,32958600,0,1,143.082058
2012-09-10,68.5400,60.717293,25490000,0,1,141.247937
2012-09-11,68.4300,60.619881,29810100,0,1,141.021248
2012-09-12,68.6300,60.797047,42203400,0,1,141.433410
2012-09-13,69.5600,61.620918,45417800,0,1,143.349963
2012-09-14,70.1800,62.170139,38880300,0,1,144.627666
2012-09-17,70.2100,62.196732,31798400,0,1,144.689490
2012-09-18,70.2700,62.249832,27169800,0,1,144.813139
2012-09-19,70.4000,62.365040,36484600,0,1,145.081044
2012-09-20,70.3300,62.303024,42520200,0,1,144.936787
2012-09-21,70.1500,62.320786,23678500,0.2,1,144.978003
2012-09-24,69.7400,61.956562,32341600,0,1,144.130662
2012-09-25,68.7600,61.085934,41299600,0,1,142.105310
2012-09-26,68.2000,60.588417,32770400,0,1,140.947966
2012-09-27,69.1400,61.423496,25339500,0,1,142.890651
2012-09-28,68.5700,60.917118,30112600,0,1,141.712640
2012-10-01,68.4700,60.828300,37715300,0,1,141.505971
2012-10-02,68.6700,61.005943,33254300,0,1,141.919309
2012-10-03,69.1100,61.396862,38236000,0,1,142.828650
2012-10-04,69.3500,61.610081,26128600,0,1,143.324655
2012-10-05,68.9800,61.281384,25207900,0,1,142.559981
2012-10-08,68.3500,60.721680,30911500,0,1,141.257969
2012-10-09,67.2600,59.753349,67974000,0,1,139.005282
2012-10-10,66.9200,59.451279,45134300,0,1,138.302609
2012-10-11,66.7100,59.264709,30469400,0,1,137.868605
2012-10-12,66.6800,59.238049,24891200,0,1,137.806604
2012-10-15,67.1700,59.673382,22220100,0,1,138.819280
2012-10-16,68.1200,60.517368,33960600,0,1,140.782631
2012-10-17,68.0800,60.481815,33439400,0,1,140.699964
2012-10-18,67.2900,59.779991,61707600,0,1,139.067282
2012-10-19,65.6800,58.349670,75362600,0,1,135.739918
2012-10-22,66.0200,58.651722,38621500,0,1,136.442591
2012-10-23,65.3900,58.092026,52591200,0,1,135.140579
2012-10-24,65.1600,57.887714,39872400,0,1,134.665242
2012-10-25,65.1600,57.887714,52688700,0,1,134.665242
2012-10-26,65.3500,58.056499,54213100,0,1,135.057912
2012-10-31,64.9500,57.701145,38524500,0,1,134.231238
2012-11-01,65.8700,58.518471,26945000,0,1,136.132589
2012-11-02,65.1700,57.896584,44083000,0,1,134.685909
2012-11-05,65.6000,58.278614,28094700,0,1,135.574583
2012-11-06,65.7200,58.385220,29608400,0,1,135.822586
2012-11-07,64.1700,57.008179,70737800,0,1,132.619223
2012-11-08,63.1600,56.110943,58585800,0,1,130.531870
2012-11-09,63.4300,56.350792,51542100,0,1,131.089875
2012-11-12,63.4200,56.341888,32663700,0,1,131.069209
2012-11-13,62.9800,55.951019,43288300,0,1,130.159867
2012-11-14,62.2400,55.293594,82655300,0,1,128.630519
2012-11-15,62.0300,55.107044,55124200,0,1,128.196515
2012-11-16,62.3000,55.346909,70873100,0,1,128.754521
2012-11-19,63.7800,56.661728,55306400,0,1,131.813215
2012-11-20,63.8000,56.679485,52012700,0,1,131.854549
2012-11-21,63.9300,56.794998,19611700,0,1,132.123218
2012-11-23,64.9000,57.656715,16462900,0,1,134.127903
2012-11-26,65.1800,57.905487,26430900,0,1,134.706575
2012-11-27,64.9600,57.710022,25828600,0,1,134.251905
2012-11-28,65.5200,58.207539,37295800,0,1,135.409249
2012-11-29,65.9100,58.554008,41136100,0,1,136.215256
2012-11-30,65.8000,58.456284,33497400,0,1,135.987921
2012-12-03,65.6700,58.340794,28240000,0,1,135.719251
2012-12-04,65.6300,58.305252,49584500,0,1,135.636584
2012-12-05,64.9000,57.656715,54076200,0,1,134.127903
2012-12-06,65.3200,58.029842,47512300,0,1,134.995911
2012-12-07,64.9300,57.683365,30089400,0,1,134.189904
2012-12-10,65.1200,57.852169,33219600,0,1,134.582574
2012-12-11,65.9700,58.607307,40750800,0,1,136.339257
2012-12-12,65.8300,58.482933,45917700,0,1,136.049921
2012-12-13,65.3100,58.020962,45467700,0,1,134.975245
2012-12-14,64.6900,57.470173,39630300,0,1,133.693899
2012-12-17,65.5500,58.234180,42302900,0,1,135.471249
2012-12-18,66.5500,59.122585,55596000,0,1,137.537935
2012-12-19,66.2600,58.864944,34832500,0,1,136.938596
2012-12-20,66.2600,58.864944,40754300,0,1,136.938596
2012-12-21,65.2000,58.245846,51152900,0.367,1,135.506383
2012-12-24,65.0700,58.129707,11418300,0,1,135.236201
2012-12-26,64.5000,57.620506,21751300,0,1,134.051560
2012-12-27,64.4000,57.531181,52933200,0,1,133.843728
2012-12-28,63.7800,56.977291,33082100,0,1,132.555170
2012-12-31,65.1300,58.183311,57544000,0,1,135.360900
2013-01-02,67.2000,60.032509,70695900,0,1,139.663020
2013-01-03,66.8500,59.719864,47366500,0,1,138.935609
2013-01-04,66.6300,59.523315,33972500,0,1,138.478379
2013-01-07,66.6500,59.541222,26766200,0,1,138.519945
2013-01-08,66.5200,59.425056,28734900,0,1,138.249764
2013-01-09,66.7700,59.648399,25600300,0,1,138.769343
2013-01-10,67.1700,60.005711,37528000,0,1,139.600671
2013-01-11,67.2600,60.086136,21158600,0,1,139.787719
2013-01-14,66.9600,59.818127,36768500,0,1,139.164224
2013-01-15,66.6300,59.523315,31675300,0,1,138.478379
2013-01-16,66.9000,59.764545,33822300,0,1,139.039525
2013-01-17,67.2200,60.050377,32024200,0,1,139.704587
2013-01-18,67.0700,59.916382,31992000,0,1,139.392839
2013-01-22,67.1800,60.014679,32123100,0,1,139.621454
2013-01-23,67.5900,60.380947,31975700,0,1,140.473565
2013-01-24,66.6600,59.550137,42596300,0,1,138.540728
2013-01-25,67.0000,59.853863,39240100,0,1,139.247357
2013-01-28,67.1500,59.987873,32926100,0,1,139.559104
2013-01-29,67.1600,59.996788,35554700,0,1,139.579888
2013-01-30,67.0200,59.871719,34445000,0,1,139.288923
2013-01-31,66.8700,59.737720,34870500,0,1,138.977175
2013-02-01,67.6600,60.443462,53120800,0,1,140.619047
2013-02-04,66.4800,59.389328,48483700,0,1,138.166631
2013-02-05,67.4600,60.264828,35120300,0,1,140.203383
2013-02-06,67.2400,60.068272,43593200,0,1,139.746153
2013-02-07,67.3000,60.121853,46017900,0,1,139.870852
2013-02-08,67.9900,60.738270,39837200,0,1,141.304892
2013-02-11,68.0100,60.756145,17650400,0,1,141.346458
2013-02-12,67.7300,60.506004,22057900,0,1,140.764529
2013-02-13,67.9700,60.720413,23494700,0,1,141.263326
2013-02-14,67.9500,60.702541,24478800,0,1,141.221759
2013-02-15,67.7500,60.523872,25333600,0,1,140.806096
2013-02-19,68.2400,60.961613,23436500,0,1,141.824472
2013-02-20,67.1900,60.023594,38200300,0,1,139.642237
2013-02-21,66.4700,59.380409,45855600,0,1,138.145848
2013-02-22,67.1400,59.978939,21968000,0,1,139.538321
2013-02-25,66.3100,59.237450,40927600,0,1,137.813317
2013-02-26,66.5600,59.460800,42088800,0,1,138.332896
2013-02-27,67.2400,60.068272,36339500,0,1,139.746153
2013-02-28,67.1000,59.943203,28557300,0,1,139.455188
2013-03-01,67.3800,60.193325,31617200,0,1,140.037118
2013-03-04,67.6800,60.461338,19380500,0,1,140.660613
2013-03-05,68.6800,61.354683,35581900,0,1,142.738932
2013-03-06,68.5100,61.202801,29071100,0,1,142.385618
2013-03-07,68.6900,61.363621,21775900,0,1,142.759715
2013-03-08,68.7700,61.435070,26159900,0,1,142.925981
2013-03-11,68.9700,61.613754,23187900,0,1,143.341644
2013-03-12,68.7200,61.390419,27575400,0,1,142.822065
2013-03-13,68.6300,61.310032,34297300,0,1,142.635016
2013-03-14,68.8600,61.515480,31530800,0,1,143.113029
2013-03-15,68.5100,61.344467,30752600,0.159,1,142.716071
2013-03-18,68.3600,61.210140,36163000,0,1,142.403599
2013-03-19,68.2300,61.093739,33125100,0,1,142.132791
2013-03-20,68.7100,61.523533,28035400,0,1,143.132699
2013-03-21,67.9300,60.825130,30050800,0,1,141.507848
2013-03-22,68.5900,61.416069,28837200,0,1,142.882722
2013-03-25,68.3400,61.192226,24909800,0,1,142.361936
2013-03-26,68.7100,61.523533,19725200,0,1,143.132699
2013-03-27,68.8000,61.604134,22539500,0,1,143.320182
2013-03-28,68.9700,61.756332,23662800,0,1,143.674316
2013-04-01,68.5000,61.335503,28112800,0,1,142.695239
2013-04-02,69.0400,61.819027,29431900,0,1,143.820136
2013-04-03,68.4100,61.254932,35131200,0,1,142.507756
2013-04-04,68.4300,61.272831,32287400,0,1,142.549419
2013-04-05,67.8600,60.762451,55610800,0,1,141.362028
2013-04-08,68.2200,61.084778,17891600,0,1,142.111959
2013-04-09,68.6800,61.496681,30931400,0,1,143.070205
2013-04-10,70.0200,62.696514,55271300,0,1,145.861615
2013-04-11,69.9900,62.669647,37233600,0,1,145.799121
2013-04-12,69.9400,62.624889,32783700,0,1,145.694964
2013-04-15,68.5600,61.389240,48795800,0,1,142.820228
2013-04-16,69.4700,62.204048,27682600,0,1,144.715887
2013-04-17,68.1100,60.986271,60204800,0,1,141.882814
2013-04-18,67.1700,60.144600,56798200,0,1,139.924660
2013-04-19,68.0900,60.968380,43062800,0,1,141.841151
2013-04-22,68.7900,61.595154,34412100,0,1,143.299350
2013-04-23,69.4500,62.186138,53078300,0,1,144.674224
2013-04-24,69.4200,62.159294,44500700,0,1,144.611730
2013-04-25,69.7900,62.490570,26437100,0,1,145.382493
2013-04-26,69.5700,62.293594,24079800,0,1,144.924201
2013-04-29,70.2100,62.866646,31664000,0,1,146.257412
2013-04-30,70.7200,63.323318,30135800,0,1,147.319815
2013-05-01,70.3900,63.027817,28537200,0,1,146.632378
2013-05-02,71.2800,63.824745,31744200,0,1,148.486374
2013-05-03,72.1200,64.576889,34061700,0,1,150.236214
2013-05-06,72.4000,64.827568,19244300,0,1,150.819494
2013-05-07,72.3600,64.791771,25838100,0,1,150.736168
2013-05-08,72.7100,65.105171,24252100,0,1,151.465268
2013-05-09,72.6100,65.015656,29337200,0,1,151.256953
2013-05-10,73.0500,65.409607,20663700,0,1,152.173536
2013-05-13,73.1400,65.490204,29730100,0,1,152.361019
2013-05-14,73.5200,65.830460,36009800,0,1,153.152613
2013-05-15,73.6700,65.964783,27214400,0,1,153.465084
2013-05-16,73.5900,65.893120,27253400,0,1,153.298433
2013-05-17,74.3000,66.528870,31114500,0,1,154.777464
2013-05-20,74.1900,66.430382,25132400,0,1,154.548318
2013-05-21,74.2700,66.502022,25900000,0,1,154.714969
2013-05-22,73.6200,65.919983,59843200,0,1,153.360927
2013-05-23,73.4500,65.767754,48222100,0,1,153.006793
2013-05-24,73.4100,65.731987,26430300,0,1,152.923467
2013-05-28,73.8900,66.161728,27057100,0,1,153.923375
2013-05-29,73.5400,65.848358,32090300,0,1,153.194276
2013-05-30,73.9300,66.197586,32390500,0,1,154.006701
2013-05-31,73.2500,65.588715,38347600,0,1,152.590164
2013-06-03,73.3800,65.705078,47613100,0,1,152.860973
2013-06-04,73.0000,65.364845,35251900,0,1,152.069379
2013-06-05,72.0500,64.514206,48654200,0,1,150.090394
2013-06-06,72.4000,64.827568,62524100,0,1,150.819494
2013-06-07,73.3900,65.714035,31969800,0,1,152.881804
2013-06-10,73.4200,65.740921,25390000,0,1,152.944299
2013-06-11,72.6900,65.087265,40278900,0,1,151.423605
2013-06-12,71.8500,64.335121,42081900,0,1,149.673765
2013-06-13,72.7600,65.149971,28221500,0,1,151.569425
2013-06-14,72.2800,64.720139,27690700,0,1,150.569517
2013-06-17,72.9800,65.346962,32441900,0,1,152.027716
2013-06-18,73.5800,65.884171,24853100,0,1,153.277601
2013-06-19,72.7600,65.149971,43145100,0,1,151.569425
2013-06-20,71.0300,63.600868,60908400,0,1,147.965589
2013-06-21,70.4300,63.263142,51558900,0.224,1,147.182327
2013-06-24,69.7300,62.634361,41492300,0,1,145.719490
2013-06-25,70.2400,63.092491,28897400,0,1,146.785272
2013-06-26,70.8700,63.658375,23742300,0,1,148.101825
2013-06-27,71.1700,63.927841,23545000,0,1,148.728755
2013-06-28,71.2700,64.017670,28301100,0,1,148.937732
2013-07-01,71.7100,64.412926,24942800,0,1,149.857230
2013-07-02,71.7400,64.439842,23067900,0,1,149.919923
2013-07-03,72.0300,64.700348,18847500,0,1,150.525955
2013-07-05,72.5800,65.194366,28795900,0,1,151.675328
2013-07-08,72.6500,65.257256,20558500,0,1,151.821611
2013-07-09,73.0900,65.652473,26108600,0,1,152.741109
2013-07-10,73.5100,66.029747,25598900,0,1,153.618811
2013-07-11,74.9700,67.341141,47768900,0,1,156.669872
2013-07-12,75.3000,67.637589,31412600,0,1,157.359495
2013-07-15,75.4700,67.790314,19783600,0,1,157.714756
2013-07-16,75.3700,67.700478,31747100,0,1,157.505779
2013-07-17,75.5600,67.871117,24631500,0,1,157.902835
2013-07-18,75.3700,67.700478,36278800,0,1,157.505779
2013-07-19,74.5900,66.999832,37732400,0,1,155.875760
2013-07-22,74.8100,67.197449,21135900,0,1,156.335509
2013-07-23,74.2600,66.703438,24739500,0,1,155.186137
2013-07-24,74.5000,66.919006,24426900,0,1,155.687681
2013-07-25,74.9700,67.341141,23162200,0,1,156.669872
2013-07-26,75.3700,67.700478,20885600,0,1,157.505779
2013-07-29,75.2300,67.574707,20958400,0,1,157.213212
2013-07-30,75.6300,67.933975,24104600,0,1,158.049119
2013-07-31,75.7700,68.059723,25007600,0,1,158.341686
2013-08-01,76.5400,68.751411,16880000,0,1,159.950807
2013-08-02,76.9700,69.137642,18105300,0,1,160.849407
2013-08-05,77.0200,69.182564,15462800,0,1,160.953895
2013-08-06,76.5600,68.769409,23675400,0,1,159.992602
2013-08-07,76.4200,68.643608,20281200,0,1,159.700035
2013-08-08,76.8000,68.984955,19994000,0,1,160.494147
2013-08-09,76.4900,68.706505,18558500,0,1,159.846319
2013-08-12,76.6700,68.868172,20515900,0,1,160.222477
2013-08-13,77.1000,69.254417,23917000,0,1,161.121077
2013-08-14,76.8100,68.993919,29921000,0,1,160.515044
2013-08-15,75.5100,67.826202,39406600,0,1,157.798346
2013-08-16,75.4800,67.799255,23825000,0,1,157.735653
2013-08-19,75.3500,67.682480,29586900,0,1,157.463984
2013-08-20,75.6800,67.978935,18842800,0,1,158.153607
2013-08-21,75.4200,67.745369,30705100,0,1,157.610267
2013-08-22,76.1600,68.410057,17269500,0,1,159.156695
2013-08-23,76.6700,68.868172,20697300,0,1,160.222477
2013-08-26,76.7100,68.904114,27525500,0,1,160.306067
2013-08-27,75.1400,67.493874,40068900,0,1,157.025132
2013-08-28,75.4300,67.754341,20490400,0,1,157.631165
2013-08-29,75.9600,68.230438,27287900,0,1,158.738742
2013-08-30,75.4700,67.790314,26228500,0,1,157.714756
2013-09-03,75.9000,68.176529,27241500,0,1,158.613356
2013-09-04,76.7100,68.904114,27142900,0,1,160.306067
2013-09-05,76.8400,69.020874,17809700,0,1,160.577737
2013-09-06,76.9300,69.101730,27715100,0,1,160.765816
2013-09-09,77.8300,69.910141,25161900,0,1,162.646607
2013-09-10,78.2100,70.251480,27619400,0,1,163.440719
2013-09-11,78.0600,70.116745,28132900,0,1,163.127254
2013-09-12,78.0100,70.071846,18332700,0,1,163.022765
2013-09-13,78.0600,70.116745,16932500,0,1,163.127254
2013-09-16,77.8500,69.928116,25704300,0,1,162.688402
2013-09-17,78.3700,70.395164,27174300,0,1,163.775082
2013-09-18,79.3100,71.239540,31714700,0,1,165.739463
2013-09-19,79.5000,71.410187,26435700,0,1,166.136519
2013-09-20,78.9900,71.165176,26328900,0.238,1,165.568102
2013-09-23,78.8300,71.021004,30319400,0,1,165.232732
2013-09-24,78.8300,71.021004,21871300,0,1,165.232732
2013-09-25,78.5600,70.777740,22746400,0,1,164.666795
2013-09-26,79.1700,71.327286,22421700,0,1,165.945394
2013-09-27,79.0700,71.237251,25151600,0,1,165.735787
2013-09-30,78.8800,71.066025,28031900,0,1,165.337535
2013-10-01,79.6800,71.786819,33129700,0,1,167.014386
2013-10-02,79.6500,71.759758,25503800,0,1,166.951504
2013-10-03,78.7200,70.921890,42998200,0,1,165.002165
2013-10-04,79.4000,71.534500,22852700,0,1,166.427488
2013-10-07,78.7400,70.939903,20227100,0,1,165.044086
2013-10-08,77.2200,69.570450,43660700,0,1,161.858069
2013-10-09,76.9800,69.354271,64526700,0,1,161.355013
2013-10-10,78.6100,70.822769,48062700,0,1,164.771598
2013-10-11,79.2300,71.381371,25214100,0,1,166.071157
2013-10-14,79.7900,71.885910,31471900,0,1,167.244953
2013-10-15,79.4800,71.606598,38684000,0,1,166.595174
2013-10-16,80.3800,72.417427,46735900,0,1,168.481631
2013-10-17,80.8400,72.831879,32193500,0,1,169.445821
2013-10-18,82.1500,74.012115,39628200,0,1,172.191665
2013-10-21,82.3300,74.174278,31176900,0,1,172.568956
2013-10-22,82.4500,74.282394,43944800,0,1,172.820484
2013-10-23,81.9500,73.831947,38021300,0,1,171.772452
2013-10-24,82.3100,74.156250,23155100,0,1,172.527035
2013-10-25,82.9000,74.687820,35824500,0,1,173.763713
2013-10-28,82.9200,74.705841,28618400,0,1,173.805634
2013-10-29,83.0600,74.831947,36878100,0,1,174.099083
2013-10-30,82.9800,74.759895,33535500,0,1,173.931398
2013-10-31,82.7900,74.588707,31309900,0,1,173.533146
2013-11-01,82.8100,74.606743,30867800,0,1,173.575067
2013-11-04,82.9300,74.714882,16834000,0,1,173.826595
2013-11-05,83.0200,74.795952,27975600,0,1,174.015240
2013-11-06,83.0000,74.777885,25576800,0,1,173.973319
2013-11-07,81.4400,73.372444,52173200,0,1,170.703459
2013-11-08,82.5400,74.363495,31470500,0,1,173.009130
2013-11-11,82.4100,74.246368,24822900,0,1,172.736641
2013-11-12,82.5400,74.363495,20108500,0,1,173.009130
2013-11-13,83.5400,75.264427,31345900,0,1,175.105194
2013-11-14,83.8000,75.498665,31101200,0,1,175.650170
2013-11-15,83.9600,75.642807,20511300,0,1,175.985541
2013-11-18,83.1400,74.904045,31679600,0,1,174.266768
2013-11-19,82.9000,74.687820,25545300,0,1,173.763713
2013-11-20,82.7000,74.507607,32177400,0,1,173.344500
2013-11-21,83.5400,75.264427,28125000,0,1,175.105194
2013-11-22,83.9900,75.669815,25361300,0,1,176.048423
2013-11-25,84.1900,75.850037,21695100,0,1,176.467635
2013-11-26,84.6300,76.246429,26621000,0,1,177.389904
2013-11-27,85.2200,76.777985,21638100,0,1,178.626581
2013-11-29,85.7300,77.237488,16708900,0,1,179.695574
2013-12-02,85.4800,77.012253,26354600,0,1,179.171558
2013-12-03,85.4100,76.949173,37147000,0,1,179.024834
2013-12-04,85.4900,77.021271,37193200,0,1,179.192519
2013-12-05,85.3800,76.922134,39829300,0,1,178.961952
2013-12-06,86.0000,77.480728,36842900,0,1,180.261511
2013-12-09,86.3500,77.796074,22590000,0,1,180.995134
2013-12-10,86.2900,77.742012,26965900,0,1,180.869370
2013-12-11,85.1800,76.741951,36830600,0,1,178.542739
2013-12-12,84.9600,76.543724,33662600,0,1,178.081605
2013-12-13,84.8500,76.444649,34072000,0,1,177.851038
2013-12-16,85.3200,76.868065,24902500,0,1,178.836188
2013-12-17,85.1500,76.714935,24454900,0,1,178.479857
2013-12-18,86.1400,77.606865,68387200,0,1,180.554960
2013-12-19,85.9000,77.390640,44964100,0,1,180.051905
2013-12-20,86.5000,78.178764,40475400,0.272,1,181.879673
2013-12-23,87.4100,79.001244,28181800,0,1,183.793089
2013-12-24,87.4500,79.037338,13852500,0,1,183.877195
2013-12-26,87.7400,79.299461,15241100,0,1,184.486965
2013-12-27,87.5200,79.100594,15827400,0,1,184.024381
2013-12-30,87.3900,78.983116,18983700,0,1,183.751036
2013-12-31,87.9600,79.498283,24890500,0,1,184.949549
2014-01-02,87.2700,78.874680,29177500,0,1,183.498717
2014-01-03,86.6400,78.305260,35723700,0,1,182.174045
2014-01-06,86.3200,78.016052,32073100,0,1,181.501195
2014-01-07,87.1200,78.739090,25860600,0,1,183.183319
2014-01-08,87.3100,78.910820,27197400,0,1,183.582824
2014-01-09,87.0200,78.648697,23674700,0,1,182.973054
2014-01-10,87.3000,78.901794,38008900,0,1,183.561797
2014-01-13,86.0100,77.735916,48842300,0,1,180.849372
2014-01-14,87.6500,79.218109,37178900,0,1,184.297726
2014-01-15,88.3700,79.868874,39835600,0,1,185.811638
2014-01-16,88.3800,79.877907,31630100,0,1,185.832665
2014-01-17,87.8800,79.425995,36895800,0,1,184.781337
2014-01-21,88.5500,80.031563,26412700,0,1,186.190116
2014-01-22,88.7800,80.239418,29376900,0,1,186.673727
2014-01-23,88.4800,79.968277,35011900,0,1,186.042930
2014-01-24,86.7400,78.395645,63974600,0,1,182.384310
2014-01-27,85.9000,77.636482,63519300,0,1,180.618080
2014-01-28,85.8500,77.591255,44378800,0,1,180.512947
2014-01-29,84.9300,76.759773,51939300,0,1,178.578504
2014-01-30,86.5000,78.178764,65833600,0,1,181.879673
2014-01-31,86.2700,77.970863,45187000,0,1,181.396062
2014-02-03,84.2900,76.181358,65596900,0,1,177.232805
2014-02-04,84.9100,76.741722,37675500,0,1,178.536451
2014-02-05,84.6900,76.542870,41721800,0,1,178.073867
2014-02-06,85.7700,77.518967,32308600,0,1,180.344735
2014-02-07,87.3000,78.901794,38359400,0,1,183.561797
2014-02-10,87.8000,79.353706,30205400,0,1,184.613125
2014-02-11,88.8000,80.257492,38635500,0,1,186.715780
2014-02-12,88.9700,80.411156,32507200,0,1,187.073231
2014-02-13,89.6300,81.007622,40454500,0,1,188.460984
2014-02-14,89.8100,81.170341,33212400,0,1,188.839461
2014-02-18,90.2500,81.568001,29546600,0,1,189.764630
2014-02-19,89.6300,81.007622,41749900,0,1,188.460984
2014-02-20,90.0500,81.387245,41814800,0,1,189.344099
2014-02-21,89.9300,81.278786,31192200,0,1,189.091780
2014-02-24,90.4100,81.712639,31500400,0,1,190.101055
2014-02-25,90.3100,81.622223,26771700,0,1,189.890789
2014-02-26,90.2300,81.549957,42953700,0,1,189.722577
2014-02-27,90.4400,82.079033,28742400,0.373,1,190.948425
2014-02-28,90.3400,81.988274,48609800,0,1,190.737292
2014-03-03,89.6700,81.380203,38885700,0,1,189.322703
2014-03-04,90.8100,82.414780,33189000,0,1,191.729616
2014-03-05,91.0600,82.641663,27203300,0,1,192.257447
2014-03-06,90.9800,82.569077,24063900,0,1,192.088541
2014-03-07,90.5300,82.160706,31167800,0,1,191.138444
2014-03-10,90.6100,82.233315,18131700,0,1,191.307350
2014-03-11,90.2200,81.879326,27484300,0,1,190.483933
2014-03-12,90.5600,82.187943,27977200,0,1,191.201784
2014-03-13,89.2800,81.026268,48542000,0,1,188.499285
2014-03-14,88.6700,80.472656,38732300,0,1,187.211376
2014-03-17,89.4500,81.180557,28467200,0,1,188.858211
2014-03-18,90.5300,82.160706,31250200,0,1,191.138444
2014-03-19,90.0400,81.716034,40869400,0,1,190.103894
2014-03-20,90.2900,81.942902,31634500,0,1,190.631726
2014-03-21,89.0000,80.956841,62754000,0.206,1,188.343047
2014-03-24,88.2200,80.247345,77735300,0,1,186.692400
2014-03-25,88.5100,80.511139,41723300,0,1,187.306102
2014-03-26,87.3700,79.474159,40930400,0,1,184.893618
2014-03-27,86.8800,79.028419,64784500,0,1,183.856673
2014-03-28,87.0500,79.183098,39895100,0,1,184.216430
2014-03-31,87.6700,79.747063,33924300,0,1,185.528482
2014-04-01,89.2100,81.147896,38683800,0,1,188.787452
2014-04-02,89.4400,81.357109,34631600,0,1,189.274181
2014-04-03,88.7300,80.711266,30319100,0,1,187.771669
2014-04-04,86.3700,78.564507,131213200,0,1,182.777404
2014-04-07,85.5500,77.818634,83995800,0,1,181.042109
2014-04-08,86.3400,78.537231,51495700,0,1,182.713918
2014-04-09,87.8200,79.883476,45685200,0,1,185.845914
2014-04-10,85.1000,77.409332,73659600,0,1,180.089812
2014-04-11,84.1100,76.508797,93657400,0,1,177.994760
2014-04-14,84.7700,77.109138,46500700,0,1,179.391462
2014-04-15,85.0500,77.363838,84631500,0,1,179.984002
2014-04-16,86.1800,78.391693,46970900,0,1,182.375323
2014-04-17,86.2000,78.409882,53719500,0,1,182.417648
2014-04-21,86.8400,78.992027,25947900,0,1,183.772025
2014-04-22,87.5300,79.619713,38593400,0,1,185.232212
2014-04-23,86.7600,78.919266,34376700,0,1,183.602728
2014-04-24,87.5900,79.674278,48926300,0,1,185.359185
2014-04-25,86.1900,78.400803,44334000,0,1,182.396486
2014-04-28,86.4700,78.655472,58623800,0,1,182.989025
2014-04-29,87.1600,79.283142,36742700,0,1,184.449213
2014-04-30,87.3900,79.492340,38689400,0,1,184.935942
2014-05-01,87.6500,79.728851,37127200,0,1,185.486158
2014-05-02,87.4900,79.583328,40074200,0,1,185.147564
2014-05-05,87.9500,80.001740,27924400,0,1,186.121022
2014-05-06,86.8100,78.964783,33698500,0,1,183.708538
2014-05-07,86.5600,78.737366,67489100,0,1,183.179485
2014-05-08,86.4800,78.664589,46556900,0,1,183.010188
2014-05-09,86.8000,78.955658,35081500,0,1,183.687376
2014-05-12,88.2300,80.256439,38951100,0,1,186.713562
2014-05-13,88.2900,80.310997,30311900,0,1,186.840535
2014-05-14,87.8300,79.892593,26483600,0,1,185.867077
2014-05-15,87.1400,79.264946,59680300,0,1,184.406889
2014-05-16,87.7100,79.783432,66804100,0,1,185.613131
2014-05-19,88.3200,80.338310,32017000,0,1,186.904021
2014-05-20,88.0000,80.047234,33716000,0,1,186.226833
2014-05-21,88.8400,80.811333,36837700,0,1,188.004453
2014-05-22,89.2300,81.166100,30617100,0,1,188.829776
2014-05-23,89.8800,81.757309,22687300,0,1,190.205315
2014-05-27,91.0000,82.776100,29725200,0,1,192.575475
2014-05-28,90.7200,82.521393,30468100,0,1,191.982935
2014-05-29,91.3000,83.048981,33036100,0,1,193.210339
2014-05-30,91.3100,83.058075,29906400,0,1,193.231501
2014-06-02,91.2200,82.976250,30409900,0,1,193.041042
2014-06-03,91.1800,82.939842,21774500,0,1,192.956393
2014-06-04,91.5200,83.249115,20118300,0,1,193.675906
2014-06-05,92.2900,83.949524,35583100,0,1,195.305391
2014-06-06,92.8200,84.431664,22680600,0,1,196.426984
2014-06-09,92.7500,84.367950,23399500,0,1,196.278849
2014-06-10,92.9100,84.513535,20626000,0,1,196.617444
2014-06-11,92.8900,84.495338,22878200,0,1,196.575119
2014-06-12,92.0500,83.731232,35275900,0,1,194.797500
2014-06-13,92.3200,83.976807,39447100,0,1,195.368877
2014-06-16,92.4000,84.049629,25212300,0,1,195.538175
2014-06-17,92.4500,84.095085,19977900,0,1,195.643985
2014-06-18,92.9700,84.568108,34514000,0,1,196.744417
2014-06-19,92.9100,84.513535,38422200,0,1,196.617444
2014-06-20,92.7700,84.612915,25897500,0.249,1,196.848111
2014-06-23,92.7900,84.631180,20837900,0,1,196.890549
2014-06-24,92.7000,84.549057,31945800,0,1,196.699578
2014-06-25,93.2900,85.087189,32818600,0,1,197.951496
2014-06-26,93.3400,85.132805,22563900,0,1,198.057591
2014-06-27,93.7500,85.506752,22877800,0,1,198.927567
2014-06-30,93.9100,85.652679,19751900,0,1,199.267070
2014-07-01,94.9400,86.592125,31862500,0,1,201.452621
2014-07-02,95.1000,86.738060,18777300,0,1,201.792124
2014-07-03,95.7000,87.285309,15291700,0,1,203.065261
2014-07-07,95.4100,87.020798,23266400,0,1,202.449911
2014-07-08,94.2600,85.971931,40612400,0,1,200.009733
2014-07-09,94.9600,86.610344,29919000,0,1,201.495059
2014-07-10,94.6600,86.336731,44245300,0,1,200.858491
2014-07-11,95.2700,86.893105,19566300,0,1,202.152846
2014-07-14,95.8400,87.413025,19579000,0,1,203.362326
2014-07-15,95.5100,87.111992,39467500,0,1,202.662101
2014-07-16,95.8900,87.458572,22052600,0,1,203.468420
2014-07-17,94.6200,86.300247,43111500,0,1,200.773615
2014-07-18,96.1200,87.668358,36682200,0,1,203.956456
2014-07-21,96.0000,87.558907,29750700,0,1,203.701829
2014-07-22,96.6100,88.115280,25770400,0,1,204.996184
2014-07-23,97.2300,88.680740,28947500,0,1,206.311759
2014-07-24,97.1200,88.580429,24707200,0,1,206.078350
2014-07-25,96.7400,88.233826,29898900,0,1,205.272030
2014-07-28,96.7700,88.261208,25603400,0,1,205.335687
2014-07-29,96.6000,88.106117,27022200,0,1,204.974965
2014-07-30,96.9800,88.452774,35348500,0,1,205.781285
2014-07-31,95.0200,86.665085,50047900,0,1,201.622373
2014-08-01,94.6700,86.345856,60708000,0,1,200.879710
2014-08-04,95.3200,86.938683,33230500,0,1,202.258941
2014-08-05,94.5900,86.272888,50331100,0,1,200.709958
2014-08-06,94.5200,86.209038,34431900,0,1,200.561426
2014-08-07,94.2200,85.935425,33274700,0,1,199.924857
2014-08-08,94.9000,86.555634,40236900,0,1,201.367745
2014-08-11,95.4600,87.066391,28277500,0,1,202.556006
2014-08-12,95.4200,87.029922,28152300,0,1,202.471130
2014-08-13,96.4300,87.951096,27996500,0,1,204.614243
2014-08-14,96.9300,88.407120,25006600,0,1,205.675190
2014-08-15,97.4000,88.835815,55205500,0,1,206.672481
2014-08-18,98.1500,89.519859,38938300,0,1,208.263901
2014-08-19,98.7000,90.021500,21363400,0,1,209.430943
2014-08-20,98.7000,90.021500,23435600,0,1,209.430943
2014-08-21,98.9000,90.203941,19339500,0,1,209.855322
2014-08-22,99.0500,90.340736,24692000,0,1,210.173606
2014-08-25,99.4000,90.659950,24124700,0,1,210.916269
2014-08-26,99.5000,90.751167,20100400,0,1,211.128458
2014-08-27,99.5200,90.769417,15589100,0,1,211.170896
2014-08-28,99.4100,90.669090,23563900,0,1,210.937488
2014-08-29,99.7800,91.006531,17906300,0,1,211.722588
2014-09-02,100.0700,91.271027,18326800,0,1,212.337938
2014-09-03,99.4800,90.732925,25950700,0,1,211.086020
2014-09-04,99.3900,90.650810,24663500,0,1,210.895050
2014-09-05,99.8900,91.106873,30798200,0,1,211.955997
2014-09-08,100.0800,91.280190,25571300,0,1,212.359157
2014-09-09,99.2500,90.523132,36449200,0,1,210.597985
2014-09-10,100.0700,91.271027,31080100,0,1,212.337938
2014-09-11,99.9900,91.198067,28691900,0,1,212.168186
2014-09-12,99.4800,90.732925,30444400,0,1,211.086020
2014-09-15,98.5200,89.857315,32972200,0,1,209.049002
2014-09-16,99.3800,90.641731,38166900,0,1,210.873831
2014-09-17,99.5300,90.778511,37196500,0,1,211.192115
2014-09-18,100.2800,91.462563,30196700,0,1,212.783535
2014-09-19,99.9800,91.405891,46918000,0.238,1,212.651978
2014-09-22,99.0500,90.555649,48658000,0,1,210.673919
2014-09-23,98.7800,90.308823,33989600,0,1,210.099644
2014-09-24,99.8400,91.277893,35959000,0,1,212.354206
2014-09-25,97.7400,89.357956,68642500,0,1,207.887621
2014-09-26,98.7800,90.308823,56106200,0,1,210.099644
2014-09-29,98.6500,90.189949,33342700,0,1,209.823141
2014-09-30,98.7900,90.317932,41834300,0,1,210.120913
2014-10-01,97.2100,88.873428,58164900,0,1,206.760340
2014-10-02,97.2100,88.873428,54501300,0,1,206.760340
2014-10-03,98.1700,89.751099,41627800,0,1,208.802207
2014-10-06,97.9600,89.559105,36038700,0,1,208.355549
2014-10-07,96.5700,88.288330,45154000,0,1,205.399095
2014-10-08,98.4500,90.007118,64931600,0,1,209.397752
2014-10-09,96.8600,88.553467,62497100,0,1,206.015909
2014-10-10,94.4400,86.341003,77579400,0,1,200.868702
2014-10-13,92.9600,84.987915,80835900,0,1,197.720823
2014-10-14,92.9700,84.997086,71814500,0,1,197.742092
2014-10-15,92.3700,84.448517,108847800,0,1,196.465925
2014-10-16,91.7900,83.918266,93165800,0,1,195.232297
2014-10-17,93.0000,85.024498,69546700,0,1,197.805901
2014-10-20,94.3900,86.295273,41479300,0,1,200.762354
2014-10-21,96.8700,88.562592,53609800,0,1,206.037178
2014-10-22,96.3700,88.105484,39178000,0,1,204.973706
2014-10-23,97.8200,89.431129,48123800,0,1,208.057776
2014-10-24,98.6200,90.162521,43157600,0,1,209.759333
2014-10-27,98.6900,90.226524,29545700,0,1,209.908219
2014-10-28,100.1800,91.588760,34495100,0,1,213.077367
2014-10-29,99.8100,91.250458,40552800,0,1,212.290397
2014-10-30,100.0200,91.442459,35935800,0,1,212.737056
2014-10-31,101.4000,92.704109,54254100,0,1,215.672240
2014-11-03,101.7000,92.978409,33481000,0,1,216.310324
2014-11-04,101.3600,92.667534,22773300,0,1,215.587162
2014-11-05,101.3700,92.676674,25818600,0,1,215.608432
2014-11-06,101.6900,92.969200,24671900,0,1,216.289054
2014-11-07,101.6000,92.886948,20931700,0,1,216.097629
2014-11-10,101.9600,93.216118,20360000,0,1,216.863329
2014-11-11,102.2800,93.508659,15454000,0,1,217.543952
2014-11-12,102.4600,93.673195,22050300,0,1,217.926802
2014-11-13,102.9000,94.075485,28027800,0,1,218.862658
2014-11-14,103.2200,94.368050,19251300,0,1,219.543280
2014-11-17,102.9100,94.084618,23361600,0,1,218.883927
2014-11-18,103.6800,94.788605,26336800,0,1,220.521675
2014-11-19,103.2100,94.358864,23760200,0,1,219.522011
2014-11-20,103.6700,94.779457,22874000,0,1,220.500406
2014-11-21,103.8700,94.962303,34049100,0,1,220.925795
2014-11-24,104.6800,95.702805,17928300,0,1,222.648620
2014-11-25,104.8400,95.849098,17526000,0,1,222.988931
2014-11-26,105.5200,96.470795,18973800,0,1,224.435254
2014-11-28,106.0100,96.918785,17360400,0,1,225.477457
2014-12-01,104.8100,95.821663,35969500,0,1,222.925123
2014-12-02,105.2300,96.205673,26031300,0,1,223.818440
2014-12-03,105.4200,96.379356,32974300,0,1,224.222560
2014-12-04,105.3700,96.333633,31008800,0,1,224.116212
2014-12-05,105.3800,96.342796,25622200,0,1,224.137482
2014-12-08,104.6300,95.657127,32685800,0,1,222.542273
2014-12-09,104.9600,95.958817,46035100,0,1,223.244165
2014-12-10,103.3100,94.450294,39330100,0,1,219.734705
2014-12-11,103.8000,94.898285,47576000,0,1,220.776908
2014-12-12,102.6700,93.865181,46889400,0,1,218.373460
2014-12-15,101.6100,92.896118,52968400,0,1,216.118899
2014-12-16,99.9800,91.405891,65348600,0,1,212.651978
2014-12-17,101.8000,93.069824,79715300,0,1,216.523018
2014-12-18,104.2500,95.309692,49840900,0,1,221.734034
2014-12-19,104.3200,95.729080,51419900,0.387,1,222.706048
2014-12-22,104.5800,95.967667,33869200,0,1,223.261105
2014-12-23,104.2100,95.628136,30156900,0,1,222.471216
2014-12-24,104.3000,95.710732,14291300,0,1,222.663351
2014-12-26,105.0400,96.389793,13924300,0,1,224.243129
2014-12-29,105.0200,96.371407,17073800,0,1,224.200433
2014-12-30,104.3200,95.729080,18604000,0,1,222.706048
2014-12-31,103.2500,94.747169,24367100,0,1,220.421774
2015-01-02,102.9400,94.462730,31314600,0,1,219.759975
2015-01-05,101.4300,93.077057,36521300,0,1,216.536373
2015-01-06,100.0700,91.829063,66205500,0,1,213.632997
2015-01-07,101.3600,93.012840,37577400,0,1,216.386934
2015-01-08,103.3000,94.793060,40212600,0,1,220.528515
2015-01-09,102.6200,94.169098,41410100,0,1,219.076827
2015-01-12,101.5500,93.187180,34129800,0,1,216.792553
2015-01-13,101.5200,93.159660,56162300,0,1,216.728508
2015-01-14,100.9600,92.645782,51354200,0,1,215.533000
2015-01-15,99.6500,91.443657,51005400,0,1,212.736366
2015-01-16,100.8200,92.517303,35362200,0,1,215.234123
2015-01-20,101.6200,93.251396,30964100,0,1,216.941992
2015-01-21,102.1400,93.728584,40128800,0,1,218.052106
2015-01-22,104.0300,95.462952,40887200,0,1,222.086945
2015-01-23,104.2600,95.674004,34783000,0,1,222.577958
2015-01-26,104.1400,95.563889,19960900,0,1,222.321777
2015-01-27,101.4400,93.086258,45253200,0,1,216.557721
2015-01-28,100.9200,92.609070,43591700,0,1,215.447607
2015-01-29,101.8900,93.499199,46539700,0,1,217.518397
2015-01-30,101.1000,92.774254,42927600,0,1,215.831877
2015-02-02,101.9800,93.581757,43624700,0,1,217.710532
2015-02-03,102.9600,94.481064,30750400,0,1,219.802671
2015-02-04,102.8700,94.398453,34073200,0,1,219.610536
2015-02-05,103.7600,95.215225,23605500,0,1,221.510540
2015-02-06,103.1300,94.637062,34169300,0,1,220.165593
2015-02-09,102.8000,94.334229,22604700,0,1,219.461098
2015-02-10,104.4000,95.802490,23686500,0,1,222.876835
2015-02-11,104.7800,96.151184,20303600,0,1,223.688072
2015-02-12,106.0000,97.270706,22520300,0,1,226.292572
2015-02-13,106.9100,98.105797,29030200,0,1,228.235272
2015-02-17,107.0100,98.197548,17675300,0,1,228.448755
2015-02-18,107.1600,98.335205,15149600,0,1,228.768981
2015-02-19,107.6900,98.821541,19828100,0,1,229.900444
2015-02-20,108.4100,99.482239,28336700,0,1,231.437525
2015-02-23,108.5200,99.583199,17868000,0,1,231.672357
2015-02-24,108.6000,99.656639,19745000,0,1,231.843144
2015-02-25,108.3300,99.408829,19472300,0,1,231.266738
2015-02-26,108.8800,99.913574,22255500,0,1,232.440898
2015-02-27,108.4000,99.473068,27757600,0,1,231.416177
2015-03-02,109.3800,100.372360,22988600,0,1,233.508316
2015-03-03,108.8700,99.904350,20788900,0,1,232.419550
2015-03-04,108.4500,99.518959,21007400,0,1,231.522919
2015-03-05,108.6400,99.693314,15381000,0,1,231.928537
2015-03-06,107.4100,98.564629,30990400,0,1,229.302690
2015-03-09,107.7200,98.849075,26237100,0,1,229.964489
2015-03-10,105.7200,97.013786,34234500,0,1,225.694818
2015-03-11,105.1100,96.454010,25459700,0,1,224.392568
2015-03-12,105.8000,97.087181,21473200,0,1,225.865604
2015-03-13,105.3400,96.665070,42021100,0,1,224.883580
2015-03-16,106.7000,97.913071,25674100,0,1,227.786956
2015-03-17,106.8700,98.069038,19603800,0,1,228.149878
2015-03-18,107.9200,99.032616,40622200,0,1,230.391456
2015-03-19,108.0800,99.179428,31314000,0,1,230.733030
2015-03-20,108.5300,99.821404,31761400,0.248,1,232.223145
2015-03-23,108.3200,99.628281,17268500,0,1,231.773805
2015-03-24,107.9300,99.269569,22445300,0,1,230.939316
2015-03-25,105.4600,96.997765,41581400,0,1,225.654223
2015-03-26,105.1000,96.666634,47846300,0,1,224.883926
2015-03-27,105.5200,97.052933,33878400,0,1,225.782606
2015-03-30,106.7300,98.165878,30570200,0,1,228.371660
2015-03-31,105.6000,97.126541,30488100,0,1,225.953783
2015-04-01,105.0500,96.620667,32970500,0,1,224.776941
2015-04-02,105.1200,96.685043,19164200,0,1,224.926721
2015-04-06,105.9800,97.476044,24451100,0,1,226.766874
2015-04-07,105.8000,97.310478,19379400,0,1,226.381726
2015-04-08,106.6400,98.083076,25866900,0,1,228.179086
2015-04-09,107.3100,98.699326,23114700,0,1,229.612694
2015-04-10,107.7500,99.104004,17164300,0,1,230.554168
2015-04-13,107.4800,98.855698,17783500,0,1,229.976445
2015-04-14,107.1700,98.570541,23755700,0,1,229.313134
2015-04-15,107.8400,99.186813,21128600,0,1,230.746742
2015-04-16,107.6900,99.048836,16195300,0,1,230.425785
2015-04-17,106.0100,97.503624,46514000,0,1,226.831066
2015-04-20,107.6000,98.966042,28945900,0,1,230.233211
2015-04-21,108.0600,99.389137,22759800,0,1,231.217479
2015-04-22,108.6500,99.931801,21429200,0,1,232.479910
2015-04-23,109.0600,100.308899,29473200,0,1,233.357193
2015-04-24,110.5400,101.670097,32508100,0,1,236.523970
2015-04-27,110.2600,101.412598,31121300,0,1,235.924850
2015-04-28,110.0400,101.210258,36849200,0,1,235.454113
2015-04-29,109.3500,100.575600,34043900,0,1,233.977710
2015-04-30,107.6300,98.993622,44080500,0,1,230.297402
2015-05-01,109.0500,100.299706,32874300,0,1,233.335796
2015-05-04,109.2300,100.465240,23507300,0,1,233.720944
2015-05-05,107.4500,98.828079,47843300,0,1,229.912254
2015-05-06,106.7100,98.147453,42687200,0,1,228.328866
2015-05-07,107.3500,98.736076,29335800,0,1,229.698282
2015-05-08,108.6900,99.968582,33023300,0,1,232.565499
2015-05-11,108.2700,99.582260,19679300,0,1,231.666819
2015-05-12,107.7800,99.131577,33665000,0,1,230.618359
2015-05-13,108.0000,99.333954,20738400,0,1,231.089096
2015-05-14,109.5800,100.787155,23904200,0,1,234.469844
2015-05-15,109.5800,100.787155,23937400,0,1,234.469844
2015-05-18,110.0600,101.228645,17631100,0,1,235.496907
2015-05-19,109.9400,101.118271,14212900,0,1,235.240141
2015-05-20,110.0100,101.182663,21131900,0,1,235.389921
2015-05-21,110.5800,101.706947,16771800,0,1,236.609558
2015-05-22,110.4700,101.605774,13543800,0,1,236.374190
2015-05-26,109.2000,100.437645,25488400,0,1,233.656753
2015-05-27,110.9600,102.056458,30572700,0,1,237.422649
2015-05-28,110.7100,101.826492,17302400,0,1,236.887721
2015-05-29,110.0500,101.219467,30383000,0,1,235.475510
2015-06-01,110.4200,101.559769,24570200,0,1,236.267204
2015-06-02,110.0700,101.237877,19449600,0,1,235.518304
2015-06-03,110.4000,101.541382,20507200,0,1,236.224410
2015-06-04,109.5600,100.768784,31374600,0,1,234.427050
2015-06-05,109.3000,100.529648,22641700,0,1,233.870724
2015-06-08,108.1900,99.508705,24549200,0,1,231.495642
2015-06-09,108.0100,99.343140,27554600,0,1,231.110494
2015-06-10,109.4900,100.704384,30297900,0,1,234.277270
2015-06-11,109.6500,100.851555,17593500,0,1,234.619624
2015-06-12,108.7500,100.023781,27201800,0,1,232.693882
2015-06-15,108.2100,99.527092,31238800,0,1,231.538436
2015-06-16,108.8000,100.069748,16456900,0,1,232.800868
2015-06-17,109.1000,100.345673,23296700,0,1,233.442782
2015-06-18,110.6900,101.808098,43032400,0,1,236.844927
2015-06-19,109.8900,101.304764,27877600,0.254,1,235.676643
2015-06-22,110.7000,102.051491,19120900,0,1,237.413817
2015-06-23,110.7900,102.134445,18127900,0,1,237.606837
2015-06-24,110.2200,101.608955,15815900,0,1,236.384381
2015-06-25,110.0000,101.406166,18326700,0,1,235.912555
2015-06-26,109.2700,100.733177,32311700,0,1,234.346954
2015-06-29,106.6900,98.354752,50874900,0,1,228.813732
2015-06-30,107.0700,98.705078,34809900,0,1,229.628703
2015-07-01,107.9200,99.488678,21293000,0,1,231.451664
2015-07-02,107.9500,99.516312,20499400,0,1,231.516003
2015-07-06,107.7000,99.285851,24311000,0,1,230.979838
2015-07-07,107.9700,99.534782,44230800,0,1,231.558897
2015-07-08,106.0900,97.801636,39691500,0,1,227.526936
2015-07-09,106.0300,97.746323,28381000,0,1,227.398257
2015-07-10,107.6500,99.239761,26415800,0,1,230.872605
2015-07-13,109.5400,100.982109,25780700,0,1,234.926012
2015-07-14,110.2600,101.645844,21977200,0,1,236.470167
2015-07-15,110.3800,101.756470,28631500,0,1,236.727526
2015-07-16,111.9400,103.194611,29838900,0,1,240.073195
2015-07-17,113.5900,104.715691,35926800,0,1,243.611883
2015-07-20,113.9800,105.075226,26539000,0,1,244.448301
2015-07-21,113.9100,105.010719,35468900,0,1,244.298175
2015-07-22,112.6200,103.821480,35575000,0,1,241.531564
2015-07-23,112.2000,103.434288,25698300,0,1,240.630807
2015-07-24,111.1000,102.420212,30844700,0,1,238.271681
2015-07-27,110.1800,101.572105,35994800,0,1,236.298594
2015-07-28,111.1300,102.447884,33553500,0,1,238.336021
2015-07-29,111.5500,102.835083,26714100,0,1,239.236778
2015-07-30,112.0800,103.323654,25438100,0,1,240.373447
2015-07-31,111.9500,103.203819,22081700,0,1,240.094642
2015-08-03,111.6000,102.881187,25001800,0,1,239.344011
2015-08-04,111.3900,102.687576,22132300,0,1,238.893632
2015-08-05,112.2500,103.480377,28989900,0,1,240.738040
2015-08-06,110.4500,101.821007,42125400,0,1,236.877652
2015-08-07,110.3100,101.691925,30006800,0,1,236.577400
2015-08-10,111.5700,102.853493,21500800,0,1,239.279671
2015-08-11,110.1400,101.535240,36123300,0,1,236.212808
2015-08-12,110.5200,101.885529,41889000,0,1,237.027778
2015-08-13,110.3400,101.719627,22510500,0,1,236.641740
2015-08-14,110.5100,101.876305,17924900,0,1,237.006332
2015-08-17,111.4300,102.724426,21224900,0,1,238.979419
2015-08-18,110.8600,102.198982,13984400,0,1,237.756963
2015-08-19,110.1300,101.526009,42511400,0,1,236.191361
2015-08-20,107.0800,98.714294,57747300,0,1,229.650149
2015-08-21,102.4000,94.399940,97763400,0,1,219.613143
2015-08-24,98.4600,90.767738,150829900,0,1,211.163184
2015-08-25,98.0900,90.426643,75088300,0,1,210.369660
2015-08-26,103.0300,94.980713,104103800,0,1,220.964278
2015-08-27,105.6400,97.386772,69377700,0,1,226.561840
2015-08-28,105.6200,97.368362,49919600,0,1,226.518946
2015-08-31,104.3100,96.160713,39549400,0,1,223.709442
2015-09-01,101.0500,93.155365,73155500,0,1,216.717852
2015-09-02,103.9000,95.782753,43963600,0,1,222.830132
2015-09-03,103.3900,95.312569,45131800,0,1,221.736356
2015-09-04,102.1600,94.178673,49379600,0,1,219.098424
2015-09-08,105.0400,96.833717,37343500,0,1,225.275044
2015-09-09,103.8600,95.745857,47146700,0,1,222.744346
2015-09-10,104.9900,96.787567,47686700,0,1,225.167811
2015-09-11,105.5700,97.322258,29106100,0,1,226.411713
2015-09-14,105.2500,97.027245,19718800,0,1,225.725422
2015-09-15,106.4900,98.170372,30020200,0,1,228.384800
2015-09-16,107.0900,98.723503,31329100,0,1,229.671596
2015-09-17,107.1300,98.760391,56139800,0,1,229.757382
2015-09-18,105.3500,97.355721,48384000,0.26,1,226.497500
2015-09-21,105.6800,97.660690,35772600,0,1,227.206984
2015-09-22,104.1000,96.200577,47359700,0,1,223.810059
2015-09-23,104.1800,96.274529,21775100,0,1,223.982055
2015-09-24,103.8000,95.923355,38284300,0,1,223.165073
2015-09-25,102.9200,95.110123,44700000,0,1,221.273115
2015-09-28,99.9900,92.402435,44077500,0,1,214.973754
2015-09-29,99.4700,91.921913,49315500,0,1,213.855779
2015-09-30,101.7600,94.038139,41411400,0,1,218.779170
2015-10-01,102.2200,94.463257,39339100,0,1,219.768148
2015-10-02,104.0100,96.117409,59370900,0,1,223.616563
2015-10-05,105.5000,97.494331,32853500,0,1,226.819993
2015-10-06,105.0000,97.032280,33051500,0,1,225.745016
2015-10-07,105.6300,97.614479,37389300,0,1,227.099487
2015-10-08,106.0500,98.002602,50188900,0,1,228.002467
2015-10-09,106.5300,98.446167,23916200,0,1,229.034444
2015-10-12,106.7900,98.686455,16162000,0,1,229.593432
2015-10-13,106.1000,98.048820,26999600,0,1,228.109964
2015-10-14,105.9300,97.891747,30902600,0,1,227.744472
2015-10-15,107.6700,99.499687,38393800,0,1,231.485390
2015-10-16,108.1200,99.915535,27091100,0,1,232.452868
2015-10-19,108.7400,100.488487,23776300,0,1,233.785839
2015-10-20,108.1800,99.970985,23404700,0,1,232.581866
2015-10-21,107.5200,99.361061,30195200,0,1,231.162897
2015-10-22,109.7100,101.384865,42778700,0,1,235.871293
2015-10-23,112.7800,104.221901,53170900,0,1,242.471647
2015-10-26,112.8500,104.286613,25918000,0,1,242.622144
2015-10-27,113.0800,104.499146,31390500,0,1,243.116633
2015-10-28,114.0200,105.367821,42221900,0,1,245.137588
2015-10-29,113.8400,105.201492,24913300,0,1,244.750597
2015-10-30,113.3300,104.730186,27199200,0,1,243.654121
2015-11-02,114.6100,105.913055,22176900,0,1,246.406060
2015-11-03,115.0100,106.282715,20418400,0,1,247.266041
2015-11-04,115.0200,106.291924,28633000,0,1,247.287541
2015-11-05,114.7100,106.005447,25004100,0,1,246.621056
2015-11-06,114.7900,106.079391,29924900,0,1,246.793052
2015-11-09,113.5700,104.951973,33479800,0,1,244.170110
2015-11-10,113.2800,104.683945,35452100,0,1,243.546623
2015-11-11,113.1400,104.554604,22748800,0,1,243.245630
2015-11-12,112.0400,103.538055,31196900,0,1,240.880682
2015-11-13,109.8400,101.505035,52836000,0,1,236.150787
2015-11-16,111.4200,102.965126,33980600,0,1,239.547712
2015-11-17,111.4900,103.029808,30579500,0,1,239.698208
2015-11-18,113.6300,105.007416,32966500,0,1,244.299107
2015-11-19,113.7100,105.081329,26188100,0,1,244.471103
2015-11-20,114.4800,105.792915,22727600,0,1,246.126567
2015-11-23,114.1500,105.487953,20696200,0,1,245.417082
2015-11-24,114.0500,105.395538,26374400,0,1,245.202087
2015-11-25,114.1500,105.487953,14159900,0,1,245.417082
2015-11-27,114.3100,105.635788,8828000,0,1,245.761075
2015-11-30,114.0200,105.367821,25041600,0,1,245.137588
2015-12-01,115.1600,106.421356,28639400,0,1,247.588534
2015-12-02,114.4500,105.765198,22395500,0,1,246.062068
2015-12-03,112.5100,103.972435,42754300,0,1,241.891160
2015-12-04,115.1400,106.402817,40037300,0,1,247.545535
2015-12-07,114.6200,105.922310,25892100,0,1,246.427560
2015-12-08,114.6300,105.931534,30792600,0,1,246.449059
2015-12-09,112.8900,104.323563,48509200,0,1,242.708142
2015-12-10,113.4000,104.794876,30154600,0,1,243.804618
2015-12-11,110.7900,102.382950,56022200,0,1,238.193242
2015-12-14,111.6300,103.159172,53098500,0,1,239.999202
2015-12-15,112.3100,103.787552,48428000,0,1,241.461170
2015-12-16,113.9800,105.330841,44944100,0,1,245.051590
2015-12-17,112.3200,103.796844,45668800,0,1,241.482669
2015-12-18,109.8300,101.805763,53746100,0.342,1,236.864571
2015-12-21,111.0500,102.936615,26432800,0,1,239.495681
2015-12-22,111.7800,103.613297,26540300,0,1,241.070033
2015-12-23,112.6100,104.382637,25656900,0,1,242.860050
2015-12-24,112.5900,104.364105,11468600,0,1,242.816918
2015-12-28,112.5300,104.308502,19183600,0,1,242.687519
2015-12-29,114.3000,105.949196,27725700,0,1,246.504784
2015-12-30,113.2700,104.994423,19520100,0,1,244.283438
2015-12-31,111.8600,103.687462,29886800,0,1,241.242565
2016-01-04,109.5000,101.499855,50807600,0,1,236.152877
2016-01-05,109.3100,101.323753,38795200,0,1,235.743114
2016-01-06,108.2600,100.350479,41891100,0,1,233.478635
2016-01-07,104.8700,97.208153,61386300,0,1,226.167600
2016-01-08,104.0100,96.410957,69344000,0,1,224.312884
2016-01-11,104.3300,96.707581,50024100,0,1,225.003011
2016-01-12,105.5400,97.829185,46734200,0,1,227.612554
2016-01-13,101.9000,94.455139,69870700,0,1,219.762358
2016-01-14,104.0700,96.466599,78445700,0,1,224.442283
2016-01-15,100.8400,93.472557,91443900,0,1,217.476312
2016-01-19,101.0600,93.676498,56563800,0,1,217.950774
2016-01-20,100.7500,93.389137,86675000,0,1,217.282214
2016-01-21,100.8500,93.481842,61660100,0,1,217.497878
2016-01-22,103.7700,96.188492,42229800,0,1,223.795288
2016-01-25,102.2300,94.761032,38881500,0,1,220.474052
2016-01-26,103.1500,95.613808,36143900,0,1,222.458167
2016-01-27,100.5800,93.231575,54524700,0,1,216.915584
2016-01-28,102.0000,94.547813,47641500,0,1,219.978023
2016-01-29,104.1300,96.522202,54245100,0,1,224.571681
2016-02-01,104.4100,96.781746,32750300,0,1,225.175543
2016-02-02,102.1500,94.686874,44928100,0,1,220.301520
2016-02-03,101.6600,94.232666,61572900,0,1,219.244763
2016-02-04,101.6500,94.223419,49321600,0,1,219.223196
2016-02-05,98.1200,90.951294,70749900,0,1,211.610231
2016-02-08,96.6200,89.560883,91673100,0,1,208.375260
2016-02-09,96.3200,89.282806,73778400,0,1,207.728266
2016-02-10,96.6900,89.625793,59421700,0,1,208.526226
2016-02-11,96.5500,89.496017,76839200,0,1,208.224295
2016-02-12,98.0200,90.858589,49186500,0,1,211.394567
2016-02-16,100.2300,92.907150,40565900,0,1,216.160757
2016-02-17,102.5000,95.011284,41766500,0,1,221.056346
2016-02-18,101.3300,93.926773,38991500,0,1,218.533069
2016-02-19,101.6300,94.204849,28257900,0,1,219.180063
2016-02-22,103.2800,95.734314,23979100,0,1,222.738531
2016-02-23,101.5800,94.158531,29869700,0,1,219.072231
2016-02-24,102.5500,95.057640,40739100,0,1,221.164179
2016-02-25,103.5600,95.993866,29389300,0,1,223.342393
2016-02-26,103.4300,95.873337,30925000,0,1,223.062028
2016-02-29,102.5000,95.011284,27553900,0,1,221.056346
2016-03-01,105.7900,98.060928,37699800,0,1,228.151716
2016-03-02,105.8300,98.098000,29209800,0,1,228.237982
2016-03-03,105.6300,97.912590,25474600,0,1,227.806652
2016-03-04,105.6700,97.949669,31655400,0,1,227.892918
2016-03-07,105.0200,97.347183,25861200,0,1,226.491098
2016-03-08,104.1500,96.540764,28898500,0,1,224.614814
2016-03-09,104.8200,97.161804,31047400,0,1,226.059768
2016-03-10,104.6600,97.013489,44236100,0,1,225.714705
2016-03-11,106.4900,98.709770,31454000,0,1,229.661369
2016-03-14,106.6700,98.876633,25374900,0,1,230.049566
2016-03-15,106.6300,98.839546,26524600,0,1,229.963300
2016-03-16,107.5800,99.720154,31693100,0,1,232.012115
2016-03-17,107.5200,99.664528,29623700,0,1,231.882716
2016-03-18,107.3700,99.820717,37682300,0.318,1,232.245033
2016-03-21,107.7900,100.211205,17288600,0,1,233.153507
2016-03-22,108.1200,100.517944,18840300,0,1,233.867309
2016-03-23,107.2300,99.690575,20912900,0,1,231.942208
2016-03-24,107.2600,99.718475,19017300,0,1,232.007099
2016-03-28,107.1100,99.578995,13892300,0,1,231.682644
2016-03-29,108.8300,101.178062,29963900,0,1,235.403063
2016-03-30,109.3600,101.670784,23807200,0,1,236.549472
2016-03-31,109.2000,101.522041,21447200,0,1,236.203386
2016-04-01,110.3600,102.600479,26389000,0,1,238.712506
2016-04-04,109.9400,102.209999,17163000,0,1,237.804032
2016-04-05,108.8800,101.224541,20107900,0,1,235.511215
2016-04-06,110.6700,102.888672,25056000,0,1,239.383047
2016-04-07,109.0800,101.410469,28567200,0,1,235.943822
2016-04-08,109.0000,101.336105,22898000,0,1,235.770779
2016-04-11,108.6000,100.964249,25772100,0,1,234.905565
2016-04-12,109.5100,101.810257,28564100,0,1,236.873927
2016-04-13,110.9100,103.111824,25356700,0,1,239.902175
2016-04-14,110.9200,103.121109,17199700,0,1,239.923806
2016-04-15,110.6400,102.860794,21353300,0,1,239.318156
2016-04-18,111.2300,103.409317,17126100,0,1,240.594346
2016-04-19,110.5500,102.777130,42481400,0,1,239.123483
2016-04-20,110.6400,102.860794,18078300,0,1,239.318156
2016-04-21,110.6500,102.870094,20216000,0,1,239.339786
2016-04-22,108.9800,101.317513,39074000,0,1,235.727518
2016-04-25,108.9800,101.317513,14351900,0,1,235.727518
2016-04-26,108.4500,100.824760,19118300,0,1,234.581110
2016-04-27,107.5800,100.015953,33059800,0,1,232.699270
2016-04-28,106.2800,98.807365,29818200,0,1,229.887325
2016-04-29,105.7200,98.286720,67502800,0,1,228.676025
2016-05-02,106.7200,99.216408,24813800,0,1,230.839060
2016-05-03,105.7300,98.296005,38569400,0,1,228.697656
2016-05-04,105.0500,97.663849,27474500,0,1,227.226792
2016-05-05,105.0200,97.635941,20788100,0,1,227.161901
2016-05-06,105.5800,98.156578,30758500,0,1,228.373200
2016-05-09,105.8800,98.435486,19289600,0,1,229.022111
2016-05-10,107.3300,99.783531,21178900,0,1,232.158511
2016-05-11,106.3600,98.881744,20966300,0,1,230.060368
2016-05-12,105.8900,98.444794,29196300,0,1,229.043741
2016-05-13,105.5000,98.082230,21059300,0,1,228.200158
2016-05-16,106.8200,99.309387,18311900,0,1,231.055363
2016-05-17,105.4800,98.063583,29932700,0,1,228.156897
2016-05-18,105.8600,98.416901,27524400,0,1,228.978850
2016-05-19,105.3100,97.905563,27334600,0,1,227.789181
2016-05-20,106.4700,98.984001,29549600,0,1,230.298301
2016-05-23,106.3300,98.853828,15729800,0,1,229.995476
2016-05-24,108.4600,100.834084,29931300,0,1,234.602740
2016-05-25,109.2400,101.559250,37951700,0,1,236.289907
2016-05-26,109.5600,101.856750,21885900,0,1,236.982078
2016-05-27,110.1300,102.386650,19870000,0,1,238.215008
2016-05-31,110.3400,102.581886,24366100,0,1,238.669245
2016-06-01,110.3500,102.591187,19571500,0,1,238.690876
2016-06-02,110.5800,102.805000,15696600,0,1,239.188374
2016-06-03,110.0600,102.321587,20269900,0,1,238.063596
2016-06-06,110.4600,102.693443,12502400,0,1,238.928810
2016-06-07,110.1800,102.433136,12184300,0,1,238.323160
2016-06-08,110.3700,102.609787,14568700,0,1,238.734137
2016-06-09,110.1900,102.442436,17571600,0,1,238.344790
2016-06-10,108.9400,101.280350,32965000,0,1,235.640997
2016-06-13,108.0300,100.434319,25154700,0,1,233.672635
2016-06-14,108.0300,100.434319,24588500,0,1,233.672635
2016-06-15,107.7200,100.146095,24605700,0,1,233.002095
2016-06-16,108.0400,100.443611,32079900,0,1,233.694266
2016-06-17,106.4900,99.266266,29208800,0.287,1,230.962353
2016-06-20,107.1600,99.890816,20562800,0,1,232.415492
2016-06-21,107.5000,100.207756,22804100,0,1,233.152906
2016-06-22,107.2400,99.965378,22724200,0,1,232.589001
2016-06-23,108.7700,101.391609,18714200,0,1,235.907363
2016-06-24,104.2900,97.215508,68012700,0,1,226.190852
2016-06-27,102.2200,95.285934,48222600,0,1,221.701303
2016-06-28,104.4600,97.373993,28260600,0,1,226.559559
2016-06-29,106.3100,99.098495,31356700,0,1,230.571957
2016-06-30,107.5400,100.245033,36300800,0,1,233.239660
2016-07-01,108.0800,100.748421,19902800,0,1,234.410847
2016-07-05,107.4200,100.133179,21167900,0,1,232.979397
2016-07-06,108.3000,100.953514,24579300,0,1,234.887997
2016-07-07,108.6200,101.251793,19161700,0,1,235.582034
2016-07-08,110.3000,102.817848,29457900,0,1,239.225726
2016-07-11,110.9300,103.405098,20218500,0,1,240.592110
2016-07-12,111.4900,103.927094,21906100,0,1,241.806674
2016-07-13,111.2200,103.675407,21107800,0,1,241.221081
2016-07-14,111.9800,104.383873,20871000,0,1,242.869418
2016-07-15,111.8000,104.216057,17999300,0,1,242.479022
2016-07-18,112.5400,104.905846,20713900,0,1,244.083982
2016-07-19,112.1300,104.523720,18936700,0,1,243.194747
2016-07-20,113.4400,105.744820,24997900,0,1,246.035959
2016-07-21,113.1800,105.502457,18885400,0,1,245.472055
2016-07-22,113.6500,105.940582,20003400,0,1,246.491421
2016-07-25,113.6600,105.949905,12968100,0,1,246.513110
2016-07-26,113.7900,106.071091,21223800,0,1,246.795062
2016-07-27,114.5800,106.807503,27646100,0,1,248.508465
2016-07-28,114.9800,107.180351,16939700,0,1,249.376010
2016-07-29,115.2300,107.413383,22385300,0,1,249.918226
2016-08-01,115.8400,107.982025,13990100,0,1,251.241234
2016-08-02,114.9600,107.161728,21278400,0,1,249.332633
2016-08-03,115.3400,107.515945,15011300,0,1,250.156801
2016-08-04,115.6700,107.823563,12835300,0,1,250.872527
2016-08-05,116.7800,108.858261,23196600,0,1,253.279966
2016-08-08,116.6500,108.737068,12358200,0,1,252.998014
2016-08-09,116.9200,108.988754,13276500,0,1,253.583607
2016-08-10,116.6200,108.709114,14688400,0,1,252.932948
2016-08-11,117.1200,109.175201,12969800,0,1,254.017380
2016-08-12,117.2000,109.249756,19379000,0,1,254.190889
2016-08-15,117.7000,109.715836,11777800,0,1,255.275321
2016-08-16,117.0500,109.109940,14161400,0,1,253.865559
2016-08-17,117.2600,109.305687,15980300,0,1,254.321021
2016-08-18,117.2900,109.333664,10036300,0,1,254.386087
2016-08-19,117.2600,109.305687,18743000,0,1,254.321021
2016-08-22,117.3500,109.389603,14500600,0,1,254.516219
2016-08-23,117.5600,109.585342,11997900,0,1,254.971680
2016-08-24,116.8000,108.876907,17728700,0,1,253.323343
2016-08-25,116.6100,108.699791,24266300,0,1,252.911259
2016-08-26,116.7800,108.858261,23896000,0,1,253.279966
2016-08-29,116.9400,109.007401,11184900,0,1,253.626984
2016-08-30,116.5600,108.653168,19843300,0,1,252.802816
2016-08-31,116.4400,108.541344,16169800,0,1,252.542552
2016-09-01,116.7400,108.820969,20944700,0,1,253.193211
2016-09-02,117.1200,109.175201,18088200,0,1,254.017380
2016-09-06,117.8500,109.855682,18525200,0,1,255.600651
2016-09-07,117.9200,109.920937,17546900,0,1,255.752471
2016-09-08,117.2300,109.277710,20125300,0,1,254.255955
2016-09-09,114.2800,106.527840,50813300,0,1,247.857805
2016-09-12,116.3300,108.438782,39646000,0,1,252.303977
2016-09-13,115.2900,107.469337,45863900,0,1,250.048358
2016-09-14,115.8400,107.982025,28221800,0,1,251.241234
2016-09-15,117.6400,109.659920,38521400,0,1,255.145189
2016-09-16,117.2900,109.607590,27596500,0.294,1,255.023733
2016-09-19,116.7800,109.130997,16222900,0,1,253.914839
2016-09-20,117.0000,109.336586,18078600,0,1,254.393186
2016-09-21,118.1500,110.411270,31546800,0,1,256.893631
2016-09-22,119.0900,111.289688,22614400,0,1,258.937474
2016-09-23,118.3300,110.579460,22213400,0,1,257.285006
2016-09-26,117.3400,109.654312,16403900,0,1,255.132448
2016-09-27,118.5000,110.738335,20238400,0,1,257.654637
2016-09-28,118.7000,110.925232,14794300,0,1,258.089497
2016-09-29,117.8400,110.121559,27207500,0,1,256.219598
2016-09-30,118.7200,110.943924,25543200,0,1,258.132983
2016-10-03,118.5500,110.785034,19216400,0,1,257.763352
2016-10-04,118.3700,110.616852,21239700,0,1,257.371978
2016-10-05,118.7900,111.009346,14481300,0,1,258.285184
2016-10-06,118.7300,110.953278,11987100,0,1,258.154726
2016-10-07,118.4700,110.710320,19984200,0,1,257.589408
2016-10-10,119.2200,111.411179,19687300,0,1,259.220133
2016-10-11,117.5200,109.822517,27774400,0,1,255.523822
2016-10-12,117.4200,109.729073,14267800,0,1,255.306392
2016-10-13,117.0000,109.336586,22821000,0,1,254.393186
2016-10-14,117.1400,109.467422,21313300,0,1,254.697588
2016-10-17,116.8200,109.168373,14182700,0,1,254.001812
2016-10-18,117.8600,110.140236,19276700,0,1,256.263084
2016-10-19,117.8500,110.130905,13702900,0,1,256.241341
2016-10-20,117.7100,110.000053,18132200,0,1,255.936939
2016-10-21,118.1500,110.411270,15707800,0,1,256.893631
2016-10-24,119.5700,111.738266,19143000,0,1,259.981139
2016-10-25,119.1900,111.383133,20341800,0,1,259.154904
2016-10-26,118.3800,110.626198,20463700,0,1,257.393721
2016-10-27,117.8400,110.121559,19099800,0,1,256.219598
2016-10-28,117.1000,109.430031,35369300,0,1,254.610616
2016-10-31,116.9900,109.327248,18749400,0,1,254.371443
2016-11-01,116.1100,108.504875,23498700,0,1,252.458058
2016-11-02,115.1800,107.635796,26960100,0,1,250.435958
2016-11-03,114.0500,106.579803,36205200,0,1,247.978998
2016-11-04,113.6500,106.206017,26997500,0,1,247.109278
2016-11-07,116.3500,108.729149,26591200,0,1,252.979890
2016-11-08,117.1100,109.439369,20777900,0,1,254.632359
2016-11-09,117.6500,109.944038,70234400,0,1,255.806481
2016-11-10,115.7500,108.168465,72825400,0,1,251.675310
2016-11-11,115.8000,108.215179,41115200,0,1,251.784025
2016-11-14,114.6300,107.121819,35906000,0,1,249.240093
2016-11-15,116.2200,108.607666,31796600,0,1,252.697231
2016-11-16,116.9100,109.252495,16538100,0,1,254.197499
2016-11-17,117.7600,110.046806,20598600,0,1,256.045654
2016-11-18,117.3200,109.635643,16428700,0,1,255.088962
2016-11-21,118.5400,110.775719,20268500,0,1,257.741609
2016-11-22,118.9000,111.112137,18850600,0,1,258.524357
2016-11-23,118.4200,110.663574,22926000,0,1,257.480693
2016-11-25,118.8000,111.018684,7162800,0,1,258.306927
2016-11-28,118.5300,110.766342,13479000,0,1,257.719866
2016-11-29,118.9400,111.149498,18553000,0,1,258.611329
2016-11-30,117.5000,109.803848,30405300,0,1,255.480336
2016-12-01,115.4700,107.906807,39796600,0,1,251.066506
2016-12-02,115.7000,108.121735,32876800,0,1,251.566595
2016-12-05,116.6000,108.962784,21419700,0,1,253.523465
2016-12-06,116.8800,109.224457,27293300,0,1,254.132270
2016-12-07,118.3600,110.607483,26622400,0,1,257.350235
2016-12-08,118.5700,110.803757,18578400,0,1,257.806838
2016-12-09,119.5000,111.672836,21863100,0,1,259.828937
2016-12-12,118.9600,111.168175,23259300,0,1,258.654815
2016-12-13,120.4600,112.569954,54477900,0,1,261.916266
2016-12-14,120.2100,112.336327,28746000,0,1,261.372691
2016-12-15,120.4000,112.513885,22762300,0,1,261.785808
2016-12-16,119.6000,112.096802,26283900,0.355,1,260.818244
2016-12-19,120.0900,112.556068,21138700,0,1,261.886814
2016-12-20,120.5500,112.987221,11461800,0,1,262.889961
2016-12-21,120.4600,112.902863,7079300,0,1,262.693693
2016-12-22,120.1200,112.584198,16645000,0,1,261.952237
2016-12-23,120.2000,112.659149,9007500,0,1,262.126697
2016-12-27,120.8200,113.240280,16110600,0,1,263.478765
2016-12-28,119.8800,112.359238,17975200,0,1,261.428856
2016-12-29,119.7100,112.199905,13267500,0,1,261.058127
2016-12-30,118.4800,111.047096,41749000,0,1,258.375799
2017-01-03,119.5400,112.040550,22307600,0,1,260.687399
2017-01-04,120.1900,112.649796,19749100,0,1,262.104889
2017-01-05,120.8700,113.287132,20644300,0,1,263.587803
2017-01-06,121.9300,114.280617,24074300,0,1,265.899402
2017-01-09,122.3300,114.655518,18909200,0,1,266.771704
2017-01-10,122.6000,114.908600,16176600,0,1,267.360508
2017-01-11,122.9300,115.217880,20686000,0,1,268.080157
2017-01-12,122.7400,115.039780,19622500,0,1,267.665814
2017-01-13,123.1600,115.433479,16930800,0,1,268.581731
2017-01-17,122.7900,115.086678,14538500,0,1,267.774851
2017-01-18,123.0400,115.321007,12499700,0,1,268.320040
2017-01-19,122.9800,115.264763,12710700,0,1,268.189195
2017-01-20,123.2500,115.517830,22091000,0,1,268.777998
2017-01-23,123.3500,115.611526,17434200,0,1,268.996074
2017-01-24,124.1800,116.389488,17640900,0,1,270.806100
2017-01-25,125.4300,117.561066,15036200,0,1,273.532043
2017-01-26,125.5600,117.682907,16052200,0,1,273.815541
2017-01-27,125.8000,117.907860,15053000,0,1,274.338923
2017-01-30,124.8200,116.989319,25006700,0,1,272.201783
2017-01-31,124.5700,116.755035,19091100,0,1,271.656594
2017-02-01,125.4300,117.561066,22861900,0,1,273.532043
2017-02-02,125.3200,117.457954,15101400,0,1,273.292160
2017-02-03,125.6800,117.795380,16957200,0,1,274.077232
2017-02-06,125.8300,117.935944,11630100,0,1,274.404345
2017-02-07,126.2900,118.367111,17541100,0,1,275.407492
2017-02-08,126.5000,118.563919,12569100,0,1,275.865451
2017-02-09,126.9600,118.995071,17542700,0,1,276.868598
2017-02-10,127.3800,119.388695,13915700,0,1,277.784515
2017-02-13,128.1000,120.063576,19120200,0,1,279.354658
2017-02-14,128.5300,120.466576,16333500,0,1,280.292382
2017-02-15,129.2900,121.178909,17891400,0,1,281.949756
2017-02-16,129.2500,121.141396,15098300,0,1,281.862526
2017-02-17,129.8100,121.666290,15563700,0,1,283.083748
2017-02-21,130.4500,122.266129,18479600,0,1,284.479431
2017-02-22,130.5000,122.312958,12110900,0,1,284.588469
2017-02-23,130.0100,121.853729,17489000,0,1,283.519899
2017-02-24,130.2600,122.088043,18624500,0,1,284.065088
2017-02-27,130.4200,122.237976,12008700,0,1,284.414009
2017-02-28,130.0200,121.863106,16598600,0,1,283.541707
2017-03-01,131.4400,123.194000,25813800,0,1,286.638378
2017-03-02,130.7800,122.575439,19951400,0,1,285.199080
2017-03-03,131.0200,122.800346,13722700,0,1,285.722461
2017-03-06,130.7300,122.528519,12026200,0,1,285.090042
2017-03-07,130.5100,122.322357,15500900,0,1,284.610276
2017-03-08,130.7400,122.537933,15776000,0,1,285.111850
2017-03-09,130.8400,122.631668,20855300,0,1,285.329925
2017-03-10,131.3900,123.147148,21922600,0,1,286.529340
2017-03-13,131.6100,123.353378,10731600,0,1,287.009106
2017-03-14,131.2900,123.053444,14019700,0,1,286.311265
2017-03-15,132.1000,123.812645,22709100,0,1,288.077676
2017-03-16,132.0100,123.728249,18457300,0,1,287.881408
2017-03-17,131.6900,123.685043,21234500,0.274,1,287.781094
2017-03-20,131.8100,123.797783,10105200,0,1,288.043329
2017-03-21,129.8100,121.919327,35841900,0,1,283.672745
2017-03-22,130.6900,122.745850,29177900,0,1,285.595802
2017-03-23,130.3600,122.435875,20311700,0,1,284.874655
2017-03-24,130.6300,122.689499,22967600,0,1,285.464684
2017-03-27,130.8400,122.886719,18472400,0,1,285.923595
2017-03-28,131.6400,123.638115,23721900,0,1,287.671829
2017-03-29,132.2500,124.211006,13710000,0,1,289.004857
2017-03-30,132.4700,124.417625,16092400,0,1,289.485621
2017-03-31,132.3800,124.333099,19841400,0,1,289.288945
2017-04-03,132.3000,124.257980,23700300,0,1,289.114122
2017-04-04,132.5100,124.455208,13400000,0,1,289.573033
2017-04-05,131.9700,123.948036,32011200,0,1,288.392975
2017-04-06,132.0400,124.013786,18832200,0,1,288.545946
2017-04-07,131.9700,123.948036,16743100,0,1,288.392975
2017-04-10,132.0200,123.995010,15619300,0,1,288.502240
2017-04-11,131.4500,123.459641,33778400,0,1,287.256624
2017-04-12,130.9200,122.961845,15955200,0,1,286.098419
2017-04-13,130.4000,122.473465,23683000,0,1,284.962067
2017-04-17,131.4800,123.487793,13325500,0,1,287.322182
2017-04-18,131.2800,123.299988,12841100,0,1,286.885124
2017-04-19,131.4900,123.497238,17764800,0,1,287.344035
2017-04-20,132.5900,124.530357,21977900,0,1,289.747856
2017-04-21,132.5600,124.502129,22454900,0,1,289.682298
2017-04-24,134.1600,126.004921,22469900,0,1,293.178765
2017-04-25,135.1300,126.915939,19384400,0,1,295.298498
2017-04-26,134.9400,126.737549,25398500,0,1,294.883292
2017-04-27,135.7500,127.498299,16136500,0,1,296.653379
2017-04-28,135.9900,127.723686,22771900,0,1,297.177849
2017-05-01,137.2000,128.860168,24815500,0,1,299.822052
2017-05-02,137.4300,129.076141,18345100,0,1,300.324669
2017-05-03,136.9900,128.662872,23827600,0,1,299.363141
2017-05-04,137.0400,128.709824,14630100,0,1,299.472405
2017-05-05,137.5400,129.179398,19330700,0,1,300.565051
2017-05-08,137.8400,129.461197,13279900,0,1,301.220639
2017-05-09,138.3200,129.912064,28426100,0,1,302.269579
2017-05-10,138.4000,129.987137,20499400,0,1,302.444402
2017-05-11,138.2900,129.883850,27232100,0,1,302.204020
2017-05-12,138.6000,130.175064,19738600,0,1,302.881461
2017-05-15,139.0400,130.588318,20481300,0,1,303.842989
2017-05-16,139.6200,131.132965,21786000,0,1,305.110459
2017-05-17,136.0700,127.798798,55642200,0,1,297.352672
2017-05-18,137.2600,128.916458,41319900,0,1,299.953170
2017-05-19,137.8400,129.461197,36730100,0,1,301.220639
2017-05-22,139.0000,130.550674,19509700,0,1,303.755578
2017-05-23,139.1400,130.682144,19687500,0,1,304.061518
2017-05-24,139.7800,131.283279,15891900,0,1,305.460105
2017-05-25,140.9700,132.400955,23928600,0,1,308.060603
2017-05-26,141.2200,132.635742,13851600,0,1,308.606926
2017-05-30,141.3400,132.748520,20306400,0,1,308.869161
2017-05-31,141.2900,132.701523,33229400,0,1,308.759896
2017-06-01,141.8400,133.218048,20120700,0,1,309.961807
2017-06-02,143.4600,134.739624,37222900,0,1,313.501980
2017-06-05,143.4300,134.711380,15727500,0,1,313.436421
2017-06-06,142.8600,134.176071,22393000,0,1,312.190804
2017-06-07,143.4200,134.701981,18842400,0,1,313.414568
2017-06-08,143.5700,134.842957,25417400,0,1,313.742362
2017-06-09,139.9800,131.471161,109783700,0,1,305.897164
2017-06-12,139.2300,130.766739,104454000,0,1,304.258195
2017-06-13,140.3600,131.828018,51193000,0,1,306.727575
2017-06-14,139.7500,131.255096,60093800,0,1,305.394546
2017-06-15,139.1300,130.672791,55145200,0,1,304.039665
2017-06-16,138.1500,130.105850,48087400,0.378,1,302.724120
2017-06-19,140.4600,132.281387,39626500,0,1,307.785956
2017-06-20,139.3600,131.245392,40935100,0,1,305.375558
2017-06-21,140.7400,132.545090,35743400,0,1,308.399512
2017-06-22,140.7000,132.507385,24099100,0,1,308.311861
2017-06-23,141.2400,133.015915,21654300,0,1,309.495148
2017-06-26,140.5800,132.394379,34411100,0,1,308.048909
2017-06-27,138.0300,129.992844,65957800,0,1,302.461167
2017-06-28,140.0200,131.866989,57427200,0,1,306.821797
2017-06-29,137.5900,129.578430,88769400,0,1,301.497008
2017-06-30,137.6400,129.625473,68898300,0,1,301.606571
2017-07-03,136.1900,128.259995,32797000,0,1,298.429228
2017-07-05,137.5300,129.521973,42116600,0,1,301.365532
2017-07-06,136.2900,128.354172,48430500,0,1,298.648355
2017-07-07,137.7600,129.738556,36970400,0,1,301.869524
2017-07-10,138.6600,130.586182,24853500,0,1,303.841668
2017-07-11,139.0500,130.953430,31517700,0,1,304.696264
2017-07-12,140.7000,132.507385,36045800,0,1,308.311861
2017-07-13,141.0100,132.799347,31073600,0,1,308.991155
2017-07-14,142.1200,133.844696,34544800,0,1,311.423467
2017-07-17,142.1900,133.910614,25343200,0,1,311.576855
2017-07-18,143.1400,134.805328,25748500,0,1,313.658563
2017-07-19,143.9800,135.596405,33752300,0,1,315.499231
2017-07-20,144.1700,135.775299,36139400,0,1,315.915573
2017-07-21,144.1100,135.718872,39697100,0,1,315.784096
2017-07-24,144.7700,136.340393,26712700,0,1,317.230335
2017-07-25,144.4000,135.991898,28120900,0,1,316.419565
2017-07-26,144.8700,136.434555,18610600,0,1,317.449462
2017-07-27,143.9600,135.577576,80665900,0,1,315.455406
2017-07-28,143.8400,135.464508,38013200,0,1,315.192453
2017-07-31,143.2300,134.890015,33848600,0,1,313.855778
2017-08-01,143.5600,135.200851,20149400,0,1,314.578897
2017-08-02,143.9500,135.568161,41769700,0,1,315.433493
2017-08-03,143.3900,135.040741,27112800,0,1,314.206381
2017-08-04,143.6500,135.285599,29472900,0,1,314.776111
2017-08-07,144.5600,136.142609,17933900,0,1,316.770168
2017-08-08,144.3100,135.907135,30810400,0,1,316.222350
2017-08-09,144.1200,135.728195,36169500,0,1,315.806009
2017-08-10,141.0300,132.818161,63331700,0,1,309.034981
2017-08-11,142.1000,133.825867,45862500,0,1,311.379641
2017-08-14,143.9300,135.549316,34161000,0,1,315.389667
2017-08-15,144.0300,135.643463,25509200,0,1,315.608795
2017-08-16,144.2800,135.878906,31913000,0,1,316.156612
2017-08-17,141.3300,133.100677,70191000,0,1,309.692362
2017-08-18,141.2300,133.006516,60751900,0,1,309.473235
2017-08-21,141.0500,132.837006,37111500,0,1,309.078806
2017-08-22,143.2000,134.861816,36294200,0,1,313.790039
2017-08-23,142.6900,134.381531,25702300,0,1,312.672491
2017-08-24,142.2700,133.985947,38160800,0,1,311.752157
2017-08-25,141.9700,133.703415,26380400,0,1,311.094776
2017-08-28,142.4100,134.117844,15362100,0,1,312.058935
2017-08-29,142.9700,134.645218,24498300,0,1,313.286047
2017-08-30,144.6500,136.227386,33642700,0,1,316.967383
2017-08-31,146.2000,137.687073,38480700,0,1,320.363853
2017-09-01,146.0000,137.498779,22293600,0,1,319.925599
2017-09-05,144.6900,136.265015,44794300,0,1,317.055034
2017-09-06,145.1300,136.679459,30722700,0,1,318.019193
2017-09-07,145.4700,136.999664,22721100,0,1,318.764225
2017-09-08,144.2100,135.812988,27890100,0,1,316.003223
2017-09-11,145.8700,137.376343,27126300,0,1,319.640734
2017-09-12,146.2200,137.705963,30256700,0,1,320.407679
2017-09-13,146.4200,137.894302,28450900,0,1,320.845933
2017-09-14,145.5600,137.084366,35296400,0,1,318.961440
2017-09-15,146.0600,137.555313,46422400,0,1,320.057075
2017-09-18,145.5500,137.375046,24858200,0.319,1,319.638542
2017-09-19,145.8000,137.610977,20871200,0,1,320.187561
2017-09-20,145.3500,137.186310,34236200,0,1,319.199328
2017-09-21,144.4600,136.346207,28841800,0,1,317.244822
2017-09-22,144.3200,136.214081,21702400,0,1,316.937372
2017-09-25,142.8000,134.779495,54947700,0,1,313.599339
2017-09-26,143.1700,135.128677,29628800,0,1,314.411887
2017-09-27,144.4600,136.346207,33249400,0,1,317.244822
2017-09-28,144.4100,136.299026,24149400,0,1,317.135018
2017-09-29,145.4500,137.280624,43102400,0,1,319.418935
2017-10-02,145.5800,137.403305,27351300,0,1,319.704425
2017-10-03,145.8900,137.695953,19715200,0,1,320.385207
2017-10-04,146.0300,137.828049,26381100,0,1,320.692658
2017-10-05,147.4600,139.177719,31562400,0,1,323.833043
2017-10-06,147.6600,139.366486,23561100,0,1,324.272258
2017-10-09,147.4900,139.206039,13704800,0,1,323.898926
2017-10-10,147.6000,139.309906,19223100,0,1,324.140494
2017-10-11,148.0400,139.725143,12439100,0,1,325.106766
2017-10-12,147.7700,139.470337,14513500,0,1,324.513826
2017-10-13,148.3400,140.008270,18409900,0,1,325.765588
2017-10-16,148.8500,140.489624,21809400,0,1,326.885586
2017-10-17,149.0400,140.669022,13138200,0,1,327.302840
2017-10-18,148.8600,140.499069,17218200,0,1,326.907547
2017-10-19,148.3100,139.979950,27680300,0,1,325.699706
2017-10-20,148.7100,140.357544,30173300,0,1,326.578136
2017-10-23,147.7400,139.442032,29297100,0,1,324.447944
2017-10-24,147.9900,139.677994,20289500,0,1,324.996962
2017-10-25,147.4300,139.149399,36179100,0,1,323.767161
2017-10-26,146.9600,138.705826,28230200,0,1,322.735006
2017-10-27,151.2400,142.745407,60165100,0,1,332.134202
2017-10-30,151.5800,143.066284,31733400,0,1,332.880867
2017-10-31,152.1500,143.604294,26319300,0,1,334.132629
2017-11-01,152.1000,143.557114,29481600,0,1,334.022826
2017-11-02,151.8100,143.283401,31017400,0,1,333.385964
2017-11-03,153.2700,144.661499,26199200,0,1,336.592232
2017-11-06,153.7900,145.152161,28693900,0,1,337.734190
2017-11-07,153.8800,145.237137,21333100,0,1,337.931837
2017-11-08,154.5000,145.822342,17373500,0,1,339.293403
2017-11-09,153.6900,145.057831,40594500,0,1,337.514583
2017-11-10,153.6800,145.048370,20150800,0,1,337.492622
2017-11-13,153.8700,145.227722,12522400,0,1,337.909876
2017-11-14,153.3100,144.699188,25173800,0,1,336.680075
2017-11-15,152.5900,144.019592,24808000,0,1,335.098902
2017-11-16,154.5400,145.860046,34790600,0,1,339.381246
2017-11-17,153.9500,145.303177,28725800,0,1,338.085562
2017-11-20,153.8300,145.189972,21143900,0,1,337.822033
2017-11-21,155.5000,146.766129,20147800,0,1,341.489477
2017-11-22,155.6900,146.945419,17299000,0,1,341.906731
2017-11-24,156.2600,147.483490,8280600,0,1,343.158493
2017-11-27,156.1900,147.417374,22653400,0,1,343.004768
2017-11-28,156.5900,147.794922,25227300,0,1,343.883197
2017-11-29,153.8600,145.218262,71986300,0,1,337.887916
2017-11-30,155.1500,146.435806,56595500,0,1,340.720851
2017-12-01,154.4900,145.812897,59015800,0,1,339.271442
2017-12-04,152.7100,144.132874,51319100,0,1,335.362431
2017-12-05,152.8100,144.227234,40604200,0,1,335.582038
2017-12-06,153.5000,144.878464,28647800,0,1,337.097329
2017-12-07,154.0200,145.369247,32666200,0,1,338.239287
2017-12-08,154.7000,146.011047,28081700,0,1,339.732618
2017-12-11,155.9000,147.143707,20821500,0,1,342.367906
2017-12-12,155.6900,146.945419,20310300,0,1,341.906731
2017-12-13,155.9900,147.228653,24418500,0,1,342.565553
2017-12-14,155.8800,147.124817,24594700,0,1,342.323985
2017-12-15,157.6500,148.795364,49816200,0,1,346.211035
2017-12-18,158.6400,150.042938,26844500,0.329,1,349.107657
2017-12-19,157.7000,149.153839,31415000,0,1,347.039066
2017-12-20,157.5300,148.993057,38972600,0,1,346.664959
2017-12-21,157.5500,149.012009,18638700,0,1,346.708972
2017-12-22,157.3700,148.841736,23330400,0,1,346.312859
2017-12-26,156.5200,148.037857,21918700,0,1,344.442325
2017-12-27,156.5400,148.056671,22388200,0,1,344.486338
2017-12-28,156.7300,148.236435,25393800,0,1,344.904457
2017-12-29,155.7600,147.318985,33186000,0,1,342.769848
2018-01-02,158.4900,149.901077,32573300,0,1,348.777562
2018-01-03,160.0300,151.357590,29383600,0,1,352.166530
2018-01-04,160.3100,151.622406,24776100,0,1,352.782706
2018-01-05,161.9200,153.145172,26992300,0,1,356.325717
2018-01-08,162.5500,153.741028,23159100,0,1,357.712113
2018-01-09,162.5600,153.750488,24782400,0,1,357.734119
2018-01-10,162.1800,153.391068,34004000,0,1,356.897881
2018-01-11,163.2900,154.440933,20473500,0,1,359.340578
2018-01-12,164.4900,155.575897,37762700,0,1,361.981332
2018-01-16,164.0200,155.131348,41231800,0,1,360.947036
2018-01-17,165.7900,156.805466,33849900,0,1,364.842148
2018-01-18,165.8200,156.833862,26432200,0,1,364.908167
2018-01-19,166.3400,157.325623,38937600,0,1,366.052494
2018-01-22,168.1200,159.009140,26081400,0,1,369.969612
2018-01-23,169.5100,160.323868,37989700,0,1,373.028485
2018-01-24,168.4100,159.283447,54287400,0,1,370.607794
2018-01-25,168.3500,159.226669,28925000,0,1,370.475756
2018-01-26,170.9300,161.666885,32038200,0,1,376.153377
2018-01-29,170.1000,160.881882,37277800,0,1,374.326856
2018-01-30,168.7000,159.557785,44987700,0,1,371.245976
2018-01-31,169.4000,160.219818,42449200,0,1,372.786416
2018-02-01,167.9600,158.857819,38037900,0,1,369.617511
2018-02-02,164.6100,155.689392,68478100,0,1,362.245407
2018-02-05,158.1200,149.551071,105372200,0,1,347.963330
2018-02-06,162.3100,153.514023,118537900,0,1,357.183962
2018-02-07,160.2100,151.527878,91028300,0,1,352.562643
2018-02-08,153.4500,145.134155,94184800,0,1,337.686396
2018-02-09,156.1000,147.640564,113836600,0,1,343.518061
2018-02-12,158.8700,150.260452,63050600,0,1,349.613801
2018-02-13,159.6900,151.035995,31785600,0,1,351.418316
2018-02-14,162.6800,153.863983,52107400,0,1,357.998195
2018-02-15,165.7000,156.720322,51633900,0,1,364.644092
2018-02-16,164.9600,156.020401,62256300,0,1,363.015627
2018-02-20,165.2900,156.332550,36785600,0,1,363.741834
2018-02-21,164.8200,155.888000,41161800,0,1,362.707539
2018-02-22,164.8000,155.869080,37074400,0,1,362.663526
2018-02-23,168.1700,159.056488,50096900,0,1,370.079643
2018-02-26,170.4000,161.165619,39266700,0,1,374.987044
2018-02-27,168.2900,159.169907,42209900,0,1,370.343719
2018-02-28,167.2100,158.148514,42936300,0,1,367.967040
2018-03-01,164.4800,155.566406,76809900,0,1,361.959325
2018-03-02,165.9900,156.994629,57445100,0,1,365.282274
2018-03-05,167.8300,158.734848,38540200,0,1,369.331430
2018-03-06,168.5400,159.406403,29480900,0,1,370.893876
2018-03-07,168.9300,159.775253,34609400,0,1,371.752121
2018-03-08,169.8600,160.654846,25828400,0,1,373.798705
2018-03-09,173.1600,163.776001,38310500,0,1,381.060778
2018-03-12,174.0800,164.646179,37635000,0,1,383.085356
2018-03-13,171.7100,162.404633,55638900,0,1,377.869867
2018-03-14,171.6800,162.376190,40536400,0,1,377.803848
2018-03-15,171.5300,162.234390,28810400,0,1,377.473754
2018-03-16,171.0200,161.752045,31176700,0,1,376.351434
2018-03-19,167.1000,158.300858,71395100,0.277,1,368.334545
2018-03-20,167.6500,158.821869,34075700,0,1,369.546897
2018-03-21,166.9200,158.130295,43863500,0,1,367.937776
2018-03-22,162.8000,154.227264,66607300,0,1,358.856158
2018-03-23,158.5100,150.163147,80110400,0,1,349.399813
2018-03-26,164.4000,155.743011,57481500,0,1,362.383000
2018-03-27,159.0800,150.703156,78889100,0,1,350.656251
2018-03-28,157.2500,148.969589,89369700,0,1,346.622425
2018-03-29,160.1300,151.697845,68692600,0,1,352.970740
2018-04-02,155.5100,147.321152,85549400,0,1,342.786985
2018-04-03,157.2600,148.978989,64090000,0,1,346.644468
2018-04-04,159.7400,151.328461,65768700,0,1,352.111073
2018-04-05,160.6500,152.190506,43054900,0,1,354.116964
2018-04-06,156.6300,148.382187,59870900,0,1,345.255774
2018-04-09,157.7300,149.424255,41810400,0,1,347.680478
2018-04-10,161.2100,152.721024,48296800,0,1,355.351359
2018-04-11,160.2800,151.839981,41622100,0,1,353.301382
2018-04-12,162.2100,153.668350,30467900,0,1,357.555635
2018-04-13,161.3700,152.872543,44604900,0,1,355.704043
2018-04-16,162.6000,154.037796,28180800,0,1,358.415303
2018-04-17,166.1000,157.353485,35536100,0,1,366.130269
2018-04-18,166.4400,157.675568,29573900,0,1,366.879723
2018-04-19,164.9100,156.226181,34705700,0,1,363.507180
2018-04-20,162.3000,153.753647,49197100,0,1,357.754020
2018-04-23,161.8900,153.365158,33040600,0,1,356.850266
2018-04-24,158.4600,150.115829,70256800,0,1,349.289599
2018-04-25,158.6500,150.295792,52089300,0,1,349.708412
2018-04-26,161.9900,153.459946,43005500,0,1,357.070694
2018-04-27,162.0900,153.554657,51043400,0,1,357.291122
2018-04-30,160.9400,152.465225,35615300,0,1,354.756204
2018-05-01,162.7800,154.208344,36513500,0,1,358.812072
2018-05-02,161.8200,153.298859,38646800,0,1,356.695967
2018-05-03,161.8000,153.279922,60337100,0,1,356.651882
2018-05-04,164.8700,156.188278,41543200,0,1,363.419009
2018-05-07,166.2400,157.486145,32500200,0,1,366.438868
2018-05-08,166.0700,157.325104,26040200,0,1,366.064141
2018-05-09,167.8800,159.039780,29122700,0,1,370.053881
2018-05-10,169.6200,160.688156,27067600,0,1,373.889321
2018-05-11,169.4600,160.536591,24688800,0,1,373.536637
2018-05-14,169.7500,160.811279,21821700,0,1,374.175877
2018-05-15,167.8700,159.030304,49361600,0,1,370.031838
2018-05-16,168.9800,160.081863,22941200,0,1,372.478584
2018-05-17,168.3300,159.466034,27480200,0,1,371.045805
2018-05-18,167.4600,158.641922,26217900,0,1,369.128085
2018-05-21,168.4000,159.532364,22954600,0,1,371.200104
2018-05-22,168.1800,159.323990,19477700,0,1,370.715164
2018-05-23,169.6000,160.669205,26557800,0,1,373.845236
2018-05-24,169.5500,160.621780,27696500,0,1,373.735022
2018-05-25,169.7200,160.782898,27460500,0,1,374.109749
2018-05-29,168.9700,160.072388,41220500,0,1,372.456542
2018-05-30,170.1800,161.218689,22665800,0,1,375.123716
2018-05-31,170.0700,161.114456,35670900,0,1,374.881245
2018-06-01,172.7400,163.643890,45543300,0,1,380.766663
2018-06-04,174.3000,165.121689,20459600,0,1,384.205334
2018-06-05,174.8400,165.633240,24779300,0,1,385.395643
2018-06-06,175.8600,166.599594,25036600,0,1,387.644004
2018-06-07,174.4300,165.244858,39600300,0,1,384.491889
2018-06-08,174.4400,165.254349,31780300,0,1,384.513932
2018-06-11,174.9100,165.699600,22319700,0,1,385.549942
2018-06-12,175.8300,166.571136,22511800,0,1,387.577876
2018-06-13,175.8200,166.561691,37858600,0,1,387.555833
2018-06-14,177.6000,168.247925,35916000,0,1,391.479445
2018-06-15,176.9800,167.660583,49615700,0,1,390.112794
2018-06-18,176.5000,167.563736,31633200,0.378,1,389.887957
2018-06-19,176.0000,167.089050,38236000,0,1,388.783459
2018-06-20,177.2500,168.275833,33038000,0,1,391.544705
2018-06-21,175.7100,166.813721,43469400,0,1,388.142850
2018-06-22,175.3200,166.443481,30073200,0,1,387.281341
2018-06-25,171.3700,162.693481,77799700,0,1,378.555803
2018-06-26,172.0700,163.358063,39008100,0,1,380.102101
2018-06-27,169.7300,161.136520,52843500,0,1,374.933048
2018-06-28,171.1900,162.522598,46407700,0,1,378.158184
2018-06-29,171.6500,162.959335,36408500,0,1,379.174322
2018-07-02,172.8000,164.051102,31770000,0,1,381.714669
2018-07-03,170.8000,162.152390,25512700,0,1,377.296675
2018-07-05,172.9200,164.164993,31626200,0,1,381.979748
2018-07-06,175.6100,166.718781,37005600,0,1,387.921950
2018-07-09,177.1900,168.218796,27362100,0,1,391.412165
2018-07-10,177.3200,168.342224,23902500,0,1,391.699335
2018-07-11,176.4200,167.487778,30280600,0,1,389.711238
2018-07-12,179.4600,170.373932,27930100,0,1,396.426588
2018-07-13,179.6100,170.516296,28049800,0,1,396.757938
2018-07-16,179.1800,170.108032,21405300,0,1,395.808069
2018-07-17,180.2700,171.142868,31034100,0,1,398.215876
2018-07-18,179.9300,170.820068,23220800,0,1,397.464817
2018-07-19,179.0300,169.965683,31094100,0,1,395.476720
2018-07-20,178.9900,169.927673,35897300,0,1,395.388360
2018-07-23,179.5600,170.468872,22184700,0,1,396.647488
2018-07-24,180.3000,171.171326,36900300,0,1,398.282146
2018-07-25,182.8200,173.563782,35026600,0,1,403.848818
2018-07-26,180.0500,170.934021,40873500,0,1,397.729897
2018-07-27,177.6200,168.627029,59456100,0,1,392.362034
2018-07-30,175.1100,166.244110,60193000,0,1,386.817452
2018-07-31,176.4500,167.516312,47285100,0,1,389.777508
2018-08-01,177.1200,168.152283,37101900,0,1,391.257536
2018-08-02,179.5300,170.440369,47178200,0,1,396.581218
2018-08-03,180.0800,170.962509,28934400,0,1,397.796166
2018-08-06,181.1400,171.968765,24808800,0,1,400.137703
2018-08-07,181.8000,172.595367,29895700,0,1,401.595641
2018-08-08,182.0200,172.804260,22680700,0,1,402.081621
2018-08-09,181.9100,172.699814,18852900,0,1,401.838631
2018-08-10,180.5200,171.380219,33818500,0,1,398.768125
2018-08-13,180.3200,171.190369,26089200,0,1,398.326326
2018-08-14,181.4500,172.263107,20913000,0,1,400.822492
2018-08-15,179.2300,170.155518,58528000,0,1,395.918519
2018-08-16,179.8200,170.715637,27711800,0,1,397.221827
2018-08-17,179.8600,170.753616,36092600,0,1,397.310187
2018-08-20,179.7000,170.601730,24939000,0,1,396.956748
2018-08-21,180.3600,171.228317,26258700,0,1,398.414686
2018-08-22,181.0600,171.892853,18042400,0,1,399.960983
2018-08-23,180.8000,171.646011,25776200,0,1,399.386644
2018-08-24,182.4800,173.240967,23136100,0,1,403.097759
2018-08-27,184.3400,175.006805,29343600,0,1,407.206493
2018-08-28,184.6100,175.263153,20277000,0,1,407.802923
2018-08-29,186.7400,177.285324,29175600,0,1,412.508086
2018-08-30,186.4100,176.972000,29315500,0,1,411.779117
2018-08-31,186.6500,177.199844,28653200,0,1,412.309276
2018-09-04,185.8500,176.440353,29063500,0,1,410.542079
2018-09-05,183.4500,174.161865,42623300,0,1,405.240486
2018-09-06,181.8100,172.604904,46091400,0,1,401.617731
2018-09-07,181.1100,171.940323,46629500,0,1,400.071433
2018-09-10,181.7200,172.519440,26132000,0,1,401.418921
2018-09-11,183.1200,173.848602,30116500,0,1,404.511517
2018-09-12,182.5800,173.335968,36204000,0,1,403.318659
2018-09-13,184.5300,175.187210,31133200,0,1,407.626203
2018-09-14,183.9900,174.674561,31224100,0,1,406.433344
2018-09-17,181.3400,172.158646,33071200,0,1,400.579503
2018-09-18,182.8400,173.582733,31877300,0,1,403.892998
2018-09-19,182.7000,173.449860,31843400,0,1,403.583738
2018-09-20,184.7200,175.367569,33295800,0,1,408.045912
2018-09-21,183.7100,174.408707,38605400,0,1,405.814825
2018-09-24,183.8900,174.893753,34945600,0.33,1,406.941414
2018-09-25,184.1400,175.131500,25277500,0,1,407.494654
2018-09-26,184.2700,175.255203,36210600,0,1,407.782339
2018-09-27,185.8300,176.738846,33113300,0,1,411.234558
2018-09-28,185.7900,176.700821,28076800,0,1,411.146040
2018-10-01,186.1700,177.062241,27371300,0,1,411.986965
2018-10-02,185.7500,176.662781,25618600,0,1,411.057521
2018-10-03,185.9500,176.852997,29128700,0,1,411.500114
2018-10-04,182.3800,173.457626,80557300,0,1,403.599843
2018-10-05,180.1500,171.336700,83325600,0,1,398.664939
2018-10-08,179.0500,170.290527,66864500,0,1,396.230682
2018-10-09,179.6300,170.842163,49097900,0,1,397.514200
2018-10-10,171.7300,163.328644,114471100,0,1,380.031807
2018-10-11,169.6000,161.302856,143084500,0,1,375.318200
2018-10-12,174.3200,165.791931,102078400,0,1,385.763376
2018-10-15,172.2100,163.785156,64885300,0,1,381.094028
2018-10-16,177.2200,168.550095,71979700,0,1,392.180963
2018-10-17,177.2900,168.616592,66987600,0,1,392.335871
2018-10-18,173.1800,164.707657,82486200,0,1,383.240601
2018-10-19,173.0200,164.555542,82923700,0,1,382.886527
2018-10-22,173.9100,165.401993,52909300,0,1,384.856062
2018-10-23,173.2700,164.793320,77567000,0,1,383.439767
2018-10-24,165.3400,157.251221,102997400,0,1,365.890986
2018-10-25,171.0600,162.691422,83481100,0,1,378.549123
2018-10-26,166.6600,158.506699,130970900,0,1,368.812094
2018-10-29,163.2300,155.244537,111871900,0,1,361.221638
2018-10-30,165.9200,157.802841,92584000,0,1,367.174503
2018-10-31,169.8200,161.512100,73828600,0,1,375.805051
2018-11-01,172.0600,163.642502,52706800,0,1,380.762084
2018-11-02,169.3800,161.093613,75966800,0,1,374.831348
2018-11-05,168.9600,160.694138,39573500,0,1,373.901905
2018-11-06,170.2400,161.911575,34410400,0,1,376.734495
2018-11-07,175.5800,166.990326,51169600,0,1,388.551707
2018-11-08,174.4600,165.925079,40296500,0,1,386.073191
2018-11-09,171.5200,163.128876,50602700,0,1,379.567085
2018-11-12,166.3300,158.192856,62578400,0,1,368.081817
2018-11-13,166.4700,158.325943,64128100,0,1,368.391632
2018-11-14,165.2000,157.118118,75270700,0,1,365.581171
2018-11-15,168.0900,159.866745,73254300,0,1,371.976629
2018-11-16,167.5000,159.305618,65390700,0,1,370.670982
2018-11-19,162.0600,154.131714,67280500,0,1,358.632473
2018-11-20,159.1600,151.373581,102652800,0,1,352.214886
2018-11-21,160.3700,152.524399,42965800,0,1,354.892569
2018-11-23,159.2100,151.421173,23503700,0,1,352.325534
2018-11-26,162.8900,154.921097,42012600,0,1,360.469231
2018-11-27,163.4400,155.444183,36608100,0,1,361.686360
2018-11-28,168.7000,160.446884,70141000,0,1,373.326535
2018-11-29,168.1500,159.923798,44885700,0,1,372.109406
2018-11-30,169.3700,161.084106,36722800,0,1,374.809219
2018-12-03,172.3300,163.899307,50771700,0,1,381.359584
2018-12-04,165.7200,157.612671,70594700,0,1,366.731911
2018-12-06,166.8900,158.725403,71715500,0,1,369.321075
2018-12-07,161.3800,153.484985,80432200,0,1,357.127660
2018-12-10,163.0700,155.092346,73960800,0,1,360.867564
2018-12-11,163.6100,155.605896,59058300,0,1,362.062563
2018-12-12,165.0500,156.975479,53780000,0,1,365.249227
2018-12-13,165.1000,157.023026,46378500,0,1,365.359875
2018-12-14,161.0800,153.199661,56547400,0,1,356.463771
2018-12-17,157.4300,149.728180,74834100,0,1,348.386463
2018-12-18,158.4200,150.669785,63642100,0,1,350.577295
2018-12-19,154.5300,146.970093,81856500,0,1,341.968876
2018-12-20,152.2900,144.839691,99002100,0,1,337.011844
2018-12-21,147.5700,140.350601,141129400,0,1,326.566667
2018-12-24,143.5000,136.870163,56163300,0.421,1,318.491572
2018-12-26,152.4600,145.416245,98982100,0,1,338.377875
2018-12-27,153.0500,145.978958,85824300,0,1,339.687353
2018-12-28,152.9700,145.902603,77856600,0,1,339.509796
2018-12-31,154.2600,147.133072,53015300,0,1,342.372891
2019-01-02,154.8800,147.724411,58576700,0,1,343.748953
2019-01-03,149.8200,142.898178,74820200,0,1,332.518518
2019-01-04,156.2300,149.012054,74709300,0,1,346.745215
2019-01-07,158.0900,150.786087,52059300,0,1,350.873398
2019-01-08,159.5200,152.150024,49388700,0,1,354.047217
2019-01-09,160.8200,153.389969,46491700,0,1,356.932506
2019-01-10,161.2800,153.828705,38943400,0,1,357.953455
2019-01-11,160.6900,153.265945,30176600,0,1,356.643977
2019-01-14,159.2700,151.911591,30710200,0,1,353.492353
2019-01-15,162.3800,154.877884,40874200,0,1,360.394854
2019-01-16,162.3500,154.849319,33812200,0,1,360.328270
2019-01-17,163.6300,156.070145,39329000,0,1,363.169170
2019-01-18,165.2500,157.615295,57183200,0,1,366.764685
2019-01-22,161.9400,154.458252,56711700,0,1,359.418294
2019-01-23,162.1500,154.658524,38106100,0,1,359.884379
2019-01-24,163.2000,155.660004,32417800,0,1,362.214805
2019-01-25,165.1500,157.519867,36515900,0,1,366.542740
2019-01-28,163.1100,155.574142,33491200,0,1,362.015055
2019-01-29,161.5700,154.105301,30784200,0,1,358.597096
2019-01-30,165.6800,158.025436,41346500,0,1,367.719050
2019-01-31,168.1600,160.390854,37258400,0,1,373.223295
2019-02-01,167.4500,159.713669,32143700,0,1,371.647483
2019-02-04,169.5300,161.697556,26718800,0,1,376.263946
2019-02-05,171.0300,163.128265,28156400,0,1,379.593126
2019-02-06,170.5200,162.641830,27970000,0,1,378.461205
2019-02-07,168.2300,160.457611,42036200,0,1,373.378656
2019-02-08,168.5600,160.772369,29020700,0,1,374.111076
2019-02-11,168.4000,160.619766,21434100,0,1,373.755963
2019-02-12,170.8900,162.994720,29722100,0,1,379.282403
2019-02-13,171.0100,163.109192,26094100,0,1,379.548737
2019-02-14,171.2200,163.309479,30326800,0,1,380.014822
2019-02-15,171.9400,163.996231,32521700,0,1,381.612829
2019-02-19,172.2800,164.320541,19487700,0,1,382.367443
2019-02-20,172.2500,164.291870,32593000,0,1,382.300859
2019-02-21,171.6200,163.690979,25207400,0,1,380.902604
2019-02-22,172.8900,164.902328,27735400,0,1,383.721310
2019-02-25,173.5200,165.503265,32608800,0,1,385.119565
2019-02-26,173.7000,165.674911,21939700,0,1,385.519067
2019-02-27,173.5900,165.569992,25162000,0,1,385.274927
2019-02-28,173.1900,165.188477,25085500,0,1,384.387146
2019-03-01,174.3900,166.333023,31431200,0,1,387.050490
2019-03-04,174.4200,166.361633,38063500,0,1,387.117073
2019-03-05,174.5500,166.485626,22319900,0,1,387.405602
2019-03-06,173.5600,165.541367,27194600,0,1,385.208343
2019-03-07,171.4300,163.509766,39407400,0,1,380.480907
2019-03-08,171.1700,163.261795,39303200,0,1,379.903850
2019-03-11,174.7300,166.657349,30518400,0,1,387.805104
2019-03-12,175.6900,167.572998,33953500,0,1,389.935779
2019-03-13,177.0100,168.831970,42426100,0,1,392.865458
2019-03-14,176.7100,168.545853,23751500,0,1,392.199622
2019-03-15,178.3500,170.110092,38192000,0,1,395.839525
2019-03-18,178.4500,170.515228,32935100,0.324,1,396.780574
2019-03-19,179.0500,171.088547,36893300,0,1,398.114664
2019-03-20,179.7600,171.766968,50105000,0,1,399.693337
2019-03-21,182.5700,174.452042,42428500,0,1,405.941324
2019-03-22,178.5600,170.620300,70794500,0,1,397.025157
2019-03-25,178.2200,170.295425,46336500,0,1,396.269173
2019-03-26,179.0500,171.088547,33248100,0,1,398.114664
2019-03-27,177.9000,169.989670,37096700,0,1,395.557658
2019-03-28,178.3100,170.381439,30368200,0,1,396.469286
2019-03-29,179.6600,171.671417,35205500,0,1,399.470988
2019-04-01,182.0400,173.945587,30969500,0,1,404.762878
2019-04-02,182.7300,174.604858,22645200,0,1,406.297082
2019-04-03,183.7800,175.608215,31633500,0,1,408.631739
2019-04-04,183.7100,175.541336,28530800,0,1,408.476095
2019-04-05,184.6600,176.449081,25674700,0,1,410.588404
2019-04-08,185.1300,176.898224,22697500,0,1,411.633441
2019-04-09,184.4800,176.277100,25631900,0,1,410.188177
2019-04-10,185.4700,177.223068,24563000,0,1,412.389426
2019-04-11,185.0300,176.802643,20654100,0,1,411.411093
2019-04-12,185.8300,177.567078,24989100,0,1,413.189880
2019-04-15,185.8600,177.595718,21073000,0,1,413.256584
2019-04-16,186.5000,178.207275,27195700,0,1,414.679613
2019-04-17,187.1500,178.828339,29651600,0,1,416.124877
2019-04-18,187.3900,179.057739,28580900,0,1,416.658513
2019-04-22,187.9200,179.564133,17936000,0,1,417.836959
2019-04-23,190.3100,181.847839,33665600,0,1,423.151084
2019-04-24,189.7100,181.274475,24977100,0,1,421.816994
2019-04-25,190.4800,182.010300,29517500,0,1,423.529076
2019-04-26,190.6500,182.172745,26359500,0,1,423.907069
2019-04-29,191.0200,182.526321,21716200,0,1,424.729757
2019-04-30,189.5400,181.112076,31495300,0,1,421.439002
2019-05-01,188.9300,180.529175,34797100,0,1,420.082677
2019-05-02,188.1100,179.745667,44110100,0,1,418.259421
2019-05-03,191.1100,182.612274,30386200,0,1,424.929871
2019-05-06,189.9400,181.494324,38371800,0,1,422.328395
2019-05-07,186.2400,177.958832,58818100,0,1,414.101508
2019-05-08,185.7700,177.509750,37165300,0,1,413.056471
2019-05-09,184.7700,176.554214,55351700,0,1,410.832987
2019-05-10,185.0000,176.774002,58526400,0,1,411.344389
2019-05-13,178.5800,170.639481,67185800,0,1,397.069627
2019-05-14,180.5400,172.512268,43360600,0,1,401.427654
2019-05-15,183.0900,174.948914,40944500,0,1,407.097536
2019-05-16,184.9300,176.707108,39281200,0,1,411.188745
2019-05-17,183.0400,174.901108,44702300,0,1,406.986362
2019-05-20,179.9500,171.948502,38608300,0,1,400.115798
2019-05-21,181.8300,173.744919,31613800,0,1,404.295947
2019-05-22,181.0200,172.970993,24332600,0,1,402.494925
2019-05-23,178.2500,170.324112,45351300,0,1,396.335877
2019-05-24,178.1600,170.238068,25903300,0,1,396.135764
2019-05-28,177.4900,169.597916,24763800,0,1,394.646030
2019-05-29,176.0300,168.202850,42178800,0,1,391.399744
2019-05-30,176.7700,168.909927,30354800,0,1,393.045122
2019-05-31,173.9500,166.215286,45446200,0,1,386.774899
2019-06-03,170.1200,162.555618,75842300,0,1,378.258959
2019-06-04,174.9100,167.132629,47797800,0,1,388.909443
2019-06-05,176.2100,168.374832,34412700,0,1,391.799971
2019-06-06,177.6100,169.712540,29913200,0,1,394.912848
2019-06-07,181.0400,172.990051,45888300,0,1,402.539395
2019-06-10,183.1500,175.006241,41385300,0,1,407.230945
2019-06-11,183.4000,175.245117,41260300,0,1,407.786815
2019-06-12,182.3400,174.232269,27758100,0,1,405.429923
2019-06-13,183.4200,175.264252,23715800,0,1,407.831285
2019-06-14,182.6400,174.518890,22844100,0,1,406.096968
2019-06-17,183.7400,175.570023,20379500,0,1,408.542800
2019-06-18,186.4100,178.121277,48177300,0,1,414.479500
2019-06-19,187.1100,178.790192,31672900,0,1,416.035938
2019-06-20,188.8500,180.452728,40922000,0,1,419.904799
2019-06-21,188.5700,180.185211,39980400,0,1,419.282223
2019-06-24,188.1600,180.191025,19375200,0.416,1,419.295564
2019-06-25,184.9300,177.097748,33921100,0,1,412.097835
2019-06-26,185.7900,177.921341,22595700,0,1,414.014259
2019-06-27,186.5000,178.601288,19709200,0,1,415.596422
2019-06-28,186.7400,178.831146,21179200,0,1,416.131238
2019-07-01,189.2600,181.244400,31025600,0,1,421.746803
2019-07-02,190.0100,181.962616,18035800,0,1,423.418103
2019-07-03,191.4400,183.332062,15792100,0,1,426.604713
2019-07-05,191.0500,182.958618,21415600,0,1,425.735638
2019-07-08,189.7100,181.675339,17598800,0,1,422.749583
2019-07-09,190.6600,182.585114,19193500,0,1,424.866562
2019-07-10,192.5600,184.404648,28374500,0,1,429.100520
2019-07-11,192.4200,184.270615,23736100,0,1,428.788544
2019-07-12,193.5300,185.333588,20211900,0,1,431.262067
2019-07-15,194.1500,185.927231,15606100,0,1,432.643675
2019-07-16,193.1500,184.969666,20190900,0,1,430.415276
2019-07-17,192.2000,184.059830,16765100,0,1,428.298297
2019-07-18,192.4200,184.270615,28877000,0,1,428.788544
2019-07-19,191.0100,182.920273,29387900,0,1,425.646502
2019-07-22,192.5300,184.375916,18954900,0,1,429.033668
2019-07-23,193.7900,185.582535,23786700,0,1,431.841451
2019-07-24,195.1500,186.884918,20422900,0,1,434.872074
2019-07-25,193.3000,185.113297,23434700,0,1,430.749535
2019-07-26,195.2900,187.019012,20431200,0,1,435.184050
2019-07-29,194.6200,186.377380,20451700,0,1,433.691022
2019-07-30,193.7800,185.572983,18705000,0,1,431.819167
2019-07-31,191.1000,183.006470,41627500,0,1,425.847058
2019-08-01,190.1500,182.096695,63251600,0,1,423.730078
2019-08-02,187.3500,179.415314,55214000,0,1,417.490561
2019-08-05,180.7300,173.075653,75040000,0,1,402.738559
2019-08-06,183.2600,175.498535,41897200,0,1,408.376409
2019-08-07,184.2500,176.446533,49990600,0,1,410.582524
2019-08-08,188.2600,180.286758,38418100,0,1,419.518404
2019-08-09,186.4900,178.591721,33608900,0,1,415.574138
2019-08-12,184.3500,176.542374,24642900,0,1,410.805364
2019-08-13,188.3900,180.411209,40241900,0,1,419.808096
2019-08-14,182.7600,175.019714,51000500,0,1,407.262210
2019-08-15,182.5500,174.818542,36685000,0,1,406.794246
2019-08-16,185.4800,177.624527,32781400,0,1,413.323455
2019-08-19,188.4300,180.449539,22494100,0,1,419.897232
2019-08-20,186.9700,179.051392,19902900,0,1,416.643770
2019-08-21,188.6300,180.641068,20418500,0,1,420.342912
2019-08-22,188.0200,180.056900,24243700,0,1,418.983589
2019-08-23,182.0700,174.358902,55372400,0,1,405.724614
2019-08-26,184.8200,176.992477,27598900,0,1,411.852712
2019-08-27,184.4300,176.618927,28012800,0,1,410.983636
2019-08-28,185.0900,177.250977,21792400,0,1,412.454379
2019-08-29,187.9200,179.961151,25358900,0,1,418.760749
2019-08-30,187.4700,179.530212,26319800,0,1,417.757969
2019-09-03,185.6500,177.787292,27964200,0,1,413.702283
2019-09-04,188.3300,180.353790,21592100,0,1,419.674392
2019-09-05,191.7800,183.657654,33932600,0,1,427.362369
2019-09-06,191.5900,183.475677,19487800,0,1,426.938973
2019-09-09,191.1900,183.092697,24407600,0,1,426.047614
2019-09-10,190.6400,182.565964,23744700,0,1,424.821994
2019-09-11,192.4300,184.280106,25063600,0,1,428.810828
2019-09-12,193.2300,185.046295,28689900,0,1,430.593548
2019-09-13,192.5400,184.385498,27669800,0,1,429.055952
2019-09-16,191.6800,183.561905,20319000,0,1,427.139529
2019-09-17,192.6000,184.442902,20953400,0,1,429.189656
2019-09-18,192.5200,184.366318,29781300,0,1,429.011384
2019-09-19,192.8400,184.672760,26039400,0,1,429.724472
2019-09-20,190.8000,182.719162,29086100,0,1,425.178538
2019-09-23,190.5000,182.799789,22485900,0.384,1,425.365723
2019-09-24,187.9700,180.372055,40820700,0,1,419.716509
2019-09-25,190.0800,182.396729,34704900,0,1,424.427909
2019-09-26,189.3800,181.725052,26826000,0,1,422.864886
2019-09-27,187.0300,179.470032,40773500,0,1,417.617592
2019-09-30,188.8100,181.178116,26307700,0,1,421.592138
2019-10-01,187.2700,179.700333,32367600,0,1,418.153486
2019-10-02,184.0500,176.610474,48544300,0,1,410.963577
2019-10-03,186.0700,178.548828,39392500,0,1,415.474017
2019-10-04,188.8100,181.178116,31887600,0,1,421.592138
2019-10-07,188.2400,180.631119,21216000,0,1,420.319390
2019-10-08,185.4200,177.925110,32379300,0,1,414.022637
2019-10-09,187.2300,179.661911,20147400,0,1,418.064170
2019-10-10,188.6800,181.053329,25177700,0,1,421.301862
2019-10-11,191.1100,183.385162,40976700,0,1,426.727787
2019-10-14,191.0900,183.365906,14975000,0,1,426.683129
2019-10-15,193.5200,185.697678,23234200,0,1,432.109054
2019-10-16,193.0400,185.237091,20457100,0,1,431.037266
2019-10-17,193.5500,185.726501,19045200,0,1,432.176041
2019-10-18,191.6900,183.941681,27700800,0,1,428.022864
2019-10-21,193.3900,185.572952,15801200,0,1,431.818778
2019-10-22,191.8500,184.095200,22392300,0,1,428.380126
2019-10-23,192.2200,184.450226,14828400,0,1,429.206296
2019-10-24,194.0900,186.244629,18998500,0,1,433.381802
2019-10-25,195.6400,187.732010,21507100,0,1,436.842783
2019-10-28,197.5700,189.584015,18818700,0,1,441.152262
2019-10-29,196.0400,188.115860,18569700,0,1,437.735939
2019-10-30,196.9900,189.027481,21764300,0,1,439.857186
2019-10-31,197.0800,189.113800,26801800,0,1,440.058146
2019-11-01,198.8700,190.831421,22131900,0,1,444.055021
2019-11-04,200.1000,192.011703,19015900,0,1,446.801476
2019-11-05,200.2100,192.117310,15048900,0,1,447.047094
2019-11-06,199.7600,191.685486,19725500,0,1,446.042293
2019-11-07,200.4300,192.328369,17832400,0,1,447.538330
2019-11-08,201.2300,193.096039,15258800,0,1,449.324643
2019-11-11,200.9600,192.836975,10147600,0,1,448.721763
2019-11-12,201.5400,193.393494,14778300,0,1,450.016839
2019-11-13,201.5900,193.441483,15774600,0,1,450.128484
2019-11-14,201.4300,193.287949,16945400,0,1,449.771221
2019-11-15,202.9100,194.708145,18427900,0,1,453.075900
2019-11-18,203.0700,194.861710,18365900,0,1,453.433162
2019-11-19,203.3700,195.149551,16923300,0,1,454.103030
2019-11-20,202.1500,193.978821,36629000,0,1,451.378903
2019-11-21,201.7000,193.547012,17883600,0,1,450.374102
2019-11-22,201.8300,193.671768,17189600,0,1,450.664378
2019-11-25,204.2200,195.965195,17752800,0,1,456.000987
2019-11-26,204.6100,196.339447,14780600,0,1,456.871815
2019-11-27,206.0400,197.711624,16963100,0,1,460.064849
2019-11-29,205.1000,196.809662,9854600,0,1,457.965931
2019-12-02,203.0000,194.794495,28007000,0,1,453.276860
2019-12-03,201.4100,193.268814,31104100,0,1,449.726564
2019-12-04,202.4300,194.247543,15300100,0,1,452.004112
2019-12-05,202.8300,194.631409,14962300,0,1,452.897269
2019-12-06,205.0000,196.713684,16555300,0,1,457.742642
2019-12-09,204.0700,195.821259,13984100,0,1,455.666053
2019-12-10,203.9000,195.658127,21799800,0,1,455.286462
2019-12-11,204.9800,196.694458,18780800,0,1,457.697984
2019-12-12,206.5100,198.162628,32612000,0,1,461.114307
2019-12-13,207.1900,198.815125,32519400,0,1,462.632673
2019-12-16,209.2700,200.811096,21296600,0,1,467.277086
2019-12-17,209.3900,200.926193,15996100,0,1,467.545033
2019-12-18,209.5500,201.079727,15443300,0,1,467.902296
2019-12-19,210.8600,202.336823,17865900,0,1,470.827383
2019-12-20,211.7100,203.152435,27672600,0,1,472.725340
2019-12-23,211.8100,203.689011,23774700,0.458,1,473.971293
2019-12-24,211.9200,203.794815,7089000,0,1,474.217442
2019-12-26,213.7900,205.593109,17067500,0,1,478.401977
2019-12-27,213.6100,205.420044,18134100,0,1,477.999188
2019-12-30,212.2100,204.073700,21815500,0,1,474.866381
2019-12-31,212.6100,204.458405,18170900,0,1,475.761469
2020-01-02,216.1600,207.872284,30969400,0,1,483.705372
2020-01-03,214.1800,205.968185,27518900,0,1,479.274688
2020-01-06,215.5600,207.295288,21655300,0,1,482.362740
2020-01-07,215.5300,207.266388,22139300,0,1,482.295609
2020-01-08,217.1500,208.824265,26397300,0,1,485.920714
2020-01-09,218.9900,210.593765,23547000,0,1,490.038117
2020-01-10,218.4300,210.055206,21898500,0,1,488.784994
2020-01-13,220.9500,212.478592,22756900,0,1,494.424046
2020-01-14,220.0800,211.641968,24418100,0,1,492.477231
2020-01-15,220.1700,211.728470,25742100,0,1,492.678625
2020-01-16,222.2800,213.757645,18805000,0,1,497.400213
2020-01-17,223.3800,214.815430,24325200,0,1,499.861704
2020-01-21,223.2800,214.719269,21146300,0,1,499.637932
2020-01-22,223.8700,215.286682,20736400,0,1,500.958186
2020-01-23,224.5900,215.979050,26496100,0,1,502.569344
2020-01-24,222.7000,214.161514,37436500,0,1,498.340055
2020-01-27,218.1000,209.737885,42264400,0,1,488.046547
2020-01-28,221.4500,212.959412,26731900,0,1,495.542906
2020-01-29,221.8100,213.305618,28924500,0,1,496.348485
2020-01-30,222.6000,214.065323,39568100,0,1,498.116283
2020-01-31,219.0700,210.670670,52015800,0,1,490.217134
2020-02-03,222.3800,213.853745,25408600,0,1,497.623985
2020-02-04,227.4700,218.748611,30691200,0,1,509.013975
2020-02-05,228.2200,219.469894,38534800,0,1,510.692265
2020-02-06,230.1900,221.364334,22467100,0,1,515.100571
2020-02-07,229.2000,220.412308,25884900,0,1,512.885229
2020-02-10,231.9700,223.076080,21478900,0,1,519.083711
2020-02-11,232.0100,223.114548,30198000,0,1,519.173220
2020-02-12,234.2700,225.287918,24471300,0,1,524.230465
2020-02-13,233.9700,224.999435,22773200,0,1,523.559150
2020-02-14,234.6400,225.643738,23438500,0,1,525.058422
2020-02-18,234.7300,225.730286,24394500,0,1,525.259816
2020-02-19,236.9800,227.893982,22230500,0,1,530.294684
2020-02-20,234.7800,225.778366,42604000,0,1,525.371702
2020-02-21,230.2700,221.441254,66017200,0,1,515.279589
2020-02-24,221.3900,212.901733,84522600,0,1,495.408643
2020-02-25,215.3700,207.112549,97743000,0,1,481.937573
2020-02-26,216.4800,208.179977,79537700,0,1,484.421442
2020-02-27,205.6400,197.755585,121822600,0,1,460.164566
2020-02-28,205.8000,197.909485,148173700,0,1,460.522601
2020-03-02,216.4200,208.122284,112933900,0,1,484.287179
2020-03-03,209.4800,201.448334,131953500,0,1,468.757408
2020-03-04,218.2200,209.853241,73086200,0,1,488.315073
2020-03-05,211.5900,203.477463,78705500,0,1,473.478995
2020-03-06,208.0200,200.044327,89828400,0,1,465.490338
2020-03-09,193.5700,186.148376,116424000,0,1,433.155296
2020-03-10,204.1100,196.284302,100599200,0,1,456.740856
2020-03-11,195.2200,187.735107,89168800,0,1,436.847533
2020-03-12,177.3200,170.521469,137820700,0,1,396.792360
2020-03-13,192.3400,184.965515,134882000,0,1,430.402901
2020-03-16,169.3000,162.808945,92054400,0,1,378.845852
2020-03-17,182.1400,175.156601,121257100,0,1,407.578166
2020-03-18,176.6000,169.829041,114156300,0,1,395.181202
2020-03-19,177.6600,170.848404,120896500,0,1,397.553184
2020-03-20,170.7000,164.155228,118983900,0,1,381.978659
2020-03-23,170.4600,164.273773,124639800,0.363,1,382.253898
2020-03-24,183.6600,176.994705,94881800,0,1,411.854693
2020-03-25,182.3000,175.684036,88754900,0,1,408.804914
2020-03-26,191.9000,184.935684,79887600,0,1,430.332765
2020-03-27,185.3000,178.575180,58845000,0,1,415.532368
2020-03-30,192.0400,185.070572,49356900,0,1,430.646713
2020-03-31,190.4000,183.490112,62659300,0,1,426.969038
2020-04-01,182.3100,175.693710,53715400,0,1,408.827339
2020-04-02,186.0100,179.259430,56465300,0,1,417.124532
2020-04-03,183.3700,176.715256,47487600,0,1,411.204373
2020-04-06,196.4800,189.349457,64763500,0,1,440.603344
2020-04-07,196.4000,189.272430,69904500,0,1,440.423945
2020-04-08,200.5700,193.291046,45940400,0,1,449.775105
2020-04-09,200.8600,193.570496,68252600,0,1,450.425426
2020-04-13,203.0300,195.661728,42853900,0,1,455.291617
2020-04-14,211.8600,204.171310,63959600,0,1,475.092754
2020-04-15,209.4300,201.829529,47036000,0,1,469.643517
2020-04-16,213.2500,205.510864,64657400,0,1,478.209808
2020-04-17,215.2900,207.476807,62863200,0,1,482.784476
2020-04-20,212.7400,205.019379,38249100,0,1,477.066141
2020-04-21,204.8900,197.454254,72932800,0,1,459.462638
2020-04-22,210.9700,203.313568,40089100,0,1,473.096943
2020-04-23,210.5200,202.879913,43278500,0,1,472.087825
2020-04-24,213.8400,206.079453,34231900,0,1,479.532874
2020-04-27,215.5600,207.737045,36451700,0,1,483.389947
2020-04-28,211.5000,203.824387,46862800,0,1,474.285460
2020-04-29,219.0000,211.052155,48716400,0,1,491.104093
2020-04-30,218.9100,210.965439,43359500,0,1,490.902270
2020-05-01,212.7400,205.019379,48795000,0,1,477.066141
2020-05-04,215.2200,207.409332,32841000,0,1,482.627502
2020-05-05,217.6600,209.760803,37783100,0,1,488.099164
2020-05-06,219.0000,211.052155,36455200,0,1,491.104093
2020-05-07,221.8200,213.769821,38624800,0,1,497.427900
2020-05-08,224.8600,216.699493,31852300,0,1,504.245052
2020-05-11,226.8700,218.636566,35714100,0,1,508.752446
2020-05-12,222.1200,214.058899,41054100,0,1,498.100645
2020-05-13,219.3400,211.379837,65521200,0,1,491.866538
2020-05-14,221.8300,213.779480,51549300,0,1,497.450324
2020-05-15,223.2700,215.167191,55747200,0,1,500.679502
2020-05-18,227.4300,219.176239,42398100,0,1,510.008237
2020-05-19,226.8600,218.626923,36237300,0,1,508.730021
2020-05-20,231.3900,222.992538,37417000,0,1,518.888476
2020-05-21,228.8700,220.563965,43642900,0,1,513.237415
2020-05-22,229.6600,221.325348,28762400,0,1,515.008978
2020-05-26,229.0400,220.727783,33055300,0,1,513.618637
2020-05-27,230.2900,221.932465,55665600,0,1,516.421743
2020-05-28,229.9900,221.643341,42784300,0,1,515.748997
2020-05-29,233.3600,224.891052,50691800,0,1,523.306170
2020-06-01,234.0600,225.565643,25776000,0,1,524.875909
2020-06-02,235.6300,227.078690,33383400,0,1,528.396610
2020-06-03,236.6900,228.100174,37228700,0,1,530.773643
2020-06-04,235.0300,226.500427,38716100,0,1,527.051119
2020-06-05,239.6900,230.991302,47365600,0,1,537.501097
2020-06-08,241.5500,232.783829,32937300,0,1,541.672118
2020-06-09,243.3000,234.470306,35046300,0,1,545.596465
2020-06-10,246.2200,237.284332,58084400,0,1,552.144520
2020-06-11,234.0200,225.527084,72919400,0,1,524.786210
2020-06-12,235.8800,227.319611,72034800,0,1,528.957231
2020-06-15,238.7500,230.085419,45307400,0,1,535.393161
2020-06-16,242.8500,234.036621,48890100,0,1,544.587347
2020-06-17,243.6200,234.778687,34749300,0,1,546.314060
2020-06-18,244.2800,235.414719,30578600,0,1,547.794100
2020-06-19,244.2400,235.376221,49422100,0,1,547.704401
2020-06-22,246.7400,238.198990,24068700,0.424,1,554.261425
2020-06-23,248.8400,240.226303,32767400,0,1,558.978735
2020-06-24,243.7100,235.273819,46032400,0,1,547.455021
2020-06-25,246.0300,237.513565,36940800,0,1,552.666525
2020-06-26,240.2200,231.904678,52824600,0,1,539.615302
2020-06-29,242.8400,234.433990,34377800,0,1,545.500707
2020-06-30,247.6000,239.029205,38909200,0,1,556.193276
2020-07-01,250.4900,241.819183,34689200,0,1,562.685193
2020-07-02,252.1900,243.460342,31956500,0,1,566.503967
2020-07-06,258.3900,249.445724,34589000,0,1,580.431262
2020-07-07,256.6100,247.727280,36578200,0,1,576.432781
2020-07-08,259.9900,250.990265,30426300,0,1,584.025403
2020-07-09,262.1800,253.104523,40312900,0,1,588.944883
2020-07-10,263.9700,254.832611,32885300,0,1,592.965828
2020-07-13,258.5400,249.590576,64108100,0,1,580.768213
2020-07-14,260.3700,251.357162,72230500,0,1,584.879012
2020-07-15,260.9000,251.868820,54523900,0,1,586.069571
2020-07-16,259.1200,250.150421,47594100,0,1,582.071089
2020-07-17,259.4200,250.440094,35137900,0,1,582.744991
2020-07-20,266.7800,257.545319,40610100,0,1,599.278038
2020-07-21,264.0000,254.861542,43243800,0,1,593.033218
2020-07-22,264.9300,255.759262,29865500,0,1,595.122313
2020-07-23,258.0100,249.078873,51363500,0,1,579.577654
2020-07-24,255.5600,246.713638,54054500,0,1,574.074126
2020-07-27,260.1200,251.115814,36445700,0,1,584.317427
2020-07-28,256.8100,247.920364,31302400,0,1,576.882048
2020-07-29,259.7700,250.777908,27556900,0,1,583.531209
2020-07-30,261.1300,252.090820,41774500,0,1,586.586228
2020-07-31,265.7900,256.589569,53686300,0,1,597.054163
2020-08-03,269.3800,260.055298,32081600,0,1,605.118516
2020-08-04,270.3800,261.020660,24911300,0,1,607.364854
2020-08-05,271.0500,261.667450,21612100,0,1,608.869901
2020-08-06,274.6400,265.133209,28048200,0,1,616.934254
2020-08-07,271.4700,262.072906,44969400,0,1,609.813363
2020-08-10,270.3100,260.953064,35088400,0,1,607.207611
2020-08-11,265.1900,256.010284,43104300,0,1,595.706360
2020-08-12,271.8600,262.449341,38773400,0,1,610.689435
2020-08-13,272.4800,263.048004,31895700,0,1,612.082164
2020-08-14,272.1600,262.739075,30799500,0,1,611.363336
2020-08-17,275.3200,265.789703,24803000,0,1,618.461764
2020-08-18,277.9700,268.347961,23529500,0,1,624.414559
2020-08-19,276.1000,266.542633,31999400,0,1,620.213907
2020-08-20,279.9300,270.240051,27723400,0,1,628.817382
2020-08-21,281.8700,272.112854,34748900,0,1,633.175277
2020-08-24,283.6300,273.811981,36418500,0,1,637.128832
2020-08-25,285.8600,275.964722,34866600,0,1,642.138166
2020-08-26,291.9600,281.853607,42216700,0,1,655.840827
2020-08-27,291.0500,280.975098,49482700,0,1,653.796660
2020-08-28,292.5300,282.403931,28021000,0,1,657.121240
2020-08-31,294.8800,284.672577,36321000,0,1,662.400134
2020-09-01,299.9200,289.538086,36216200,0,1,673.721677
2020-09-02,302.7600,292.279785,50836800,0,1,680.101277
2020-09-03,287.4100,277.461151,110083300,0,1,645.619990
2020-09-04,283.5800,273.763641,123959000,0,1,637.016515
2020-09-08,269.9500,260.605499,99568600,0,1,606.398929
2020-09-09,277.8800,268.261047,64837900,0,1,624.212389
2020-09-10,272.3400,262.912842,69667500,0,1,611.767677
2020-09-11,270.4500,261.088257,71809000,0,1,607.522098
2020-09-14,275.1600,265.635223,38525200,0,1,618.102350
2020-09-15,279.0600,269.400208,41849900,0,1,626.863068
2020-09-16,274.6100,265.104126,42321000,0,1,616.866864
2020-09-17,270.3200,260.962708,81570800,0,1,607.230074
2020-09-18,266.8700,257.632141,86251100,0,1,599.480208
2020-09-21,267.5100,258.249969,57168600,0,1,600.917865
2020-09-22,272.4800,263.048004,41128900,0,1,612.082164
2020-09-23,264.1600,255.015976,48837300,0,1,593.392632
2020-09-24,265.3900,256.203369,70631700,0,1,596.155628
2020-09-25,271.5600,262.159851,55242400,0,1,610.015533
2020-09-28,277.2000,267.604584,58438300,0,1,622.684879
2020-09-29,275.9500,266.397858,27050000,0,1,619.876957
2020-09-30,277.8400,268.222443,49380800,0,1,624.122536
2020-10-01,282.2500,272.479858,50020200,0,1,634.028886
2020-10-02,274.3100,264.814636,75497400,0,1,616.192963
2020-10-05,280.1600,270.462158,28184600,0,1,629.334040
2020-10-06,275.1600,265.635223,49704200,0,1,618.102350
2020-10-07,279.9200,270.230438,27539700,0,1,628.794918
2020-10-08,281.4100,271.668854,25443300,0,1,632.141962
2020-10-09,285.7100,275.820007,30201100,0,1,641.801215
2020-10-12,294.5300,284.334686,79370700,0,1,661.613916
2020-10-13,294.5200,284.324982,64240000,0,1,661.591452
2020-10-14,292.0600,281.950165,36949100,0,1,656.065461
2020-10-15,290.1000,280.058075,42514200,0,1,651.662639
2020-10-16,288.5100,278.523071,40570700,0,1,648.090961
2020-10-19,283.8000,273.976135,36756800,0,1,637.510710
2020-10-20,284.4100,274.565063,32195400,0,1,638.880976
2020-10-21,284.1900,274.352692,29306100,0,1,638.386781
2020-10-22,284.1800,274.342957,32196200,0,1,638.364318
2020-10-23,284.7400,274.883484,24658500,0,1,639.622267
2020-10-26,280.4700,270.761353,38421100,0,1,630.030404
2020-10-27,282.6600,272.875610,30559100,0,1,634.949884
2020-10-28,271.6400,262.237000,53413500,0,1,610.195240
2020-10-29,276.3900,266.822693,43246300,0,1,620.865345
2020-10-30,269.3800,260.055298,65838300,0,1,605.118516
2020-11-02,269.9800,260.634521,39987400,0,1,606.466319
2020-11-03,274.6500,265.142822,43604100,0,1,616.956717
2020-11-04,286.9100,276.978516,75728200,0,1,644.496821
2020-11-05,294.3900,284.199493,52054200,0,1,661.299429
2020-11-06,294.6100,284.411926,40959800,0,1,661.793623
2020-11-09,288.5900,278.600311,86537100,0,1,648.270668
2020-11-10,283.4200,273.609344,69024900,0,1,636.657101
2020-11-11,289.7600,279.729828,36102900,0,1,650.898884
2020-11-12,288.4000,278.416901,34414600,0,1,647.843864
2020-11-13,290.9300,280.859314,24806900,0,1,653.527099
2020-11-16,293.2000,283.050720,30168400,0,1,658.626286
2020-11-17,292.2700,282.152924,21843500,0,1,656.537192
2020-11-18,290.1100,280.067688,28069600,0,1,651.685102
2020-11-19,292.3800,282.259186,22718400,0,1,656.784289
2020-11-20,290.3800,280.328400,25907300,0,1,652.291613
2020-11-23,290.3900,280.337982,26875600,0,1,652.314077
2020-11-24,294.4700,284.276764,24516800,0,1,661.479136
2020-11-25,296.2800,286.024048,23326800,0,1,665.545007
2020-11-27,299.0100,288.659607,17163100,0,1,671.677510
2020-11-30,299.6200,289.248474,27836200,0,1,673.047776
2020-12-01,303.4600,292.955536,27521300,0,1,681.673714
2020-12-02,303.8500,293.332062,23620000,0,1,682.549786
2020-12-03,304.2800,293.747223,22828700,0,1,683.515711
2020-12-04,305.5200,294.944214,19332100,0,1,686.301170
2020-12-07,307.2500,296.614380,20851000,0,1,690.187335
2020-12-08,308.2900,297.618378,18341500,0,1,692.523526
2020-12-09,301.3100,290.880005,48839300,0,1,676.844087
2020-12-10,302.5200,292.048096,27519500,0,1,679.562156
2020-12-11,301.8500,291.401306,26760400,0,1,678.057110
2020-12-14,304.0400,293.515564,28804800,0,1,682.976590
2020-12-15,307.2900,296.652924,25709000,0,1,690.277188
2020-12-16,308.9800,298.284546,25461900,0,1,694.073499
2020-12-17,311.0000,300.234589,23730500,0,1,698.611102
2020-12-18,310.0600,299.327118,41173400,0,1,696.499544
2020-12-21,308.9200,298.767181,37095500,0.561,1,695.198915
2020-12-22,309.7600,299.579498,26176300,0,1,697.089265
2020-12-23,308.2000,298.070770,21201300,0,1,693.578614
2020-12-24,309.5600,299.386108,16785000,0,1,696.639182
2020-12-28,312.6800,302.403595,22497700,0,1,703.660484
2020-12-29,312.9600,302.674347,25871900,0,1,704.290600
2020-12-30,312.9700,302.684021,18138100,0,1,704.313105
2020-12-31,313.7400,303.428680,21611400,0,1,706.045926
2021-01-04,309.3100,299.144257,45305900,0,1,696.076577
2021-01-05,311.8600,301.610504,29323400,0,1,701.815141
2021-01-06,307.5400,297.432465,52809600,0,1,692.093339
2021-01-07,314.9800,304.627991,30394800,0,1,708.836443
2021-01-08,319.0300,308.544861,33955800,0,1,717.950634
2021-01-11,314.4200,304.086395,32746400,0,1,707.576210
2021-01-12,313.9200,303.602783,29266800,0,1,706.451001
2021-01-13,316.0400,305.653168,22898400,0,1,711.221886
2021-01-14,314.3500,304.018646,23500100,0,1,707.418681
2021-01-15,311.8600,301.610504,35118700,0,1,701.815141
2021-01-19,316.4100,306.010956,24537000,0,1,712.054540
2021-01-20,323.7700,313.129089,30728100,0,1,728.617612
2021-01-21,326.3600,315.633881,25130600,0,1,734.446192
2021-01-22,325.4200,314.724823,21609400,0,1,732.330800
2021-01-25,328.1100,317.326416,39080600,0,1,738.384423
2021-01-26,328.5900,317.790619,25498100,0,1,739.464623
2021-01-27,319.4300,308.931702,55264000,0,1,718.850800
2021-01-28,321.3200,310.759521,42836300,0,1,723.104089
2021-01-29,314.5600,304.221832,55259000,0,1,707.891268
2021-02-01,322.4200,311.823486,35646000,0,1,725.579548
2021-02-02,327.6800,316.910583,33930800,0,1,737.416743
2021-02-03,326.3800,315.653320,24824500,0,1,734.491201
2021-02-04,330.2400,319.386414,22350900,0,1,743.177812
2021-02-05,331.3600,320.469574,22732000,0,1,745.698279
2021-02-08,333.5800,322.616638,20462800,0,1,750.694205
2021-02-09,333.5100,322.548981,17597500,0,1,750.536676
2021-02-10,332.7500,321.813904,28068700,0,1,748.826359
2021-02-11,334.5800,323.583740,22046100,0,1,752.944623
2021-02-12,336.4500,325.392334,20346800,0,1,757.152903
2021-02-16,335.5400,324.512329,27080800,0,1,755.105023
2021-02-17,333.9300,322.955170,31360300,0,1,751.481851
2021-02-18,332.4700,321.543091,32236200,0,1,748.196242
2021-02-19,331.0200,320.140747,39157700,0,1,744.933137
2021-02-22,322.4400,311.842804,47256900,0,1,725.624557
2021-02-23,321.4800,310.914368,97241900,0,1,723.464156
2021-02-24,324.1300,313.477264,58206300,0,1,729.427762
2021-02-25,312.8300,302.548553,110182600,0,1,703.998046
2021-02-26,314.1400,303.815643,104739800,0,1,706.946093
2021-03-01,323.5900,312.955078,49164500,0,1,728.212536
2021-03-02,318.4000,307.935516,48370000,0,1,716.532871
2021-03-03,309.1600,298.999298,86301100,0,1,695.739015
2021-03-04,304.1000,294.105530,139131600,0,1,684.351903
2021-03-05,308.6800,298.535004,121523700,0,1,694.658814
2021-03-08,299.9400,290.082275,88409800,0,1,674.990167
2021-03-09,311.7700,301.523468,80391100,0,1,701.612604
2021-03-10,310.8800,300.662689,76798100,0,1,699.609732
2021-03-11,318.0400,307.587372,53484800,0,1,715.722720
2021-03-12,315.4600,305.092163,69315600,0,1,709.916644
2021-03-15,318.8300,308.351471,42955700,0,1,717.500550
2021-03-16,320.5800,310.043854,54925900,0,1,721.438780
2021-03-17,321.9000,311.320496,78258700,0,1,724.409331
2021-03-18,312.0400,301.784607,82718100,0,1,702.220217
2021-03-19,313.1400,302.848450,78446200,0,1,704.695676
2021-03-22,318.6100,308.527832,56194800,0.395,1,717.894373
2021-03-23,317.2200,307.181793,53455400,0,1,714.762415
2021-03-24,311.8700,302.001068,64803700,0,1,702.707756
2021-03-25,311.3300,301.478149,78729000,0,1,701.491024
2021-03-26,316.0000,306.000427,63519600,0,1,712.013502
2021-03-29,315.9100,305.913269,54608000,0,1,711.810713
2021-03-30,314.3200,304.373627,44635700,0,1,708.228114
2021-03-31,319.1300,309.031372,55032500,0,1,719.066041
2021-04-01,324.5700,314.299225,55685600,0,1,731.323489
2021-04-05,331.0500,320.574188,42172500,0,1,745.924272
2021-04-06,330.8200,320.351440,33537200,0,1,745.406034
2021-04-07,331.6200,321.126129,32046400,0,1,747.208600
2021-04-08,335.0800,324.476624,29940800,0,1,755.004697
2021-04-09,337.1100,326.442413,36664900,0,1,759.578708
2021-04-12,336.6700,326.016357,25833000,0,1,758.587297
2021-04-13,340.6000,329.822021,30374000,0,1,767.442401
2021-04-14,336.5100,325.861481,42564300,0,1,758.226783
2021-04-15,341.6100,330.800018,36342800,0,1,769.718141
2021-04-16,342.0100,331.187408,40860100,0,1,770.619424
2021-04-19,338.8800,328.156433,34533100,0,1,763.566885
2021-04-20,336.4100,325.764618,38081800,0,1,758.001463
2021-04-21,339.2900,328.553406,36598100,0,1,764.490700
2021-04-22,335.2000,324.592865,45936100,0,1,755.275082
2021-04-23,339.4200,328.679321,36381900,0,1,764.783617
2021-04-26,341.6300,330.819458,30812000,0,1,769.763205
2021-04-27,340.1500,329.386261,33187200,0,1,766.428458
2021-04-28,339.0000,328.272644,33615700,0,1,763.837270
2021-04-29,340.2200,329.454041,37708900,0,1,766.586183
2021-04-30,337.9900,327.294647,38263400,0,1,761.561530
2021-05-03,336.1900,325.551575,29729700,0,1,757.505757
2021-05-04,330.1400,319.692963,65147000,0,1,743.873853
2021-05-05,329.0300,318.618134,46219300,0,1,741.372793
2021-05-06,331.5100,321.019623,46814300,0,1,746.960747
2021-05-07,334.2000,323.624542,53324500,0,1,753.021875
2021-05-10,325.7600,315.451538,60700500,0,1,734.004805
2021-05-11,325.3100,315.015808,71963600,0,1,732.990862
2021-05-12,316.8900,306.862244,91164900,0,1,714.018857
2021-05-13,319.3400,309.234741,69877800,0,1,719.539214
2021-05-14,326.3900,316.061676,44370000,0,1,735.424326
2021-05-17,324.4100,314.144379,39395000,0,1,730.962975
2021-05-18,322.2200,312.023621,36528500,0,1,726.028451
2021-05-19,322.5900,312.381989,66319100,0,1,726.862138
2021-05-20,328.8300,318.424438,46466100,0,1,740.922152
2021-05-21,327.0100,316.662109,50330400,0,1,736.821314
2021-05-24,332.5100,321.987976,32475800,0,1,749.213954
2021-05-25,332.9700,322.433472,31280300,0,1,750.250430
2021-05-26,334.1300,323.556702,25444900,0,1,752.864150
2021-05-27,332.8800,322.346283,27931700,0,1,750.047641
2021-05-28,333.9300,323.363068,29927400,0,1,752.413509
2021-06-01,332.8200,322.288177,31145400,0,1,749.912449
2021-06-02,333.4700,322.917633,22047900,0,1,751.377033
2021-06-03,330.0000,319.557343,37057800,0,1,743.558404
2021-06-04,335.6000,324.980194,38736500,0,1,756.176365
2021-06-07,336.6000,325.948517,32611900,0,1,758.429572
2021-06-08,336.7600,326.103546,27282800,0,1,758.790085
2021-06-09,336.8400,326.180969,21485300,0,1,758.970342
2021-06-10,340.3500,329.579926,33702100,0,1,766.879099
2021-06-11,341.2400,330.441742,21222800,0,1,768.884454
2021-06-14,344.5100,333.608246,27827700,0,1,776.252442
2021-06-15,342.2600,331.429504,35963800,0,1,771.182725
2021-06-16,341.0100,330.219025,55399500,0,1,768.366216
2021-06-17,345.3400,334.412018,59722700,0,1,778.122604
2021-06-18,342.6300,331.787750,55414900,0,1,772.016412
2021-06-21,344.3600,333.849792,32992600,0.397,1,776.808984
2021-06-22,347.5700,336.961823,28941600,0,1,784.050118
2021-06-23,347.7400,337.126648,27188500,0,1,784.433605
2021-06-24,349.8900,339.211060,32581600,0,1,789.283585
2021-06-25,349.4600,338.794189,28682800,0,1,788.313589
2021-06-28,353.7100,342.914459,39130300,0,1,797.900760
2021-06-29,354.9900,344.155334,29426000,0,1,800.788190
2021-06-30,354.4300,343.612427,32724000,0,1,799.524940
2021-07-01,354.5700,343.748230,29290000,0,1,799.840752
2021-07-02,358.6400,347.694031,32727200,0,1,809.021878
2021-07-06,360.1900,349.196686,38842400,0,1,812.518376
2021-07-07,360.9500,349.933502,35265200,0,1,814.232788
2021-07-08,358.7700,347.820068,50890000,0,1,809.315133
2021-07-09,361.0100,349.991699,35184500,0,1,814.368136
2021-07-12,362.4200,351.358643,25717700,0,1,817.548821
2021-07-13,362.4200,351.358643,39723000,0,1,817.548821
2021-07-14,363.0700,351.988739,35336400,0,1,819.015094
2021-07-15,360.5200,349.516541,53391600,0,1,813.262792
2021-07-16,357.6000,346.685760,47262000,0,1,806.675841
2021-07-19,354.6700,343.845184,64404600,0,1,800.066333
2021-07-20,358.7900,347.839478,42183700,0,1,809.360249
2021-07-21,361.5600,350.524750,30259900,0,1,815.608829
2021-07-22,363.9500,352.841919,30252200,0,1,821.000202
2021-07-23,368.2000,356.962280,31960800,0,1,830.587373
2021-07-26,368.4900,357.243408,28438100,0,1,831.241557
2021-07-27,364.4300,353.307159,57933100,0,1,822.082989
2021-07-28,365.8300,354.664551,42066200,0,1,825.241116
2021-07-29,366.4800,355.294739,25672500,0,1,826.707389
2021-07-30,364.5700,353.442963,36484600,0,1,822.398801
2021-08-02,364.6000,353.472015,27334100,0,1,822.466476
2021-08-03,366.8100,355.614655,35558500,0,1,827.451805
2021-08-04,367.3400,356.128479,29602200,0,1,828.647381
2021-08-05,369.6700,358.387268,21443900,0,1,833.903407
2021-08-06,368.0500,356.816772,33332100,0,1,830.249003
2021-08-09,368.7300,357.476105,25960200,0,1,831.782950
2021-08-10,366.8400,355.643707,35130800,0,1,827.519479
2021-08-11,366.2100,355.032898,34249800,0,1,826.098322
2021-08-12,367.5300,356.312653,25969200,0,1,829.075984
2021-08-13,368.8200,357.563232,19336200,0,1,831.985972
2021-08-16,368.9800,357.718384,34856900,0,1,832.346901
2021-08-17,365.7300,354.567657,44793900,0,1,825.015535
2021-08-18,362.2100,351.155029,38541900,0,1,817.075102
2021-08-19,363.9600,352.851593,48499400,0,1,821.022760
2021-08-20,367.7300,356.506561,39486000,0,1,829.527145
2021-08-23,373.2300,361.838715,34034700,0,1,841.934072
2021-08-24,374.3700,362.943909,21732900,0,1,844.505690
2021-08-25,374.8000,363.360687,20441900,0,1,845.475686
2021-08-26,372.4200,361.053436,29133300,0,1,840.106870
2021-08-27,376.0400,364.562958,27104700,0,1,848.272884
2021-08-30,380.2600,368.654114,27295700,0,1,857.792381
2021-08-31,379.9500,368.353668,29628200,0,1,857.093081
2021-09-01,380.5800,368.964325,28138300,0,1,858.514238
2021-09-02,380.4000,368.789825,25453400,0,1,858.108193
2021-09-03,381.5700,369.924164,24605400,0,1,860.747485
2021-09-07,382.1100,370.447632,23970200,0,1,861.965620
2021-09-08,380.7800,369.158264,32949200,0,1,858.965399
2021-09-09,379.4700,367.888214,29399000,0,1,856.010295
2021-09-10,376.5900,365.096130,40249400,0,1,849.513577
2021-09-13,376.3300,364.844086,48741800,0,1,848.927067
2021-09-14,375.2600,363.806702,41826600,0,1,846.513356
2021-09-15,378.0500,366.511566,34097900,0,1,852.807052
2021-09-16,378.3100,366.763580,35193100,0,1,853.393561
2021-09-17,373.8300,362.420288,60912300,0,1,843.287555
2021-09-20,365.7000,354.931641,76203200,0.414,1,825.881764
2021-09-21,366.1500,355.368378,41927500,0,1,826.898026
2021-09-22,369.5700,358.687592,46972900,0,1,834.621612
2021-09-23,372.9800,361.997192,44652000,0,1,842.322615
2021-09-24,373.3300,362.336884,36056800,0,1,843.113041
2021-09-27,370.3500,359.444611,43338100,0,1,836.383132
2021-09-28,359.8700,349.273254,97701600,0,1,812.715533
2021-09-29,359.2800,348.700653,58076600,0,1,811.383102
2021-09-30,357.9600,347.419495,61384600,0,1,808.402068
2021-10-01,360.1800,349.574097,56375500,0,1,813.415624
2021-10-04,352.6200,342.236725,76766000,0,1,796.342433
2021-10-05,357.3800,346.856567,47232900,0,1,807.092220
2021-10-06,359.6700,349.079132,56806500,0,1,812.263862
2021-10-07,362.9700,352.281952,39411200,0,1,819.716445
2021-10-08,361.1600,350.525238,41822300,0,1,815.628816
2021-10-11,358.3900,347.836853,34847200,0,1,809.373162
2021-10-12,357.1400,346.623627,43905100,0,1,806.550214
2021-10-13,360.0000,349.399414,40120800,0,1,813.009120
2021-10-14,366.6300,355.834167,43433900,0,1,827.982038
2021-10-15,368.9400,358.076172,40419900,0,1,833.198846
2021-10-18,372.6500,361.676910,34513500,0,1,841.577357
2021-10-19,375.4700,364.413788,29091000,0,1,847.945928
2021-10-20,374.9800,363.938324,31390300,0,1,846.839333
2021-10-21,377.2700,366.160919,25469300,0,1,852.010974
2021-10-22,374.1000,363.084290,36275800,0,1,844.851977
2021-10-25,377.9300,366.801422,32597800,0,1,853.501491
2021-10-26,379.1200,367.956421,47191300,0,1,856.188938
2021-10-27,380.0000,368.810547,45760500,0,1,858.176293
2021-10-28,384.2200,372.906219,38007000,0,1,867.706567
2021-10-29,386.1100,374.740601,37310100,0,1,871.974865
2021-11-01,387.4300,376.021667,30765300,0,1,874.955898
2021-11-02,389.0500,377.593994,25135300,0,1,878.614439
2021-11-03,393.1800,381.602325,33748900,0,1,887.941460
2021-11-04,398.2200,386.493927,40265300,0,1,899.323588
2021-11-05,398.6000,386.862885,43383800,0,1,900.181764
2021-11-08,398.0600,386.338684,29256300,0,1,898.962251
2021-11-09,395.3200,383.679413,50490700,0,1,892.774348
2021-11-10,389.5100,378.040436,54937400,0,1,879.653284
2021-11-11,390.5900,379.088654,32243000,0,1,882.092312
2021-11-12,394.7000,383.077637,34730600,0,1,891.374166
2021-11-15,394.6100,382.990295,33716900,0,1,891.170913
2021-11-16,397.4200,385.717560,27872900,0,1,897.516901
2021-11-17,397.6300,385.921326,28703300,0,1,897.991157
2021-11-18,401.7500,389.920105,45721500,0,1,907.295594
2021-11-19,403.9900,392.094116,45191700,0,1,912.354318
2021-11-22,399.3000,387.542236,61715400,0,1,901.762615
2021-11-23,397.4800,385.775787,70098700,0,1,897.652403
2021-11-24,398.7600,387.018097,46954400,0,1,900.543102
2021-11-26,391.2000,379.680725,51533300,0,1,883.469910
2021-11-29,399.6900,387.920746,54447100,0,1,902.643375
2021-11-30,393.8200,382.223541,81332700,0,1,889.386810
2021-12-01,387.1200,375.720825,77766500,0,1,874.255807
2021-12-02,389.9100,378.428650,84416600,0,1,880.556628
2021-12-03,383.1300,371.848328,105349100,0,1,865.244956
2021-12-06,386.2000,374.828003,67588800,0,1,872.178117
2021-12-07,397.8300,386.115479,56005300,0,1,898.442828
2021-12-08,399.6100,387.843079,39204000,0,1,902.462707
2021-12-09,393.7300,382.136200,49973700,0,1,889.183558
2021-12-10,398.0100,386.290161,52545800,0,1,898.849333
2021-12-13,392.2600,380.709503,50166400,0,1,885.863770
2021-12-14,388.2000,376.769073,75199200,0,1,876.694834
2021-12-15,397.0500,385.358398,73858000,0,1,896.681308
2021-12-16,386.8400,375.449066,82591400,0,1,873.623467
2021-12-17,384.9100,373.575958,80492500,0,1,869.264834
2021-12-20,380.6900,369.952087,65336800,0.491,1,860.843415
2021-12-21,389.2100,378.231689,48899500,0,1,880.109447
2021-12-22,393.9500,382.838013,37042200,0,1,890.827874
2021-12-23,396.9200,385.724365,29595500,0,1,897.543850
2021-12-27,403.4800,392.099335,32820700,0,1,912.377790
2021-12-28,401.6100,390.281952,33113700,0,1,908.149213
2021-12-29,401.5500,390.223663,32248500,0,1,908.013537
2021-12-30,400.3500,389.057556,23850100,0,1,905.300011
2021-12-31,397.8500,386.628082,34752900,0,1,899.646832
2022-01-03,401.6800,390.350098,40575900,0,1,908.307502
2022-01-04,396.4700,385.286926,58027200,0,1,896.526278
2022-01-05,384.2900,373.450470,75739800,0,1,868.983992
2022-01-06,384.0200,373.188110,70814300,0,1,868.373449
2022-01-07,379.8600,369.145447,72652300,0,1,858.966560
2022-01-10,380.1100,369.388458,91770500,0,1,859.531877
2022-01-11,385.8200,374.937378,68295700,0,1,872.443737
2022-01-12,387.3500,376.424316,54576400,0,1,875.903482
2022-01-13,377.6600,367.007629,77994000,0,1,853.991762
2022-01-14,380.0100,369.291321,80121200,0,1,859.305750
2022-01-18,370.5500,360.098083,75450900,0,1,837.914123
2022-01-19,366.4800,356.142914,81791500,0,1,828.710748
2022-01-20,361.7200,351.517181,88610700,0,1,817.947096
2022-01-21,351.6900,341.770050,143388900,0,1,795.266544
2022-01-24,353.3000,343.334717,198685800,0,1,798.907191
2022-01-25,345.1100,335.375671,124398400,0,1,780.387378
2022-01-26,344.5700,334.850891,146559500,0,1,779.166291
2022-01-27,341.1000,331.478821,95255700,0,1,771.319680
2022-01-28,351.8000,341.876923,108167900,0,1,795.515284
2022-01-31,363.0500,352.809631,94326400,0,1,820.954587
2022-02-01,365.5200,355.209991,74433000,0,1,826.539927
2022-02-02,368.4900,358.096161,78777100,0,1,833.255904
2022-02-03,353.5500,343.577576,95384800,0,1,799.472509
2022-02-04,358.0100,347.911774,86318300,0,1,809.557779
2022-02-07,355.1300,345.113037,58198100,0,1,803.045317
2022-02-08,359.1200,348.990479,64720900,0,1,812.067790
2022-02-09,366.7300,356.385925,55766400,0,1,829.276066
2022-02-10,358.4300,348.320007,112468500,0,1,810.507513
2022-02-11,347.0600,337.270660,101569100,0,1,784.796857
2022-02-14,347.4900,337.688507,80254400,0,1,785.769204
2022-02-15,356.1300,346.084839,55128800,0,1,805.306589
2022-02-16,356.0400,345.997406,58947100,0,1,805.103074
2022-02-17,345.4500,335.706085,61801400,0,1,781.156210
2022-02-18,341.5100,331.877289,80001500,0,1,772.246801
2022-02-22,338.0800,328.543945,85967100,0,1,764.490640
2022-02-23,329.4200,320.128235,86215400,0,1,744.908029
2022-02-24,340.4900,330.885956,130614100,0,1,769.940304
2022-02-25,345.7700,336.016937,78842100,0,1,781.879817
2022-02-28,346.8000,337.018005,77515500,0,1,784.208927
2022-03-01,341.4900,331.857849,67407000,0,1,772.201575
2022-03-02,347.2200,337.426147,70609000,0,1,785.158661
2022-03-03,342.2600,332.606079,71089400,0,1,773.942754
2022-03-04,337.3000,327.785980,76936300,0,1,762.726848
2022-03-07,324.8600,315.696838,89933800,0,1,734.596632
2022-03-08,323.3500,314.229492,116153900,0,1,731.182112
2022-03-09,334.9900,325.541077,64723400,0,1,757.503311
2022-03-10,331.2700,321.926056,69362700,0,1,749.091382
2022-03-11,324.4000,315.249786,66228400,0,1,733.556447
2022-03-14,318.1700,309.195618,79802600,0,1,719.468726
2022-03-15,328.1500,318.894104,76471000,0,1,742.036215
2022-03-16,340.3200,330.720856,105243000,0,1,769.555888
2022-03-17,344.4400,334.724548,67810000,0,1,778.872326
2022-03-18,351.4900,341.575745,85446300,0,1,794.814290
2022-03-21,350.0800,340.626068,73799100,0.434,1,792.607289
2022-03-22,356.9600,347.320221,63345900,0,1,808.184123
2022-03-23,351.8300,342.328827,70615500,0,1,796.569419
2022-03-24,359.6500,349.937653,53555300,0,1,814.274484
2022-03-25,359.3500,349.645721,57584200,0,1,813.595262
2022-03-28,364.9100,355.055634,56833900,0,1,826.183517
2022-03-29,371.1900,361.166077,68073000,0,1,840.401907
2022-03-30,367.0900,357.176758,68757700,0,1,831.119200
2022-03-31,362.5400,352.749573,67011400,0,1,820.817660
2022-04-01,361.8500,352.078247,54527800,0,1,819.255448
2022-04-04,369.3000,359.326996,45950200,0,1,836.122805
2022-04-05,361.1000,351.348480,62738700,0,1,817.557392
2022-04-06,353.2600,343.720154,90077100,0,1,799.807046
2022-04-07,354.1000,344.537567,63777400,0,1,801.708869
2022-04-08,349.1500,339.721252,61956100,0,1,790.501699
2022-04-11,340.8900,331.684265,66107400,0,1,771.800442
2022-04-12,339.4500,330.283203,72790200,0,1,768.540174
2022-04-13,346.3500,336.996826,61367800,0,1,784.162290
2022-04-14,338.4300,329.290680,73519400,0,1,766.230818
2022-04-18,338.6900,329.543701,58560600,0,1,766.819477
2022-04-19,346.2600,336.909241,56515700,0,1,783.958523
2022-04-20,341.2100,331.995544,65500000,0,1,772.524946
2022-04-21,334.1500,325.126251,75801000,0,1,756.540578
2022-04-22,325.4000,316.612610,82562100,0,1,736.729924
2022-04-25,329.5800,320.679688,101755900,0,1,746.193756
2022-04-26,317.1400,308.575653,105819600,0,1,718.028666
2022-04-27,316.7600,308.205933,111204200,0,1,717.168318
2022-04-28,328.0100,319.152069,99450000,0,1,742.639159
2022-04-29,313.2500,304.790741,91977900,0,1,709.221416
2022-05-02,318.4800,309.879456,115511800,0,1,721.062526
2022-05-03,318.8200,310.210266,78185500,0,1,721.832312
2022-05-04,329.6000,320.699219,116083400,0,1,746.239038
2022-05-05,313.0000,304.547424,154607400,0,1,708.655397
2022-05-06,309.2500,300.898712,139572800,0,1,700.165117
2022-05-09,297.1500,289.125397,113387300,0,1,672.769812
2022-05-10,300.7600,292.638031,124124600,0,1,680.943122
2022-05-11,291.8400,283.958832,140326100,0,1,660.747575
2022-05-12,291.1500,283.287567,120910900,0,1,659.185364
2022-05-13,301.9400,293.786102,83684900,0,1,683.614730
2022-05-16,298.4400,290.380524,59190400,0,1,675.690469
2022-05-17,306.1700,297.901855,62715300,0,1,693.191766
2022-05-18,291.1400,283.277771,79477100,0,1,659.162723
2022-05-19,289.5800,281.759918,79920700,0,1,655.630766
2022-05-20,288.6800,280.884155,91764200,0,1,653.593099
2022-05-23,293.4800,285.554626,63648400,0,1,664.460658
2022-05-24,287.2400,279.483093,73491100,0,1,650.332831
2022-05-25,291.2600,283.394562,67144500,0,1,659.434412
2022-05-26,299.3300,291.246552,59462200,0,1,677.705495
2022-05-27,309.1000,300.752747,66985600,0,1,699.825505
2022-05-31,308.2800,299.954926,60968300,0,1,697.968964
2022-06-01,306.0000,297.736481,65341700,0,1,692.806874
2022-06-02,314.3800,305.890106,59291300,0,1,711.779820
2022-06-03,306.2000,297.931030,60914700,0,1,693.259689
2022-06-06,307.2200,298.923553,51785000,0,1,695.569045
2022-06-07,309.8700,301.501923,44900300,0,1,701.568843
2022-06-08,307.6400,299.332275,38342100,0,1,696.519956
2022-06-09,299.4000,291.314697,55900500,0,1,677.863980
2022-06-10,288.8400,281.039856,85963500,0,1,653.955351
2022-06-13,275.4100,267.972595,94442000,0,1,623.548827
2022-06-14,275.9100,268.459137,64697500,0,1,624.680864
2022-06-15,282.8000,275.162994,86051400,0,1,640.280339
2022-06-16,271.3900,264.061157,81910300,0,1,614.447247
2022-06-17,274.6900,267.272034,82703400,0,1,621.918693
2022-06-21,281.0800,274.015076,51633700,0.527,1,637.579298
2022-06-22,280.6700,273.615448,67472900,0,1,636.649287
2022-06-23,284.8500,277.690430,57457800,0,1,646.130863
2022-06-24,294.6100,287.205109,58422300,0,1,668.269664
2022-06-27,292.4500,285.099335,54151500,0,1,663.370093
2022-06-28,283.5400,276.413330,61609800,0,1,643.159365
2022-06-29,283.8000,276.666748,57302700,0,1,643.749128
2022-06-30,280.2800,273.235199,79313600,0,1,635.764642
2022-07-01,282.1300,275.038727,56675100,0,1,639.961034
2022-07-05,286.9600,279.747314,61829300,0,1,650.917018
2022-07-06,288.8000,281.541077,63194700,0,1,655.090726
2022-07-07,294.9800,287.565765,56620100,0,1,669.108942
2022-07-08,295.3500,287.926483,59895500,0,1,669.948220
2022-07-11,289.0400,281.775085,55273900,0,1,655.635123
2022-07-12,286.2400,279.045471,55797100,0,1,649.283828
2022-07-13,285.6500,278.470337,73939400,0,1,647.945519
2022-07-14,286.6700,279.464661,63741800,0,1,650.259205
2022-07-15,291.8700,284.533905,63818100,0,1,662.054468
2022-07-18,289.4000,282.126007,59519600,0,1,656.451718
2022-07-19,298.3000,290.802277,55172600,0,1,676.639763
2022-07-20,303.0300,295.413452,67769400,0,1,687.368915
2022-07-21,307.3800,299.654175,55049400,0,1,697.236106
2022-07-22,301.9900,294.399597,57127700,0,1,685.009863
2022-07-25,300.2700,292.722839,40582400,0,1,681.108353
2022-07-26,294.3700,286.971100,50074100,0,1,667.725267
2022-07-27,306.8100,299.098419,69304400,0,1,695.943164
2022-07-28,309.8100,302.023010,55139900,0,1,702.748123
2022-07-29,315.4600,307.531067,57501000,0,1,715.564129
2022-08-01,315.2700,307.345795,46358800,0,1,715.133148
2022-08-02,314.3300,306.429413,48676500,0,1,713.000928
2022-08-03,322.8900,314.774261,53735700,0,1,732.417744
2022-08-04,324.4000,316.246216,38973700,0,1,735.842907
2022-08-05,321.7500,313.662872,53894000,0,1,729.831860
2022-08-08,320.7100,312.649017,43878500,0,1,727.472808
2022-08-09,317.0800,309.110260,39764200,0,1,719.238807
2022-08-10,325.9300,317.737762,51459600,0,1,739.313436
2022-08-11,324.0800,315.934265,45897700,0,1,735.117045
2022-08-12,330.3900,322.085785,40928400,0,1,749.430142
2022-08-15,333.0600,324.688660,38266600,0,1,755.486556
2022-08-16,332.2800,323.928192,41186900,0,1,753.717266
2022-08-17,328.4900,320.233429,47842200,0,1,745.120335
2022-08-18,329.2800,321.003754,41937200,0,1,746.912307
2022-08-19,322.8600,314.745026,51770600,0,1,732.349695
2022-08-22,314.3600,306.458649,51098900,0,1,713.068977
2022-08-23,314.1000,306.205200,39497100,0,1,712.479214
2022-08-24,315.0100,307.092346,38057100,0,1,714.543385
2022-08-25,320.5800,312.522278,38098300,0,1,727.177926
2022-08-26,307.4400,299.712555,69047700,0,1,697.372205
2022-08-29,304.4100,296.758759,48321900,0,1,690.499197
2022-08-30,301.0200,293.453979,51184500,0,1,682.809593
2022-08-31,299.2700,291.747925,50044000,0,1,678.840033
2022-09-01,299.4000,291.874634,57990700,0,1,679.134915
2022-09-02,295.1700,287.751038,64666800,0,1,669.539923
2022-09-06,293.0500,285.684265,57005400,0,1,664.731085
2022-09-07,298.9700,291.455505,49260400,0,1,678.159537
2022-09-08,300.5200,292.966553,55649800,0,1,681.675433
2022-09-09,307.0900,299.371368,56125200,0,1,696.578293
2022-09-12,310.7400,302.929657,45905700,0,1,704.857660
2022-09-13,293.7000,286.317963,79562200,0,1,666.205493
2022-09-14,296.0300,288.589386,54907200,0,1,671.490678
2022-09-15,291.1000,283.783325,65299400,0,1,660.307862
2022-09-16,289.3200,282.047974,79920400,0,1,656.270252
2022-09-19,291.0500,284.244415,52613800,0.519,1,661.371703
2022-09-20,288.7300,281.978729,51271100,0,1,656.099818
2022-09-21,283.5600,276.929657,82931000,0,1,644.351693
2022-09-22,280.0700,273.521210,62757100,0,1,636.421141
2022-09-23,275.5100,269.067780,74815200,0,1,626.059158
2022-09-26,274.3700,267.954437,71176700,0,1,623.468663
2022-09-27,274.4800,268.061829,69780100,0,1,623.718623
2022-09-28,279.9400,273.394196,79652100,0,1,636.125733
2022-09-29,271.8700,265.512939,81216000,0,1,617.787751
2022-09-30,267.2600,261.010712,78482400,0,1,607.312151
2022-10-03,273.5300,267.134155,61267400,0,1,621.559876
2022-10-04,282.1300,275.533051,66696900,0,1,641.102212
2022-10-05,281.9800,275.386536,55766300,0,1,640.761357
2022-10-06,279.7600,273.218445,53489400,0,1,635.716708
2022-10-07,269.1000,262.807709,71354700,0,1,611.493301
2022-10-10,266.4100,260.180573,60393000,0,1,605.380641
2022-10-11,262.7500,256.606171,66522500,0,1,597.063787
2022-10-12,262.6600,256.518280,50580200,0,1,596.859274
2022-10-13,268.8200,262.534271,112894100,0,1,610.857039
2022-10-14,260.7400,254.643188,77244300,0,1,592.496334
2022-10-17,269.3500,263.051880,64576500,0,1,612.061393
2022-10-18,271.4800,265.132111,69781000,0,1,616.901529
2022-10-19,270.4900,264.165161,53115400,0,1,614.651888
2022-10-20,269.1100,262.817444,60605500,0,1,611.516025
2022-10-21,275.4200,268.979950,77897700,0,1,625.854645
2022-10-24,278.4500,271.939087,63963600,0,1,632.739910
2022-10-25,284.2100,277.564331,59014500,0,1,645.828730
2022-10-26,277.9300,271.431244,63492400,0,1,631.558280
2022-10-27,272.8700,266.489532,57760300,0,1,620.060116
2022-10-28,281.2200,274.644318,62651300,0,1,639.034360
2022-10-31,277.9500,271.450775,47742000,0,1,631.603728
2022-11-01,275.1100,268.677185,45895900,0,1,625.150212
2022-11-02,265.6800,259.467682,79803100,0,1,603.721815
2022-11-03,260.4900,254.399033,70038900,0,1,591.928243
2022-11-04,264.6800,258.491089,78313200,0,1,601.449450
2022-11-07,267.5900,261.332947,47333800,0,1,608.062031
2022-11-08,269.5400,263.237427,63213800,0,1,612.493142
2022-11-09,263.3200,257.162872,64862100,0,1,598.359034
2022-11-10,282.7500,276.138519,99256700,0,1,642.511078
2022-11-11,287.9600,281.226685,66961800,0,1,654.350097
2022-11-14,285.4400,278.765656,55290700,0,1,648.623738
2022-11-15,289.3900,282.623291,73985400,0,1,657.599578
2022-11-16,285.4400,278.765656,48859800,0,1,648.623738
2022-11-17,284.8100,278.150238,55462100,0,1,647.192149
2022-11-18,284.8200,278.160126,53588600,0,1,647.214872
2022-11-21,281.8900,275.298615,40083500,0,1,640.556844
2022-11-22,285.9500,279.263611,41873400,0,1,649.782644
2022-11-23,288.8200,282.066559,46390000,0,1,656.304330
2022-11-25,286.9200,280.210968,15498800,0,1,651.986838
2022-11-28,282.7100,276.099457,38714200,0,1,642.420183
2022-11-29,280.5700,274.009491,35618900,0,1,637.557323
2022-11-30,293.3600,286.500427,74718100,0,1,666.620866
2022-12-01,293.7200,286.852051,51547300,0,1,667.438917
2022-12-02,292.5500,285.709412,53583200,0,1,664.780250
2022-12-05,287.6400,280.914185,41482100,0,1,653.622940
2022-12-06,281.6800,275.093536,53937600,0,1,640.079648
2022-12-07,280.5300,273.970398,45614300,0,1,637.466428
2022-12-08,283.8500,277.212830,42594900,0,1,645.010679
2022-12-09,282.0400,275.445099,47860500,0,1,640.897699
2022-12-12,285.5800,278.902313,35732500,0,1,648.941869
2022-12-13,288.6500,281.900574,80667700,0,1,655.918029
2022-12-14,286.5100,279.810577,64984400,0,1,651.055168
2022-12-15,276.8900,270.415558,60554100,0,1,629.195021
2022-12-16,274.2500,267.837250,68300400,0,1,623.195979
2022-12-19,269.7500,264.073242,44167900,0.655,1,614.458737
2022-12-20,269.5400,263.867615,51064200,0,1,613.980382
2022-12-21,273.4500,267.695343,46394700,0,1,622.886902
2022-12-22,266.7600,261.146118,60278400,0,1,607.647869
2022-12-23,267.3600,261.733459,39373600,0,1,609.014599
2022-12-27,263.5800,258.033081,38009000,0,1,600.404204
2022-12-28,260.1000,254.626297,47139000,0,1,592.477174
2022-12-29,266.4400,260.832825,45893600,0,1,606.918947
2022-12-30,266.2800,260.676208,37858300,0,1,606.554486
2023-01-03,264.4800,258.914124,42335300,0,1,602.454298
2023-01-04,265.7400,260.147614,47754900,0,1,605.324429
2023-01-05,261.5800,256.075104,45396700,0,1,595.848439
2023-01-06,268.8000,263.143250,54659700,0,1,612.294749
2023-01-09,270.5400,264.846619,45568700,0,1,616.258264
2023-01-10,272.8300,267.088348,35247800,0,1,621.474615
2023-01-11,277.5500,271.709076,44077000,0,1,632.226219
2023-01-12,279.0500,273.177460,60600000,0,1,635.643042
2023-01-13,280.9700,275.057098,44802900,0,1,640.016576
2023-01-17,281.5400,275.615082,36269700,0,1,641.314969
2023-01-18,277.8800,272.032104,47754500,0,1,632.977920
2023-01-19,275.1500,269.359589,44150400,0,1,626.759301
2023-01-20,282.6800,276.731110,60613600,0,1,643.911755
2023-01-23,288.9600,282.878906,52799900,0,1,658.216855
2023-01-24,288.3700,282.301361,44875100,0,1,656.872905
2023-01-25,287.7300,281.674805,50872000,0,1,655.415060
2023-01-26,293.3400,287.166779,51596300,0,1,668.193980
2023-01-27,296.2600,290.025330,56441900,0,1,674.845396
2023-01-30,290.2700,284.161346,49405800,0,1,661.200881
2023-01-31,294.6200,288.419830,46705100,0,1,671.109669
2023-02-01,300.9200,294.587219,67562200,0,1,685.460327
2023-02-02,311.7200,305.159973,83070600,0,1,710.061455
2023-02-03,306.1800,299.736542,76170800,0,1,697.441988
2023-02-06,303.5900,297.201080,40802300,0,1,691.542273
2023-02-07,309.8800,303.358673,67584000,0,1,705.870152
2023-02-08,304.3700,297.964630,56720900,0,1,693.319021
2023-02-09,301.6800,295.331268,49137800,0,1,687.191518
2023-02-10,299.7000,293.392944,50050100,0,1,682.681311
2023-02-13,304.5000,298.091888,39636700,0,1,693.615145
2023-02-14,306.7500,300.294586,64079100,0,1,698.740381
2023-02-15,309.1000,302.595123,43100600,0,1,704.093404
2023-02-16,303.3000,296.917145,59498600,0,1,690.881687
2023-02-17,301.1600,294.822174,58230700,0,1,686.007019
2023-02-21,294.0300,287.842255,46526700,0,1,669.765718
2023-02-22,294.2500,288.057617,51389200,0,1,670.266852
2023-02-23,296.8200,290.573517,69294400,0,1,676.121010
2023-02-24,291.8500,285.708130,74332000,0,1,664.799935
2023-02-27,293.9400,287.754150,48995000,0,1,669.560709
2023-02-28,293.5600,287.382080,48243100,0,1,668.695114
2023-03-01,291.2000,285.071808,58287000,0,1,663.319312
2023-03-02,293.6100,287.431030,53565900,0,1,668.809008
2023-03-03,299.6800,293.373383,60511500,0,1,682.635753
2023-03-06,300.0200,293.706177,56736300,0,1,683.410233
2023-03-07,296.3400,290.103668,65955800,0,1,675.027626
2023-03-08,297.8200,291.552490,50876300,0,1,678.398892
2023-03-09,292.6600,286.501068,71456700,0,1,666.645020
2023-03-10,288.5500,282.477570,98593600,0,1,657.282924
2023-03-13,290.6900,284.572449,97123600,0,1,662.157592
2023-03-14,297.3700,291.111908,73602500,0,1,677.373845
2023-03-15,298.9300,292.639160,83631500,0,1,680.927341
2023-03-16,306.8100,300.353241,98198100,0,1,698.877053
2023-03-17,305.3600,298.933716,89923700,0,1,695.574124
2023-03-20,305.9700,299.994659,56359500,0.472,1,698.038793
2023-03-21,310.3400,304.279358,49757000,0,1,708.008494
2023-03-22,306.1200,300.141754,75791900,0,1,698.381002
2023-03-23,309.7500,303.700836,74576000,0,1,706.662470
2023-03-24,310.8900,304.818573,57195200,0,1,709.263262
2023-03-27,308.7600,302.730133,50287400,0,1,704.403888
2023-03-28,307.1200,301.122253,48585900,0,1,700.662398
2023-03-29,312.7200,306.612793,53274300,0,1,713.438217
2023-03-30,315.6800,309.515106,58354800,0,1,720.191150
2023-03-31,320.9300,314.662476,62138100,0,1,732.168480
2023-04-03,320.1500,313.897766,47126800,0,1,730.388991
2023-04-04,319.0700,312.838806,45875400,0,1,727.925083
2023-04-05,315.9200,309.750336,62795700,0,1,720.738685
2023-04-06,318.0500,311.838745,46916500,0,1,725.598059
2023-04-10,317.8700,311.662292,45134700,0,1,725.187407
2023-04-11,315.8300,309.662170,40113600,0,1,720.533359
2023-04-12,313.0400,306.926636,62813300,0,1,714.168264
2023-04-13,319.1700,312.936920,54613800,0,1,728.153223
2023-04-14,318.5700,312.348602,56278300,0,1,726.784385
2023-04-17,318.8400,312.613403,43007000,0,1,727.400362
2023-04-18,318.8600,312.632965,46746900,0,1,727.445990
2023-04-19,318.7100,312.485840,38960100,0,1,727.103780
2023-04-20,316.2800,310.103363,62462100,0,1,721.559988
2023-04-21,316.6100,310.426910,59002300,0,1,722.312848
2023-04-24,315.9500,309.779724,44043100,0,1,720.807127
2023-04-25,309.9900,303.936096,57121600,0,1,707.210005
2023-04-26,311.8700,305.779480,55400500,0,1,711.499030
2023-04-27,320.3500,314.093842,65430400,0,1,730.845270
2023-04-28,322.5600,316.260651,59712600,0,1,735.887156
2023-05-01,322.1900,315.897919,41013400,0,1,735.043039
2023-05-02,319.3800,313.142792,56519400,0,1,728.632316
2023-05-03,317.2900,311.093689,59882100,0,1,723.864198
2023-05-04,316.1700,309.995514,50224500,0,1,721.309034
2023-05-05,322.8900,316.584259,51806100,0,1,736.640016
2023-05-08,323.6900,317.368622,36465800,0,1,738.465133
2023-05-09,321.6400,315.358673,31768800,0,1,733.788271
2023-05-10,325.1400,318.790314,60446600,0,1,741.773158
2023-05-11,326.2000,319.829590,44278500,0,1,744.191438
2023-05-12,325.0300,318.682495,48432800,0,1,741.522204
2023-05-15,326.7900,320.408081,33375600,0,1,745.537461
2023-05-16,327.1600,320.770813,40019200,0,1,746.381578
2023-05-17,331.1200,324.653442,47486100,0,1,755.415907
2023-05-18,337.2700,330.683411,64213500,0,1,769.446494
2023-05-19,336.5100,329.938293,61554900,0,1,767.712632
2023-05-22,337.6400,331.046143,43015900,0,1,770.290610
2023-05-23,333.3600,326.849731,48216700,0,1,760.526234
2023-05-24,331.6500,325.173126,62891200,0,1,756.625047
2023-05-25,339.7200,333.085602,66862800,0,1,775.035914
2023-05-26,348.4000,341.596100,63007000,0,1,794.838433
2023-05-30,349.9800,343.145203,72652200,0,1,798.443039
2023-05-31,347.9900,341.194000,65105400,0,1,793.903061
2023-06-01,352.0100,345.135590,50488600,0,1,803.074273
2023-06-02,354.6500,347.723999,53372100,0,1,809.097159
2023-06-05,354.9000,347.969147,47266200,0,1,809.667508
2023-06-06,354.8400,347.910217,41390400,0,1,809.530625
2023-06-07,348.8200,342.007843,69225900,0,1,795.796620
2023-06-08,353.1500,346.253235,47153900,0,1,805.675065
2023-06-09,354.5000,347.576874,53196900,0,1,808.754950
2023-06-12,360.4900,353.449951,44606500,0,1,822.420513
2023-06-13,363.2600,356.165863,57097800,0,1,828.739981
2023-06-14,365.9000,358.754303,69525600,0,1,834.762867
2023-06-15,370.2600,363.029175,71138800,0,1,844.709754
2023-06-16,367.9300,360.744720,80932000,0,1,839.394101
2023-06-20,366.9000,360.228241,49204700,0.504,1,838.194086
2023-06-21,361.9000,355.319122,53378300,0,1,826.771436
2023-06-22,366.1700,359.511505,47603000,0,1,836.526379
2023-06-23,362.5400,355.947510,48922900,0,1,828.233535
2023-06-26,357.6800,351.175842,52685500,0,1,817.130719
2023-06-27,363.8300,357.213989,49428100,0,1,831.180579
2023-06-28,364.5400,357.911102,46498000,0,1,832.802595
2023-06-29,363.8100,357.194366,46151000,0,1,831.134888
2023-06-30,369.4200,362.702423,58712500,0,1,843.951102
2023-07-03,370.2900,363.556610,19432900,0,1,845.938643
2023-07-05,370.2800,363.546753,34460900,0,1,845.915798
2023-07-06,367.4600,360.778015,49374700,0,1,839.473423
2023-07-07,366.2400,359.580261,47133700,0,1,836.686297
2023-07-10,366.3600,359.697968,48498800,0,1,836.960440
2023-07-11,368.1700,361.475159,38214100,0,1,841.095440
2023-07-12,372.8200,366.040558,61975400,0,1,851.718505
2023-07-13,379.1500,372.255463,46960000,0,1,866.179580
2023-07-14,379.0700,372.176941,55148500,0,1,865.996818
2023-07-17,382.6100,375.652557,40868900,0,1,874.084054
2023-07-18,385.7400,378.725555,55262000,0,1,881.234633
2023-07-19,385.6500,378.637268,54093000,0,1,881.029025
2023-07-20,376.7600,369.908905,71941700,0,1,860.719553
2023-07-21,375.6300,368.799438,60499600,0,1,858.138034
2023-07-24,376.2300,369.388519,40380100,0,1,859.508752
2023-07-25,378.7800,371.892242,38894400,0,1,865.334304
2023-07-26,377.5200,370.655029,47075700,0,1,862.455796
2023-07-27,376.6200,369.771423,63940200,0,1,860.399719
2023-07-28,383.4800,376.506683,56902900,0,1,876.071595
2023-07-31,383.6800,376.703094,44019900,0,1,876.528501
2023-08-01,382.7900,375.829254,41060600,0,1,874.495269
2023-08-02,374.3900,367.582062,72687100,0,1,855.305217
2023-08-03,373.7900,366.992920,47666400,0,1,853.934499
2023-08-04,372.0400,365.274780,61702800,0,1,849.936571
2023-08-07,375.1900,368.367493,37230400,0,1,857.132841
2023-08-08,372.0000,365.235443,44726500,0,1,849.845190
2023-08-09,367.9100,361.219849,51150900,0,1,840.501462
2023-08-10,368.5900,361.887482,72035300,0,1,842.054942
2023-08-11,366.2400,359.580261,48707200,0,1,836.686297
2023-08-14,370.3500,363.615509,42130800,0,1,846.075715
2023-08-15,366.4200,359.756958,45539900,0,1,837.097512
2023-08-16,362.5400,355.947510,53190500,0,1,828.233535
2023-08-17,358.5800,352.059479,62604300,0,1,819.186796
2023-08-18,358.1300,351.617676,61191400,0,1,818.158758
2023-08-21,363.9000,357.282745,50696500,0,1,831.340496
2023-08-22,363.3800,356.772186,44530200,0,1,830.152541
2023-08-23,369.1100,362.398041,51770600,0,1,843.242898
2023-08-24,361.2200,354.651489,66842500,0,1,825.217956
2023-08-25,364.0200,357.400574,69960500,0,1,831.614640
2023-08-28,366.7600,360.090698,40910000,0,1,837.874252
2023-08-29,374.7700,367.955109,58492400,0,1,856.173338
2023-08-30,376.8600,370.007080,41731500,0,1,860.948006
2023-08-31,377.9900,371.116516,35730700,0,1,863.529525
2023-09-01,377.5900,370.723816,39801200,0,1,862.615713
2023-09-05,378.0700,371.195068,32344200,0,1,863.712287
2023-09-06,374.7400,367.925690,42998700,0,1,856.104802
2023-09-07,372.0600,365.294434,52060700,0,1,849.982262
2023-09-08,372.5800,365.804871,35800100,0,1,851.170217
2023-09-11,376.9700,370.115051,39936600,0,1,861.199304
2023-09-12,372.7900,366.011230,41391000,0,1,851.649969
2023-09-13,374.2100,367.405304,46300700,0,1,854.894001
2023-09-14,377.2700,370.409668,48039400,0,1,861.884663
2023-09-15,370.8100,364.067139,69811200,0,1,847.126599
2023-09-18,370.6600,364.446625,36903500,0.536,1,848.008428
2023-09-19,369.8700,363.669922,37621700,0,1,846.201039
2023-09-20,364.5400,358.429199,45514200,0,1,834.006886
2023-09-21,357.8600,351.861206,69734800,0,1,818.724157
2023-09-22,357.9100,351.910431,51589700,0,1,818.838548
2023-09-25,359.6100,353.581848,39168000,0,1,822.727866
2023-09-26,354.2100,348.272339,53657700,0,1,810.373564
2023-09-27,355.0400,349.088501,56066000,0,1,812.272466
2023-09-28,358.0100,352.008606,56453300,0,1,819.067332
2023-09-29,358.2700,352.264282,64829600,0,1,819.662168
2023-10-02,361.2600,355.204193,51625100,0,1,826.502791
2023-10-03,354.9200,348.970490,60478500,0,1,811.997926
2023-10-04,359.7500,353.719543,54786700,0,1,823.048162
2023-10-05,358.6900,352.677338,45897400,0,1,820.623059
2023-10-06,364.7000,358.586517,75049100,0,1,834.372939
2023-10-09,366.5600,360.415375,45304800,0,1,838.628310
2023-10-10,368.5900,362.411346,46968800,0,1,843.272612
2023-10-11,371.2200,364.997223,38215100,0,1,849.289615
2023-10-12,369.9300,363.728912,49587900,0,1,846.338309
2023-10-13,365.2800,359.156830,52469900,0,1,835.699883
2023-10-16,369.4100,363.217621,44201100,0,1,845.148636
2023-10-17,368.2000,362.027893,50999100,0,1,842.380357
2023-10-18,363.3700,357.278809,54280500,0,1,831.330120
2023-10-19,359.9700,353.935852,72274200,0,1,823.551486
2023-10-20,354.6000,348.655853,72559700,0,1,811.265819
2023-10-23,355.6700,349.707916,60665200,0,1,813.713801
2023-10-24,359.1300,353.109863,47082100,0,1,821.629705
2023-10-25,350.3400,344.467224,71190500,0,1,801.519648
2023-10-26,343.6600,337.899200,78621400,0,1,786.236919
2023-10-27,345.3100,339.521576,63476700,0,1,790.011844
2023-10-30,349.2000,343.346405,55298500,0,1,798.911517
2023-10-31,350.8700,344.988403,47671900,0,1,802.732199
2023-11-01,356.9600,350.976318,58992700,0,1,816.665106
2023-11-02,363.4400,357.347595,58162400,0,1,831.490269
2023-11-03,367.7100,361.546082,53280500,0,1,841.259318
2023-11-06,369.2100,363.020935,38848700,0,1,844.691069
2023-11-07,372.7000,366.452423,50777400,0,1,852.675608
2023-11-08,372.9400,366.688446,35663400,0,1,853.224688
2023-11-09,370.0700,363.866547,53859400,0,1,846.658606
2023-11-10,378.3900,372.047119,58309800,0,1,865.693382
2023-11-13,377.2100,370.886841,40733500,0,1,862.993738
2023-11-14,385.3300,378.870667,67792600,0,1,881.570948
2023-11-15,385.6200,379.155884,54141400,0,1,882.234419
2023-11-16,385.9500,379.480316,45343500,0,1,882.989404
2023-11-17,386.0400,379.568878,46571900,0,1,883.195309
2023-11-20,390.7400,384.190033,44429600,0,1,893.948128
2023-11-21,388.4700,381.958069,43337000,0,1,888.754745
2023-11-22,390.0600,383.521484,44121000,0,1,892.392401
2023-11-24,389.5100,382.980682,15718800,0,1,891.134092
2023-11-27,389.1700,382.646423,34139700,0,1,890.356229
2023-11-28,390.1900,383.649323,35491100,0,1,892.689819
2023-11-29,389.8100,383.275604,38811700,0,1,891.820442
2023-11-30,388.8300,382.312134,52834400,0,1,889.578365
2023-12-01,389.9400,383.403442,40490100,0,1,892.117861
2023-12-04,386.3200,379.844147,51186900,0,1,883.835903
2023-12-05,387.2900,380.797882,42933000,0,1,886.055102
2023-12-06,385.0500,378.595459,41994100,0,1,880.930354
2023-12-07,390.4300,383.885223,49593500,0,1,893.238899
2023-12-08,392.1700,385.596130,46687500,0,1,897.219730
2023-12-11,395.5200,388.889923,41198000,0,1,904.883973
2023-12-12,398.6700,391.987152,39221200,0,1,912.090649
2023-12-13,403.7400,396.972168,55408100,0,1,923.689965
2023-12-14,403.3900,396.628052,55447800,0,1,922.889224
2023-12-15,405.3400,398.545258,62896600,0,1,927.350499
2023-12-18,407.0800,401.055573,46610000,0.808,1,933.179899
2023-12-19,409.1600,403.104828,35711900,0,1,937.948039
2023-12-20,403.0800,397.114838,54042400,0,1,924.010401
2023-12-21,407.7700,401.735382,45568900,0,1,934.761638
2023-12-22,408.3800,402.336365,34314000,0,1,936.159987
2023-12-26,410.8800,404.799408,22722500,0,1,941.890923
2023-12-27,411.5000,405.623413,31980500,0.216,1,943.807349
2023-12-28,411.3000,405.426270,27029200,0,1,943.348633
2023-12-29,409.5200,403.671692,42662100,0,1,939.266064
2024-01-02,402.5900,396.840637,58026900,0,1,923.371569
2024-01-03,398.3300,392.641479,47002800,0,1,913.600926
2024-01-04,396.2800,390.620758,39432800,0,1,908.899091
2024-01-05,396.7500,391.084076,44922800,0,1,909.977073
2024-01-08,404.9500,399.166962,42473800,0,1,928.784413
2024-01-09,405.7500,399.955536,39132900,0,1,930.619275
2024-01-10,408.5000,402.666290,33962800,0,1,936.926615
2024-01-11,409.3500,403.504181,54536200,0,1,938.876156
2024-01-12,409.5600,403.711121,39595000,0,1,939.357807
2024-01-16,409.5200,403.671692,43903000,0,1,939.266064
2024-01-17,407.2100,401.394714,54386000,0,1,933.967899
2024-01-18,412.9900,407.092194,59562500,0,1,947.224780
2024-01-19,421.1800,415.165192,70325100,0,1,966.009184
2024-01-22,421.7300,415.707306,44880600,0,1,967.270652
2024-01-23,423.4800,417.432373,33003800,0,1,971.284413
2024-01-24,425.8300,419.748779,46948000,0,1,976.674321
2024-01-25,426.3500,420.261353,44367200,0,1,977.866982
2024-01-26,423.8100,417.757660,37137000,0,1,972.041294
2024-01-29,428.1500,422.035645,38694700,0,1,981.995422
2024-01-30,425.3000,419.226379,36739000,0,1,975.458725
2024-01-31,416.9700,411.015289,64010600,0,1,956.353220
2024-02-01,421.8800,415.855194,51008600,0,1,967.614688
2024-02-02,429.0100,422.883453,59602400,0,1,983.967900
2024-02-05,428.4500,422.331451,39889200,0,1,982.683496
2024-02-06,427.5900,421.483612,35846100,0,1,980.711019
2024-02-07,431.9900,425.820801,37712700,0,1,990.802762
2024-02-08,432.7900,426.609406,29889900,0,1,992.637624
2024-02-09,437.0500,430.808502,36943900,0,1,1002.408267
2024-02-12,435.3400,429.122894,33203300,0,1,998.486248
2024-02-13,428.5500,422.429901,64491700,0,1,982.912854
2024-02-14,433.2200,427.033295,45092700,0,1,993.623863
2024-02-15,434.5100,428.304901,38796100,0,1,996.582579
2024-02-16,430.5700,424.421082,53716500,0,1,987.545881
2024-02-20,427.3200,421.217499,53999500,0,1,980.091753
2024-02-21,425.6100,419.531921,49779000,0,1,976.169734
2024-02-22,438.0700,431.814056,53887800,0,1,1004.747716
2024-02-23,436.7800,430.542358,39853900,0,1,1001.789001
2024-02-26,436.5500,430.315643,33043200,0,1,1001.261478
2024-02-27,437.6000,431.350708,33713200,0,1,1003.669735
2024-02-28,435.2700,429.053955,32938800,0,1,998.325698
2024-02-29,439.0000,432.730713,42495200,0,1,1006.880744
2024-03-01,445.6100,439.246307,43853000,0,1,1022.041294
2024-03-04,444.0200,437.679047,34325700,0,1,1018.394505
2024-03-05,436.0500,429.822876,57917100,0,1,1000.114689
2024-03-06,438.7900,432.523743,46234500,0,1,1006.399092
2024-03-07,445.4500,439.088623,44526700,0,1,1021.674322
2024-03-08,439.0200,432.750397,72096000,0,1,1006.926615
2024-03-11,437.3900,431.143738,45860000,0,1,1003.188083
2024-03-12,443.6600,437.324219,55300900,0,1,1017.568817
2024-03-13,440.2500,433.962830,37928700,0,1,1009.747716
2024-03-14,439.1400,432.868744,52195200,0,1,1007.201845
2024-03-15,433.9200,427.723267,73069800,0,1,995.229368
2024-03-18,437.4800,431.802612,47323800,0.573,1,1004.708725
2024-03-19,438.5700,432.878510,43004100,0,1,1007.212000
2024-03-20,443.7700,438.011017,43653500,0,1,1019.154227
2024-03-21,445.8700,440.083740,39345700,0,1,1023.977049
2024-03-22,446.3800,440.587158,28253900,0,1,1025.148306
2024-03-25,444.7600,438.988190,27789200,0,1,1021.427843
2024-03-26,443.3200,437.566864,34142000,0,1,1018.120765
2024-03-27,444.8300,439.057251,41359200,0,1,1021.588604
2024-03-28,444.0100,438.247925,36839600,0,1,1019.705406
2024-04-01,444.9500,439.175720,38729000,0,1,1021.864193
2024-04-02,441.1100,435.385498,44259700,0,1,1013.045318
2024-04-03,442.1000,436.362671,39949800,0,1,1015.318935
2024-04-04,435.3400,429.690369,57267700,0,1,999.794040
2024-04-05,440.4700,434.753876,54744600,0,1,1011.575506
2024-04-08,440.6000,434.882141,28144900,0,1,1011.874061
2024-04-09,442.2300,436.490997,39443600,0,1,1015.617490
2024-04-10,438.3700,432.681061,61502200,0,1,1006.752683
2024-04-11,445.3700,439.590271,45474600,0,1,1022.828758
2024-04-12,438.2700,432.582397,53665000,0,1,1006.523025
2024-04-15,431.0600,425.465912,63453600,0,1,989.964668
2024-04-16,431.1000,425.505432,47619000,0,1,990.056532
2024-04-17,425.8400,420.313690,56880500,0,1,977.976510
2024-04-18,423.4100,417.915222,46549400,0,1,972.395816
2024-04-19,414.6500,409.268890,75231000,0,1,952.277757
2024-04-22,418.8200,413.384766,47807700,0,1,961.854504
2024-04-23,425.0700,419.553711,44384700,0,1,976.208142
2024-04-24,426.5100,420.975037,48440300,0,1,979.515220
2024-04-25,424.4500,418.941742,57392200,0,1,974.784261
2024-04-26,431.0000,425.406738,41874900,0,1,989.826874
2024-04-29,432.7500,427.133942,30022200,0,1,993.845892
2024-04-30,424.5900,419.079865,43665900,0,1,975.105782
2024-05-01,421.5200,416.049713,52251700,0,1,968.055276
2024-05-02,426.9000,421.359924,36559000,0,1,980.410887
2024-05-03,435.4800,429.828613,48515300,0,1,1000.115561
2024-05-06,440.2500,434.536682,30227200,0,1,1011.070258
2024-05-07,440.3200,434.605774,30996100,0,1,1011.231018
2024-05-08,440.0600,434.349121,24896700,0,1,1010.633907
2024-05-09,441.0200,435.296631,24580100,0,1,1012.838626
2024-05-10,442.0600,436.323212,27116600,0,1,1015.227071
2024-05-13,443.0800,437.329926,22994200,0,1,1017.569585
2024-05-14,445.9300,440.142944,34478300,0,1,1024.114844
2024-05-15,452.9000,447.022522,41464700,0,1,1040.122021
2024-05-16,451.9800,446.114471,34780400,0,1,1038.009165
2024-05-17,451.7600,445.897308,35803700,0,1,1037.503917
2024-05-20,454.9100,449.006470,24474200,0,1,1044.738151
2024-05-21,455.8000,449.884888,23167700,0,1,1046.782109
2024-05-22,455.7100,449.796021,25120000,0,1,1046.575417
2024-05-23,453.6600,447.772644,40899200,0,1,1041.867423
2024-05-24,457.9500,452.006989,29669500,0,1,1051.719760
2024-05-28,459.6800,453.714508,26216800,0,1,1055.692847
2024-05-29,456.4400,450.516602,29739200,0,1,1048.251922
2024-05-30,451.5500,445.690033,30536800,0,1,1037.021635
2024-05-31,450.7100,444.860931,55941300,0,1,1035.092506
2024-06-03,453.1300,447.249512,32997500,0,1,1040.650235
2024-06-04,454.3700,448.473450,23767400,0,1,1043.497997
2024-06-05,463.5300,457.514557,33817400,0,1,1064.534688
2024-06-06,463.3700,457.356628,21966800,0,1,1064.167235
2024-06-07,462.9600,456.951965,25829700,0,1,1063.225637
2024-06-10,464.8300,458.797699,20660800,0,1,1067.520245
2024-06-11,468.0200,461.946289,22053300,0,1,1074.846342
2024-06-12,474.1500,467.996735,34532600,0,1,1088.924390
2024-06-13,476.7200,470.533386,25859000,0,1,1094.826606
2024-06-14,479.1900,472.971344,23372600,0,1,1100.499164
2024-06-17,485.0600,478.765137,37054500,0,1,1113.980100
2024-06-18,485.2100,478.913269,24438600,0,1,1114.324588
2024-06-20,481.4700,475.221771,33918700,0,1,1105.735371
2024-06-21,480.1800,473.948547,37456800,0,1,1102.772780
2024-06-24,473.9600,468.552765,37751000,0.762,1,1090.238035
2024-06-25,479.3800,473.910950,29014700,0,1,1102.705522
2024-06-26,480.3700,474.889648,22737100,0,1,1104.982794
2024-06-27,481.6100,476.115509,26222100,0,1,1107.835134
2024-06-28,479.1100,473.644012,34881600,0,1,1102.084448
2024-07-01,481.9200,476.421997,24898300,0,1,1108.548219
2024-07-02,486.9800,481.424225,26723600,0,1,1120.187607
2024-07-03,491.0400,485.437897,18064900,0,1,1129.526721
2024-07-05,496.1600,490.499512,28495900,0,1,1141.304126
2024-07-08,497.3400,491.666046,22109400,0,1,1144.018449
2024-07-09,497.7700,492.091125,25614500,0,1,1145.007567
2024-07-10,502.9600,497.221924,28046900,0,1,1156.945991
2024-07-11,491.9300,486.317719,49966600,0,1,1131.573965
2024-07-12,494.8200,489.174805,37109400,0,1,1138.221758
2024-07-15,496.1500,490.489594,31151400,0,1,1141.281123
2024-07-16,496.3400,490.677429,25950600,0,1,1141.718175
2024-07-17,481.7700,476.273651,56268800,0,1,1108.203178
2024-07-18,479.4900,474.019714,49347400,0,1,1102.958552
2024-07-19,475.2400,469.818146,42042900,0,1,1093.182386
2024-07-22,482.3200,476.817444,40300000,0,1,1109.468329
2024-07-23,480.6200,475.136749,23282500,0,1,1105.557862
2024-07-24,463.3800,458.093506,58818600,0,1,1065.901132
2024-07-25,458.2700,453.041718,59256800,0,1,1054.146730
2024-07-26,462.9700,457.688171,39992100,0,1,1064.958020
2024-07-29,463.9000,458.607513,28218500,0,1,1067.097275
2024-07-30,457.5300,452.310211,41317200,0,1,1052.444527
2024-07-31,471.0700,465.695770,44552100,0,1,1083.590242
2024-08-01,459.6600,454.415894,56653900,0,1,1057.344112
2024-08-02,448.7500,443.630371,66323200,0,1,1032.248118
2024-08-05,435.3700,430.403015,87483500,0,1,1001.470447
2024-08-06,439.5300,434.515594,63164400,0,1,1011.039589
2024-08-07,434.7700,429.809845,54929200,0,1,1000.090283
2024-08-08,448.0700,442.958099,47890100,0,1,1030.683932
2024-08-09,450.4100,445.271454,33574000,0,1,1036.066574
2024-08-12,451.3800,446.230377,27795000,0,1,1038.297840
2024-08-13,462.5800,457.302582,40084500,0,1,1064.060913
2024-08-14,462.7300,457.450897,34733700,0,1,1064.405954
2024-08-15,474.4200,469.007538,38280600,0,1,1091.296161
2024-08-16,475.0300,469.610565,38383600,0,1,1092.699329
2024-08-19,481.2700,475.779327,23737700,0,1,1107.053041
2024-08-20,480.2600,474.780945,29209300,0,1,1104.729763
2024-08-21,482.5000,476.995300,25658800,0,1,1109.882378
2024-08-22,474.8500,469.432617,37739600,0,1,1092.285279
2024-08-23,480.0000,474.523834,36061500,0,1,1104.131692
2024-08-26,475.3400,469.917023,27452600,0,1,1093.412414
2024-08-27,476.7600,471.320892,27510000,0,1,1096.678803
2024-08-28,471.3500,465.972565,37372400,0,1,1084.234319
2024-08-29,470.6600,465.290405,41081500,0,1,1082.647130
2024-08-30,476.2700,470.836365,33466500,0,1,1095.551669
2024-09-03,461.8100,456.541382,44985200,0,1,1062.289702
2024-09-04,460.6100,455.355103,32505100,0,1,1059.529372
2024-09-05,461.0400,455.780182,34452400,0,1,1060.518490
2024-09-06,448.6900,443.571075,50624400,0,1,1032.110102
2024-09-09,454.4600,449.275177,32981200,0,1,1045.382685
2024-09-10,458.6600,453.427338,29680300,0,1,1055.043837
2024-09-11,468.6200,463.273682,57843000,0,1,1077.954570
2024-09-12,473.2200,467.821198,40067800,0,1,1088.535832
2024-09-13,475.3400,469.917023,29111800,0,1,1093.412414
2024-09-16,473.2400,467.840942,22585600,0,1,1088.581837
2024-09-17,473.4900,468.088104,30084400,0,1,1089.156906
2024-09-18,471.4400,466.061554,39909200,0,1,1084.441344
2024-09-19,483.3600,477.845520,52782500,0,1,1111.860614
2024-09-20,482.4400,476.936005,34577700,0,1,1109.744362
2024-09-23,483.0400,478.200226,24843000,0.677,1,1112.681812
2024-09-24,485.3700,480.506897,25952600,0,1,1118.048963
2024-09-25,485.8200,480.952362,26549900,0,1,1119.085537
2024-09-26,489.4700,484.565796,32020200,0,1,1127.493306
2024-09-27,486.7500,481.873077,22851100,0,1,1121.227791
2024-09-30,488.0700,483.179871,30281100,0,1,1124.268408
2024-10-01,481.2700,476.447937,42735400,0,1,1108.604620
2024-10-02,481.9500,477.121155,23744000,0,1,1110.170999
2024-10-03,481.5900,476.764740,25337200,0,1,1109.341739
2024-10-04,487.3200,482.437286,30686600,0,1,1122.540785
2024-10-07,482.1000,477.269623,24975100,0,1,1110.516523
2024-10-08,489.3000,484.397522,28272000,0,1,1127.101711
2024-10-09,493.1500,488.208923,24995000,0,1,1135.970180
2024-10-10,492.5900,487.654541,25750400,0,1,1134.680221
2024-10-11,493.3600,488.416840,20644500,0,1,1136.453914
2024-10-14,497.5000,492.515350,26060100,0,1,1145.990397
2024-10-15,490.8500,485.931976,34784500,0,1,1130.672133
2024-10-16,490.9100,485.991364,22996800,0,1,1130.810343
2024-10-17,491.2500,486.327972,27210700,0,1,1131.593533
2024-10-18,494.4700,489.515686,25335000,0,1,1139.010797
2024-10-21,495.4200,490.456177,30336500,0,1,1141.199121
2024-10-22,495.9600,490.990784,26685800,0,1,1142.443010
2024-10-23,488.3600,483.466949,39346600,0,1,1124.936423
2024-10-24,492.3200,487.387238,22024900,0,1,1134.058276
2024-10-25,495.3200,490.357178,38762100,0,1,1140.968771
2024-10-28,495.4000,490.436401,20477800,0,1,1141.153051
2024-10-29,500.1600,495.148773,28014100,0,1,1152.117703
2024-10-30,496.3800,491.406586,29756000,0,1,1143.410479
2024-10-31,483.8500,479.002106,41245200,0,1,1114.547645
2024-11-01,487.4300,482.546265,33655800,0,1,1122.794169
2024-11-04,486.0100,481.140472,23291600,0,1,1119.523202
2024-11-05,492.2100,487.278381,24353600,0,1,1133.804891
2024-11-06,505.5800,500.514374,43082200,0,1,1164.602663
2024-11-07,513.5400,508.394562,32853100,0,1,1182.938510
2024-11-08,514.1400,508.988708,22924500,0,1,1184.320609
2024-11-11,513.8400,508.691650,24167500,0,1,1183.629559
2024-11-12,512.9100,507.770874,25835300,0,1,1181.487306
2024-11-13,512.2500,507.117554,24567400,0,1,1179.966997
2024-11-14,508.6900,503.593231,28679500,0,1,1171.766543
2024-11-15,496.5700,491.594666,51461100,0,1,1143.848144
2024-11-18,500.0200,495.010101,27080800,0,1,1151.795213
2024-11-19,503.4600,498.415649,24523000,0,1,1159.719247
2024-11-20,503.1700,498.128540,29565500,0,1,1159.051232
2024-11-21,504.9800,499.920441,34526700,0,1,1163.220564
2024-11-22,505.7900,500.722229,23826600,0,1,1165.086398
2024-11-25,506.5900,501.514252,26375200,0,1,1166.929197
2024-11-26,509.3100,504.207031,26557100,0,1,1173.194712
2024-11-27,505.3000,500.237183,24957400,0,1,1163.957684
2024-11-29,509.7400,504.632660,15334000,0,1,1174.185216
2024-12-02,515.2900,510.127075,25147200,0,1,1186.969632
2024-12-03,516.8700,511.691254,18597900,0,1,1190.609159
2024-12-04,523.2600,518.017273,26086200,0,1,1205.328513
2024-12-05,521.8100,516.581726,18169600,0,1,1201.988440
2024-12-06,526.4800,521.205017,23762600,0,1,1212.745777
2024-12-09,522.3800,517.146118,20674400,0,1,1203.301434
2024-12-10,520.6000,515.383911,24350000,0,1,1199.201207
2024-12-11,529.9200,524.610474,32168600,0,1,1220.669812
2024-12-12,526.5000,521.224731,23577500,0,1,1212.791847
2024-12-13,530.5300,525.214417,28780400,0,1,1222.074945
2024-12-16,538.1700,532.777832,31979900,0,1,1239.673672
2024-12-17,535.8000,530.431519,28579100,0,1,1234.214381
2024-12-18,516.4700,511.295227,54703200,0,1,1189.687760
2024-12-19,514.1700,509.018280,46441800,0,1,1184.389714
2024-12-20,518.6600,513.463379,60530000,0,1,1194.732421
2024-12-23,522.8700,518.465881,29672800,0.835,1,1206.353570
2024-12-24,529.9600,525.496155,17558200,0,1,1222.711454
2024-12-26,529.6000,525.139160,19090500,0,1,1221.880870
2024-12-27,522.5600,518.158447,33839600,0,1,1205.638345
2024-12-30,515.6100,511.267029,34584000,0,1,1189.603466
2024-12-31,511.2300,506.923920,29117000,0,1,1179.498031
2025-01-02,510.2300,505.932281,36389800,0,1,1177.190854
2025-01-03,518.5800,514.211975,29059500,0,1,1196.455781
2025-01-06,524.5400,520.121704,36109700,0,1,1210.206555
2025-01-07,515.1800,510.840546,36690300,0,1,1188.611380
2025-01-08,515.2700,510.929810,30777800,0,1,1188.819025
2025-01-10,507.1900,502.917908,40532500,0,1,1170.177036
2025-01-13,505.5600,501.301636,31694200,0,1,1166.416338
2025-01-14,505.0800,500.825684,33737200,0,1,1165.308893
2025-01-15,516.7000,512.347778,34957600,0,1,1192.118288
2025-01-16,513.0800,508.758331,28229000,0,1,1183.766308
2025-01-17,521.7400,517.345337,51837900,0,1,1203.746460
2025-01-21,524.8000,520.379517,23628000,0,1,1210.806421
2025-01-22,531.5100,527.033142,33593000,0,1,1226.287578
2025-01-23,532.6400,528.153503,23096600,0,1,1228.894688
2025-01-24,529.6300,525.168884,19878300,0,1,1221.950085
2025-01-27,514.2100,509.878784,60771700,0,1,1186.373418
2025-01-28,521.8100,517.414795,33194200,0,1,1203.907962
2025-01-29,520.8300,516.443054,26649000,0,1,1201.646929
2025-01-30,523.0500,518.644287,27431300,0,1,1206.768862
2025-01-31,522.2900,517.890747,38755200,0,1,1205.015407
2025-02-03,518.1100,513.745972,40580800,0,1,1195.371408
2025-02-04,524.4700,520.052368,26046800,0,1,1210.045053
2025-02-05,526.8500,522.412292,21134100,0,1,1215.536134
2025-02-06,529.6000,525.139160,19434500,0,1,1221.880870
2025-02-07,522.9200,518.515503,29605500,0,1,1206.468929
2025-02-10,529.2500,524.792053,20852800,0,1,1221.073358
2025-02-11,527.9900,523.542725,19325500,0,1,1218.166315
2025-02-12,528.3000,523.850037,25009400,0,1,1218.881540
2025-02-13,535.9000,531.386169,28714800,0,1,1236.416084
2025-02-14,538.1500,533.617188,17862600,0,1,1241.607232
2025-02-18,539.3700,534.826843,20565000,0,1,1244.421988
2025-02-19,539.5200,534.975525,19666900,0,1,1244.768065
2025-02-20,537.2300,532.704773,26550800,0,1,1239.484630
2025-02-21,526.0800,521.648743,47093800,0,1,1213.759607
2025-02-24,519.8700,515.491089,39268400,0,1,1199.432039
2025-02-25,513.3200,508.996338,48940000,0,1,1184.320031
2025-02-26,514.5600,510.225769,34457600,0,1,1187.180930
2025-02-27,500.2700,496.056183,52448000,0,1,1154.211372
2025-02-28,508.1700,503.889648,47654000,0,1,1172.438070
2025-03-03,497.0500,492.863312,44587200,0,1,1146.782263
2025-03-04,495.5500,491.375946,67875400,0,1,1143.321498
2025-03-05,502.0100,497.781555,46323700,0,1,1158.225860
2025-03-06,488.2000,484.087891,57574300,0,1,1126.363748
2025-03-07,491.7900,487.647583,54714700,0,1,1134.646513
2025-03-10,472.7300,468.748199,76668000,0,1,1090.671721
2025-03-11,471.6000,467.627716,68760800,0,1,1088.064612
2025-03-12,476.9200,472.902924,46971100,0,1,1100.338793
2025-03-13,468.3400,464.395172,46563300,0,1,1080.543215
2025-03-14,479.6600,475.619812,43563000,0,1,1106.660457
2025-03-17,482.7700,478.703583,41744400,0,1,1113.835777
2025-03-18,474.5400,470.542938,39072300,0,1,1094.847712
2025-03-19,480.8900,476.839447,40430300,0,1,1109.498285
2025-03-20,479.2600,475.223175,36780500,0,1,1105.737586
2025-03-21,480.8400,476.789856,42234900,0,1,1109.382926
2025-03-24,490.6600,487.252716,34567200,0.716,1,1133.691341
2025-03-25,493.4600,490.033264,26035200,0,1,1140.160864
2025-03-26,484.3800,481.016296,34627100,0,1,1119.181127
2025-03-27,481.6200,478.275482,33469800,0,1,1112.804027
2025-03-28,468.9400,465.683533,46363800,0,1,1083.506334
2025-03-31,468.9200,465.663696,53000300,0,1,1083.460123
2025-04-01,472.7000,469.417419,41156200,0,1,1092.193978
2025-04-02,476.1500,472.843414,49894500,0,1,1100.165353
2025-04-03,450.6600,447.530457,70456300,0,1,1041.269596
2025-04-04,422.6700,419.734802,117088400,0,1,976.597479
2025-04-07,423.6900,420.747742,161557000,0,1,978.954234
2025-04-08,416.0600,413.170746,101248100,0,1,961.324786
2025-04-09,466.0000,462.763947,142876900,0,1,1076.713335
2025-04-10,446.1800,443.081543,108384100,0,1,1030.918360
2025-04-11,454.4000,451.244446,52483800,0,1,1049.911029
2025-04-14,457.4800,454.303131,43941200,0,1,1057.027503
2025-04-15,457.9900,454.809570,35404200,0,1,1058.205881
2025-04-16,444.1800,441.095459,48980600,0,1,1026.297273
2025-04-17,444.1000,441.016022,44837000,0,1,1026.112430
2025-04-21,433.1100,430.102295,44149300,0,1,1000.719555
2025-04-22,444.4800,441.393372,52304400,0,1,1026.990436
2025-04-23,454.5600,451.403351,55801100,0,1,1050.280716
2025-04-24,467.3500,464.104553,45956100,0,1,1079.832569
2025-04-25,472.5600,469.278412,38697100,0,1,1091.870502
2025-04-28,472.4100,469.129425,33550800,0,1,1091.523920
2025-04-29,475.5300,472.227722,30613100,0,1,1098.732816
2025-04-30,475.4700,472.168152,46810600,0,1,1098.594183
2025-05-01,481.6800,478.334991,43316500,0,1,1112.942659
2025-05-02,488.8300,485.435364,39218100,0,1,1129.463046
2025-05-05,485.9300,482.555542,28309500,0,1,1122.762470
2025-05-06,481.4100,478.066925,32786300,0,1,1112.318813
2025-05-07,483.3000,479.943787,38006300,0,1,1116.685740
2025-05-08,488.2900,484.899139,39577600,0,1,1128.215353
2025-05-09,487.9700,484.581390,27767400,0,1,1127.475979
2025-05-12,507.8500,504.323273,45090600,0,1,1173.409586
2025-05-13,515.5900,512.009644,53269600,0,1,1191.293194
2025-05-14,518.6800,515.078064,47014500,0,1,1198.432774
2025-05-15,519.2500,515.644165,50153300,0,1,1199.749784
2025-05-16,521.5100,517.888489,48394600,0,1,1204.971613
2025-05-19,522.0100,518.384888,52536200,0,1,1206.126884
2025-05-20,520.2700,516.657043,42517600,0,1,1202.106538
2025-05-21,513.0400,509.477295,71292800,0,1,1185.401308
2025-05-22,514.0000,510.430603,55607200,0,1,1187.619430
2025-05-23,509.2400,505.703674,58368100,0,1,1176.621242
2025-05-27,521.2200,517.600464,47226300,0,1,1204.301555
2025-05-28,518.9100,515.306396,46637200,0,1,1198.964199
2025-05-29,519.9300,516.319397,58513300,0,1,1201.320954
2025-05-30,519.1100,515.505066,67662800,0,1,1199.426308
2025-06-02,523.2100,519.576660,44762800,0,1,1208.899537
2025-06-03,527.3000,523.638123,44070300,0,1,1218.349660
2025-06-04,528.7700,525.098022,41359300,0,1,1221.746159
2025-06-05,524.7900,521.145630,61031200,0,1,1212.550196
2025-06-06,529.9200,526.239990,42467000,0,1,1224.403285
2025-06-09,530.7000,527.014587,33688700,0,1,1226.205509
2025-06-10,534.2100,530.500305,40664800,0,1,1234.315517
2025-06-11,532.4100,528.712708,53701000,0,1,1230.156538
2025-06-12,533.6600,529.954041,34104900,0,1,1233.044718
2025-06-13,526.9600,523.300659,55814400,0,1,1217.564075
2025-06-16,534.2900,530.579651,37622100,0,1,1234.500360
2025-06-17,529.0800,525.405945,42180900,0,1,1222.462428
2025-06-18,528.9900,525.316467,43983500,0,1,1222.254479
2025-06-20,526.8300,523.171509,61643500,0,1,1217.263705
2025-06-23,531.6500,528.551025,50666100,0.591,1,1229.766056
2025-06-24,539.7800,536.633606,45442000,0,1,1248.571658
2025-06-25,541.1600,538.005493,44804200,0,1,1251.763753
2025-06-26,546.2200,543.036011,43811400,0,1,1263.468100
2025-06-27,548.0900,544.895142,57577100,0,1,1267.793620
2025-06-30,551.6400,548.424500,45548700,0,1,1276.005168
2025-07-01,546.9900,543.801575,56166700,0,1,1265.249196
2025-07-02,550.8000,547.589294,36538300,0,1,1274.062153
2025-07-03,556.2200,552.977783,26443500,0,1,1286.599221
2025-07-07,552.0300,548.812195,45349300,0,1,1276.907281
2025-07-08,552.3400,549.120422,36153300,0,1,1277.624346
2025-07-09,556.2500,553.007507,43045500,0,1,1286.668614
2025-07-10,555.4500,552.212280,34710900,0,1,1284.818125
2025-07-11,554.2000,550.969482,39618600,0,1,1281.926735
2025-07-14,556.2100,552.967834,36453300,0,1,1286.576090
2025-07-15,556.7200,553.474792,43277700,0,1,1287.755777
2025-07-16,557.2900,554.041626,52314700,0,1,1289.074251
2025-07-17,561.8000,558.525208,40423800,0,1,1299.506387
2025-07-18,561.2600,557.988342,50484700,0,1,1298.257306
2025-07-21,564.1700,560.881348,39595200,0,1,1304.988462
2025-07-22,561.2500,557.978516,43270600,0,1,1298.234175
2025-07-23,563.8100,560.523560,40215300,0,1,1304.155742
2025-07-24,565.0100,561.716492,42275500,0,1,1306.931477
2025-07-25,566.3700,563.068604,30630800,0,1,1310.077309
2025-07-28,568.1400,564.828308,31498700,0,1,1314.171517
2025-07-29,567.2600,563.953430,45463300,0,1,1312.135979
2025-07-30,568.0200,564.708923,43433800,0,1,1313.893944
2025-07-31,565.0100,561.716492,64613600,0,1,1306.931477
2025-08-01,553.8800,550.651428,69400800,0,1,1281.186539
2025-08-04,564.1000,560.811890,47669800,0,1,1304.826545
2025-08-05,560.2700,557.004150,48666600,0,1,1295.967325
2025-08-06,567.3200,564.013123,41823700,0,1,1312.274766
2025-08-07,569.2400,565.921814,44463000,0,1,1316.715941
2025-08-08,574.5500,571.200867,35255500,0,1,1328.998566
2025-08-11,572.8500,569.510803,33112900,0,1,1325.066276
2025-08-12,580.0500,576.668884,42143300,0,1,1341.720683
2025-08-13,580.3400,576.957153,41209300,0,1,1342.391485
2025-08-14,579.8900,576.509766,45425000,0,1,1341.350585
2025-08-15,577.3400,573.974670,49480200,0,1,1335.452149
2025-08-18,577.1100,573.745972,29831000,0,1,1334.920133
2025-08-19,569.2800,565.961670,53752600,0,1,1316.808465
2025-08-20,565.9000,562.601379,76781100,0,1,1308.990146
2025-08-21,563.2800,559.996643,46436900,0,1,1302.929793
2025-08-22,571.9700,568.635986,51502100,0,1,1323.030737
2025-08-25,570.3200,566.995605,34044700,0,1,1319.214102
2025-08-26,572.6100,569.272217,34103000,0,1,1324.511129
2025-08-27,573.4900,570.147095,36927100,0,1,1326.546667
2025-08-28,577.0800,573.716125,46787900,0,1,1334.850740
2025-08-29,570.4000,567.075134,56030400,0,1,1319.399151
2025-09-02,565.6200,562.322998,65876800,0,1,1308.342475
2025-09-03,570.0700,566.747070,54230200,0,1,1318.635824
2025-09-04,575.2300,571.876892,47526300,0,1,1330.571482
2025-09-05,576.0600,572.702087,68342500,0,1,1332.491365
2025-09-08,578.8700,575.495728,46371400,0,1,1338.991210
2025-09-09,580.5100,577.126099,44007600,0,1,1342.784714
2025-09-10,580.7000,577.315063,49308000,0,1,1343.224206
2025-09-11,584.0800,580.675293,44745800,0,1,1351.042525
2025-09-12,586.6600,583.240295,50745900,0,1,1357.010354
2025-09-15,591.6800,588.231079,44360300,0,1,1368.622177
2025-09-16,591.1800,587.733887,36942100,0,1,1367.465621
2025-09-17,590.0000,586.560791,69384800,0,1,1364.736148
2025-09-18,595.3200,591.849915,61069300,0,1,1377.041905
2025-09-19,599.3500,595.856323,58196100,0,1,1386.363747
2025-09-22,602.2000,599.383789,57154800,0.694,1,1394.561416
2025-09-23,598.2000,595.402527,64635500,0,1,1385.298305
2025-09-24,596.1000,593.312378,49850300,0,1,1380.435171
2025-09-25,593.5300,590.754395,70920200,0,1,1374.483622
2025-09-26,595.9700,593.182861,54337400,0,1,1380.134120
2025-09-29,598.7300,595.929993,48332900,0,1,1386.525667
2025-09-30,600.3700,597.562378,46533800,0,1,1390.323542
2025-10-01,603.2500,600.428833,46899600,0,1,1396.992983
2025-10-02,605.7300,602.897217,43765400,0,1,1402.736112
2025-10-03,603.1800,600.359253,46482100,0,1,1396.830878
2025-10-06,607.7100,604.868042,41962100,0,1,1407.321352
2025-10-07,604.5100,601.682983,58209500,0,1,1399.910863
2025-10-08,611.4400,608.580505,50629800,0,1,1415.959203
2025-10-09,610.7000,607.844116,45551000,0,1,1414.245528
2025-10-10,589.5000,586.743164,97614800,0,1,1365.151037
2025-10-13,602.0100,599.194702,65872600,0,1,1394.121418
2025-10-14,598.0000,595.203430,69203200,0,1,1384.835149
2025-10-15,602.2200,599.403687,62805500,0,1,1394.607731
2025-10-16,599.9900,597.184143,70982000,0,1,1389.443547
2025-10-17,603.9300,601.105652,72024900,0,1,1398.567712
2025-10-20,611.5400,608.680115,45761700,0,1,1416.190781
2025-10-21,611.3800,608.520874,44538200,0,1,1415.820257
2025-10-22,605.4900,602.658386,61478800,0,1,1402.180325
2025-10-23,610.5800,607.724609,42844300,0,1,1413.967634
2025-10-24,617.1000,614.214050,47632500,0,1,1429.066506
2025-10-27,628.0900,625.152832,54098600,0,1,1454.516904
2025-10-28,632.9200,629.960083,61195700,0,1,1465.702111
2025-10-29,635.7700,632.796814,67422800,0,1,1472.302078
2025-10-30,626.0500,623.122192,61628600,0,1,1449.792717
2025-10-31,629.0700,626.128174,66305100,0,1,1456.786367
2025-11-03,632.0800,629.124084,37154300,0,1,1463.756858
2025-11-04,619.2500,616.354004,63830800,0,1,1434.045428
2025-11-05,623.2800,620.365295,48688500,0,1,1443.378013
2025-11-06,611.6700,608.809509,72115100,0,1,1416.491832
2025-11-07,609.7400,606.888489,81835400,0,1,1412.022381
2025-11-10,623.2300,620.315430,55919900,0,1,1443.262224
2025-11-11,621.5700,618.663269,44868800,0,1,1439.418033
2025-11-12,621.0800,618.175476,47444400,0,1,1438.283302
2025-11-13,608.4000,605.554810,71333600,0,1,1408.919239
2025-11-14,608.8600,606.012695,80087300,0,1,1409.984496
2025-11-17,603.6600,600.836975,63850400,0,1,1397.942452
2025-11-18,596.3100,593.521301,83327300,0,1,1380.921484
2025-11-19,599.8700,597.064636,73111500,0,1,1389.165654
2025-11-20,585.6700,582.931091,117743200,0,1,1356.281608
2025-11-21,590.0700,587.310486,103344200,0,1,1366.471031
2025-11-24,605.1600,602.329895,60168100,0,1,1401.416118
2025-11-25,608.8900,606.042542,57560900,0,1,1410.053970
2025-11-26,614.2700,611.397400,42393600,0,1,1422.512854
2025-11-28,619.2500,616.354004,23034400,0,1,1434.045428
2025-12-01,617.1700,614.283752,40957600,0,1,1429.228610
2025-12-02,622.0000,619.091125,54541800,0,1,1440.413817
2025-12-03,623.5200,620.604126,47841600,0,1,1443.933800
2025-12-04,622.9400,620.026794,47067800,0,1,1442.590648
2025-12-05,625.4800,622.554871,53614200,0,1,1448.472724
2025-12-08,624.2800,621.360596,43462400,0,1,1445.693791
2025-12-09,625.0500,622.126831,37156000,0,1,1447.476940
2025-12-10,627.6100,624.674988,55031400,0,1,1453.405331
2025-12-11,625.5800,622.654480,58272800,0,1,1448.704302
2025-12-12,613.6200,610.750366,75158700,0,1,1421.007599
2025-12-15,610.5400,607.684753,49538200,0,1,1413.875003
2025-12-16,611.7500,608.889160,55152800,0,1,1416.677094
2025-12-17,600.4100,597.602112,70654300,0,1,1390.416174
2025-12-18,609.1100,606.261414,78875800,0,1,1410.563441
2025-12-19,617.0500,614.164368,60369800,0,1,1428.950717
2025-12-22,619.2100,617.108337,43703100,0.794,1,1435.791525
2025-12-23,622.1100,619.998413,41120400,0,1,1442.515892
2025-12-24,623.9300,621.812256,18468700,0,1,1446.736012
2025-12-26,623.8900,621.772400,28959800,0,1,1446.643262
2025-12-29,620.8700,618.762695,32458300,0,1,1439.640645
2025-12-30,619.4300,617.327515,31226800,0,1,1436.301649
2025-12-31,614.3100,612.224915,40746500,0,1,1424.429663
2026-01-02,613.1200,611.039001,61859200,0,1,1421.670353
2026-01-05,617.9900,615.892456,46828400,0,1,1432.962653
2026-01-06,623.4200,621.303955,43137500,0,1,1445.553451
2026-01-07,624.0200,621.902039,44880300,0,1,1446.944699
2026-01-08,620.4700,618.363953,50435900,0,1,1438.713146
2026-01-09,626.6500,624.523010,49688700,0,1,1453.043005
2026-01-12,627.1700,625.041260,37388700,0,1,1454.248753
2026-01-13,626.2400,624.114441,44481400,0,1,1452.092318
2026-01-14,619.5500,617.447144,72598700,0,1,1436.579899
2026-01-15,621.7800,619.669617,53934900,0,1,1441.750705
2026-01-16,621.2600,619.151367,61058100,0,1,1440.544957
2026-01-20,608.0600,605.996155,81988900,0,1,1409.937492
2026-01-21,616.2800,614.188232,79837900,0,1,1428.997595
2026-01-22,620.7600,618.653015,42254800,0,1,1439.385583
2026-01-23,622.7200,620.606384,43645800,0,1,1443.930328
2026-01-26,625.4600,623.337097,35983000,0,1,1450.283695
2026-01-27,631.1300,628.987854,38997200,0,1,1463.430993
2026-01-28,633.2200,631.070679,50691700,0,1,1468.277174
2026-01-29,629.4300,627.293640,79944000,0,1,1459.489122
2026-01-30,621.8700,619.759277,65650700,0,1,1441.959392
2026-02-02,626.1400,624.014832,49020300,0,1,1451.860444
2026-02-03,616.5200,614.427429,81234000,0,1,1429.554094
2026-02-04,605.7500,603.693970,81850700,0,1,1404.581186
2026-02-05,597.0300,595.003662,89354500,0,1,1384.361709
2026-02-06,609.6500,607.580750,78019300,0,1,1413.624300
2026-02-09,614.3200,612.234924,56797600,0,1,1424.452850
2026-02-10,611.4700,609.394592,53938900,0,1,1417.844420
2026-02-11,613.1100,611.028992,58575100,0,1,1421.647166
2026-02-12,600.6400,598.601318,81378900,0,1,1392.732387
2026-02-13,601.9200,599.876953,69237500,0,1,1395.700384
2026-02-17,601.3000,599.259033,69013800,0,1,1394.262760
2026-02-18,605.7900,603.733826,64250700,0,1,1404.673936
2026-02-19,603.4700,601.421692,60960800,0,1,1399.294442
2026-02-20,608.8100,606.743652,74127300,0,1,1411.676553
2026-02-23,601.4100,599.368652,63859100,0,1,1394.517822
2026-02-24,607.8700,605.806763,55023700,0,1,1409.496930
2026-02-25,616.6800,614.586853,55710700,0,1,1429.925094
2026-02-26,609.2400,607.172180,96178900,0,1,1412.673614
2026-02-27,607.2900,605.228760,68125200,0,1,1408.152057
2026-03-02,608.0900,606.026001,75264600,0,1,1410.007054
2026-03-03,601.5800,599.538147,97015500,0,1,1394.912009
2026-03-04,610.7500,608.677063,70943900,0,1,1416.174922
2026-03-05,608.9100,606.843201,89602400,0,1,1411.908427
2026-03-06,599.7500,597.714294,86302300,0,1,1390.668702
2026-03-09,607.7600,605.697144,93068200,0,1,1409.241868
2026-03-10,607.7700,605.707153,64078900,0,1,1409.265055
2026-03-11,607.6900,605.627441,60114800,0,1,1409.079556
2026-03-12,597.2600,595.232849,71836600,0,1,1384.895021
2026-03-13,593.7200,591.704773,63145500,0,1,1376.686656
2026-03-16,600.3800,598.342224,49077200,0,1,1392.129513
2026-03-17,603.3100,601.262268,47106600,0,1,1398.923442
2026-03-18,594.9000,592.880859,56128000,0,1,1379.422777
2026-03-19,593.0200,591.007202,75597600,0,1,1375.063532
2026-03-20,582.0600,580.084412,91964700,0,1,1349.650062
2026-03-23,588.0000,586.743164,89936100,0.733,1,1365.123063
2026-03-24,583.9800,582.731689,57750900,0,1,1355.790079
2026-03-25,587.8200,586.563538,60475500,0,1,1364.705168
2026-03-26,573.7900,572.563477,81492100,0,1,1332.132589
2026-03-27,562.5800,561.377441,82702200,0,1,1306.107028
2026-03-30,558.2800,557.086731,70602600,0,1,1296.123985
2026-03-31,577.1800,575.946228,95878000,0,1,1340.002941
2026-04-01,584.3100,583.061035,79435100,0,1,1356.556219
2026-04-02,584.9800,583.729553,50941700,0,1,1358.111716
2026-04-06,588.5000,587.242065,35108500,0,1,1366.283882
2026-04-07,588.5900,587.331909,49948200,0,1,1366.492829
2026-04-08,606.0900,604.794495,63086000,0,1,1407.121492
2026-04-09,610.1900,608.885681,37837500,0,1,1416.640207
2026-04-10,611.0700,609.763794,34038500,0,1,1418.683248
2026-04-13,617.3900,616.070374,32972100,0,1,1433.355999
2026-04-14,628.6000,627.256287,49921100,0,1,1459.381560
2026-04-15,637.4000,636.037537,50102400,0,1,1479.811973
2026-04-16,640.4700,639.100952,42320600,0,1,1486.939401
2026-04-17,648.8500,647.463013,53488900,0,1,1506.394727
2026-04-20,646.7900,645.407410,37138500,0,1,1501.612153
2026-04-21,644.3300,642.952759,39580500,0,1,1495.900923
2026-04-22,655.1100,653.709656,37368400,0,1,1520.928180
2026-04-23,651.4200,650.027527,40099800,0,1,1512.361336
2026-04-24,663.8800,662.460938,45563100,0,1,1541.288944
2026-04-27,664.2300,662.810181,32717000,0,1,1542.101517
2026-04-28,657.5500,656.144470,34147900,0,1,1526.592976
2026-04-29,661.5700,660.155884,31724900,0,1,1535.925960
2026-04-30,667.7400,666.312683,40622200,0,1,1550.250466
2026-05-01,674.1500,672.709045,39172600,0,1,1565.132164
2026-05-04,672.8800,671.441711,34542000,0,1,1562.183684
2026-05-05,681.6100,680.153015,37101100,0,1,1582.451583
2026-05-06,695.7700,694.282776,38778500,0,1,1615.325975
2026-05-07,694.9400,693.454529,43779100,0,1,1613.399016
2026-05-08,711.2300,709.709717,44320400,0,1,1651.218496
2026-05-11,713.2900,711.765320,36019100,0,1,1656.001070
2026-05-12,707.2400,705.728210,45873000,0,1,1641.955161
2026-05-13,714.7100,713.182312,40012500,0,1,1659.297796
2026-05-14,719.7900,718.251404,33327500,0,1,1671.091717
2026-05-15,708.9300,707.414612,51792700,0,1,1645.878729
2026-05-18,705.8800,704.371155,49834500,0,1,1638.797734
2026-05-19,701.5300,700.030518,46827500,0,1,1628.698609
2026-05-20,713.1500,711.625610,36779200,0,1,1655.676041
2026-05-21,714.5100,712.982727,36415400,0,1,1658.833469
2026-05-22,717.5400,716.006226,33118600,0,1,1665.868031
2026-05-26,730.2800,728.718994,34254700,0,1,1695.445698
2026-05-27,729.4500,727.890747,35148700,0,1,1693.518738
2026-05-28,735.6000,734.027649,32840000,0,1,1707.796811
2026-05-29,738.3100,736.731812,37541700,0,1,1714.088450
2026-06-01,742.7400,741.152344,33890600,0,1,1724.373305
2026-06-02,746.1600,744.565002,30085200,0,1,1732.313307
2026-06-03,744.2100,742.619263,40270200,0,1,1727.786113
2026-06-04,740.6100,739.026917,40782600,0,1,1719.428217
2026-06-05,705.0600,703.552856,99606600,0,1,1636.893991
2026-06-08,716.0700,714.539429,47401500,0,1,1662.455224
2026-06-09,707.8300,706.317017,91932200,0,1,1643.324928
2026-06-10,693.6900,692.207214,65334300,0,1,1610.496968
2026-06-11,717.1200,715.587158,71798900,0,1,1664.892943
2026-06-12,721.3400,719.798157,51168400,0,1,1674.690255
2026-06-15,744.0000,742.409668,46710200,0,1,1727.298569
2026-06-16,729.8600,728.299866,45348700,0,1,1694.470610
2026-06-17,722.5100,720.965637,51669300,0,1,1677.406571
2026-06-18,740.6200,739.036926,50154600,0,1,1719.451433
2026-06-22,737.9500,737.181824,43518600,0.813,1,1715.140152
2026-06-23,713.6500,712.907166,53354200,0,1,1658.662198
2026-06-24,710.6200,709.880310,52480400,0,1,1651.619886
2026-06-25,716.3800,715.634277,49668000,0,1,1665.007252
2026-06-26,706.5200,705.784607,47081800,0,1,1642.090684
2026-06-29,724.0800,723.326294,44939100,0,1,1682.903559
2026-06-30,736.4000,735.633484,42121800,0,1,1711.537648
2026-07-01,725.1700,724.415100,40803800,0,1,1685.436932
2026-07-02,712.6000,711.858215,50959800,0,1,1656.221793
2026-07-06,722.8200,722.067627,30220400,0,1,1679.975072
2026-07-07,709.4300,708.691528,42483100,0,1,1648.854093
2026-07-08,711.4400,710.699463,35603200,0,1,1653.525726
2026-07-09,723.2800,722.527161,33654700,0,1,1681.044202
2026-07-10,725.5100,724.754822,26415900,0,1,1686.227158
2026-07-13,711.7400,710.999084,36552400,0,1,1654.222985
2026-07-14,719.6900,718.940857,29448100,0,1,1672.700340
2026-07-15,717.7400,716.992859,32627600,0,1,1668.168158
2026-07-16,705.9400,705.205139,39402000,0,1,1640.742650
2026-07-17,695.3300,694.606201,54109300,0,1,1616.082935
2026-07-20,696.0600,695.335449,29687600,0,1,1617.779597
2026-07-21,708.9700,708.231995,33728300,0,1,1647.784963
2026-07-22,705.3500,704.615723,23692200,0,1,1639.371375
2026-07-23,691.9600,691.239746,44028600,0,1,1608.250395
2026-07-24,684.2300,683.517761,42876700,0,1,1590.284363
2026-07-27,682.1200,681.409973,42681500,0,1,1585.380311
2026-07-28,675.4900,674.786865,51398700,0,1,1569.970894
2026-07-29,661.7300,661.041138,57233300,0,1,1537.989962
2026-07-30,683.5500,682.838440,66753700,0,1,1588.703910
2026-07-31,687.9900,687.273865,50540500,0,1,1599.023339
2026-08-03,700.0700,699.341309,44965100,0,1,1627.099622
2026-08-04,723.8500,723.096497,59778600,0,1,1682.368994
2026-08-05,717.3000,716.553345,33540200,0,1,1667.145512
2026-08-06,714.6500,713.906128,33035900,0,1,1660.986394
2026-08-07,723.0300,722.277405,31070400,0,1,1680.463153
2026-08-10,720.8700,720.119629,26243200,0,1,1675.442891
2026-08-11,718.4500,717.702148,29286100,0,1,1669.818337
2026-08-12,723.7000,722.946716,29066000,0,1,1682.020364
2026-08-13,732.0700,731.307983,31599700,0,1,1701.473881
2026-08-14,731.0700,730.309021,23790600,0,1,1699.149686
2026-08-17,729.8700,729.110229,26452600,0,1,1696.360651
2026-08-18,717.5100,716.763123,48997200,0,1,1667.633593
2026-08-19,716.0800,715.334595,35801700,0,1,1664.309994
2026-08-20,710.9300,710.189941,33396400,0,1,1652.340386
2026-08-21,713.4400,712.697388,33399400,0,1,1658.174117
2026-08-24,706.3200,705.584778,37443100,0,1,1641.625844
2026-08-25,710.7200,709.980164,23869600,0,1,1651.852305
2026-08-26,711.3700,710.629517,20392400,0,1,1653.363032
2026-08-27,721.1100,720.359375,28723500,0,1,1676.000698
2026-08-28,716.4300,715.684265,34105400,0,1,1665.123462
2026-08-31,716.7600,716.013916,32237200,0,1,1665.890447
2026-09-01,707.6400,706.903381,35236100,0,1,1644.693783
2026-09-02,709.2400,708.501709,23476200,0,1,1648.412496
2026-09-03,717.6700,716.922913,29449800,0,1,1668.005465
2026-09-04,718.9600,718.211609,32871100,0,1,1671.003677
2026-09-08,718.3600,717.612244,28341400,0,1,1669.609160
2026-09-09,716.3100,715.564392,26763400,0,1,1664.844559
2026-09-10,708.6900,707.952332,31414400,0,1,1647.134188
2026-09-11,714.8800,714.135864,26649100,0,1,1661.520959
2026-09-14,709.1800,708.441772,35219000,0,1,1648.273044
2026-09-15,704.5400,703.806580,26631700,0,1,1637.488776
2026-09-16,704.7200,703.986389,35688000,0,1,1637.907131
2026-09-17,716.9200,716.173706,37270300,0,1,1666.262318
2026-09-18,721.4500,720.699036,48478700,0,1,1676.790924
2026-09-21,741.4700,741.469971,46730600,0.751,1,1725.066791
2026-09-22,747.4600,747.460022,40128800,0,1,1739.002824
2026-09-23,741.2100,741.210022,33191800,0,1,1724.461888
2026-09-24,741.1000,741.099976,29000900,0,1,1724.205968
2026-09-25,744.5000,744.500000,30283800,0,1,1732.116237
2026-09-28,736.5300,736.530029,41775000,0,1,1713.573636
2026-09-29,737.9300,737.929993,27052300,0,1,1716.830805
2026-09-30,739.7700,739.770020,29820400,0,1,1721.111657
2026-10-01,742.0300,742.030029,35728900,0,1,1726.369659
2026-10-02,749.5800,749.580017,34498900,0,1,1743.935109
2026-10-05,756.2000,756.200012,25603200,0,1,1759.336868
2026-10-06,759.6600,759.659973,26242293,0,1,1767.386730
