date,close,adj_close,volume,dividend,split,tr_index
2011-10-20,8.3267,5.179204,296700,0,1,100.000000
2011-10-21,8.4900,5.280798,566400,0,1,101.961161
2011-10-24,8.5367,5.309825,889800,0,1,102.522008
2011-10-25,8.3967,5.222744,283200,0,1,100.840669
2011-10-26,8.4833,5.276652,135000,0,1,101.880697
2011-10-27,8.6767,5.396906,818100,0,1,104.203346
2011-10-28,8.6700,5.392758,280500,0,1,104.122882
2011-10-31,8.5000,5.287016,731400,0,1,102.081257
2011-11-01,8.3067,5.166764,852900,0,1,99.759809
2011-11-02,8.4167,5.235183,970800,0,1,101.080860
2011-11-03,8.5500,5.318117,1599600,0,1,102.681735
2011-11-04,8.5133,5.295311,327000,0,1,102.240984
2011-11-07,8.5633,5.326410,672000,0,1,102.841462
2011-11-08,8.6700,5.392758,1395600,0,1,104.122882
2011-11-09,8.4100,5.231038,1996500,0,1,101.000396
2011-11-10,8.4933,5.282871,549300,0,1,102.000793
2011-11-11,8.6500,5.380318,397500,0,1,103.882691
2011-11-14,8.5900,5.342998,668100,0,1,103.162117
2011-11-15,8.6233,5.363730,435300,0,1,103.562035
2011-11-16,8.4967,5.284946,310200,0,1,102.041625
2011-11-17,8.3933,5.220671,771900,0,1,100.799837
2011-11-18,8.4267,5.241405,591600,0,1,101.200956
2011-11-21,8.2700,5.143956,881700,0,1,99.319058
2011-11-22,8.2400,5.125297,451200,0,1,98.958771
2011-11-23,8.0967,5.036144,464700,0,1,97.237801
2011-11-25,8.0833,5.027850,159300,0,1,97.076873
2011-11-28,8.2733,5.146030,432000,0,1,99.358690
2011-11-29,8.3300,5.181279,327300,0,1,100.039632
2011-11-30,8.6400,5.374097,568200,0,1,103.762595
2011-12-01,8.6267,5.365806,305100,0,1,103.602868
2011-12-02,8.6067,5.353365,883200,0,1,103.362677
2011-12-05,8.6700,5.392758,682500,0,1,104.122882
2011-12-06,8.6967,5.409346,422700,0,1,104.443537
2011-12-07,8.7267,5.428006,598800,0,1,104.803824
2011-12-08,8.5833,5.338852,639300,0,1,103.081653
2011-12-09,8.7000,5.411419,365700,0,1,104.483169
2011-12-12,8.5867,5.340927,437700,0,1,103.122485
2011-12-13,8.5267,5.303606,375300,0,1,102.401912
2011-12-14,8.4600,5.262138,382200,0,1,101.600874
2011-12-15,8.4967,5.284946,653100,0,1,102.041625
2011-12-16,8.5000,5.287016,321300,0,1,102.081257
2011-12-19,8.4000,5.249937,351600,0.040667,1,101.368693
2011-12-20,8.6100,5.381185,588900,0,1,103.902911
2011-12-21,8.6433,5.402016,362700,0,1,104.304765
2011-12-22,8.6833,5.427016,742800,0,1,104.787473
2011-12-23,8.7600,5.474932,595800,0,1,105.713066
2011-12-27,8.7867,5.491599,963900,0,1,106.035274
2011-12-28,8.6933,5.433266,659700,0,1,104.908150
2011-12-29,8.7767,5.485349,328800,0,1,105.914597
2011-12-30,8.7267,5.454099,465000,0,1,105.311212
2012-01-03,8.8067,5.504099,751200,0,1,106.276628
2012-01-04,8.8067,5.504099,505200,0,1,106.276628
2012-01-05,8.8000,5.499933,542700,0,1,106.195774
2012-01-06,8.7600,5.474932,459900,0,1,105.713066
2012-01-09,8.7800,5.487431,720300,0,1,105.954420
2012-01-10,8.8400,5.524932,417300,0,1,106.678482
2012-01-11,8.8067,5.504099,812700,0,1,106.276628
2012-01-12,8.8133,5.508264,411900,0,1,106.356275
2012-01-13,8.7667,5.479099,636600,0,1,105.793920
2012-01-17,8.8167,5.510349,610800,0,1,106.397305
2012-01-18,8.8933,5.558266,535200,0,1,107.321691
2012-01-19,8.9300,5.581181,1591800,0,1,107.764575
2012-01-20,8.9467,5.591598,2645700,0,1,107.966106
2012-01-23,8.9467,5.591598,1037400,0,1,107.966106
2012-01-24,8.9367,5.585348,1145700,0,1,107.845429
2012-01-25,8.9900,5.618682,892500,0,1,108.488637
2012-01-26,8.9567,5.597847,784800,0,1,108.086783
2012-01-27,8.9167,5.572848,846600,0,1,107.604075
2012-01-30,8.8867,5.554100,986700,0,1,107.242044
2012-01-31,8.8700,5.543682,753900,0,1,107.040513
2012-02-01,8.9267,5.579099,860100,0,1,107.724752
2012-02-02,8.9300,5.581181,948600,0,1,107.764575
2012-02-03,9.0233,5.639512,483000,0,1,108.890492
2012-02-06,9.0167,5.635347,773700,0,1,108.810845
2012-02-07,9.0333,5.645765,821100,0,1,109.011169
2012-02-08,9.0333,5.645765,575100,0,1,109.011169
2012-02-09,9.0300,5.643682,502800,0,1,108.971345
2012-02-10,8.9800,5.612430,684900,0,1,108.367960
2012-02-13,9.0200,5.637430,581700,0,1,108.850668
2012-02-14,9.0200,5.637430,362400,0,1,108.850668
2012-02-15,8.9733,5.608265,446400,0,1,108.287107
2012-02-16,9.0467,5.654096,420900,0,1,109.172876
2012-02-17,9.1033,5.689513,512100,0,1,109.855908
2012-02-21,9.0767,5.672845,960600,0,1,109.534907
2012-02-22,9.0633,5.664515,369300,0,1,109.373200
2012-02-23,9.1000,5.687430,706800,0,1,109.816085
2012-02-24,9.1233,5.702014,280500,0,1,110.097262
2012-02-27,9.1267,5.704097,438600,0,1,110.138292
2012-02-28,9.1567,5.722847,314700,0,1,110.500323
2012-02-29,9.1233,5.702014,347700,0,1,110.097262
2012-03-01,9.1467,5.716599,420000,0,1,110.379646
2012-03-02,9.1267,5.704097,352500,0,1,110.138292
2012-03-05,9.1167,5.697846,985200,0,1,110.017615
2012-03-06,9.0100,5.631181,910200,0,1,108.729991
2012-03-07,9.0567,5.660346,368700,0,1,109.293553
2012-03-08,9.1133,5.695765,338400,0,1,109.976585
2012-03-09,9.1333,5.708263,334200,0,1,110.217939
2012-03-12,9.1733,5.733262,548100,0,1,110.700647
2012-03-13,9.2800,5.799927,443100,0,1,111.988271
2012-03-14,9.2600,5.787428,391200,0,1,111.746917
2012-03-15,9.2867,5.804096,633300,0,1,112.069124
2012-03-16,9.2867,5.804096,390900,0,1,112.069124
2012-03-19,9.2600,5.816238,415800,0.046,1,112.302031
2012-03-20,9.2300,5.797396,301800,0,1,111.938202
2012-03-21,9.2167,5.789020,342600,0,1,111.776904
2012-03-22,9.1733,5.761802,342000,0,1,111.250564
2012-03-23,9.1933,5.774366,196200,0,1,111.493117
2012-03-26,9.3000,5.841365,566700,0,1,112.787137
2012-03-27,9.2933,5.837176,393300,0,1,112.705882
2012-03-28,9.2500,5.809957,340800,0,1,112.180755
2012-03-29,9.2667,5.820426,360600,0,1,112.383286
2012-03-30,9.2967,5.839271,268500,0,1,112.747116
2012-04-02,9.3567,5.876954,280800,0,1,113.474775
2012-04-03,9.3133,5.849734,372900,0,1,112.948435
2012-04-04,9.2633,5.818331,387600,0,1,112.342052
2012-04-05,9.2500,5.809957,321600,0,1,112.180755
2012-04-09,9.1533,5.749239,393300,0,1,111.008011
2012-04-10,9.0233,5.667586,464700,0,1,109.431417
2012-04-11,9.0800,5.703180,557400,0,1,110.119054
2012-04-12,9.1667,5.757616,236400,0,1,111.170521
2012-04-13,9.0967,5.713648,333600,0,1,110.321586
2012-04-16,9.1367,5.738771,460200,0,1,110.806692
2012-04-17,9.2367,5.801583,270000,0,1,112.019457
2012-04-18,9.2133,5.786927,191400,0,1,111.735670
2012-04-19,9.1700,5.759709,355500,0,1,111.210543
2012-04-20,9.2133,5.786927,203400,0,1,111.735670
2012-04-23,9.1300,5.734584,344100,0,1,110.725437
2012-04-24,9.1533,5.749239,271200,0,1,111.008011
2012-04-25,9.2400,5.803677,523500,0,1,112.059478
2012-04-26,9.2967,5.839271,386100,0,1,112.747116
2012-04-27,9.3067,5.845550,417300,0,1,112.868392
2012-04-30,9.2867,5.832989,237000,0,1,112.625839
2012-05-01,9.3300,5.860206,251700,0,1,113.150967
2012-05-02,9.3167,5.851830,318000,0,1,112.989669
2012-05-03,9.2900,5.835083,189000,0,1,112.665861
2012-05-04,9.1900,5.772270,483900,0,1,111.453096
2012-05-07,9.1867,5.770178,246000,0,1,111.413074
2012-05-08,9.1633,5.755524,331500,0,1,111.129287
2012-05-09,9.0900,5.709461,297300,0,1,110.240331
2012-05-10,9.1200,5.728304,211200,0,1,110.604160
2012-05-11,9.1200,5.728304,312000,0,1,110.604160
2012-05-14,9.0567,5.688524,522000,0,1,109.836480
2012-05-15,9.0267,5.669682,309000,0,1,109.472651
2012-05-16,9.0267,5.669682,261900,0,1,109.472651
2012-05-17,8.9233,5.604777,606600,0,1,108.218652
2012-05-18,8.8567,5.562902,340200,0,1,107.410950
2012-05-21,8.9433,5.617338,397200,0,1,108.461205
2012-05-22,8.9500,5.621526,333600,0,1,108.542460
2012-05-23,8.9400,5.615246,279000,0,1,108.421183
2012-05-24,9.0000,5.652929,186300,0,1,109.148842
2012-05-25,8.9633,5.629900,156600,0,1,108.703758
2012-05-29,9.0400,5.678055,318000,0,1,109.633948
2012-05-30,8.9367,5.613151,373800,0,1,108.381162
2012-05-31,8.9333,5.611057,259500,0,1,108.339928
2012-06-01,8.7633,5.504278,698400,0,1,106.278228
2012-06-04,8.7633,5.504278,756600,0,1,106.278228
2012-06-05,8.7900,5.521029,331500,0,1,106.602036
2012-06-06,8.9467,5.619433,214800,0,1,108.502439
2012-06-07,8.9967,5.650836,329400,0,1,109.108821
2012-06-08,9.0500,5.684336,212700,0,1,109.755225
2012-06-11,8.9867,5.644557,229500,0,1,108.987545
2012-06-12,9.0733,5.698992,208800,0,1,110.037799
2012-06-13,9.0333,5.673869,372000,0,1,109.552693
2012-06-14,9.1267,5.732492,164100,0,1,110.685416
2012-06-15,9.1967,5.776457,277200,0,1,111.534351
2012-06-18,9.1400,5.784053,342000,0.068667,1,111.679483
2012-06-19,9.2000,5.822022,516300,0,1,112.412608
2012-06-20,9.1567,5.794600,330000,0,1,111.883536
2012-06-21,9.0100,5.701787,279000,0,1,110.091043
2012-06-22,9.0567,5.731317,266700,0,1,110.661660
2012-06-25,8.9467,5.661706,522900,0,1,109.317596
2012-06-26,8.9833,5.684910,319800,0,1,109.764803
2012-06-27,9.0567,5.731317,420000,0,1,110.661660
2012-06-28,9.0533,5.729207,439800,0,1,110.620116
2012-06-29,9.2533,5.855772,372000,0,1,113.063868
2012-07-02,9.2533,5.855772,341100,0,1,113.063868
2012-07-03,9.3000,5.885306,265500,0,1,113.634484
2012-07-05,9.2833,5.874758,295500,0,1,113.430431
2012-07-06,9.2267,5.838900,405600,0,1,112.738849
2012-07-09,9.2133,5.830461,709500,0,1,112.575118
2012-07-10,9.1833,5.811476,306900,0,1,112.208555
2012-07-11,9.1733,5.805146,183000,0,1,112.086367
2012-07-12,9.1633,5.798820,191100,0,1,111.964180
2012-07-13,9.2867,5.876868,257400,0,1,113.471975
2012-07-16,9.2700,5.866320,379500,0,1,113.267922
2012-07-17,9.3333,5.906398,471900,0,1,114.041369
2012-07-18,9.4033,5.950698,340800,0,1,114.896682
2012-07-19,9.4367,5.971792,495000,0,1,115.304789
2012-07-20,9.3667,5.927494,248400,0,1,114.449476
2012-07-23,9.2833,5.874758,274800,0,1,113.430431
2012-07-24,9.2033,5.824132,613200,0,1,112.452930
2012-07-25,9.2300,5.841009,216900,0,1,112.779171
2012-07-26,9.3767,5.933823,189600,0,1,114.571663
2012-07-27,9.5033,6.013980,402000,0,1,116.118559
2012-07-30,9.5200,6.024527,357600,0,1,116.322612
2012-07-31,9.4800,5.999215,705000,0,1,115.833862
2012-08-01,9.4633,5.988668,217500,0,1,115.629808
2012-08-02,9.3767,5.933823,382500,0,1,114.571663
2012-08-03,9.5167,6.022420,309900,0,1,116.282290
2012-08-06,9.5033,6.013980,340200,0,1,116.118559
2012-08-07,9.5200,6.024527,345300,0,1,116.322612
2012-08-08,9.5400,6.037184,358500,0,1,116.566987
2012-08-09,9.5267,6.028748,216600,0,1,116.404478
2012-08-10,9.5600,6.049840,5326200,0,1,116.811362
2012-08-13,9.5467,6.041404,554700,0,1,116.648853
2012-08-14,9.5700,6.056169,321000,0,1,116.933550
2012-08-15,9.5733,6.058277,245400,0,1,116.973872
2012-08-16,9.6133,6.083591,263100,0,1,117.462622
2012-08-17,9.6133,6.083591,270300,0,1,117.462622
2012-08-20,9.6067,6.079373,376800,0,1,117.381979
2012-08-21,9.5667,6.054060,238500,0,1,116.893228
2012-08-22,9.5400,6.037184,310800,0,1,116.566987
2012-08-23,9.4833,6.001323,356400,0,1,115.874183
2012-08-24,9.5500,6.043513,380400,0,1,116.689175
2012-08-27,9.5467,6.041404,713700,0,1,116.648853
2012-08-28,9.5500,6.043513,318300,0,1,116.689175
2012-08-29,9.5367,6.035074,340800,0,1,116.526665
2012-08-30,9.4900,6.005541,236100,0,1,115.956049
2012-08-31,9.5367,6.035074,604500,0,1,116.526665
2012-09-04,9.5067,6.016092,356100,0,1,116.160102
2012-09-05,9.4933,6.007652,165600,0,1,115.996371
2012-09-06,9.6500,6.106795,384600,0,1,117.911051
2012-09-07,9.6367,6.098359,1287600,0,1,117.748541
2012-09-10,9.5900,6.068822,930600,0,1,117.177925
2012-09-11,9.6100,6.081482,434400,0,1,117.422301
2012-09-12,9.5933,6.070934,396900,0,1,117.218247
2012-09-13,9.7167,6.148984,302700,0,1,118.726042
2012-09-14,9.7267,6.155313,569100,0,1,118.848230
2012-09-17,9.6500,6.150638,408900,0.069333,1,118.758214
2012-09-18,9.6533,6.152763,296100,0,1,118.798826
2012-09-19,9.6500,6.150638,192000,0,1,118.758214
2012-09-20,9.6533,6.152763,223200,0,1,118.798826
2012-09-21,9.6533,6.152763,232200,0,1,118.798826
2012-09-24,9.6700,6.163385,410100,0,1,119.004345
2012-09-25,9.6067,6.123018,328800,0,1,118.225341
2012-09-26,9.5733,6.101772,486000,0,1,117.814302
2012-09-27,9.6233,6.133641,551100,0,1,118.429630
2012-09-28,9.5833,6.108148,285000,0,1,117.937367
2012-10-01,9.6167,6.129392,324000,0,1,118.348406
2012-10-02,9.6067,6.123018,367200,0,1,118.225341
2012-10-03,9.6267,6.135766,201600,0,1,118.471472
2012-10-04,9.6767,6.167633,480900,0,1,119.086799
2012-10-05,9.7233,6.197376,628200,0,1,119.660285
2012-10-08,9.7100,6.188880,753000,0,1,119.496607
2012-10-09,9.6367,6.142141,417300,0,1,118.594537
2012-10-10,9.5533,6.089025,390900,0,1,117.568171
2012-10-11,9.5533,6.089025,533400,0,1,117.568171
2012-10-12,9.5467,6.084777,288300,0,1,117.486948
2012-10-15,9.6367,6.142141,525300,0,1,118.594537
2012-10-16,9.7167,6.193129,648600,0,1,119.579061
2012-10-17,9.7433,6.210126,558600,0,1,119.906416
2012-10-18,9.7533,6.216499,359400,0,1,120.029481
2012-10-19,9.6200,6.131515,444300,0,1,118.389018
2012-10-22,9.6067,6.123018,504300,0,1,118.225341
2012-10-23,9.4767,6.040160,714300,0,1,116.625489
2012-10-24,9.4533,6.025288,633000,0,1,116.337516
2012-10-25,9.5000,6.055033,460800,0,1,116.912232
2012-10-26,9.4800,6.042286,328800,0,1,116.666101
2012-10-31,9.4933,6.050782,540000,0,1,116.829778
2012-11-01,9.5633,6.095399,773100,0,1,117.691236
2012-11-02,9.4800,6.042286,648900,0,1,116.666101
2012-11-05,9.4833,6.044409,621900,0,1,116.706712
2012-11-06,9.5567,6.091152,591900,0,1,117.610013
2012-11-07,9.3933,5.987047,1423200,0,1,115.599123
2012-11-08,9.2867,5.919059,1289700,0,1,114.287245
2012-11-09,9.2967,5.925434,697800,0,1,114.410310
2012-11-12,9.3000,5.927559,248400,0,1,114.450922
2012-11-13,9.2933,5.923310,459900,0,1,114.368468
2012-11-14,9.1800,5.851071,3403200,0,1,112.974136
2012-11-15,9.1467,5.829827,446100,0,1,112.564327
2012-11-16,9.1900,5.857447,562200,0,1,113.097201
2012-11-19,9.3133,5.936053,568500,0,1,114.614599
2012-11-20,9.3200,5.940304,496500,0,1,114.697053
2012-11-21,9.3400,5.953053,380700,0,1,114.943184
2012-11-23,9.4567,6.027411,279900,0,1,116.379358
2012-11-26,9.4367,6.014665,483000,0,1,116.133227
2012-11-27,9.4100,5.997668,522000,0,1,115.804642
2012-11-28,9.4833,6.044409,565200,0,1,116.706712
2012-11-29,9.5033,6.057156,1017900,0,1,116.952843
2012-11-30,9.5367,6.078402,407100,0,1,117.363882
2012-12-03,9.4700,6.035912,442200,0,1,116.543035
2012-12-04,9.4700,6.035912,645900,0,1,116.543035
2012-12-05,9.5000,6.055033,294000,0,1,116.912232
2012-12-06,9.5400,6.080525,234300,0,1,117.404494
2012-12-07,9.5867,6.110272,318300,0,1,117.979210
2012-12-10,9.5933,6.114519,332700,0,1,118.060433
2012-12-11,9.6400,6.144265,363300,0,1,118.635149
2012-12-12,9.6200,6.131515,395100,0,1,118.389018
2012-12-13,9.5700,6.099648,270600,0,1,117.773690
2012-12-14,9.5600,6.093274,348000,0,1,117.650625
2012-12-17,9.6200,6.131515,666300,0,1,118.389018
2012-12-18,9.7000,6.182506,948900,0,1,119.373542
2012-12-19,9.6367,6.142141,365100,0,1,118.594537
2012-12-20,9.6800,6.169758,338700,0,1,119.127411
2012-12-21,9.6100,6.125142,701100,0,1,118.265952
2012-12-24,9.4867,6.101134,249600,0.086,1,117.806918
2012-12-26,9.4400,6.071121,718800,0,1,117.226992
2012-12-27,9.4300,6.064688,657600,0,1,117.102811
2012-12-28,9.3200,5.993945,837000,0,1,115.736819
2012-12-31,9.4467,6.075408,1069800,0,1,117.310194
2013-01-02,9.6500,6.206176,4556400,0,1,119.834796
2013-01-03,9.6433,6.201890,543600,0,1,119.751595
2013-01-04,9.6933,6.234044,533100,0,1,120.372500
2013-01-07,9.6600,6.212608,960600,0,1,119.958977
2013-01-08,9.6267,6.191171,551400,0,1,119.545454
2013-01-09,9.6700,6.219040,548100,0,1,120.083158
2013-01-10,9.7300,6.257628,3337200,0,1,120.828245
2013-01-11,9.7367,6.261916,563400,0,1,120.911446
2013-01-14,9.7633,6.279066,773700,0,1,121.241768
2013-01-15,9.7833,6.291928,497100,0,1,121.490131
2013-01-16,9.7700,6.283352,513600,0,1,121.324970
2013-01-17,9.8667,6.345522,622200,0,1,122.525801
2013-01-18,9.8833,6.356240,908400,0,1,122.731942
2013-01-22,9.9033,6.369102,1527000,0,1,122.980304
2013-01-23,9.9167,6.377678,1585800,0,1,123.146707
2013-01-24,9.9567,6.403405,722100,0,1,123.643431
2013-01-25,10.0000,6.431271,924300,0,1,124.181136
2013-01-28,10.0000,6.431271,2062800,0,1,124.181136
2013-01-29,10.0567,6.467714,1491900,0,1,124.885243
2013-01-30,10.0167,6.441990,1007400,0,1,124.388518
2013-01-31,9.9700,6.411978,1701000,0,1,123.808592
2013-02-01,10.0667,6.474147,702000,0,1,125.009424
2013-02-04,9.9700,6.411978,1168200,0,1,123.808592
2013-02-05,10.0467,6.461283,768900,0,1,124.761062
2013-02-06,10.0633,6.472003,675600,0,1,124.967202
2013-02-07,10.0600,6.469860,664500,0,1,124.926223
2013-02-08,10.0833,6.484867,537300,0,1,125.215565
2013-02-11,10.0800,6.482720,566700,0,1,125.174585
2013-02-12,10.0967,6.493439,838800,0,1,125.381967
2013-02-13,10.0900,6.489154,588300,0,1,125.298766
2013-02-14,10.0967,6.493439,653100,0,1,125.381967
2013-02-15,10.1067,6.499872,381300,0,1,125.506148
2013-02-19,10.1767,6.544893,917100,0,1,126.375416
2013-02-20,10.1100,6.502017,700200,0,1,125.547128
2013-02-21,10.0867,6.487010,535200,0,1,125.257786
2013-02-22,10.1600,6.534171,588600,0,1,126.168034
2013-02-25,10.0267,6.448422,863100,0,1,124.512699
2013-02-26,10.0967,6.493439,494400,0,1,125.381967
2013-02-27,10.2033,6.562040,540900,0,1,126.705738
2013-02-28,10.1800,6.547037,1017000,0,1,126.416396
2013-03-01,10.2167,6.570615,469800,0,1,126.872141
2013-03-04,10.2667,6.602772,756000,0,1,127.493047
2013-03-05,10.3400,6.649934,598800,0,1,128.403294
2013-03-06,10.3500,6.656367,648300,0,1,128.527476
2013-03-07,10.3567,6.660654,618600,0,1,128.610677
2013-03-08,10.4000,6.688521,897000,0,1,129.148381
2013-03-11,10.4300,6.707817,832200,0,1,129.520925
2013-03-12,10.4267,6.705670,763800,0,1,129.479945
2013-03-13,10.4500,6.720678,511200,0,1,129.769287
2013-03-14,10.4800,6.739974,2564100,0,1,130.141830
2013-03-15,10.4567,6.724966,654900,0,1,129.852488
2013-03-18,10.3500,6.698863,963600,0.066333,1,129.351206
2013-03-19,10.3733,6.713964,524400,0,1,129.642403
2013-03-20,10.4533,6.765743,556500,0,1,130.642219
2013-03-21,10.4067,6.735539,971700,0,1,130.059826
2013-03-22,10.4933,6.791632,606600,0,1,131.142127
2013-03-25,10.4567,6.767900,1746000,0,1,130.684711
2013-03-26,10.5533,6.830467,2785500,0,1,131.891989
2013-03-27,10.5533,6.830467,1083600,0,1,131.891989
2013-03-28,10.5967,6.858508,1969800,0,1,132.434389
2013-04-01,10.5733,6.843410,1186500,0,1,132.141943
2013-04-02,10.6167,6.871456,799500,0,1,132.684343
2013-04-03,10.5300,6.815361,1031700,0,1,131.600792
2013-04-04,10.5667,6.839096,661200,0,1,132.059458
2013-04-05,10.5267,6.813207,889200,0,1,131.559550
2013-04-08,10.5833,6.849880,672900,0,1,132.266920
2013-04-09,10.6367,6.884398,710100,0,1,132.934297
2013-04-10,10.7333,6.946966,735900,0,1,134.141575
2013-04-11,10.7500,6.957756,975600,0,1,134.350287
2013-04-12,10.7467,6.955599,425400,0,1,134.309044
2013-04-15,10.5433,6.823993,1257900,0,1,131.767012
2013-04-16,10.6767,6.910292,975000,0,1,133.434205
2013-04-17,10.5933,6.856354,1278900,0,1,132.391897
2013-04-18,10.5700,6.841252,527700,0,1,132.100700
2013-04-19,10.7000,6.925393,467100,0,1,133.725402
2013-04-22,10.7567,6.962069,774600,0,1,134.434021
2013-04-23,10.8467,7.020319,1416600,0,1,135.558814
2013-04-24,10.8200,7.003060,859500,0,1,135.225126
2013-04-25,10.8367,7.013849,1135800,0,1,135.433837
2013-04-26,10.8300,7.009533,717000,0,1,135.350103
2013-04-29,10.8967,7.052681,533100,0,1,136.183699
2013-04-30,10.9133,7.063468,1399800,0,1,136.391161
2013-05-01,10.8367,7.013849,844500,0,1,135.433837
2013-05-02,10.9333,7.076414,643500,0,1,136.641115
2013-05-03,11.0267,7.136822,942600,0,1,137.808401
2013-05-06,11.0167,7.130347,1041600,0,1,137.683424
2013-05-07,11.0633,7.160555,1425000,0,1,138.265816
2013-05-08,11.0700,7.164867,960600,0,1,138.349551
2013-05-09,11.0567,7.156237,896100,0,1,138.183332
2013-05-10,11.0833,7.173499,575400,0,1,138.515770
2013-05-13,11.0933,7.179972,584700,0,1,138.640747
2013-05-14,11.2100,7.255481,1103400,0,1,140.099229
2013-05-15,11.2967,7.311574,1334700,0,1,141.182780
2013-05-16,11.2233,7.264112,785700,0,1,140.265449
2013-05-17,11.3233,7.328835,1015200,0,1,141.515219
2013-05-20,11.3133,7.322361,1363500,0,1,141.390242
2013-05-21,11.3400,7.339621,802200,0,1,141.723930
2013-05-22,11.2800,7.300786,1291200,0,1,140.974068
2013-05-23,11.2500,7.281371,1458600,0,1,140.599137
2013-05-24,11.2733,7.296473,962100,0,1,140.890334
2013-05-28,11.3367,7.337461,979500,0,1,141.682688
2013-05-29,11.2033,7.251165,1071900,0,1,140.015495
2013-05-30,11.2200,7.261955,625200,0,1,140.224206
2013-05-31,11.0667,7.162709,1103400,0,1,138.308309
2013-06-03,11.1733,7.231749,1105500,0,1,139.640564
2013-06-04,11.1200,7.197231,1009200,0,1,138.974436
2013-06-05,10.9800,7.106619,1835400,0,1,137.224758
2013-06-06,11.0433,7.147608,935400,0,1,138.015862
2013-06-07,11.1933,7.244693,942000,0,1,139.890518
2013-06-10,11.1900,7.242536,924000,0,1,139.849275
2013-06-11,11.1100,7.190759,868200,0,1,138.849459
2013-06-12,11.0267,7.136822,515400,0,1,137.808401
2013-06-13,11.1500,7.216645,573300,0,1,139.349367
2013-06-14,11.1067,7.188603,693300,0,1,138.808217
2013-06-17,11.1867,7.240379,809400,0,1,139.808033
2013-06-18,11.2633,7.290000,945900,0,1,140.765357
2013-06-19,11.0933,7.179972,980400,0,1,138.640747
2013-06-20,10.8233,7.005218,1905600,0,1,135.266368
2013-06-21,10.8933,7.050525,1500900,0,1,136.141207
2013-06-24,10.7300,6.992954,1652400,0.075,1,135.037660
2013-06-25,10.7867,7.029887,951900,0,1,135.751233
2013-06-26,10.9200,7.116785,823200,0,1,137.428821
2013-06-27,10.9600,7.142849,1197900,0,1,137.932223
2013-06-28,10.9000,7.103747,1206300,0,1,137.177120
2013-07-01,10.9667,7.147195,885000,0,1,138.016543
2013-07-02,10.9500,7.136335,828900,0,1,137.806373
2013-07-03,10.9500,7.136335,371700,0,1,137.806373
2013-07-05,11.0333,7.190644,849600,0,1,138.854708
2013-07-08,11.1067,7.238439,948300,0,1,139.778451
2013-07-09,11.1967,7.297094,1040100,0,1,140.911106
2013-07-10,11.2033,7.301435,887700,0,1,140.994168
2013-07-11,11.3667,7.407884,1236300,0,1,143.050566
2013-07-12,11.3667,7.407884,664800,0,1,143.050566
2013-07-15,11.4033,7.431780,742500,0,1,143.511179
2013-07-16,11.3633,7.405710,716100,0,1,143.007777
2013-07-17,11.3867,7.420919,1083000,0,1,143.302267
2013-07-18,11.4133,7.438298,878100,0,1,143.637030
2013-07-19,11.4100,7.436124,570000,0,1,143.595499
2013-07-22,11.4067,7.433956,987900,0,1,143.553968
2013-07-23,11.4233,7.444815,720000,0,1,143.762880
2013-07-24,11.3867,7.420919,738900,0,1,143.302267
2013-07-25,11.3967,7.427434,790800,0,1,143.428118
2013-07-26,11.4067,7.433956,671400,0,1,143.553968
2013-07-29,11.3767,7.414401,543600,0,1,143.176417
2013-07-30,11.3933,7.425259,439200,0,1,143.385328
2013-07-31,11.4000,7.429605,699300,0,1,143.469648
2013-08-01,11.4967,7.492603,858300,0,1,144.686623
2013-08-02,11.5033,7.496953,607200,0,1,144.769685
2013-08-05,11.4833,7.483920,813600,0,1,144.517984
2013-08-06,11.4567,7.466540,478200,0,1,144.183221
2013-08-07,11.4300,7.449159,486000,0,1,143.847200
2013-08-08,11.4667,7.473056,428700,0,1,144.309072
2013-08-09,11.4233,7.444815,525000,0,1,143.762880
2013-08-12,11.3933,7.425259,509100,0,1,143.385328
2013-08-13,11.4167,7.440468,408600,0,1,143.679819
2013-08-14,11.3367,7.388330,565500,0,1,142.673014
2013-08-15,11.1633,7.275366,1364700,0,1,140.490765
2013-08-16,11.1300,7.253646,810900,0,1,140.071683
2013-08-19,11.0933,7.229749,551400,0,1,139.609811
2013-08-20,11.0967,7.231920,841500,0,1,139.652601
2013-08-21,11.0167,7.179780,664800,0,1,138.645796
2013-08-22,11.0967,7.231920,482100,0,1,139.652601
2013-08-23,11.1833,7.288404,411000,0,1,140.742467
2013-08-26,11.1167,7.244955,426600,0,1,139.904302
2013-08-27,10.9800,7.155886,818400,0,1,138.183924
2013-08-28,11.0167,7.179780,631500,0,1,138.645796
2013-08-29,11.0200,7.181955,492900,0,1,138.687327
2013-08-30,10.9967,7.166749,309000,0,1,138.394095
2013-09-03,10.9933,7.164573,921600,0,1,138.351306
2013-09-04,11.0800,7.221054,455400,0,1,139.442430
2013-09-05,11.0733,7.216713,470700,0,1,139.358110
2013-09-06,11.0733,7.216713,776100,0,1,139.358110
2013-09-09,11.1733,7.281884,710700,0,1,140.616616
2013-09-10,11.2600,7.338368,936000,0,1,141.707740
2013-09-11,11.3133,7.373125,899700,0,1,142.378524
2013-09-12,11.2900,7.357918,460500,0,1,142.085292
2013-09-13,11.3600,7.403540,633900,0,1,142.966246
2013-09-16,11.4467,7.460021,1354800,0,1,144.057370
2013-09-17,11.4867,7.486091,575400,0,1,144.560773
2013-09-18,11.6200,7.572987,926700,0,1,146.238361
2013-09-19,11.6267,7.577330,883500,0,1,146.322681
2013-09-20,11.5233,7.509988,711000,0,1,145.021386
2013-09-23,11.4033,7.481773,524100,0.077,1,144.480228
2013-09-24,11.3767,7.464278,618900,0,1,144.143205
2013-09-25,11.3167,7.424911,549300,0,1,143.383003
2013-09-26,11.3467,7.444596,595200,0,1,143.763104
2013-09-27,11.2833,7.403040,1123500,0,1,142.959824
2013-09-30,11.2167,7.359301,924300,0,1,142.116000
2013-10-01,11.2700,7.394295,596100,0,1,142.791313
2013-10-02,11.2333,7.370236,865800,0,1,142.326322
2013-10-03,11.1367,7.306815,948300,0,1,141.102397
2013-10-04,11.1833,7.337431,495900,0,1,141.692820
2013-10-07,11.1200,7.295877,1063200,0,1,140.890807
2013-10-08,11.0400,7.243389,787200,0,1,139.877204
2013-10-09,11.0467,7.247765,1084800,0,1,139.962093
2013-10-10,11.2800,7.400854,1141500,0,1,142.918013
2013-10-11,11.3533,7.448970,676800,0,1,143.846727
2013-10-14,11.3967,7.477399,760200,0,1,144.396606
2013-10-15,11.3133,7.422726,742500,0,1,143.339925
2013-10-16,11.4433,7.508017,691200,0,1,144.987030
2013-10-17,11.5400,7.571441,1292100,0,1,146.212222
2013-10-18,11.5433,7.573629,1141500,0,1,146.254034
2013-10-21,11.5267,7.562695,733800,0,1,146.043711
2013-10-22,11.6100,7.617368,1950600,0,1,147.099125
2013-10-23,11.5967,7.608620,1178700,0,1,146.930613
2013-10-24,11.6367,7.634868,507300,0,1,147.437415
2013-10-25,11.7133,7.685166,536700,0,1,148.407940
2013-10-28,11.7733,7.724532,892500,0,1,149.168142
2013-10-29,11.8600,7.781396,886200,0,1,150.266634
2013-10-30,11.7800,7.728906,945900,0,1,149.253031
2013-10-31,11.7767,7.726720,663000,0,1,149.211220
2013-11-01,11.8000,7.742031,984900,0,1,149.506432
2013-11-04,11.8400,7.768271,1463100,0,1,150.013233
2013-11-05,11.8300,7.761711,865200,0,1,149.886533
2013-11-06,11.9433,7.836071,6685500,0,1,151.322048
2013-11-07,11.8067,7.746403,1365600,0,1,149.591321
2013-11-08,11.9133,7.816386,808200,0,1,150.941947
2013-11-11,11.9133,7.816386,892200,0,1,150.941947
2013-11-12,11.8967,7.805453,786900,0,1,150.731624
2013-11-13,11.9667,7.851381,770400,0,1,151.618527
2013-11-14,12.0433,7.901681,856200,0,1,152.589052
2013-11-15,12.0767,7.923547,1224900,0,1,153.012231
2013-11-18,12.0533,7.908244,1075800,0,1,152.715752
2013-11-19,12.0367,7.897308,690900,0,1,152.505430
2013-11-20,11.9967,7.871063,648000,0,1,151.998628
2013-11-21,12.0667,7.916988,7016700,0,1,152.885531
2013-11-22,12.1167,7.949796,612300,0,1,153.519033
2013-11-25,12.0967,7.936673,1218000,0,1,153.265632
2013-11-26,12.0733,7.921362,691800,0,1,152.969153
2013-11-27,12.0867,7.930110,640500,0,1,153.138931
2013-11-29,12.0767,7.923547,307800,0,1,153.012231
2013-12-02,12.0200,7.886371,1047600,0,1,152.293840
2013-12-03,12.0033,7.875439,773700,0,1,152.082250
2013-12-04,11.9667,7.851381,686400,0,1,151.618527
2013-12-05,11.9167,7.818575,444000,0,1,150.985025
2013-12-06,12.0867,7.930110,557100,0,1,153.138931
2013-12-09,12.1000,7.938861,1089300,0,1,153.307443
2013-12-10,12.0300,7.892933,915000,0,1,152.420540
2013-12-11,11.9333,7.829510,884100,0,1,151.195348
2013-12-12,11.8467,7.772649,972300,0,1,150.098123
2013-12-13,11.8400,7.768271,1071900,0,1,150.013233
2013-12-16,11.9000,7.807639,1025400,0,1,150.773436
2013-12-17,11.8700,7.787957,878700,0,1,150.393334
2013-12-18,12.0667,7.916988,1129500,0,1,152.885531
2013-12-19,12.0533,7.908244,621300,0,1,152.715752
2013-12-20,12.1233,7.954170,951900,0,1,153.602655
2013-12-23,12.0533,7.962759,1305300,0.083,1,153.767365
2013-12-24,12.0933,7.989185,285300,0,1,154.277657
2013-12-26,12.1800,8.046437,885300,0,1,155.383713
2013-12-27,12.1833,8.048638,1134300,0,1,155.425812
2013-12-30,12.1867,8.050840,1074600,0,1,155.469187
2013-12-31,12.2200,8.072863,1089000,0,1,155.894004
2014-01-02,12.1000,7.993587,1621500,0,1,154.363130
2014-01-03,12.1167,8.004600,1262700,0,1,154.576177
2014-01-06,12.0733,7.975968,1084200,0,1,154.022511
2014-01-07,12.1400,8.020010,985800,0,1,154.873422
2014-01-08,12.0967,7.991384,1270200,0,1,154.321031
2014-01-09,12.1167,8.004600,999000,0,1,154.576177
2014-01-10,12.1533,8.028821,896400,0,1,155.043094
2014-01-13,12.0067,7.931929,1520700,0,1,153.172876
2014-01-14,12.1100,8.000193,893100,0,1,154.490703
2014-01-15,12.1367,8.017811,1105800,0,1,154.831323
2014-01-16,12.1400,8.020010,841500,0,1,154.873422
2014-01-17,12.0800,7.980372,896100,0,1,154.107985
2014-01-21,12.0900,7.986978,2182500,0,1,154.235558
2014-01-22,12.1100,8.000193,670800,0,1,154.490703
2014-01-23,11.9867,7.918714,1449900,0,1,152.917730
2014-01-24,11.7800,7.782186,1852500,0,1,150.280800
2014-01-27,11.7467,7.760164,2054400,0,1,149.855982
2014-01-28,11.8167,7.806408,1108500,0,1,150.748992
2014-01-29,11.6933,7.724930,1251600,0,1,149.174743
2014-01-30,11.7400,7.755758,1218600,0,1,149.770508
2014-01-31,11.6767,7.713925,1234800,0,1,148.962972
2014-02-03,11.4033,7.533351,3013800,0,1,145.475131
2014-02-04,11.4233,7.546563,904200,0,1,145.730277
2014-02-05,11.4200,7.544359,1198200,0,1,145.688178
2014-02-06,11.5367,7.621431,904200,0,1,147.176953
2014-02-07,11.6767,7.713925,724200,0,1,148.962972
2014-02-10,11.7033,7.731535,1322400,0,1,149.302316
2014-02-11,11.8333,7.817417,1267500,0,1,150.960763
2014-02-12,11.8400,7.821822,910500,0,1,151.046237
2014-02-13,11.8833,7.850452,1002900,0,1,151.598627
2014-02-14,11.9700,7.907706,877500,0,1,152.704684
2014-02-18,11.9367,7.885683,1020900,0,1,152.279866
2014-02-19,11.8767,7.846045,964200,0,1,151.514429
2014-02-20,11.9667,7.905505,613500,0,1,152.662584
2014-02-21,11.9367,7.885683,809700,0,1,152.279866
2014-02-24,12.0000,7.927524,1346100,0,1,153.087402
2014-02-25,12.0133,7.936331,947400,0,1,153.257074
2014-02-26,12.0133,7.936331,810000,0,1,153.257074
2014-02-27,12.0733,7.975968,837000,0,1,154.022511
2014-02-28,12.1300,8.013402,814800,0,1,154.745849
2014-03-03,12.0433,7.956150,1688100,0,1,153.639792
2014-03-04,12.2100,8.066257,989100,0,1,155.766432
2014-03-05,12.1733,8.042034,610800,0,1,155.298239
2014-03-06,12.1767,8.044234,735000,0,1,155.341614
2014-03-07,12.2100,8.066257,782400,0,1,155.766432
2014-03-10,12.2033,8.061851,771300,0,1,155.680958
2014-03-11,12.1667,8.037629,609300,0,1,155.214041
2014-03-12,12.1867,8.050840,759000,0,1,155.469187
2014-03-13,12.0567,7.964959,1119600,0,1,153.810740
2014-03-14,12.0467,7.958354,646200,0,1,153.683167
2014-03-17,12.1533,8.028821,554100,0,1,155.043094
2014-03-18,12.2133,8.068459,848100,0,1,155.808531
2014-03-19,12.1367,8.017811,607500,0,1,154.831323
2014-03-20,12.1933,8.055245,765300,0,1,155.553385
2014-03-21,12.1767,8.044234,1680600,0,1,155.341614
2014-03-24,12.0833,8.037138,829800,0.082667,1,155.204690
2014-03-25,12.1633,8.090354,592500,0,1,156.232255
2014-03-26,12.1167,8.059314,699600,0,1,155.633698
2014-03-27,12.1300,8.068180,876000,0,1,155.804531
2014-03-28,12.2000,8.114740,594600,0,1,156.703650
2014-03-31,12.2833,8.170169,1116900,0,1,157.773602
2014-04-01,12.3167,8.192340,1657500,0,1,158.202611
2014-04-02,12.3567,8.218944,812100,0,1,158.716393
2014-04-03,12.3700,8.227817,819900,0,1,158.887226
2014-04-04,12.2733,8.163517,962100,0,1,157.645157
2014-04-07,12.2033,8.116959,990300,0,1,156.746037
2014-04-08,12.2467,8.145779,844200,0,1,157.303491
2014-04-09,12.3333,8.203424,757200,0,1,158.415830
2014-04-10,12.1600,8.088134,959400,0,1,156.189868
2014-04-11,12.0833,8.037138,1255800,0,1,155.204690
2014-04-14,12.1600,8.088134,1145100,0,1,156.189868
2014-04-15,12.2500,8.147994,812100,0,1,157.345878
2014-04-16,12.3567,8.218944,1086600,0,1,158.716393
2014-04-17,12.4233,8.263288,1079700,0,1,159.571841
2014-04-21,12.4533,8.283240,1262700,0,1,159.957178
2014-04-22,12.4500,8.281027,801600,0,1,159.914791
2014-04-23,12.4233,8.263288,636900,0,1,159.571841
2014-04-24,12.4000,8.247768,825300,0,1,159.272563
2014-04-25,12.3533,8.216727,776700,0,1,158.672722
2014-04-28,12.4767,8.298762,886500,0,1,160.257741
2014-04-29,12.4800,8.300978,819600,0,1,160.300128
2014-04-30,12.5067,8.318717,739200,0,1,160.643077
2014-05-01,12.4633,8.289894,717000,0,1,160.085623
2014-05-02,12.4667,8.292110,852600,0,1,160.129295
2014-05-05,12.4633,8.289894,2741700,0,1,160.085623
2014-05-06,12.3867,8.238898,1222800,0,1,159.101730
2014-05-07,12.4867,8.305413,1258800,0,1,160.386186
2014-05-08,12.4933,8.309845,814500,0,1,160.470960
2014-05-09,12.5200,8.327588,398100,0,1,160.813910
2014-05-12,12.5800,8.367496,1017600,0,1,161.584584
2014-05-13,12.6000,8.380796,748200,0,1,161.841475
2014-05-14,12.5600,8.354191,1080000,0,1,161.327693
2014-05-15,12.4400,8.274373,980100,0,1,159.786345
2014-05-16,12.4833,8.303196,739500,0,1,160.342515
2014-05-19,12.4800,8.300978,706500,0,1,160.300128
2014-05-20,12.4133,8.256639,732000,0,1,159.443395
2014-05-21,12.5067,8.318717,532500,0,1,160.643077
2014-05-22,12.5133,8.323153,961200,0,1,160.727852
2014-05-23,12.5400,8.340891,702300,0,1,161.070801
2014-05-27,12.5700,8.360843,821100,0,1,161.456138
2014-05-28,12.5667,8.358623,927600,0,1,161.413751
2014-05-29,12.6200,8.394099,753300,0,1,162.098366
2014-05-30,12.6733,8.429573,780900,0,1,162.782981
2014-06-02,12.6700,8.427355,1613100,0,1,162.740594
2014-06-03,12.6467,8.411836,544800,0,1,162.441316
2014-06-04,12.6400,8.407404,1094700,0,1,162.355257
2014-06-05,12.7200,8.460615,854400,0,1,163.382822
2014-06-06,12.7567,8.485002,770100,0,1,163.854218
2014-06-09,12.7767,8.498305,684600,0,1,164.111109
2014-06-10,12.7833,8.502742,629400,0,1,164.195883
2014-06-11,12.7300,8.467268,664200,0,1,163.511268
2014-06-12,12.6567,8.418488,972000,0,1,162.569762
2014-06-13,12.7233,8.462830,543000,0,1,163.425209
2014-06-16,12.7833,8.502742,786300,0,1,164.195883
2014-06-17,12.7900,8.507174,2139900,0,1,164.281942
2014-06-18,12.8733,8.562602,455700,0,1,165.351894
2014-06-19,12.9100,8.586990,531600,0,1,165.823289
2014-06-20,12.9467,8.611379,1705500,0,1,166.294684
2014-06-23,12.8433,8.602223,762300,0.089667,1,166.118290
2014-06-24,12.7667,8.550874,922800,0,1,165.127528
2014-06-25,12.8000,8.573206,471000,0,1,165.558238
2014-06-26,12.7733,8.555340,507900,0,1,165.212894
2014-06-27,12.7933,8.568736,373800,0,1,165.471578
2014-06-30,12.7567,8.544179,934200,0,1,164.998185
2014-07-01,12.8167,8.584368,1140600,0,1,165.774239
2014-07-02,12.8367,8.597762,527100,0,1,166.032924
2014-07-03,12.9000,8.640180,393600,0,1,166.851661
2014-07-07,12.8800,8.626783,615000,0,1,166.592977
2014-07-08,12.8333,8.595527,817500,0,1,165.988948
2014-07-09,12.8700,8.620088,570900,0,1,166.463634
2014-07-10,12.8500,8.606692,532500,0,1,166.204950
2014-07-11,12.8533,8.608923,473100,0,1,166.247633
2014-07-14,12.9100,8.646880,728700,0,1,166.981004
2014-07-15,12.8933,8.635718,479100,0,1,166.765002
2014-07-16,13.0000,8.707158,573900,0,1,168.145085
2014-07-17,12.8667,8.617853,767100,0,1,166.420951
2014-07-18,12.9567,8.678134,845700,0,1,167.585033
2014-07-21,12.9400,8.666973,470400,0,1,167.369031
2014-07-22,12.9633,8.682601,351900,0,1,167.670399
2014-07-23,12.9633,8.682601,382500,0,1,167.670399
2014-07-24,12.9567,8.678134,860400,0,1,167.585033
2014-07-25,12.9067,8.644646,546900,0,1,166.938321
2014-07-28,12.8867,8.631249,448200,0,1,166.679636
2014-07-29,12.8300,8.593294,527400,0,1,165.946265
2014-07-30,12.7767,8.557572,801300,0,1,165.256870
2014-07-31,12.5367,8.396827,1943100,0,1,162.152653
2014-08-01,12.5067,8.376731,1317300,0,1,161.764626
2014-08-04,12.5700,8.419154,561000,0,1,162.583363
2014-08-05,12.4533,8.341013,949200,0,1,161.073938
2014-08-06,12.4767,8.356643,1215600,0,1,161.376599
2014-08-07,12.4200,8.318686,1215600,0,1,160.643227
2014-08-08,12.5533,8.407991,524100,0,1,162.367361
2014-08-11,12.5800,8.425851,906000,0,1,162.712705
2014-08-12,12.5733,8.421387,388800,0,1,162.626046
2014-08-13,12.6500,8.472733,431700,0,1,163.618102
2014-08-14,12.6867,8.497296,447600,0,1,164.092789
2014-08-15,12.6933,8.501758,570000,0,1,164.178155
2014-08-18,12.7800,8.559806,476100,0,1,165.299553
2014-08-19,12.8367,8.597762,1983900,0,1,166.032924
2014-08-20,12.8800,8.626783,676800,0,1,166.592977
2014-08-21,12.9200,8.653575,593400,0,1,167.110346
2014-08-22,12.8800,8.626783,449700,0,1,166.592977
2014-08-25,12.9233,8.655807,940200,0,1,167.153029
2014-08-26,12.9300,8.660273,557700,0,1,167.239689
2014-08-27,12.9400,8.666973,873900,0,1,167.369031
2014-08-28,12.9367,8.664740,411600,0,1,167.326348
2014-08-29,12.9667,8.684833,484500,0,1,167.714375
2014-09-02,12.9267,8.658040,1151400,0,1,167.197006
2014-09-03,12.9467,8.671436,442800,0,1,167.455690
2014-09-04,12.9567,8.678134,457800,0,1,167.585033
2014-09-05,13.0167,8.718324,457200,0,1,168.361087
2014-09-08,12.9767,8.691531,416700,0,1,167.843717
2014-09-09,12.9167,8.651346,877500,0,1,167.067663
2014-09-10,12.9433,8.669206,402300,0,1,167.411714
2014-09-11,12.9533,8.675902,387000,0,1,167.541056
2014-09-12,12.8733,8.622318,761100,0,1,166.506317
2014-09-15,12.9167,8.651346,588900,0,1,167.067663
2014-09-16,13.0100,8.713856,604500,0,1,168.274427
2014-09-17,13.0267,8.725021,936000,0,1,168.490429
2014-09-18,13.0933,8.769672,711900,0,1,169.351849
2014-09-19,13.1367,8.798696,1405800,0,1,169.913195
2014-09-22,12.9800,8.750159,925200,0.084667,1,168.981503
2014-09-23,12.8900,8.689487,1318500,0,1,167.809829
2014-09-24,12.9933,8.759145,612600,0,1,169.154651
2014-09-25,12.8267,8.646793,1263000,0,1,166.985751
2014-09-26,12.9033,8.698474,714900,0,1,167.982976
2014-09-29,12.8967,8.693980,1151400,0,1,167.897054
2014-09-30,12.8533,8.664768,4400100,0,1,167.332046
2014-10-01,12.6900,8.554663,2997300,0,1,165.206108
2014-10-02,12.6667,8.538932,1747500,0,1,164.902774
2014-10-03,12.7833,8.617579,882900,0,1,166.420744
2014-10-06,12.7933,8.624321,1550700,0,1,166.550930
2014-10-07,12.6233,8.509720,855600,0,1,164.337767
2014-10-08,12.8200,8.642297,916800,0,1,166.898527
2014-10-09,12.5900,8.487251,1037400,0,1,163.904247
2014-10-10,12.4800,8.413095,2823600,0,1,162.472201
2014-10-13,12.3067,8.296249,2065200,0,1,160.216076
2014-10-14,12.3167,8.302989,2125800,0,1,160.346262
2014-10-15,12.2433,8.253553,5383200,0,1,159.390697
2014-10-16,12.2033,8.226588,1627500,0,1,158.869952
2014-10-17,12.3533,8.327708,1389600,0,1,160.822743
2014-10-20,12.4600,8.399616,1172400,0,1,162.211828
2014-10-21,12.6333,8.516466,2054100,0,1,164.467953
2014-10-22,12.5667,8.471520,1378200,0,1,163.600914
2014-10-23,12.6533,8.529945,1295100,0,1,164.728325
2014-10-24,12.7700,8.608591,1301400,0,1,166.247596
2014-10-27,12.7767,8.613086,1175100,0,1,166.334821
2014-10-28,12.8867,8.687240,1246200,0,1,167.766868
2014-10-29,12.9067,8.700725,798600,0,1,168.027240
2014-10-30,12.9467,8.727691,913800,0,1,168.547984
2014-10-31,13.1067,8.835547,973800,0,1,170.630961
2014-11-03,13.0933,8.826558,2132700,0,1,170.456511
2014-11-04,13.1133,8.840043,2575800,0,1,170.716884
2014-11-05,13.1700,8.878245,1334400,0,1,171.455039
2014-11-06,13.2267,8.916442,1281900,0,1,172.193194
2014-11-07,13.2433,8.927680,861000,0,1,172.409302
2014-11-10,13.2767,8.950151,815700,0,1,172.844124
2014-11-11,13.2800,8.952397,679200,0,1,172.887085
2014-11-12,13.2933,8.961384,1265400,0,1,173.060233
2014-11-13,13.3200,8.979363,1236000,0,1,173.407829
2014-11-14,13.3233,8.981607,971700,0,1,173.450791
2014-11-17,13.3367,8.990600,766200,0,1,173.625240
2014-11-18,13.3833,9.022057,632400,0,1,174.231907
2014-11-19,13.3967,9.031044,566400,0,1,174.406356
2014-11-20,13.4300,9.053517,676800,0,1,174.839876
2014-11-21,13.4867,9.091720,1839600,0,1,175.578031
2014-11-24,13.4533,9.069243,1125300,0,1,175.143210
2014-11-25,13.4433,9.062503,928500,0,1,175.013024
2014-11-26,13.4933,9.096213,666000,0,1,175.663954
2014-11-28,13.4967,9.098457,439500,0,1,175.708217
2014-12-01,13.4567,9.071492,3783600,0,1,175.187473
2014-12-02,13.5233,9.116436,838500,0,1,176.054512
2014-12-03,13.5400,9.127670,859800,0,1,176.271923
2014-12-04,13.5167,9.111940,834000,0,1,175.968589
2014-12-05,13.5267,9.118681,1746300,0,1,176.098775
2014-12-08,13.4267,9.051269,930300,0,1,174.796915
2014-12-09,13.3500,8.999587,1102200,0,1,173.798388
2014-12-10,13.1567,8.869255,1268100,0,1,171.281891
2014-12-11,13.2100,8.905210,651000,0,1,171.975783
2014-12-12,12.9967,8.761394,1457700,0,1,169.198914
2014-12-15,12.9400,8.723195,1383000,0,1,168.460759
2014-12-16,12.8900,8.689487,10728600,0,1,167.809829
2014-12-17,13.1167,8.842288,2079900,0,1,170.761147
2014-12-18,13.4133,9.042276,1895400,0,1,174.622465
2014-12-19,13.4500,9.067000,1444800,0,1,175.100248
2014-12-22,13.4400,9.122429,1175400,0.091667,1,176.163439
2014-12-23,13.4967,9.160893,855600,0,1,176.906628
2014-12-24,13.4800,9.149578,561000,0,1,176.687735
2014-12-26,13.5000,9.163152,918600,0,1,176.949883
2014-12-29,13.4733,9.145053,998100,0,1,176.599915
2014-12-30,13.4133,9.104327,1288800,0,1,175.813471
2014-12-31,13.2833,9.016091,912000,0,1,174.109509
2015-01-02,13.2700,9.007043,1418700,0,1,173.935181
2015-01-05,13.0833,8.880340,12067500,0,1,171.488030
2015-01-06,13.0033,8.826038,1611300,0,1,170.439438
2015-01-07,13.1567,8.930117,3470700,0,1,172.450113
2015-01-08,13.4000,9.095276,3114600,0,1,175.639143
2015-01-09,13.2967,9.025140,3722400,0,1,174.285148
2015-01-12,13.2233,8.975365,5879700,0,1,173.323065
2015-01-13,13.1933,8.955004,3306000,0,1,172.929843
2015-01-14,13.1300,8.912019,2773200,0,1,172.100145
2015-01-15,13.0800,8.878080,1326600,0,1,171.444775
2015-01-16,13.2567,8.997991,1408200,0,1,173.760852
2015-01-20,13.2700,9.007043,1407900,0,1,173.935181
2015-01-21,13.3267,9.045503,1538400,0,1,174.678370
2015-01-22,13.4833,9.151843,6761100,0,1,176.730989
2015-01-23,13.3133,9.036454,9584400,0,1,174.502731
2015-01-26,13.3267,9.045503,2996400,0,1,174.678370
2015-01-27,13.1233,8.907490,2307600,0,1,172.012325
2015-01-28,12.9533,8.792102,1332900,0,1,169.784068
2015-01-29,13.0800,8.878080,1101000,0,1,171.444775
2015-01-30,12.8700,8.735540,1307700,0,1,168.692221
2015-02-02,13.0500,8.857718,1476000,0,1,171.051553
2015-02-03,13.2533,8.995728,31112400,0,1,173.716287
2015-02-04,13.2200,8.973104,1279800,0,1,173.279811
2015-02-05,13.3500,9.061343,909900,0,1,174.983773
2015-02-06,13.3333,9.050032,1463700,0,1,174.764879
2015-02-09,13.2700,9.007043,997800,0,1,173.935181
2015-02-10,13.4067,9.099804,939000,0,1,175.726962
2015-02-11,13.4067,9.099804,655500,0,1,175.726962
2015-02-12,13.5133,9.172204,1089300,0,1,177.124211
2015-02-13,13.5633,9.206141,1054800,0,1,177.779581
2015-02-17,13.5567,9.201618,992100,0,1,177.693072
2015-02-18,13.5267,9.181256,1130400,0,1,177.299850
2015-02-19,13.5033,9.165418,993000,0,1,176.993137
2015-02-20,13.5500,9.197093,1122300,0,1,177.605253
2015-02-23,13.5233,9.178994,711600,0,1,177.255285
2015-02-24,13.5900,9.224243,901500,0,1,178.129548
2015-02-25,13.5900,9.224243,633600,0,1,178.129548
2015-02-26,13.5667,9.208406,518700,0,1,177.824146
2015-02-27,13.5433,9.192569,737100,0,1,177.517433
2015-03-02,13.6067,9.235558,1890900,0,1,178.348442
2015-03-03,13.5367,9.188044,1325400,0,1,177.430924
2015-03-04,13.4633,9.138267,1137300,0,1,176.468841
2015-03-05,13.4600,9.136002,700800,0,1,176.425587
2015-03-06,13.2467,8.991207,1821000,0,1,173.629778
2015-03-09,13.3000,9.027405,1166400,0,1,174.328403
2015-03-10,13.1000,8.891653,2026800,0,1,171.706923
2015-03-11,13.0600,8.864502,1144800,0,1,171.182627
2015-03-12,13.1733,8.941429,798000,0,1,172.667695
2015-03-13,13.1100,8.898443,1005000,0,1,171.837997
2015-03-16,13.2600,9.000257,7826400,0,1,173.804107
2015-03-17,13.1933,8.955004,14977500,0,1,172.929843
2015-03-18,13.3400,9.054553,4384500,0,1,174.852699
2015-03-19,13.2567,8.997991,5974200,0,1,173.760852
2015-03-20,13.3900,9.088494,1352400,0,1,175.508069
2015-03-23,13.3167,9.099881,1242000,0.09,1,175.726962
2015-03-24,13.2300,9.040660,936000,0,1,174.582870
2015-03-25,13.0533,8.919931,1635300,0,1,172.251140
2015-03-26,13.0300,8.903989,1730100,0,1,171.943674
2015-03-27,13.0767,8.935880,1152300,0,1,172.559926
2015-03-30,13.2333,9.042935,1424400,0,1,174.626417
2015-03-31,13.1367,8.976879,1196100,0,1,173.351685
2015-04-01,13.0633,8.926765,971700,0,1,172.383100
2015-04-02,13.0867,8.942713,21366900,0,1,172.691886
2015-04-06,13.1900,9.013325,1761000,0,1,174.055031
2015-04-07,13.1867,9.011047,1292700,0,1,174.011484
2015-04-08,13.1867,9.011047,954300,0,1,174.011484
2015-04-09,13.2367,9.045215,1701600,0,1,174.671284
2015-04-10,13.2933,9.083937,768600,0,1,175.418176
2015-04-13,13.2267,9.038382,894300,0,1,174.539324
2015-04-14,13.2667,9.065715,2211600,0,1,175.067163
2015-04-15,13.3400,9.115830,1568400,0,1,176.034429
2015-04-16,13.3167,9.099881,1743000,0,1,175.726962
2015-04-17,13.1733,9.001933,1428000,0,1,173.834658
2015-04-20,13.3133,9.097606,930900,0,1,175.682096
2015-04-21,13.2867,9.079382,1396500,0,1,175.331083
2015-04-22,13.3433,9.118104,1429500,0,1,176.077975
2015-04-23,13.3433,9.118104,859200,0,1,176.077975
2015-04-24,13.3800,9.143161,1008600,0,1,176.562268
2015-04-27,13.3433,9.118104,1343100,0,1,176.077975
2015-04-28,13.4067,9.161383,974700,0,1,176.914601
2015-04-29,13.3433,9.118104,913800,0,1,176.077975
2015-04-30,13.2367,9.045215,849000,0,1,174.671284
2015-05-01,13.3533,9.124936,1065300,0,1,176.209935
2015-05-04,13.3667,9.134049,1556700,0,1,176.386761
2015-05-05,13.2467,9.052049,1094100,0,1,174.803243
2015-05-06,13.1933,9.015601,1198200,0,1,174.098578
2015-05-07,13.2333,9.042935,792300,0,1,174.626417
2015-05-08,13.4033,9.159104,1182600,0,1,176.869735
2015-05-11,13.3433,9.118104,1010700,0,1,176.077975
2015-05-12,13.3033,9.090775,1111500,0,1,175.550136
2015-05-13,13.3167,9.099881,752100,0,1,175.726962
2015-05-14,13.4600,9.197827,838200,0,1,177.617947
2015-05-15,13.4833,9.213773,638100,0,1,177.925413
2015-05-18,13.4767,9.209215,756000,0,1,177.838320
2015-05-19,13.4433,9.186440,804000,0,1,177.397574
2015-05-20,13.4433,9.186440,586500,0,1,177.397574
2015-05-21,13.4633,9.200105,698100,0,1,177.661494
2015-05-22,13.3967,9.154549,691800,0,1,176.782641
2015-05-26,13.2800,9.074823,1339200,0,1,175.242670
2015-05-27,13.3700,9.136327,863700,0,1,176.430308
2015-05-28,13.3600,9.129493,779400,0,1,176.298348
2015-05-29,13.3033,9.090775,1922100,0,1,175.550136
2015-06-01,13.2933,9.083937,1334400,0,1,175.418176
2015-06-02,13.2767,9.072550,1134300,0,1,175.199123
2015-06-03,13.2733,9.070269,717900,0,1,175.154257
2015-06-04,13.1467,8.983714,1589400,0,1,173.483645
2015-06-05,13.0700,8.931322,1333500,0,1,172.471513
2015-06-08,13.0133,8.892600,1441500,0,1,171.723301
2015-06-09,13.0200,8.897157,810300,0,1,171.811714
2015-06-10,13.1600,8.992826,863400,0,1,173.659152
2015-06-11,13.2000,9.020157,958500,0,1,174.186991
2015-06-12,13.0933,8.947268,691500,0,1,172.778979
2015-06-15,13.0100,8.890322,1439100,0,1,171.679754
2015-06-16,13.0833,8.940437,915900,0,1,172.647020
2015-06-17,13.1267,8.970046,879900,0,1,173.219725
2015-06-18,13.2567,9.058882,1349700,0,1,174.935203
2015-06-19,13.1900,9.013325,928800,0,1,174.055031
2015-06-22,13.1767,9.074390,1011300,0.102,1,175.225515
2015-06-23,13.1533,9.058320,971100,0,1,174.914339
2015-06-24,13.0567,8.991747,789300,0,1,173.629739
2015-06-25,13.0167,8.964203,731100,0,1,173.097814
2015-06-26,13.0133,8.961905,968400,0,1,173.052600
2015-06-29,12.7733,8.796619,2833500,0,1,169.861048
2015-06-30,12.7633,8.789738,2148600,0,1,169.728067
2015-07-01,12.8500,8.849422,1420500,0,1,170.881015
2015-07-02,12.8467,8.847124,574500,0,1,170.837131
2015-07-06,12.8000,8.814987,1472700,0,1,170.216108
2015-07-07,12.9267,8.902217,854100,0,1,171.900982
2015-07-08,12.7600,8.787440,1242900,0,1,169.684183
2015-07-09,12.7600,8.787440,1186200,0,1,169.684183
2015-07-10,12.8900,8.876966,1137900,0,1,171.412940
2015-07-13,13.0300,8.973380,832800,0,1,173.274679
2015-07-14,13.0633,8.996337,745200,0,1,173.717507
2015-07-15,13.0233,8.968789,854400,0,1,173.185581
2015-07-16,13.1067,9.026180,1020600,0,1,174.294646
2015-07-17,13.0467,8.984859,1078800,0,1,173.496758
2015-07-20,13.0400,8.980268,1172400,0,1,173.407660
2015-07-21,12.9433,8.913696,1298400,0,1,172.121731
2015-07-22,12.8833,8.872376,949500,0,1,171.323843
2015-07-23,12.8267,8.833352,1011300,0,1,170.571168
2015-07-24,12.6867,8.736938,1982100,0,1,168.709430
2015-07-27,12.6333,8.700208,1756200,0,1,167.999309
2015-07-28,12.8167,8.826463,3994200,0,1,170.438187
2015-07-29,12.9100,8.890740,984000,0,1,171.678903
2015-07-30,12.9000,8.883852,1560300,0,1,171.545921
2015-07-31,12.8533,8.851718,1140000,0,1,170.924899
2015-08-03,12.8100,8.821877,1690200,0,1,170.349089
2015-08-04,12.8067,8.819579,1553100,0,1,170.305206
2015-08-05,12.8667,8.860899,851700,0,1,171.103094
2015-08-06,12.7900,8.808100,1076400,0,1,170.083127
2015-08-07,12.7333,8.769075,1078800,0,1,169.329123
2015-08-10,12.8967,8.881559,1051800,0,1,171.502038
2015-08-11,12.8100,8.821877,1195500,0,1,170.349089
2015-08-12,12.8500,8.849422,1049100,0,1,170.881015
2015-08-13,12.8100,8.821877,577500,0,1,170.349089
2015-08-14,12.8567,8.854011,689400,0,1,170.970112
2015-08-17,12.8967,8.881559,583800,0,1,171.502038
2015-08-18,12.8533,8.851718,615300,0,1,170.924899
2015-08-19,12.7333,8.769075,1568700,0,1,169.329123
2015-08-20,12.5533,8.645114,1571100,0,1,166.935458
2015-08-21,12.1967,8.399488,5421900,0,1,162.193344
2015-08-24,11.7433,8.087291,9033000,0,1,156.163970
2015-08-25,11.5433,7.949556,3863100,0,1,153.504344
2015-08-26,11.9633,8.238799,2282100,0,1,159.089560
2015-08-27,12.2233,8.417853,2796600,0,1,162.547074
2015-08-28,12.2367,8.427034,1799700,0,1,162.725269
2015-08-31,12.1700,8.381122,1026300,0,1,161.838284
2015-09-01,11.8367,8.151567,2147700,0,1,157.406016
2015-09-02,12.0433,8.293889,1947300,0,1,160.153410
2015-09-03,12.0900,8.326030,996900,0,1,160.774433
2015-09-04,11.8967,8.192889,1412400,0,1,158.203904
2015-09-08,12.1867,8.392602,1529100,0,1,162.060363
2015-09-09,11.9967,8.261755,1248000,0,1,159.533717
2015-09-10,12.0333,8.287004,1265400,0,1,160.020429
2015-09-11,12.0833,8.321441,1098000,0,1,160.685336
2015-09-14,12.0233,8.280119,1190100,0,1,159.887448
2015-09-15,12.1900,8.394897,868500,0,1,162.104247
2015-09-16,12.3000,8.470648,816900,0,1,163.567041
2015-09-17,12.2967,8.468355,1323300,0,1,163.523157
2015-09-18,12.1000,8.332915,1227900,0,1,160.907415
2015-09-21,12.0700,8.381294,1845900,0.099667,1,161.833856
2015-09-22,11.9467,8.295653,1369200,0,1,160.180656
2015-09-23,11.9167,8.274821,682500,0,1,159.778418
2015-09-24,11.9133,8.272506,2028900,0,1,159.732831
2015-09-25,11.9467,8.295653,814800,0,1,160.180656
2015-09-28,11.7567,8.163718,2589600,0,1,157.633148
2015-09-29,11.8000,8.193805,1803000,0,1,158.213711
2015-09-30,11.9833,8.321110,1164000,0,1,160.671387
2015-10-01,11.9667,8.309540,2452500,0,1,160.448815
2015-10-02,12.1633,8.446103,1680300,0,1,163.084817
2015-10-05,12.3967,8.608129,1454700,0,1,166.214230
2015-10-06,12.4267,8.628961,1468500,0,1,166.616468
2015-10-07,12.5400,8.707656,1250700,0,1,168.135588
2015-10-08,12.6767,8.802557,1257600,0,1,169.968454
2015-10-09,12.6767,8.802557,808800,0,1,169.968454
2015-10-12,12.6500,8.784039,660900,0,1,169.610462
2015-10-13,12.5833,8.737748,657300,0,1,168.716152
2015-10-14,12.5400,8.707656,762600,0,1,168.135588
2015-10-15,12.6633,8.793300,828300,0,1,169.788787
2015-10-16,12.7333,8.841907,608700,0,1,170.727343
2015-10-19,12.7133,8.828017,975300,0,1,170.459185
2015-10-20,12.6900,8.811816,542400,0,1,170.146779
2015-10-21,12.6567,8.788669,685800,0,1,169.700295
2015-10-22,12.9667,9.003930,1356300,0,1,173.856757
2015-10-23,13.0900,9.089572,1332600,0,1,175.509956
2015-10-26,13.0567,9.066425,1449600,0,1,175.063472
2015-10-27,13.0067,9.031705,840900,0,1,174.393075
2015-10-28,13.1233,9.112716,1005000,0,1,175.956441
2015-10-29,13.0867,9.087256,660300,0,1,175.465710
2015-10-30,13.0333,9.050226,961800,0,1,174.749726
2015-11-02,13.1733,9.147436,1425900,0,1,176.626838
2015-11-03,13.2167,9.177529,1158000,0,1,177.208742
2015-11-04,13.1733,9.147436,807600,0,1,176.626838
2015-11-05,13.1133,9.105777,1084500,0,1,175.822361
2015-11-06,13.0800,9.082626,915000,0,1,175.375877
2015-11-09,12.9400,8.985414,1531500,0,1,173.498765
2015-11-10,12.9533,8.994671,524400,0,1,173.677091
2015-11-11,12.9467,8.990042,650400,0,1,173.588598
2015-11-12,12.7667,8.865051,958200,0,1,171.175169
2015-11-13,12.6533,8.786355,1515600,0,1,169.654708
2015-11-16,12.8600,8.929863,1040400,0,1,172.426130
2015-11-17,12.8667,8.934490,1167000,0,1,172.515963
2015-11-18,12.9933,9.022446,967200,0,1,174.213408
2015-11-19,13.0233,9.043279,1399200,0,1,174.615646
2015-11-20,13.0300,9.047908,771000,0,1,174.705480
2015-11-23,13.0500,9.061794,843600,0,1,174.973638
2015-11-24,13.1067,9.101145,855900,0,1,175.733869
2015-11-25,13.0900,9.089572,864000,0,1,175.509956
2015-11-27,13.1000,9.096516,204900,0,1,175.644036
2015-11-30,13.0700,9.075685,1036800,0,1,175.241797
2015-12-01,13.1800,9.152065,1050300,0,1,176.716671
2015-12-02,13.0633,9.071050,5708400,0,1,175.151964
2015-12-03,12.9067,8.962265,3771600,0,1,173.052280
2015-12-04,13.1400,9.124290,3479400,0,1,176.180353
2015-12-07,13.0767,9.080314,3175500,0,1,175.331631
2015-12-08,12.9567,8.996987,5207100,0,1,173.722678
2015-12-09,12.9167,8.969212,8400900,0,1,173.186360
2015-12-10,12.9600,8.999304,2725800,0,1,173.766924
2015-12-11,12.7500,8.853477,2917200,0,1,170.951256
2015-12-14,12.8467,8.920603,2078100,0,1,172.247804
2015-12-15,12.9667,9.003930,2010600,0,1,173.856757
2015-12-16,13.1133,9.105777,1898700,0,1,175.822361
2015-12-17,12.9300,8.978470,3144300,0,1,173.364685
2015-12-18,12.7100,8.825706,2531400,0,1,170.414938
2015-12-21,12.7167,8.893774,1945500,0.090667,1,171.720429
2015-12-22,12.8500,8.987027,3985800,0,1,173.520451
2015-12-23,13.0133,9.101257,1847400,0,1,175.725578
2015-12-24,12.9800,9.077946,623100,0,1,175.275911
2015-12-28,12.9433,9.052302,2786700,0,1,174.780331
2015-12-29,13.0733,9.143223,3043200,0,1,176.535791
2015-12-30,13.0000,9.091937,2280600,0,1,175.545981
2015-12-31,12.8533,8.989357,1993500,0,1,173.565013
2016-01-04,12.7067,8.886786,3673800,0,1,171.585394
2016-01-05,12.7800,8.938070,8220000,0,1,172.575203
2016-01-06,12.6267,8.830833,9086700,0,1,170.505111
2016-01-07,12.3633,8.646663,4105500,0,1,166.948279
2016-01-08,12.2300,8.553412,2928600,0,1,165.148258
2016-01-11,12.2533,8.569729,3090000,0,1,165.462890
2016-01-12,12.3267,8.621022,1824600,0,1,166.454050
2016-01-13,12.0900,8.455496,2628900,0,1,163.257763
2016-01-14,12.2933,8.597706,3338700,0,1,166.003032
2016-01-15,12.0367,8.418200,5484600,0,1,162.538024
2016-01-19,12.0500,8.427522,2782200,0,1,162.717621
2016-01-20,11.8667,8.299307,6438300,0,1,160.242423
2016-01-21,11.9700,8.371573,4101000,0,1,161.637338
2016-01-22,12.1933,8.527768,2515800,0,1,164.652678
2016-01-25,12.0600,8.434515,2009700,0,1,162.852657
2016-01-26,12.2633,8.576724,1551900,0,1,165.597926
2016-01-27,12.1933,8.527768,2151600,0,1,164.652678
2016-01-28,12.2800,8.588381,1856700,0,1,165.823435
2016-01-29,12.5600,8.784206,2604600,0,1,169.604425
2016-02-01,12.5533,8.779545,2601300,0,1,169.513951
2016-02-02,12.3533,8.639670,9894900,0,1,166.813244
2016-02-03,12.4600,8.714271,2577000,0,1,168.254071
2016-02-04,12.4633,8.716600,2149200,0,1,168.298633
2016-02-05,12.3300,8.623351,2481900,0,1,166.498612
2016-02-08,12.3067,8.607029,3099900,0,1,166.183979
2016-02-09,12.2867,8.593045,2655900,0,1,165.913908
2016-02-10,12.2200,8.546421,4085700,0,1,165.013223
2016-02-11,12.0933,8.457830,4323900,0,1,163.302324
2016-02-12,12.2867,8.593045,2533500,0,1,165.913908
2016-02-16,12.4367,8.697951,1779600,0,1,167.939439
2016-02-17,12.6167,8.823839,3050100,0,1,170.370076
2016-02-18,12.6200,8.826169,1577100,0,1,170.414637
2016-02-19,12.6000,8.812182,1281600,0,1,170.144567
2016-02-22,12.7400,8.910095,2071500,0,1,172.035062
2016-02-23,12.6367,8.837826,2565900,0,1,170.640146
2016-02-24,12.6933,8.877457,1226700,0,1,171.404447
2016-02-25,12.8367,8.977703,1237800,0,1,173.340854
2016-02-26,12.7533,8.919419,1960200,0,1,172.214659
2016-02-29,12.6533,8.849483,1677000,0,1,170.864305
2016-03-01,12.8800,9.008010,1834500,0,1,173.925557
2016-03-02,12.9433,9.052302,2232300,0,1,174.780331
2016-03-03,12.9733,9.073284,2592600,0,1,175.185437
2016-03-04,13.0233,9.108253,1906500,0,1,175.860614
2016-03-07,13.0667,9.138560,1878600,0,1,176.446667
2016-03-08,12.9867,9.082610,6796200,0,1,175.366384
2016-03-09,13.0767,9.145555,1550700,0,1,176.581703
2016-03-10,13.0767,9.145555,1954500,0,1,176.581703
2016-03-11,13.2167,9.243468,1284300,0,1,178.472198
2016-03-14,13.1933,9.227149,1430400,0,1,178.156215
2016-03-15,13.1967,9.229479,1351200,0,1,178.202127
2016-03-16,13.2700,9.280767,1513500,0,1,179.191936
2016-03-17,13.3867,9.362363,1759800,0,1,180.767799
2016-03-18,13.4100,9.378678,2196300,0,1,181.082432
2016-03-21,13.3300,9.392303,1620000,0.099333,1,181.343495
2016-03-22,13.3033,9.373514,1539300,0,1,180.980264
2016-03-23,13.2300,9.321843,1193400,0,1,179.983079
2016-03-24,13.2400,9.328885,1578900,0,1,180.119121
2016-03-28,13.2433,9.331238,3290100,0,1,180.164015
2016-03-29,13.3600,9.413440,3226800,0,1,181.751620
2016-03-30,13.3900,9.434577,1215600,0,1,182.159745
2016-03-31,13.3633,9.415791,1296600,0,1,181.796514
2016-04-01,13.4167,9.453367,1439100,0,1,182.522976
2016-04-04,13.3833,9.429880,3130800,0,1,182.068597
2016-04-05,13.3200,9.385253,2512500,0,1,181.207454
2016-04-06,13.4267,9.460413,2085900,0,1,182.659018
2016-04-07,13.3033,9.373514,1773900,0,1,180.980264
2016-04-08,13.3533,9.408744,1194000,0,1,181.660472
2016-04-11,13.3033,9.373514,1806000,0,1,180.980264
2016-04-12,13.4133,9.451020,2051400,0,1,182.476722
2016-04-13,13.4700,9.490946,1594500,0,1,183.248078
2016-04-14,13.4467,9.474507,1419300,0,1,182.931101
2016-04-15,13.4500,9.476858,2436000,0,1,182.975995
2016-04-18,13.5400,9.540264,1848600,0,1,184.200370
2016-04-19,13.5600,9.554361,2377800,0,1,184.472453
2016-04-20,13.5167,9.523829,1918500,0,1,183.883393
2016-04-21,13.4300,9.462762,1825200,0,1,182.703912
2016-04-22,13.4267,9.460413,1628400,0,1,182.659018
2016-04-25,13.4333,9.465112,1794000,0,1,182.748806
2016-04-26,13.4533,9.479204,1868100,0,1,183.020889
2016-04-27,13.5433,9.542617,1538100,0,1,184.245263
2016-04-28,13.4233,9.458062,1650000,0,1,182.612764
2016-04-29,13.3400,9.399346,2298900,0,1,181.479537
2016-05-02,13.4200,9.455714,1945500,0,1,182.567870
2016-05-03,13.3500,9.406393,2446800,0,1,181.615579
2016-05-04,13.3000,9.371164,2681700,0,1,180.935371
2016-05-05,13.3067,9.375862,1449300,0,1,181.026518
2016-05-06,13.3800,9.427535,1400700,0,1,182.023704
2016-05-09,13.3800,9.427535,1102200,0,1,182.023704
2016-05-10,13.5300,9.533219,1775400,0,1,184.064328
2016-05-11,13.4267,9.460413,1774800,0,1,182.659018
2016-05-12,13.4633,9.486250,1130400,0,1,183.156930
2016-05-13,13.3267,9.389954,1662900,0,1,181.298602
2016-05-16,13.4467,9.474507,1404000,0,1,182.931101
2016-05-17,13.3167,9.382906,2359500,0,1,181.162560
2016-05-18,13.2367,9.326540,2294400,0,1,180.074227
2016-05-19,13.2233,9.317143,2064000,0,1,179.891931
2016-05-20,13.2733,9.352374,1067400,0,1,180.572139
2016-05-23,13.2600,9.342980,1416000,0,1,180.391204
2016-05-24,13.4167,9.453367,1588800,0,1,182.522976
2016-05-25,13.5000,9.512085,1246500,0,1,183.656203
2016-05-26,13.5167,9.523829,768600,0,1,183.883393
2016-05-27,13.5533,9.549663,1444200,0,1,184.381305
2016-05-31,13.5267,9.530872,1263900,0,1,184.019434
2016-06-01,13.5567,9.552009,1963800,0,1,184.427559
2016-06-02,13.5700,9.561404,948300,0,1,184.608495
2016-06-03,13.5900,9.575498,1791300,0,1,184.880578
2016-06-06,13.6667,9.629516,2626200,0,1,185.924017
2016-06-07,13.7167,9.664744,1614300,0,1,186.604225
2016-06-08,13.7600,9.695281,1252200,0,1,187.193286
2016-06-09,13.7667,9.699976,867900,0,1,187.284434
2016-06-10,13.7067,9.657702,1084500,0,1,186.468184
2016-06-13,13.6000,9.582543,1493100,0,1,185.016620
2016-06-14,13.6067,9.587239,1218300,0,1,185.107767
2016-06-15,13.5833,9.570801,1500300,0,1,184.789430
2016-06-16,13.6600,9.624821,1351800,0,1,185.832869
2016-06-17,13.6300,9.603682,969300,0,1,185.424744
2016-06-20,13.6267,9.676350,1922400,0.105667,1,186.817362
2016-06-21,13.6600,9.700019,1174200,0,1,187.273893
2016-06-22,13.6267,9.676350,989100,0,1,186.817362
2016-06-23,13.7900,9.792327,1455000,0,1,189.056149
2016-06-24,13.4000,9.515391,4989900,0,1,183.709383
2016-06-27,13.2233,9.389939,6081600,0,1,181.286887
2016-06-28,13.3900,9.508290,3090000,0,1,183.572286
2016-06-29,13.5800,9.643209,3900900,0,1,186.177121
2016-06-30,13.8133,9.808901,2651100,0,1,189.375584
2016-07-01,13.8267,9.818371,1799700,0,1,189.559293
2016-07-05,13.7800,9.785232,1546800,0,1,188.919052
2016-07-06,13.8267,9.818371,1606800,0,1,189.559293
2016-07-07,13.8067,9.804168,1760100,0,1,189.285100
2016-07-08,13.9900,9.934353,1932600,0,1,191.798080
2016-07-11,14.0533,9.979327,1728900,0,1,192.665901
2016-07-12,14.1267,10.031403,5422800,0,1,193.672190
2016-07-13,14.1600,10.055070,1542600,0,1,194.128721
2016-07-14,14.2167,10.095311,1524600,0,1,194.906059
2016-07-15,14.2100,10.090575,1364100,0,1,194.814204
2016-07-18,14.2233,10.100043,1078800,0,1,194.996542
2016-07-19,14.2267,10.102413,1272000,0,1,195.043155
2016-07-20,14.2767,10.137916,1021500,0,1,195.728638
2016-07-21,14.2267,10.102413,1452900,0,1,195.043155
2016-07-22,14.3100,10.161588,1120200,0,1,196.185169
2016-07-25,14.2800,10.140283,1182600,0,1,195.773880
2016-07-26,14.2900,10.147385,1667700,0,1,195.910976
2016-07-27,14.2133,10.092940,1359000,0,1,194.859446
2016-07-28,14.1833,10.071642,1050000,0,1,194.448156
2016-07-29,14.2067,10.088209,1571400,0,1,194.768962
2016-08-01,14.1633,10.057438,1794000,0,1,194.173963
2016-08-02,14.0733,9.993527,1371900,0,1,192.940094
2016-08-03,14.0800,9.998263,693000,0,1,193.031949
2016-08-04,14.1033,10.014832,2761800,0,1,193.351384
2016-08-05,14.1833,10.071642,930300,0,1,194.448156
2016-08-08,14.1833,10.071642,1108500,0,1,194.448156
2016-08-09,14.1900,10.076371,1017000,0,1,194.540011
2016-08-10,14.1867,10.074007,1240800,0,1,194.494769
2016-08-11,14.2633,10.128448,1245300,0,1,195.544928
2016-08-12,14.2533,10.121348,1242600,0,1,195.407832
2016-08-15,14.2933,10.149749,1370700,0,1,195.956218
2016-08-16,14.2100,10.090575,949200,0,1,194.814204
2016-08-17,14.2333,10.107147,1104000,0,1,195.133639
2016-08-18,14.2767,10.137916,1076400,0,1,195.728638
2016-08-19,14.2267,10.102413,837900,0,1,195.043155
2016-08-22,14.2100,10.090575,1266000,0,1,194.814204
2016-08-23,14.2433,10.114245,1107900,0,1,195.270735
2016-08-24,14.2067,10.088209,1071900,0,1,194.768962
2016-08-25,14.2000,10.083475,1032600,0,1,194.677107
2016-08-26,14.1600,10.055070,1413900,0,1,194.128721
2016-08-29,14.2400,10.111881,1288200,0,1,195.225494
2016-08-30,14.1867,10.074007,1159500,0,1,194.494769
2016-08-31,14.1600,10.055070,1113900,0,1,194.128721
2016-09-01,14.1867,10.074007,851100,0,1,194.494769
2016-09-02,14.2467,10.116614,1211100,0,1,195.317348
2016-09-06,14.2867,10.145019,1156800,0,1,195.865734
2016-09-07,14.2633,10.128448,1115700,0,1,195.544928
2016-09-08,14.2333,10.107147,1338900,0,1,195.133639
2016-09-09,13.8800,9.856245,3557400,0,1,190.290018
2016-09-12,14.0767,9.995898,2022900,0,1,192.986707
2016-09-13,13.8833,9.858610,1660500,0,1,190.335259
2016-09-14,13.8500,9.834938,1614300,0,1,189.878728
2016-09-15,13.9933,9.936719,9441900,0,1,191.843322
2016-09-16,13.9533,9.908316,7872900,0,1,191.294935
2016-09-19,13.8700,9.906888,4539900,0.081333,1,191.267968
2016-09-20,13.8633,9.902126,954300,0,1,191.175575
2016-09-21,14.0033,10.002122,1401000,0,1,193.106182
2016-09-22,14.0700,10.049743,1637100,0,1,194.025978
2016-09-23,13.9967,9.997361,1137000,0,1,193.015168
2016-09-26,13.8833,9.916413,2091000,0,1,191.451376
2016-09-27,13.9900,9.992599,1612500,0,1,192.922774
2016-09-28,14.0667,10.047360,1259100,0,1,193.980471
2016-09-29,13.9900,9.992599,1257900,0,1,192.922774
2016-09-30,14.1033,10.073548,1991700,0,1,194.485187
2016-10-03,14.0533,10.037837,1497600,0,1,193.795684
2016-10-04,13.9433,9.959268,18874200,0,1,192.278779
2016-10-05,14.0033,10.002122,1613400,0,1,193.106182
2016-10-06,14.0133,10.009266,1598700,0,1,193.244082
2016-10-07,13.9867,9.990219,1268400,0,1,192.877267
2016-10-10,14.0067,10.004503,1571400,0,1,193.153068
2016-10-11,13.8667,9.904510,1969800,0,1,191.222461
2016-10-12,13.8767,9.911649,1510200,0,1,191.360362
2016-10-13,13.8333,9.880698,2193000,0,1,190.761874
2016-10-14,13.8533,9.894981,1333200,0,1,191.037675
2016-10-17,13.8167,9.868794,1224000,0,1,190.532959
2016-10-18,13.8267,9.875937,1255200,0,1,190.670859
2016-10-19,13.7967,9.854508,1421700,0,1,190.257158
2016-10-20,13.7500,9.821178,1327200,0,1,189.613163
2016-10-21,13.7967,9.854508,1962000,0,1,190.257158
2016-10-24,13.8667,9.904510,1024200,0,1,191.222461
2016-10-25,13.8733,9.909266,1582200,0,1,191.313476
2016-10-26,13.8967,9.925935,1438800,0,1,191.636163
2016-10-27,13.8533,9.894981,1522800,0,1,191.037675
2016-10-28,13.8667,9.904510,1509900,0,1,191.222461
2016-10-31,13.8833,9.916413,1193700,0,1,191.451376
2016-11-01,13.7900,9.849743,1657800,0,1,190.164765
2016-11-02,13.7400,9.814034,2076000,0,1,189.475262
2016-11-03,13.7000,9.785463,1721400,0,1,188.923660
2016-11-04,13.6467,9.747368,1739700,0,1,188.188651
2016-11-07,13.9033,9.930696,1817100,0,1,191.727177
2016-11-08,13.9833,9.987839,1780200,0,1,192.830381
2016-11-09,14.1100,10.078310,3871200,0,1,194.577580
2016-11-10,14.0933,10.066407,2732100,0,1,194.347286
2016-11-11,14.0833,10.059262,2246100,0,1,194.209386
2016-11-14,14.0633,10.044976,1686300,0,1,193.933585
2016-11-15,14.1767,10.125929,1368000,0,1,195.497376
2016-11-16,14.1767,10.125929,1305600,0,1,195.497376
2016-11-17,14.1900,10.135449,1470000,0,1,195.680784
2016-11-18,14.1733,10.123547,1241400,0,1,195.450490
2016-11-21,14.2700,10.192592,4462800,0,1,196.783988
2016-11-22,14.3433,10.244972,3031500,0,1,197.794798
2016-11-23,14.3500,10.249738,2916600,0,1,197.887192
2016-11-25,14.4133,10.294972,1195500,0,1,198.760102
2016-11-28,14.3933,10.280688,1685700,0,1,198.484301
2016-11-29,14.3900,10.278306,1413600,0,1,198.438793
2016-11-30,14.3367,10.240211,1655700,0,1,197.703784
2016-12-01,14.2400,10.171167,2224800,0,1,196.370286
2016-12-02,14.2867,10.204499,1180800,0,1,197.014281
2016-12-05,14.3467,10.247358,1824900,0,1,197.841684
2016-12-06,14.3867,10.275927,2371500,0,1,198.393286
2016-12-07,14.5900,10.421158,1811400,0,1,201.196803
2016-12-08,14.5967,10.425923,1889700,0,1,201.289196
2016-12-09,14.6767,10.483063,1832700,0,1,202.392400
2016-12-12,14.7500,10.535444,1843800,0,1,203.403211
2016-12-13,14.8433,10.602109,1675800,0,1,204.689822
2016-12-14,14.6933,10.494966,2287800,0,1,202.621315
2016-12-15,14.7367,10.525916,1784100,0,1,203.219803
2016-12-16,14.7433,10.530683,1644900,0,1,203.310817
2016-12-19,14.6467,10.556871,1643700,0.133,1,203.812775
2016-12-20,14.6833,10.583299,1516200,0,1,204.322074
2016-12-21,14.6500,10.559271,3044700,0,1,203.858696
2016-12-22,14.6367,10.549662,1482000,0,1,203.673623
2016-12-23,14.6467,10.556871,866100,0,1,203.812775
2016-12-27,14.6700,10.573685,2500500,0,1,204.137001
2016-12-28,14.5600,10.494402,1546200,0,1,202.606321
2016-12-29,14.5733,10.504013,1922700,0,1,202.791394
2016-12-30,14.5233,10.467972,1350900,0,1,202.095631
2017-01-03,14.6000,10.523236,2177100,0,1,203.162932
2017-01-04,14.6233,10.540051,4258200,0,1,203.487158
2017-01-05,14.6100,10.530440,1647600,0,1,203.302085
2017-01-06,14.6100,10.530440,1512600,0,1,203.302085
2017-01-09,14.5333,10.475183,1673400,0,1,202.234784
2017-01-10,14.4833,10.439146,1863000,0,1,201.539020
2017-01-11,14.5233,10.467972,1365900,0,1,202.095631
2017-01-12,14.4933,10.446350,1929300,0,1,201.678173
2017-01-13,14.5033,10.453556,1253100,0,1,201.817326
2017-01-17,14.5033,10.453556,1965000,0,1,201.817326
2017-01-18,14.5100,10.458363,1017900,0,1,201.910558
2017-01-19,14.4567,10.419923,1311900,0,1,201.168874
2017-01-20,14.5333,10.475183,1537200,0,1,202.234784
2017-01-23,14.4700,10.429532,1706100,0,1,201.353947
2017-01-24,14.5567,10.492000,1448100,0,1,202.560401
2017-01-25,14.6533,10.561674,2823600,0,1,203.904616
2017-01-26,14.6000,10.523236,1778700,0,1,203.162932
2017-01-27,14.6033,10.525637,1209600,0,1,203.208853
2017-01-30,14.5233,10.467972,1736700,0,1,202.095631
2017-01-31,14.4533,10.417518,2264400,0,1,201.121562
2017-02-01,14.3867,10.369470,1650600,0,1,200.194805
2017-02-02,14.4033,10.381482,1979400,0,1,200.425799
2017-02-03,14.4700,10.429532,1434000,0,1,201.353947
2017-02-06,14.4533,10.417518,1644300,0,1,201.121562
2017-02-07,14.4833,10.439146,1381200,0,1,201.539020
2017-02-08,14.5033,10.453556,884400,0,1,201.817326
2017-02-09,14.5633,10.496804,1425000,0,1,202.652242
2017-02-10,14.5967,10.520832,1926900,0,1,203.117012
2017-02-13,14.6700,10.573685,1428300,0,1,204.137001
2017-02-14,14.7000,10.595312,1468500,0,1,204.554459
2017-02-15,14.7833,10.655372,1400100,0,1,205.713601
2017-02-16,14.8100,10.674594,1494900,0,1,206.085139
2017-02-17,14.8300,10.689009,1335600,0,1,206.363444
2017-02-21,14.9100,10.746671,1739400,0,1,207.476666
2017-02-22,14.8967,10.737061,1431900,0,1,207.291593
2017-02-23,14.9600,10.782708,1188300,0,1,208.172429
2017-02-24,15.0000,10.811542,1071600,0,1,208.729040
2017-02-27,15.0033,10.813946,1318500,0,1,208.774960
2017-02-28,14.9467,10.773099,1571100,0,1,207.987356
2017-03-01,15.1033,10.886019,1914300,0,1,210.166487
2017-03-02,15.0533,10.849981,2011800,0,1,209.470724
2017-03-03,15.0367,10.837970,1671900,0,1,209.239730
2017-03-06,15.0133,10.821148,1725900,0,1,208.914113
2017-03-07,14.9667,10.787518,1248300,0,1,208.265661
2017-03-08,14.9500,10.775504,1416300,0,1,208.033276
2017-03-09,14.9567,10.780304,1476300,0,1,208.126509
2017-03-10,15.0167,10.823557,1315500,0,1,208.961425
2017-03-13,15.0100,10.818747,1098900,0,1,208.868193
2017-03-14,14.9633,10.785114,1136700,0,1,208.218350
2017-03-15,15.0767,10.866800,1446000,0,1,209.796341
2017-03-16,15.0633,10.857190,1075200,0,1,209.609876
2017-03-17,15.0733,10.864396,1657200,0,1,209.749029
2017-03-20,14.9433,10.848908,1131900,0.108667,1,209.452175
2017-03-21,14.8333,10.769053,2079600,0,1,207.910364
2017-03-22,14.8467,10.778730,3082800,0,1,208.098185
2017-03-23,14.8267,10.764212,1353900,0,1,207.817855
2017-03-24,14.7933,10.740008,1610700,0,1,207.349706
2017-03-27,14.7800,10.730329,2858100,0,1,207.163287
2017-03-28,14.8567,10.785988,2582100,0,1,208.238349
2017-03-29,14.8533,10.783570,2609400,0,1,208.190693
2017-03-30,14.8733,10.798089,1558500,0,1,208.471022
2017-03-31,14.8600,10.788408,1323900,0,1,208.284604
2017-04-03,14.8167,10.756950,2298900,0,1,207.677691
2017-04-04,14.8533,10.783570,4558500,0,1,208.190693
2017-04-05,14.8133,10.754528,1808400,0,1,207.630035
2017-04-06,14.8200,10.759371,1302000,0,1,207.723945
2017-04-07,14.8267,10.764212,1687500,0,1,207.817855
2017-04-10,14.8267,10.764212,1412700,0,1,207.817855
2017-04-11,14.8300,10.766628,1823400,0,1,207.864110
2017-04-12,14.7867,10.735169,1360200,0,1,207.257197
2017-04-13,14.6967,10.669831,1571100,0,1,205.995716
2017-04-17,14.7933,10.740008,1442700,0,1,207.349706
2017-04-18,14.7900,10.737586,1648500,0,1,207.303451
2017-04-19,14.7300,10.694029,1370700,0,1,206.462464
2017-04-20,14.8033,10.747272,901500,0,1,207.489870
2017-04-21,14.7800,10.730329,1173900,0,1,207.163287
2017-04-24,14.9100,10.824708,1616700,0,1,208.985427
2017-04-25,14.9900,10.882790,1454400,0,1,210.106743
2017-04-26,14.9567,10.858588,1396800,0,1,209.639995
2017-04-27,14.9667,10.865851,1069200,0,1,209.780160
2017-04-28,14.8967,10.815028,1349100,0,1,208.799008
2017-05-01,14.8733,10.798089,1143600,0,1,208.471022
2017-05-02,14.8800,10.802930,1413600,0,1,208.564933
2017-05-03,14.8900,10.810187,1373400,0,1,208.705097
2017-05-04,14.9033,10.819868,932700,0,1,208.891516
2017-05-05,14.9567,10.858588,897000,0,1,209.639995
2017-05-08,14.9400,10.846492,3549600,0,1,209.405920
2017-05-09,14.9267,10.836809,1227000,0,1,209.219501
2017-05-10,14.9367,10.844070,1109100,0,1,209.359666
2017-05-11,14.8733,10.798089,1435800,0,1,208.471022
2017-05-12,14.8467,10.778730,940200,0,1,208.098185
2017-05-15,14.9267,10.836809,1197900,0,1,209.219501
2017-05-16,14.9400,10.846492,1023600,0,1,209.405920
2017-05-17,14.7567,10.713388,3060600,0,1,206.836703
2017-05-18,14.7733,10.725485,2530500,0,1,207.069376
2017-05-19,14.8867,10.807771,1011300,0,1,208.658843
2017-05-22,14.9633,10.863429,1122000,0,1,209.732504
2017-05-23,14.9533,10.856170,949800,0,1,209.592339
2017-05-24,14.9833,10.877952,1422600,0,1,210.012833
2017-05-25,15.0833,10.950547,1198800,0,1,211.414479
2017-05-26,15.0767,10.945711,697200,0,1,211.321971
2017-05-30,15.1133,10.972328,962700,0,1,211.834973
2017-05-31,15.1567,11.003792,952200,0,1,212.443287
2017-06-01,15.2333,11.059449,1674000,0,1,213.516948
2017-06-02,15.2600,11.078810,825300,0,1,213.891188
2017-06-05,15.2667,11.083653,1245300,0,1,213.985098
2017-06-06,15.2233,11.052191,1107900,0,1,213.376784
2017-06-07,15.2100,11.042509,882000,0,1,213.190365
2017-06-08,15.2000,11.035250,1013700,0,1,213.050200
2017-06-09,15.2333,11.059449,1370400,0,1,213.516948
2017-06-12,15.2600,11.078810,1265100,0,1,213.891188
2017-06-13,15.3067,11.112689,1277100,0,1,214.545756
2017-06-14,15.3267,11.127211,1252200,0,1,214.826086
2017-06-15,15.3233,11.124790,1391400,0,1,214.778430
2017-06-16,15.3500,11.144152,1100400,0,1,215.152669
2017-06-19,15.3233,11.205336,1535700,0.110333,1,216.324908
2017-06-20,15.2400,11.144397,985800,0,1,215.148930
2017-06-21,15.1800,11.100521,1243500,0,1,214.301887
2017-06-22,15.1633,11.088328,1499100,0,1,214.066126
2017-06-23,15.1933,11.110271,1071300,0,1,214.489648
2017-06-26,15.1800,11.100521,1866600,0,1,214.301887
2017-06-27,15.0767,11.024956,3392700,0,1,212.843561
2017-06-28,15.1433,11.073708,1113000,0,1,213.783779
2017-06-29,14.9867,10.959144,2022300,0,1,211.572996
2017-06-30,15.0333,10.993267,1044900,0,1,212.230867
2017-07-03,15.0700,11.020081,680400,0,1,212.748975
2017-07-05,15.0800,11.027389,1377900,0,1,212.890148
2017-07-06,14.9667,10.944517,1152600,0,1,211.290649
2017-07-07,15.0333,10.993267,1242300,0,1,212.230867
2017-07-10,15.0000,10.968893,1216500,0,1,211.760758
2017-07-11,14.9867,10.959144,1191000,0,1,211.572996
2017-07-12,15.0867,11.032268,1203600,0,1,212.984735
2017-07-13,15.1000,11.042021,1265100,0,1,213.172496
2017-07-14,15.1867,11.105392,822300,0,1,214.396473
2017-07-17,15.1800,11.100521,1140000,0,1,214.301887
2017-07-18,15.1567,11.083459,1141500,0,1,213.972952
2017-07-19,15.2067,11.120022,1077600,0,1,214.678821
2017-07-20,15.2067,11.120022,1222800,0,1,214.678821
2017-07-21,15.1867,11.105392,1290000,0,1,214.396473
2017-07-24,15.0933,11.037144,1990200,0,1,213.077910
2017-07-25,15.1733,11.095644,2295300,0,1,214.207300
2017-07-26,15.2000,11.115143,1254000,0,1,214.584234
2017-07-27,15.3233,11.205336,910800,0,1,216.324908
2017-07-28,15.2500,11.151708,1195200,0,1,215.290104
2017-07-31,15.2833,11.176084,1246500,0,1,215.760212
2017-08-01,15.2933,11.183392,1229400,0,1,215.901386
2017-08-02,15.2800,11.173644,989100,0,1,215.713625
2017-08-03,15.3067,11.193146,1085700,0,1,216.090559
2017-08-04,15.3267,11.207772,699300,0,1,216.372907
2017-08-07,15.3533,11.227274,973500,0,1,216.748429
2017-08-08,15.3167,11.200459,1139100,0,1,216.231733
2017-08-09,15.3233,11.205336,1117500,0,1,216.324908
2017-08-10,15.2200,11.129772,1281300,0,1,214.866582
2017-08-11,15.2133,11.124894,1111500,0,1,214.771996
2017-08-14,15.3267,11.207772,1141800,0,1,216.372907
2017-08-15,15.3267,11.207772,875700,0,1,216.372907
2017-08-16,15.3633,11.234584,1100100,0,1,216.889603
2017-08-17,15.1500,11.078582,1816800,0,1,213.878365
2017-08-18,15.0967,11.039583,3172200,0,1,213.125909
2017-08-21,15.1467,11.076143,11046900,0,1,213.831778
2017-08-22,15.2333,11.139517,6925800,0,1,215.054343
2017-08-23,15.1800,11.100521,1085400,0,1,214.301887
2017-08-24,15.1567,11.083459,1245000,0,1,213.972952
2017-08-25,15.2000,11.115143,825900,0,1,214.584234
2017-08-28,15.1833,11.102955,1187700,0,1,214.348474
2017-08-29,15.2000,11.115143,956700,0,1,214.584234
2017-08-30,15.2300,11.137083,902700,0,1,215.007756
2017-08-31,15.2800,11.173644,919800,0,1,215.713625
2017-09-01,15.3033,11.190706,998100,0,1,216.042560
2017-09-05,15.2367,11.141954,16979100,0,1,215.102342
2017-09-06,15.3033,11.190706,1225200,0,1,216.042560
2017-09-07,15.3267,11.207772,666000,0,1,216.372907
2017-09-08,15.3033,11.190706,948900,0,1,216.042560
2017-09-11,15.4333,11.285772,1384500,0,1,217.877820
2017-09-12,15.5067,11.339398,1017000,0,1,218.914036
2017-09-13,15.5400,11.363772,822000,0,1,219.384145
2017-09-14,15.5867,11.397898,767100,0,1,220.043427
2017-09-15,15.6467,11.441772,1029600,0,1,220.890470
2017-09-18,15.5667,11.467312,1563600,0.114667,1,221.379877
2017-09-19,15.5833,11.479589,1067400,0,1,221.615952
2017-09-20,15.5867,11.482043,1090800,0,1,221.664305
2017-09-21,15.5267,11.437846,828900,0,1,220.811022
2017-09-22,15.5567,11.459943,1061400,0,1,221.237663
2017-09-25,15.5733,11.472221,1947600,0,1,221.473738
2017-09-26,15.5533,11.457490,979800,0,1,221.189311
2017-09-27,15.5500,11.455031,949500,0,1,221.142380
2017-09-28,15.5900,11.484500,744300,0,1,221.711235
2017-09-29,15.6000,11.491866,1075200,0,1,221.853449
2017-10-02,15.6667,11.540977,2342700,0,1,222.802015
2017-10-03,15.7167,11.577808,1409400,0,1,223.513083
2017-10-04,15.7567,11.607275,1069200,0,1,224.081938
2017-10-05,15.8233,11.656385,921300,0,1,225.029082
2017-10-06,15.8000,11.639198,852900,0,1,224.697724
2017-10-09,15.8233,11.656385,1037100,0,1,225.029082
2017-10-10,15.9133,11.722686,1159200,0,1,226.309006
2017-10-11,15.9500,11.749697,934500,0,1,226.830930
2017-10-12,15.9700,11.764429,1022400,0,1,227.115358
2017-10-13,16.0033,11.788981,1062600,0,1,227.588929
2017-10-16,16.0033,11.788981,1216200,0,1,227.588929
2017-10-17,16.0100,11.793896,1255200,0,1,227.684213
2017-10-18,16.0633,11.833186,1021500,0,1,228.442212
2017-10-19,16.1000,11.860197,997800,0,1,228.964136
2017-10-20,16.1533,11.899482,1153200,0,1,229.722136
2017-10-23,16.1667,11.909307,1255800,0,1,229.912702
2017-10-24,16.1867,11.924037,1056900,0,1,230.197130
2017-10-25,16.1100,11.867561,1419000,0,1,229.106350
2017-10-26,16.1633,11.906854,1925400,0,1,229.864349
2017-10-27,16.2700,11.985428,1021200,0,1,231.381770
2017-10-30,16.1567,11.901941,1643100,0,1,229.770488
2017-10-31,16.1633,11.906854,1186500,0,1,229.864349
2017-11-01,16.2233,11.951050,1323600,0,1,230.717632
2017-11-02,16.2367,11.960875,1216200,0,1,230.908198
2017-11-03,16.2567,11.975605,1144500,0,1,231.192626
2017-11-06,16.2067,11.938774,1502400,0,1,230.481557
2017-11-07,16.2467,11.968236,1305600,0,1,231.050412
2017-11-08,16.2967,12.005072,1008900,0,1,231.761481
2017-11-09,16.2233,11.951050,1934400,0,1,230.717632
2017-11-10,16.2267,11.953506,1303500,0,1,230.765985
2017-11-13,16.2900,12.000161,1833600,0,1,231.666198
2017-11-14,16.3100,12.014894,1032600,0,1,231.950625
2017-11-15,16.1867,11.924037,3121800,0,1,230.197130
2017-11-16,16.3500,12.044359,1170900,0,1,232.519480
2017-11-17,16.2900,12.000161,1105200,0,1,231.666198
2017-11-20,16.3433,12.039452,1105200,0,1,232.424197
2017-11-21,16.4367,12.108201,1579200,0,1,233.752473
2017-11-22,16.4000,12.081192,2468100,0,1,233.230549
2017-11-24,16.4300,12.103293,819000,0,1,233.657190
2017-11-27,16.4467,12.115569,1355700,0,1,233.894687
2017-11-28,16.6200,12.243258,1346700,0,1,236.359251
2017-11-29,16.6867,12.292368,1510800,0,1,237.307817
2017-11-30,16.8433,12.407778,3618900,0,1,239.534884
2017-12-01,16.8167,12.388134,2712900,0,1,239.156596
2017-12-04,16.8833,12.437244,2426100,0,1,240.103739
2017-12-05,16.8100,12.383224,2387400,0,1,239.061313
2017-12-06,16.8233,12.393042,1291200,0,1,239.250457
2017-12-07,16.8133,12.385676,1149600,0,1,239.108243
2017-12-08,16.8733,12.429875,1240500,0,1,239.961526
2017-12-11,16.9233,12.466708,1350600,0,1,240.672594
2017-12-12,16.9433,12.481444,1777200,0,1,240.957022
2017-12-13,16.9967,12.520732,1470600,0,1,241.716443
2017-12-14,16.9267,12.469164,1334100,0,1,240.720947
2017-12-15,17.0533,12.562478,1894200,0,1,242.521373
2017-12-18,17.0567,12.650239,2638500,0.115,1,244.205184
2017-12-19,17.0667,12.657656,1524900,0,1,244.348356
2017-12-20,17.0667,12.657656,1763400,0,1,244.348356
2017-12-21,17.0367,12.635407,1671300,0,1,243.918839
2017-12-22,17.0567,12.650239,1445100,0,1,244.205184
2017-12-26,17.0667,12.657656,2246700,0,1,244.348356
2017-12-27,17.0900,12.674961,4083900,0,1,244.681949
2017-12-28,17.1000,12.682376,1797000,0,1,244.825121
2017-12-29,17.0567,12.650239,1890900,0,1,244.205184
2018-01-02,17.1100,12.689795,2382300,0,1,244.968294
2018-01-03,17.1600,12.726878,2928900,0,1,245.684157
2018-01-04,17.2433,12.788682,2469900,0,1,246.876784
2018-01-05,17.3500,12.867794,2328600,0,1,248.404436
2018-01-08,17.3867,12.894985,2660400,0,1,248.929879
2018-01-09,17.3900,12.897463,3060300,0,1,248.977126
2018-01-10,17.3400,12.860376,2682900,0,1,248.261263
2018-01-11,17.4633,12.951845,2049000,0,1,250.026581
2018-01-12,17.5633,13.026015,2458500,0,1,251.458307
2018-01-16,17.5333,13.003767,3421500,0,1,251.028789
2018-01-17,17.7967,13.199068,2446800,0,1,254.799955
2018-01-18,17.7467,13.161985,3337200,0,1,254.084092
2018-01-19,17.8033,13.204011,2493300,0,1,254.894449
2018-01-22,17.9467,13.310315,2629800,0,1,256.947544
2018-01-23,17.9033,13.278174,2496000,0,1,256.326175
2018-01-24,17.8600,13.246038,2464200,0,1,255.706238
2018-01-25,17.8900,13.268288,2331900,0,1,256.135755
2018-01-26,18.1933,13.493258,2838300,0,1,260.478180
2018-01-29,18.0633,13.396843,2815200,0,1,258.616936
2018-01-30,17.8333,13.226260,3911100,0,1,255.323967
2018-01-31,17.8333,13.226260,3468000,0,1,255.323967
2018-02-01,17.7767,13.184235,3010500,0,1,254.513610
2018-02-02,17.3900,12.897463,5088300,0,1,248.977126
2018-02-05,16.6333,12.336269,10652100,0,1,238.143257
2018-02-06,16.9133,12.543938,9009600,0,1,242.152089
2018-02-07,16.8767,12.516738,4570200,0,1,241.628077
2018-02-08,16.2600,12.059383,5699100,0,1,232.798624
2018-02-09,16.4800,12.222550,8161500,0,1,235.948421
2018-02-12,16.7067,12.390659,3564900,0,1,239.194143
2018-02-13,16.7200,12.400549,2163300,0,1,239.384563
2018-02-14,16.8167,12.472241,2344800,0,1,240.769042
2018-02-15,17.0133,12.618100,2858100,0,1,243.583815
2018-02-16,17.0333,12.632932,2988300,0,1,243.870160
2018-02-20,16.8333,12.484600,2567100,0,1,241.006708
2018-02-21,16.6833,12.373351,3061500,0,1,238.859120
2018-02-22,16.7500,12.422799,3278400,0,1,239.814081
2018-02-23,16.9900,12.600797,2015100,0,1,243.250223
2018-02-26,17.2233,12.773849,2709900,0,1,246.590439
2018-02-27,17.0467,12.642826,2801400,0,1,244.062011
2018-02-28,16.8300,12.482129,3213600,0,1,240.959461
2018-03-01,16.6233,12.328853,4178100,0,1,238.000084
2018-03-02,16.6733,12.365933,3917100,0,1,238.715947
2018-03-05,16.8467,12.494491,2889000,0,1,241.198560
2018-03-06,16.8600,12.504384,2030100,0,1,241.388979
2018-03-07,16.8233,12.477185,1796400,0,1,240.863536
2018-03-08,16.8933,12.529104,1593000,0,1,241.865744
2018-03-09,17.1333,12.707102,1653900,0,1,245.301886
2018-03-12,17.0367,12.635407,1926600,0,1,243.918839
2018-03-13,16.9700,12.585960,1535100,0,1,242.963878
2018-03-14,16.8133,12.469769,1807800,0,1,240.720363
2018-03-15,16.8200,12.474712,2095500,0,1,240.816289
2018-03-16,16.7967,12.522428,2150400,0.087333,1,241.733066
2018-03-19,16.5900,12.368350,2632200,0,1,238.758301
2018-03-20,16.5933,12.370834,1745400,0,1,238.805794
2018-03-21,16.5333,12.326104,2411100,0,1,237.942292
2018-03-22,16.1733,12.057713,3543300,0,1,232.761280
2018-03-23,15.8600,11.824113,5365500,0,1,228.252360
2018-03-26,16.2467,12.112388,3089400,0,1,233.817631
2018-03-27,16.0833,11.990615,7560900,0,1,231.466027
2018-03-28,16.1400,12.032863,2381400,0,1,232.282036
2018-03-29,16.3433,12.184454,1938600,0,1,235.207869
2018-04-02,15.9567,11.896182,4953900,0,1,229.644038
2018-04-03,16.1767,12.060196,3321300,0,1,232.810212
2018-04-04,16.3667,12.201849,2396100,0,1,235.544635
2018-04-05,16.4500,12.263978,3599700,0,1,236.743463
2018-04-06,16.1200,12.017954,3364500,0,1,231.994202
2018-04-09,16.1233,12.020435,2822700,0,1,232.041695
2018-04-10,16.3633,12.199365,2676300,0,1,235.495703
2018-04-11,16.3100,12.159601,2309400,0,1,234.728625
2018-04-12,16.4000,12.226700,2564700,0,1,236.023878
2018-04-13,16.3800,12.211791,2433300,0,1,235.736044
2018-04-16,16.5467,12.336044,2633400,0,1,238.135141
2018-04-17,16.6467,12.410600,7239000,0,1,239.574311
2018-04-18,16.5900,12.368350,5970300,0,1,238.758301
2018-04-19,16.3767,12.209304,5347800,0,1,235.688552
2018-04-20,16.2167,12.090020,3855300,0,1,233.385880
2018-04-23,16.2267,12.097472,7383300,0,1,233.529797
2018-04-24,16.0700,11.980676,8897700,0,1,231.274617
2018-04-25,16.1533,12.042800,6927600,0,1,232.473446
2018-04-26,16.2867,12.142206,3548700,0,1,234.393299
2018-04-27,16.3133,12.162087,1698900,0,1,234.776118
2018-04-30,16.1600,12.047772,2766900,0,1,232.569870
2018-05-01,16.0733,11.983160,4299600,0,1,231.322110
2018-05-02,15.9100,11.861387,18551100,0,1,228.971945
2018-05-03,15.8700,11.831567,11351100,0,1,228.396277
2018-05-04,16.0800,11.988132,2380500,0,1,231.418534
2018-05-07,16.0600,11.973220,2424000,0,1,231.130700
2018-05-08,16.0600,11.973220,2002200,0,1,231.130700
2018-05-09,16.1667,12.052745,1896300,0,1,232.666295
2018-05-10,16.3300,12.174511,2475300,0,1,235.016459
2018-05-11,16.4000,12.226700,1947900,0,1,236.023878
2018-05-14,16.4667,12.276402,2050800,0,1,236.983805
2018-05-15,16.3667,12.201849,2572800,0,1,235.544635
2018-05-16,16.4833,12.288829,1519200,0,1,237.222707
2018-05-17,16.5133,12.311193,1410300,0,1,237.654458
2018-05-18,16.4633,12.273916,1734000,0,1,236.934873
2018-05-21,16.6167,12.388231,1983600,0,1,239.142560
2018-05-22,16.5333,12.326104,1552800,0,1,237.942292
2018-05-23,16.5667,12.350957,1430400,0,1,238.422975
2018-05-24,16.5467,12.336044,1290000,0,1,238.135141
2018-05-25,16.5333,12.326104,1171500,0,1,237.942292
2018-05-29,16.4067,12.231671,2065500,0,1,236.120303
2018-05-30,16.6400,12.405627,2296800,0,1,239.477886
2018-05-31,16.4500,12.263978,3770700,0,1,236.743463
2018-06-01,16.6067,12.380775,2230500,0,1,238.998643
2018-06-04,16.6933,12.445389,1660200,0,1,240.244964
2018-06-05,16.7333,12.475210,1153200,0,1,240.820632
2018-06-06,16.8367,12.552250,1346400,0,1,242.308734
2018-06-07,16.8833,12.587039,1421100,0,1,242.979387
2018-06-08,16.9600,12.644197,1128300,0,1,244.083230
2018-06-11,16.9933,12.669046,1205700,0,1,244.562474
2018-06-12,17.0033,12.676501,1854600,0,1,244.706391
2018-06-13,16.9133,12.609404,1147800,0,1,243.411138
2018-06-14,16.9133,12.609404,1228800,0,1,243.411138
2018-06-15,16.9733,12.654138,1557000,0,1,244.274640
2018-06-18,16.8267,12.544795,1398900,0,1,242.164817
2018-06-19,16.7833,12.512487,1566000,0,1,241.540217
2018-06-20,16.7800,12.510003,1127100,0,1,241.492724
2018-06-21,16.7033,12.452842,1163100,0,1,240.388881
2018-06-22,16.7800,12.510003,1092900,0,1,241.492724
2018-06-25,16.6533,12.415568,2028600,0,1,239.669296
2018-06-26,16.4800,12.387007,1605000,0.135333,1,239.122886
2018-06-27,16.3600,12.296811,1553400,0,1,237.381700
2018-06-28,16.4233,12.344412,2563500,0,1,238.300176
2018-06-29,16.4300,12.349425,1469100,0,1,238.397392
2018-07-02,16.4033,12.329380,3512400,0,1,238.009978
2018-07-03,16.3733,12.306830,1047300,0,1,237.574682
2018-07-05,16.5467,12.437115,2170800,0,1,240.090696
2018-07-06,16.6167,12.489730,1305900,0,1,241.106387
2018-07-09,16.7200,12.567398,1606800,0,1,242.605258
2018-07-10,16.8567,12.670121,1755900,0,1,244.588760
2018-07-11,16.7067,12.557374,1424700,0,1,242.412277
2018-07-12,16.7900,12.620015,1584900,0,1,243.620950
2018-07-13,16.8600,12.672628,1219200,0,1,244.636642
2018-07-16,16.8133,12.637549,1288200,0,1,243.959031
2018-07-17,16.8633,12.675134,1263000,0,1,244.684525
2018-07-18,16.8800,12.687658,915000,0,1,244.926840
2018-07-19,16.8900,12.695177,1104900,0,1,245.071939
2018-07-20,16.8667,12.677636,942600,0,1,244.733858
2018-07-23,16.8567,12.670121,1029600,0,1,244.588760
2018-07-24,16.9100,12.710211,1698000,0,1,245.362136
2018-07-25,17.0100,12.785374,1941300,0,1,246.813125
2018-07-26,17.1133,12.863042,1612800,0,1,248.311996
2018-07-27,17.0333,12.802909,1433700,0,1,247.151205
2018-07-30,17.0233,12.795399,1330500,0,1,247.006106
2018-07-31,17.1767,12.910647,1514100,0,1,249.231922
2018-08-01,17.0333,12.802909,1446600,0,1,247.151205
2018-08-02,17.1133,12.863042,1506300,0,1,248.311996
2018-08-03,17.2400,12.958252,2048700,0,1,250.150398
2018-08-06,17.2667,12.978295,1469700,0,1,250.537812
2018-08-07,17.3233,13.020885,3850500,0,1,251.359071
2018-08-08,17.3100,13.010866,1289100,0,1,251.166090
2018-08-09,17.2667,12.978295,1289700,0,1,250.537812
2018-08-10,17.1567,12.895616,1660200,0,1,248.941725
2018-08-13,17.0833,12.840490,1561200,0,1,247.876699
2018-08-14,17.1833,12.915659,1086000,0,1,249.327688
2018-08-15,17.1600,12.898120,1664700,0,1,248.989607
2018-08-16,17.3600,13.048446,1468200,0,1,251.891584
2018-08-17,17.4533,13.118601,1786800,0,1,253.245356
2018-08-20,17.4967,13.151171,1722300,0,1,253.875085
2018-08-21,17.5333,13.178732,1325700,0,1,254.406147
2018-08-22,17.4733,13.133634,1435800,0,1,253.535554
2018-08-23,17.4600,13.123610,1373400,0,1,253.342573
2018-08-24,17.5200,13.168708,1130400,0,1,254.213166
2018-08-27,17.6100,13.236356,2006700,0,1,255.519055
2018-08-28,17.6133,13.238863,1359300,0,1,255.566938
2018-08-29,17.6433,13.261411,1194000,0,1,256.002234
2018-08-30,17.5500,13.191257,1452000,0,1,254.648462
2018-08-31,17.5700,13.206291,1284300,0,1,254.938660
2018-09-04,17.5633,13.201281,1451700,0,1,254.841444
2018-09-05,17.6967,13.301502,1701000,0,1,256.777062
2018-09-06,17.7000,13.304006,1487700,0,1,256.824945
2018-09-07,17.6533,13.268930,1370100,0,1,256.147333
2018-09-10,17.7200,13.319035,1618500,0,1,257.115142
2018-09-11,17.6933,13.298992,1650000,0,1,256.727728
2018-09-12,17.7333,13.329060,1526100,0,1,257.308124
2018-09-13,17.8000,13.379167,1369800,0,1,258.275933
2018-09-14,17.8200,13.394201,1356600,0,1,258.566131
2018-09-17,17.8067,13.384180,1650900,0,1,258.373149
2018-09-18,17.8967,13.451827,1356600,0,1,259.679039
2018-09-19,17.8800,13.439299,2233800,0,1,259.436724
2018-09-20,18.0133,13.539515,1920000,0,1,261.370891
2018-09-21,18.0500,13.567077,1694700,0,1,261.903404
2018-09-24,17.9033,13.456840,1830600,0,1,259.774804
2018-09-25,17.6667,13.370309,2071200,0.122333,1,258.116803
2018-09-26,17.6433,13.352650,1670100,0,1,257.774921
2018-09-27,17.6367,13.347608,1407000,0,1,257.678492
2018-09-28,17.6667,13.370309,1605300,0,1,258.116803
2018-10-01,17.7167,13.408153,2867100,0,1,258.847321
2018-10-02,17.7700,13.448514,1845600,0,1,259.626053
2018-10-03,17.7600,13.440945,1604700,0,1,259.479950
2018-10-04,17.6733,13.375352,2360400,0,1,258.213232
2018-10-05,17.5633,13.292105,1710300,0,1,256.606092
2018-10-08,17.6500,13.357691,1622100,0,1,257.872810
2018-10-09,17.5867,13.309763,2018100,0,1,256.947975
2018-10-10,17.1467,12.976766,5194200,0,1,250.519417
2018-10-11,16.7100,12.646293,7683300,0,1,244.139074
2018-10-12,16.8333,12.739634,4164900,0,1,245.940531
2018-10-15,16.8133,12.724497,2038800,0,1,245.648324
2018-10-16,17.0800,12.926314,2284800,0,1,249.544906
2018-10-17,16.9967,12.863247,2091900,0,1,248.327864
2018-10-18,16.8133,12.724497,3569400,0,1,245.648324
2018-10-19,16.8533,12.754770,1944600,0,1,246.232738
2018-10-22,16.8033,12.716930,2018100,0,1,245.502221
2018-10-23,16.7333,12.663953,4458900,0,1,244.479495
2018-10-24,16.3500,12.373844,3477900,0,1,238.879345
2018-10-25,16.5200,12.502500,3434100,0,1,241.363106
2018-10-26,16.3233,12.353662,7546200,0,1,238.489249
2018-10-29,16.3667,12.386455,5576400,0,1,239.123338
2018-10-30,16.6900,12.631160,4408500,0,1,243.846867
2018-10-31,16.6233,12.580704,2227500,0,1,242.872356
2018-11-01,16.8167,12.727020,2284500,0,1,245.697999
2018-11-02,16.7633,12.686653,3610200,0,1,244.917806
2018-11-05,16.9533,12.830449,2458800,0,1,247.693774
2018-11-06,17.0667,12.916224,2980200,0,1,249.350589
2018-11-07,17.2800,13.077675,3352500,0,1,252.466978
2018-11-08,17.2733,13.072627,2244600,0,1,252.369089
2018-11-09,17.1733,12.996949,1898400,0,1,250.908053
2018-11-12,16.9367,12.817839,2576400,0,1,247.451242
2018-11-13,16.9233,12.807743,2865900,0,1,247.255463
2018-11-14,16.8433,12.747199,4440000,0,1,246.086635
2018-11-15,16.9633,12.838019,4443300,0,1,247.839878
2018-11-16,17.0100,12.873336,2480700,0,1,248.522181
2018-11-19,16.8667,12.764859,2636700,0,1,246.428517
2018-11-20,16.5267,12.507543,4482900,0,1,241.460996
2018-11-21,16.5467,12.522683,3224100,0,1,241.753203
2018-11-23,16.4700,12.464660,1484700,0,1,240.632588
2018-11-26,16.6467,12.598364,3627900,0,1,243.214239
2018-11-27,16.7700,12.691700,2367300,0,1,245.015696
2018-11-28,17.0333,12.890995,2712900,0,1,248.862603
2018-11-29,17.0000,12.865770,1858200,0,1,248.376078
2018-11-30,17.1833,13.004518,2544900,0,1,251.054156
2018-12-03,17.2667,13.067586,3901200,0,1,252.272660
2018-12-04,16.8067,12.719453,4129500,0,1,245.551896
2018-12-06,16.7433,12.671520,6839700,0,1,244.625599
2018-12-07,16.4133,12.421773,4391100,0,1,239.804181
2018-12-10,16.4400,12.441955,6895200,0,1,240.194278
2018-12-11,16.4667,12.462137,5126700,0,1,240.584374
2018-12-12,16.3467,12.473581,4592100,0.135,1,240.803530
2018-12-13,16.3700,12.491387,3341100,0,1,241.146762
2018-12-14,16.1567,12.328601,4311300,0,1,238.004636
2018-12-17,15.8167,12.069158,8396100,0,1,232.996090
2018-12-18,15.7933,12.051352,8332800,0,1,232.651384
2018-12-19,15.5533,11.868218,8329200,0,1,229.115940
2018-12-20,15.3467,11.710520,14826900,0,1,226.072512
2018-12-21,15.1700,11.575709,11748300,0,1,223.469541
2018-12-24,14.7433,11.250135,9286500,0,1,217.183816
2018-12-26,15.3767,11.733409,13596300,0,1,226.514442
2018-12-27,15.5633,11.875850,11298600,0,1,229.263250
2018-12-28,15.5267,11.847869,7551000,0,1,228.724095
2018-12-31,15.6567,11.947069,7402800,0,1,230.639127
2019-01-02,15.6567,11.947069,6042000,0,1,230.639127
2019-01-03,15.3500,11.713060,5907900,0,1,226.121124
2019-01-04,15.7733,12.036090,5090100,0,1,232.356764
2019-01-07,15.8800,12.117482,4483200,0,1,233.928563
2019-01-08,16.0300,12.231945,4616400,0,1,236.138216
2019-01-09,16.0433,12.242120,3149100,0,1,236.334139
2019-01-10,16.1133,12.295530,3105900,0,1,237.365310
2019-01-11,16.1333,12.310797,3621900,0,1,237.659930
2019-01-14,16.0600,12.254837,2893500,0,1,236.580147
2019-01-15,16.0900,12.277729,4116300,0,1,237.022077
2019-01-16,16.0333,12.234488,4683300,0,1,236.186829
2019-01-17,16.1467,12.320971,3051600,0,1,237.857326
2019-01-18,16.4133,12.524452,4643400,0,1,241.784615
2019-01-22,16.1933,12.356576,5065500,0,1,238.543791
2019-01-23,16.2567,12.404906,3235800,0,1,239.477738
2019-01-24,16.3067,12.443058,3151800,0,1,240.214289
2019-01-25,16.3667,12.488846,2803800,0,1,241.098150
2019-01-28,16.2733,12.417624,3855900,0,1,239.722273
2019-01-29,16.2933,12.432889,1829100,0,1,240.016893
2019-01-30,16.4467,12.549891,3677400,0,1,242.276631
2019-01-31,16.6033,12.669436,3249900,0,1,244.583509
2019-02-01,16.6433,12.699958,3225300,0,1,245.172749
2019-02-04,16.7400,12.773723,2889600,0,1,246.597239
2019-02-05,16.7833,12.806787,2126100,0,1,247.235092
2019-02-06,16.8433,12.852570,2004900,0,1,248.118953
2019-02-07,16.7267,12.763545,2463600,0,1,246.401316
2019-02-08,16.7267,12.763545,2227500,0,1,246.401316
2019-02-11,16.7600,12.788981,1697100,0,1,246.891859
2019-02-12,17.0000,12.972120,2439300,0,1,250.427303
2019-02-13,17.0967,13.045883,2220000,0,1,251.851793
2019-02-14,17.0433,13.005184,2448000,0,1,251.065157
2019-02-15,17.2400,13.155256,2031900,0,1,253.962748
2019-02-19,17.3067,13.206125,2335200,0,1,254.945307
2019-02-20,17.3033,13.203582,2513700,0,1,254.895221
2019-02-21,17.2400,13.155256,1879800,0,1,253.962748
2019-02-22,17.3633,13.249366,1985700,0,1,255.779082
2019-02-25,17.3633,13.249366,3309600,0,1,255.779082
2019-02-26,17.3233,13.218841,1822500,0,1,255.189842
2019-02-27,17.2800,13.185779,2301000,0,1,254.551988
2019-02-28,17.2767,13.183231,1896000,0,1,254.503376
2019-03-01,17.3467,13.236650,2235000,0,1,255.534547
2019-03-04,17.2800,13.185779,3008700,0,1,254.551988
2019-03-05,17.2400,13.155256,2205000,0,1,253.962748
2019-03-06,17.1733,13.104383,1980000,0,1,252.980189
2019-03-07,17.0567,13.015358,3777300,0,1,251.262552
2019-03-08,17.0067,12.977205,2638200,0,1,250.526001
2019-03-11,17.2467,13.160344,2138100,0,1,254.061446
2019-03-12,17.2700,13.178147,2262300,0,1,254.404678
2019-03-13,17.3800,13.262082,2444400,0,1,256.025090
2019-03-14,17.3300,13.223931,2559900,0,1,255.288539
2019-03-15,17.4233,13.295150,11528100,0,1,256.662943
2019-03-18,17.5100,13.361284,10807500,0,1,257.940123
2019-03-19,17.4900,13.346019,8694000,0,1,257.645502
2019-03-20,17.2633,13.262029,8808300,0.117333,1,256.034415
2019-03-21,17.4533,13.407990,2232900,0,1,258.852332
2019-03-22,17.2033,13.215931,3875400,0,1,255.144547
2019-03-25,17.1667,13.187767,3029100,0,1,254.601727
2019-03-26,17.3633,13.338850,3347100,0,1,257.517529
2019-03-27,17.2967,13.287639,2581500,0,1,256.529775
2019-03-28,17.3333,13.315804,3125400,0,1,257.072595
2019-03-29,17.4267,13.387504,2133900,0,1,258.457823
2019-04-01,17.6267,13.541147,3236400,0,1,261.424051
2019-04-02,17.5733,13.500177,2519700,0,1,260.632068
2019-04-03,17.6033,13.523223,2641800,0,1,261.077003
2019-04-04,17.7000,13.597484,2114400,0,1,262.511174
2019-04-05,17.7667,13.648700,2315400,0,1,263.500411
2019-04-08,17.8300,13.697355,2076600,0,1,264.439222
2019-04-09,17.6767,13.579559,1975800,0,1,262.165608
2019-04-10,17.7000,13.597484,1628700,0,1,262.511174
2019-04-11,17.7533,13.638454,2165700,0,1,263.301673
2019-04-12,17.8667,13.725521,2191500,0,1,264.983525
2019-04-15,17.8833,13.738326,1769700,0,1,265.229722
2019-04-16,18.0233,13.845871,2123700,0,1,267.306081
2019-04-17,18.0733,13.884288,2390100,0,1,268.047638
2019-04-18,18.0700,13.881726,1974000,0,1,267.998695
2019-04-22,18.0767,13.886847,2216400,0,1,268.098064
2019-04-23,18.2000,13.981596,1812000,0,1,269.926744
2019-04-24,18.1833,13.968791,1642500,0,1,269.679064
2019-04-25,17.9067,13.756248,2185800,0,1,265.576770
2019-04-26,17.9133,13.761370,2149500,0,1,265.674656
2019-04-29,17.8833,13.738326,1898100,0,1,265.229722
2019-04-30,17.9867,13.817710,1900200,0,1,266.763262
2019-05-01,17.8300,13.697355,2210700,0,1,264.439222
2019-05-02,17.8500,13.712719,2067300,0,1,264.735845
2019-05-03,17.9967,13.825391,1863300,0,1,266.911573
2019-05-06,17.8867,13.740884,2532300,0,1,265.280148
2019-05-07,17.5900,13.512983,4291800,0,1,260.879748
2019-05-08,17.5533,13.484814,1890900,0,1,260.335446
2019-05-09,17.4633,13.415672,3410700,0,1,259.000643
2019-05-10,17.5567,13.487375,2913300,0,1,260.385871
2019-05-13,17.1833,13.200570,2769000,0,1,254.847924
2019-05-14,17.3033,13.292757,2289600,0,1,256.627661
2019-05-15,17.3933,13.361898,2373300,0,1,257.962463
2019-05-16,17.4433,13.400309,1848000,0,1,258.704020
2019-05-17,17.3467,13.326049,1767000,0,1,257.271332
2019-05-20,17.2500,13.251787,1775100,0,1,255.837161
2019-05-21,17.3767,13.349094,2012700,0,1,257.716266
2019-05-22,17.3100,13.297880,1505700,0,1,256.727029
2019-05-23,17.1433,13.169845,2633700,0,1,254.254678
2019-05-24,17.1333,13.162164,1414200,0,1,254.106367
2019-05-28,16.8667,12.957297,2008500,0,1,250.152385
2019-05-29,16.8267,12.926575,3034500,0,1,249.559139
2019-05-30,16.8633,12.954742,1612200,0,1,250.101959
2019-05-31,16.6200,12.767807,2714100,0,1,246.493543
2019-06-03,16.8133,12.916327,2206200,0,1,249.360402
2019-06-04,17.1567,13.180089,3249000,0,1,254.453416
2019-06-05,17.2233,13.231299,1649400,0,1,255.441169
2019-06-06,17.3500,13.328610,1512900,0,1,257.320275
2019-06-07,17.4633,13.415672,1768500,0,1,259.000643
2019-06-10,17.5300,13.466885,1856100,0,1,259.989880
2019-06-11,17.5667,13.495055,1894500,0,1,260.534183
2019-06-12,17.5167,13.456645,1446300,0,1,259.792626
2019-06-13,17.6333,13.546270,1689600,0,1,261.521937
2019-06-14,17.5733,13.500177,1150500,0,1,260.632068
2019-06-17,17.5267,13.464327,1254000,0,1,259.940937
2019-06-18,17.6867,13.587242,1765800,0,1,262.313920
2019-06-19,17.7233,13.615409,1380300,0,1,262.856739
2019-06-20,17.9000,13.751128,1601400,0,1,265.477402
2019-06-21,17.8800,13.735764,1475100,0,1,265.180779
2019-06-24,17.8167,13.687115,1689300,0,1,264.241968
2019-06-25,17.7167,13.610291,1462500,0,1,262.758854
2019-06-26,17.5767,13.610543,1546500,0.140333,1,262.763793
2019-06-27,17.6233,13.646683,1276200,0,1,263.460442
2019-06-28,17.6900,13.698305,1550400,0,1,264.457577
2019-07-01,17.8367,13.811876,2428200,0,1,266.650676
2019-07-02,17.8300,13.806713,2612700,0,1,266.550514
2019-07-03,17.9700,13.915124,1428000,0,1,268.643451
2019-07-05,17.9167,13.873826,1428000,0,1,267.846640
2019-07-08,17.8467,13.819622,1599600,0,1,266.800172
2019-07-09,17.7700,13.760255,1552200,0,1,265.653541
2019-07-10,17.8200,13.798971,2059500,0,1,266.401019
2019-07-11,17.8733,13.840269,1525500,0,1,267.197830
2019-07-12,18.0233,13.956421,2077500,0,1,269.440263
2019-07-15,18.0500,13.977074,1642500,0,1,269.839416
2019-07-16,18.0400,13.969332,1687500,0,1,269.689920
2019-07-17,17.8967,13.858336,1511700,0,1,267.547649
2019-07-18,17.9567,13.904800,1431600,0,1,268.444622
2019-07-19,17.9167,13.873826,1587900,0,1,267.846640
2019-07-22,17.9067,13.866084,1485600,0,1,267.697145
2019-07-23,18.1000,14.015789,2555700,0,1,270.586893
2019-07-24,18.2800,14.155175,2382600,0,1,273.277813
2019-07-25,18.2600,14.139688,1401900,0,1,272.978821
2019-07-26,18.3467,14.206796,1375800,0,1,274.274948
2019-07-29,18.3400,14.201636,1602300,0,1,274.174786
2019-07-30,18.2700,14.147432,2973000,0,1,273.128317
2019-07-31,17.9833,13.925449,3174900,0,1,268.842280
2019-08-01,17.7267,13.726701,3584700,0,1,265.006225
2019-08-02,17.6333,13.654426,2745600,0,1,263.609937
2019-08-05,17.1367,13.269834,5381100,0,1,256.185990
2019-08-06,17.2833,13.383403,3816900,0,1,258.377594
2019-08-07,17.3367,13.424703,3382200,0,1,259.175900
2019-08-08,17.6367,13.657006,3112200,0,1,263.660766
2019-08-09,17.4333,13.499557,2282400,0,1,260.620027
2019-08-12,17.2500,13.357594,1893900,0,1,257.879774
2019-08-13,17.4867,13.540858,2241600,0,1,261.418333
2019-08-14,17.0433,13.197559,3178500,0,1,254.789701
2019-08-15,17.0800,13.225951,2801700,0,1,255.338350
2019-08-16,17.3800,13.458255,1732800,0,1,259.823216
2019-08-19,17.6067,13.633779,1934400,0,1,263.212279
2019-08-20,17.5000,13.551181,1683900,0,1,261.617162
2019-08-21,17.6567,13.672495,2124600,0,1,263.959757
2019-08-22,17.7100,13.713792,1736100,0,1,264.756568
2019-08-23,17.2367,13.347268,3598200,0,1,257.680945
2019-08-26,17.4033,13.476324,2986200,0,1,260.171540
2019-08-27,17.3500,13.435030,1975500,0,1,259.374729
2019-08-28,17.5333,13.576991,2066700,0,1,262.114982
2019-08-29,17.7100,13.713792,1998900,0,1,264.756568
2019-08-30,17.7500,13.744766,2487600,0,1,265.354550
2019-09-03,17.6533,13.669913,2532600,0,1,263.908928
2019-09-04,17.8667,13.835109,1863000,0,1,267.099163
2019-09-05,18.0933,14.010630,2808600,0,1,270.486731
2019-09-06,18.1567,14.059675,1980600,0,1,271.434533
2019-09-09,18.2767,14.152595,2148300,0,1,273.228479
2019-09-10,18.3867,14.237773,2030400,0,1,274.872930
2019-09-11,18.5133,14.335856,1990200,0,1,276.765543
2019-09-12,18.5867,14.392643,2287800,0,1,277.862840
2019-09-13,18.5500,14.364251,4241100,0,1,277.314192
2019-09-16,18.4367,14.276493,1704000,0,1,275.620407
2019-09-17,18.4433,14.281650,1444200,0,1,275.719074
2019-09-18,18.4333,14.273906,2230200,0,1,275.569579
2019-09-19,18.3800,14.232608,1216800,0,1,274.772768
2019-09-20,18.2900,14.162916,2426100,0,1,273.427308
2019-09-23,18.3367,14.199058,2163000,0,1,274.125452
2019-09-24,18.2067,14.098392,5267400,0,1,272.182010
2019-09-25,18.1300,14.165060,2445300,0.162,1,273.457207
2019-09-26,18.1433,14.175478,1442100,0,1,273.657813
2019-09-27,18.1700,14.196311,2373600,0,1,274.060532
2019-09-30,18.2600,14.266628,2261400,0,1,275.418014
2019-10-01,18.0233,14.081719,4204200,0,1,271.847837
2019-10-02,17.6567,13.795244,4290000,0,1,266.318360
2019-10-03,17.7967,13.904629,3231600,0,1,268.429999
2019-10-04,18.0433,14.097347,2205600,0,1,272.149500
2019-10-07,17.9100,13.993177,1797000,0,1,270.138918
2019-10-08,17.6233,13.769197,3188700,0,1,265.814584
2019-10-09,17.7767,13.888995,1845900,0,1,268.128336
2019-10-10,17.9200,14.000988,1992300,0,1,270.289749
2019-10-11,18.1567,14.185899,3190200,0,1,273.859927
2019-10-14,18.1167,14.154641,1388400,0,1,273.256601
2019-10-15,18.2500,14.258821,1823400,0,1,275.267183
2019-10-16,18.2067,14.224964,1626900,0,1,274.614083
2019-10-17,18.2533,14.261419,1824300,0,1,275.316958
2019-10-18,18.2467,14.256213,1517400,0,1,275.217409
2019-10-21,18.3733,14.355178,1764000,0,1,277.126934
2019-10-22,18.4033,14.378615,2078700,0,1,277.579428
2019-10-23,18.3767,14.357781,2119500,0,1,277.178216
2019-10-24,18.3600,14.344759,1863300,0,1,276.926328
2019-10-25,18.5000,14.454141,1711800,0,1,279.037966
2019-10-28,18.5933,14.527067,2518500,0,1,280.445223
2019-10-29,18.5967,14.529668,1792800,0,1,280.496505
2019-10-30,18.6267,14.553107,1981800,0,1,280.948999
2019-10-31,18.5067,14.459352,2177100,0,1,279.139023
2019-11-01,18.6967,14.607795,2130900,0,1,282.004819
2019-11-04,18.8000,14.688537,2108400,0,1,283.562906
2019-11-05,18.7933,14.683327,2252700,0,1,283.461849
2019-11-06,18.8533,14.730203,1821300,0,1,284.366837
2019-11-07,18.9467,14.803126,2306100,0,1,285.775602
2019-11-08,18.9833,14.831777,2338200,0,1,286.327645
2019-11-11,18.8833,14.753641,2086500,0,1,284.819331
2019-11-12,18.8867,14.756248,1846800,0,1,284.870614
2019-11-13,18.8633,14.738014,2171400,0,1,284.517669
2019-11-14,18.8933,14.761457,1998600,0,1,284.970163
2019-11-15,19.0033,14.847395,1776900,0,1,286.629307
2019-11-18,19.0033,14.847395,1878300,0,1,286.629307
2019-11-19,18.8867,14.756248,2484000,0,1,284.870614
2019-11-20,18.8233,14.706766,2949600,0,1,283.914343
2019-11-21,18.8267,14.709369,2131500,0,1,283.965626
2019-11-22,18.8700,14.743229,2655300,0,1,284.618726
2019-11-25,18.9833,14.831777,2313600,0,1,286.327645
2019-11-26,19.0400,14.876052,2164200,0,1,287.182858
2019-11-27,19.1100,14.930737,2092200,0,1,288.238678
2019-11-29,19.0300,14.868234,827100,0,1,287.032027
2019-12-02,18.9433,14.800518,3469500,0,1,285.724319
2019-12-03,18.7600,14.657279,3385800,0,1,282.959581
2019-12-04,18.9133,14.777081,2241900,0,1,285.271825
2019-12-05,18.9367,14.795314,2238000,0,1,285.624771
2019-12-06,19.1133,14.933345,2045700,0,1,288.288452
2019-12-09,19.1400,14.954177,1824600,0,1,288.691172
2019-12-10,19.0767,14.904696,2786400,0,1,287.736409
2019-12-11,19.1367,14.951574,2260500,0,1,288.641397
2019-12-12,19.1700,15.100184,3063300,0.155333,1,291.486574
2019-12-13,19.1267,15.066053,2398500,0,1,290.828182
2019-12-16,19.1933,15.118564,2371500,0,1,291.840859
2019-12-17,19.1967,15.121192,2753400,0,1,291.892557
2019-12-18,19.1600,15.092308,3450300,0,1,291.334521
2019-12-19,19.1900,15.115940,1936200,0,1,291.790681
2019-12-20,19.3533,15.244598,2006400,0,1,294.273715
2019-12-23,19.3367,15.231470,2325300,0,1,294.021306
2019-12-24,19.3233,15.220968,861900,0,1,293.817554
2019-12-26,19.3600,15.249846,1373400,0,1,294.375591
2019-12-27,19.3833,15.268229,1508700,0,1,294.729875
2019-12-30,19.2633,15.173704,2524500,0,1,292.905233
2019-12-31,19.3067,15.207836,2711700,0,1,293.565146
2020-01-02,19.3567,15.247224,4103100,0,1,294.325413
2020-01-03,19.2167,15.136946,3058200,0,1,292.196664
2020-01-06,19.2133,15.134318,2436300,0,1,292.144966
2020-01-07,19.1867,15.113316,2312700,0,1,291.740504
2020-01-08,19.2600,15.171078,3318600,0,1,292.855056
2020-01-09,19.3833,15.268229,3364200,0,1,294.729875
2020-01-10,19.3300,15.226222,2443500,0,1,293.919430
2020-01-13,19.4733,15.339122,3690300,0,1,296.098357
2020-01-14,19.4667,15.333869,2752500,0,1,295.998002
2020-01-15,19.5000,15.360128,2850600,0,1,296.504340
2020-01-16,19.6433,15.473030,3351600,0,1,298.683267
2020-01-17,19.7167,15.530800,2976300,0,1,299.799339
2020-01-21,19.6633,15.488788,3488400,0,1,298.987374
2020-01-22,19.7367,15.546547,2585700,0,1,300.103446
2020-01-23,19.7600,15.564929,3445200,0,1,300.457731
2020-01-24,19.6133,15.449396,4262100,0,1,298.227106
2020-01-27,19.3367,15.231470,4224000,0,1,294.021306
2020-01-28,19.4400,15.312864,2932200,0,1,295.592019
2020-01-29,19.3033,15.205213,3296400,0,1,293.513447
2020-01-30,19.3133,15.213089,3720300,0,1,293.665501
2020-01-31,18.9667,14.940022,4760400,0,1,288.395326
2020-02-03,19.0200,14.982030,3176100,0,1,289.205772
2020-02-04,19.2500,15.163200,3518700,0,1,292.703002
2020-02-05,19.6267,15.459903,3189000,0,1,298.430858
2020-02-06,19.6600,15.486161,2944500,0,1,298.937196
2020-02-07,19.4933,15.354875,2504100,0,1,296.402464
2020-02-10,19.5833,15.425766,2691300,0,1,297.770946
2020-02-11,19.6533,15.480903,2283000,0,1,298.835320
2020-02-12,19.7067,15.522915,2618400,0,1,299.647286
2020-02-13,19.6433,15.473030,3069600,0,1,298.683267
2020-02-14,19.6167,15.452028,2465400,0,1,298.278804
2020-02-18,19.5000,15.360128,3114600,0,1,296.504340
2020-02-19,19.5833,15.425766,3045600,0,1,297.770946
2020-02-20,19.5400,15.391636,2992500,0,1,297.112554
2020-02-21,19.4000,15.281357,3320700,0,1,294.983805
2020-02-24,18.8000,14.808739,7879800,0,1,285.860594
2020-02-25,18.2700,14.391258,9729900,0,1,277.801758
2020-02-26,18.1767,14.317737,8925300,0,1,276.383099
2020-02-27,17.3967,13.703334,15975300,0,1,264.522926
2020-02-28,17.1933,13.543168,25358700,0,1,261.430157
2020-03-02,17.9367,14.128691,12913800,0,1,272.733815
2020-03-03,17.4867,13.774229,18236400,0,1,265.891407
2020-03-04,18.2767,14.396510,7025700,0,1,277.903634
2020-03-05,17.7033,13.944896,8220600,0,1,269.184886
2020-03-06,17.4067,13.711212,14056200,0,1,264.674979
2020-03-09,16.1533,12.723960,18369300,0,1,245.616593
2020-03-10,16.8967,13.309484,15008100,0,1,256.920250
2020-03-11,16.1200,12.697704,13600200,0,1,245.110254
2020-03-12,14.5167,11.434762,22436100,0,1,220.731515
2020-03-13,15.7933,12.440388,12396600,0,1,240.142666
2020-03-16,14.2233,11.203700,13232700,0,1,216.270266
2020-03-17,15.3533,12.093802,11782800,0,1,233.452312
2020-03-18,14.6167,11.513531,11117400,0,1,222.252051
2020-03-19,14.3133,11.274594,13005000,0,1,217.638747
2020-03-20,13.5133,10.644437,10349400,0,1,205.474466
2020-03-23,13.1667,10.371369,16892100,0,1,200.204292
2020-03-24,14.2233,11.203700,11651400,0,1,216.270266
2020-03-25,14.2067,11.307705,17705400,0.147333,1,218.258107
2020-03-26,15.1567,12.063850,16427100,0,1,232.852995
2020-03-27,14.8033,11.782620,11930700,0,1,227.423697
2020-03-30,15.2467,12.135489,12971700,0,1,234.235669
2020-03-31,14.9933,11.933849,11226600,0,1,230.342674
2020-04-01,14.5200,11.557102,11064300,0,1,223.071347
2020-04-02,14.9267,11.880787,8040600,0,1,229.319496
2020-04-03,14.7667,11.753435,6090300,0,1,226.861409
2020-04-06,15.5900,12.408762,8517900,0,1,239.509801
2020-04-07,15.6000,12.416722,9847200,0,1,239.663431
2020-04-08,16.0833,12.801426,6715800,0,1,247.088388
2020-04-09,16.2400,12.926125,9144000,0,1,249.495777
2020-04-13,16.0767,12.796124,9449400,0,1,246.986992
2020-04-14,16.5300,13.156949,5910000,0,1,253.951059
2020-04-15,16.0667,12.788161,6276000,0,1,246.833362
2020-04-16,16.1300,12.838573,5615100,0,1,247.805842
2020-04-17,16.6333,13.239199,5759400,0,1,255.538061
2020-04-20,16.3100,12.981841,6247500,0,1,250.571190
2020-04-21,15.9167,12.668770,6806100,0,1,244.528906
2020-04-22,16.2067,12.899594,5196600,0,1,248.984188
2020-04-23,16.2167,12.907554,5589000,0,1,249.137818
2020-04-24,16.5033,13.135726,4469400,0,1,253.540865
2020-04-27,16.8067,13.377161,6486900,0,1,258.202012
2020-04-28,16.9333,13.477978,5594700,0,1,260.146973
2020-04-29,17.2100,13.698188,4753800,0,1,264.397926
2020-04-30,16.8833,13.438181,7862700,0,1,259.378821
2020-05-01,16.4400,13.085316,5651700,0,1,252.568385
2020-05-04,16.4700,13.109193,5957100,0,1,253.029276
2020-05-05,16.6067,13.217972,3438300,0,1,255.129404
2020-05-06,16.4800,13.117149,3092100,0,1,253.182907
2020-05-07,16.5467,13.170214,4295700,0,1,254.207621
2020-05-08,16.9367,13.480633,4145700,0,1,260.199207
2020-05-11,16.9267,13.472674,3558600,0,1,260.045577
2020-05-12,16.5867,13.202048,4094100,0,1,254.822143
2020-05-13,16.2900,12.965924,6630000,0,1,250.263929
2020-05-14,16.4867,13.122458,6903900,0,1,253.285839
2020-05-15,16.5200,13.148990,4344300,0,1,253.797428
2020-05-18,17.0967,13.607983,11589600,0,1,262.657294
2020-05-19,16.8200,13.387773,6180900,0,1,258.406340
2020-05-20,17.0267,13.552268,7623600,0,1,261.581881
2020-05-21,16.8833,13.438181,4816800,0,1,259.378821
2020-05-22,16.9033,13.454101,3146100,0,1,259.686082
2020-05-26,17.2033,13.692882,4836300,0,1,264.294994
2020-05-27,17.5800,13.992691,5002800,0,1,270.082251
2020-05-28,17.4833,13.915750,4581300,0,1,268.596645
2020-05-29,17.5067,13.934319,6552900,0,1,268.956140
2020-06-01,17.4867,13.918404,3229500,0,1,268.648879
2020-06-02,17.7467,14.125348,15150000,0,1,272.643270
2020-06-03,18.0333,14.353515,4263600,0,1,277.046317
2020-06-04,18.0867,14.395967,3231000,0,1,277.866704
2020-06-05,18.5667,14.778021,6157200,0,1,285.240963
2020-06-08,18.8333,14.990273,8227200,0,1,289.336750
2020-06-09,18.5900,14.796595,7328100,0,1,285.598922
2020-06-10,18.3533,14.608216,6397500,0,1,281.962490
2020-06-11,17.2267,13.711456,9177600,0,1,264.654489
2020-06-12,17.3867,13.838806,8612700,0,1,267.112575
2020-06-15,17.5133,13.939625,7377000,0,1,269.057536
2020-06-16,17.8667,14.220857,7843500,0,1,274.486835
2020-06-17,17.7733,14.146570,3997500,0,1,273.051927
2020-06-18,17.7567,14.133304,10122300,0,1,272.796900
2020-06-19,17.6467,14.045752,5762100,0,1,271.106966
2020-06-22,17.5433,13.963508,18654000,0,1,269.518427
2020-06-23,17.5967,14.005957,5816400,0,1,270.338814
2020-06-24,16.8900,13.556997,8261100,0.147333,1,261.745236
2020-06-25,17.1133,13.736258,5684400,0,1,265.205728
2020-06-26,16.6767,13.385765,6679800,0,1,258.439714
2020-06-29,17.0300,13.669372,4705500,0,1,263.914823
2020-06-30,17.2500,13.845958,6525600,0,1,267.324175
2020-07-01,17.0867,13.714857,3527400,0,1,264.793506
2020-07-02,17.2300,13.829902,4249500,0,1,267.014234
2020-07-06,17.4033,13.969032,5079900,0,1,269.699874
2020-07-07,17.1267,13.746960,3806100,0,1,265.413389
2020-07-08,17.1567,13.771043,2977500,0,1,265.878300
2020-07-09,16.7900,13.476735,4715100,0,1,260.195531
2020-07-10,17.1633,13.776393,3852900,0,1,265.980581
2020-07-13,17.2333,13.832583,5597100,0,1,267.065374
2020-07-14,17.4433,14.001140,4419900,0,1,270.319756
2020-07-15,17.7767,14.268692,4310700,0,1,275.486473
2020-07-16,17.8100,14.295445,3242100,0,1,276.002525
2020-07-17,17.7833,14.274045,2973300,0,1,275.588754
2020-07-20,17.6267,14.148293,3393600,0,1,273.161915
2020-07-21,17.8933,14.362339,4019100,0,1,277.293430
2020-07-22,18.0067,14.453307,2968500,0,1,279.050796
2020-07-23,18.0267,14.469361,5166300,0,1,279.360737
2020-07-24,17.9467,14.405145,3676500,0,1,278.120972
2020-07-27,18.0733,14.506818,6987000,0,1,280.082899
2020-07-28,17.9667,14.421202,2942700,0,1,278.430914
2020-07-29,18.2300,14.632569,2665800,0,1,282.511288
2020-07-30,18.2200,14.624540,3177300,0,1,282.356317
2020-07-31,18.1633,14.579057,3535500,0,1,281.477634
2020-08-03,18.2400,14.640591,3086400,0,1,282.666258
2020-08-04,18.3067,14.694102,2759100,0,1,283.699912
2020-08-05,18.5067,14.854638,6674700,0,1,286.799323
2020-08-06,18.4800,14.833232,3921900,0,1,286.385551
2020-08-07,18.7467,15.047279,3108900,0,1,290.518615
2020-08-10,18.9867,15.239917,3801900,0,1,294.237908
2020-08-11,19.0867,15.320183,5674500,0,1,295.787614
2020-08-12,19.1967,15.408475,5242500,0,1,297.492290
2020-08-13,19.0700,15.306804,3198600,0,1,295.528813
2020-08-14,19.1433,15.365671,3313200,0,1,296.664747
2020-08-17,19.0567,15.296103,3123600,0,1,295.322702
2020-08-18,18.9733,15.229218,2900100,0,1,294.030248
2020-08-19,18.9167,15.183731,3078600,0,1,293.153115
2020-08-20,18.8000,15.090084,4014300,0,1,291.344608
2020-08-21,18.7833,15.076708,3013800,0,1,291.085808
2020-08-24,19.1733,15.389749,6674100,0,1,297.129658
2020-08-25,19.0733,15.309481,3912600,0,1,295.579953
2020-08-26,19.0067,15.255969,4856400,0,1,294.547849
2020-08-27,19.1233,15.349616,4668300,0,1,296.354806
2020-08-28,19.2900,15.483397,3647400,0,1,298.938165
2020-08-31,19.0933,15.325535,4493400,0,1,295.889894
2020-09-01,19.1533,15.373694,3708600,0,1,296.819717
2020-09-02,19.5133,15.662653,4943400,0,1,302.398657
2020-09-03,19.0767,15.312156,7558500,0,1,295.632643
2020-09-04,19.1100,15.338910,7248300,0,1,296.148695
2020-09-08,18.6467,14.967015,7311000,0,1,288.968910
2020-09-09,18.8667,15.143598,4958400,0,1,292.378262
2020-09-10,18.5867,14.918851,5314200,0,1,288.039087
2020-09-11,18.7167,15.023194,4778100,0,1,290.053704
2020-09-14,18.9967,15.247944,3376200,0,1,294.392879
2020-09-15,18.9667,15.223866,3994800,0,1,293.927967
2020-09-16,19.0867,15.320183,3739200,0,1,295.787614
2020-09-17,19.0400,15.282727,4752300,0,1,295.063901
2020-09-18,18.8667,15.143598,4206600,0,1,292.378262
2020-09-21,18.3800,14.752965,6561300,0,1,284.835846
2020-09-22,18.3800,14.752965,4493400,0,1,284.835846
2020-09-23,17.8433,14.464644,4332000,0.181,1,279.323544
2020-09-24,17.9033,14.513283,4995600,0,1,280.262799
2020-09-25,18.0900,14.664604,4229100,0,1,283.185448
2020-09-28,18.4867,14.986166,5968200,0,1,289.395491
2020-09-29,18.3067,14.840244,6111900,0,1,286.577725
2020-09-30,18.4333,14.942928,4935600,0,1,288.559554
2020-10-01,18.4233,14.934824,4379700,0,1,288.403011
2020-10-02,18.5067,15.002377,6087900,0,1,289.708576
2020-10-05,18.9100,15.329336,3478500,0,1,296.021936
2020-10-06,18.7867,15.229357,4992900,0,1,294.091767
2020-10-07,19.1700,15.540104,3791700,0,1,300.092042
2020-10-08,19.4567,15.772490,3668700,0,1,304.580117
2020-10-09,19.4933,15.802217,3991500,0,1,305.153062
2020-10-12,19.6167,15.902198,3940500,0,1,307.084797
2020-10-13,19.4533,15.769789,3907800,0,1,304.526892
2020-10-14,19.4433,15.761683,3839700,0,1,304.370350
2020-10-15,19.5433,15.842747,4079100,0,1,305.935775
2020-10-16,19.5767,15.869770,3622500,0,1,306.458627
2020-10-19,19.3267,15.667107,4459800,0,1,302.545064
2020-10-20,19.3800,15.710341,7688700,0,1,303.379435
2020-10-21,19.2400,15.596851,3501900,0,1,301.187840
2020-10-22,19.4600,15.775192,3531000,0,1,304.631776
2020-10-23,19.5667,15.861665,2866500,0,1,306.302085
2020-10-26,19.1200,15.499574,5844900,0,1,299.309329
2020-10-27,18.8467,15.278000,4732800,0,1,295.031022
2020-10-28,18.2667,14.807820,7518900,0,1,285.951555
2020-10-29,18.5067,15.002377,5783400,0,1,289.708576
2020-10-30,18.5033,14.999673,6378000,0,1,289.655351
2020-11-02,18.9167,15.334742,4733700,0,1,296.126820
2020-11-03,19.2533,15.607658,4990500,0,1,301.396041
2020-11-04,19.0233,15.421210,5957400,0,1,297.795563
2020-11-05,19.4767,15.788703,4603200,0,1,304.893202
2020-11-06,19.3433,15.680616,4346100,0,1,302.804924
2020-11-09,20.2633,16.426414,9910800,0,1,317.206838
2020-11-10,20.4767,16.599352,7823100,0,1,320.547455
2020-11-11,20.4733,16.596653,3905100,0,1,320.494231
2020-11-12,20.1200,16.310217,5298000,0,1,314.963583
2020-11-13,20.5033,16.620970,3876300,0,1,320.963859
2020-11-16,20.9600,16.991163,6069300,0,1,328.113156
2020-11-17,20.9167,16.956041,4402800,0,1,327.435327
2020-11-18,20.7000,16.780401,7611600,0,1,324.043050
2020-11-19,20.7633,16.831736,5473800,0,1,325.033964
2020-11-20,20.6200,16.715544,6327000,0,1,322.790710
2020-11-23,20.9500,16.983057,4363500,0,1,327.956614
2020-11-24,21.4700,17.404593,8588100,0,1,336.096826
2020-11-25,21.2700,17.242468,4734300,0,1,332.965975
2020-11-27,21.2267,17.207335,2100600,0,1,332.288146
2020-11-30,20.9400,16.974951,5607600,0,1,327.800071
2020-12-01,21.2133,17.196533,3943200,0,1,332.078379
2020-12-02,21.3100,17.274893,4131000,0,1,333.592145
2020-12-03,21.3567,17.312723,12800400,0,1,334.323199
2020-12-04,21.7067,17.596447,3894900,0,1,339.802187
2020-12-07,21.5633,17.480255,5079900,0,1,337.557367
2020-12-08,21.7000,17.591043,3642600,0,1,339.697304
2020-12-09,21.7200,17.607252,5821200,0,1,340.010389
2020-12-10,21.4200,17.525984,4842600,0.200667,1,338.455405
2020-12-11,21.3000,17.427801,5712600,0,1,336.559296
2020-12-14,21.0267,17.204151,5212800,0,1,332.240909
2020-12-15,21.3067,17.433247,4282200,0,1,336.665162
2020-12-16,21.3300,17.452339,5225700,0,1,337.033323
2020-12-17,21.3767,17.490526,4751400,0,1,337.771226
2020-12-18,21.3133,17.438707,4372800,0,1,336.769448
2020-12-21,21.1667,17.318703,5814900,0,1,334.453035
2020-12-22,21.0500,17.223242,3897600,0,1,332.609070
2020-12-23,21.2400,17.378702,3600900,0,1,335.611242
2020-12-24,21.2767,17.408703,1757100,0,1,336.191135
2020-12-28,21.2867,17.416883,3928200,0,1,336.349144
2020-12-29,21.1633,17.315971,4710300,0,1,334.399312
2020-12-30,21.2567,17.392345,3286500,0,1,335.875117
2020-12-31,21.3800,17.493254,3119400,0,1,337.823369
2021-01-04,21.0767,17.245070,7476900,0,1,333.030954
2021-01-05,21.2467,17.384163,4403100,0,1,335.717108
2021-01-06,21.8333,17.864174,6752700,0,1,344.985919
2021-01-07,21.9800,17.984173,6633300,0,1,347.303912
2021-01-08,21.9133,17.929630,5717400,0,1,346.249992
2021-01-11,22.0033,18.003271,4843800,0,1,347.672073
2021-01-12,22.2000,18.164183,5135100,0,1,350.780112
2021-01-13,22.1167,18.095999,4539300,0,1,349.463896
2021-01-14,22.2233,18.183273,4691700,0,1,351.148273
2021-01-15,21.9567,17.965086,5418900,0,1,346.935751
2021-01-19,22.1000,18.082363,5773200,0,1,349.200021
2021-01-20,22.1300,18.106907,4712400,0,1,349.674048
2021-01-21,22.0700,18.057816,4641000,0,1,348.725994
2021-01-22,21.9067,17.924175,4927800,0,1,346.145706
2021-01-25,21.9467,17.956905,5772600,0,1,346.777742
2021-01-26,21.9200,17.935083,4226400,0,1,346.355858
2021-01-27,21.5000,17.591438,7789200,0,1,339.719477
2021-01-28,21.6600,17.722351,7250700,0,1,342.247622
2021-01-29,21.1867,17.335066,9219000,0,1,334.769054
2021-02-01,21.4100,17.517799,7594500,0,1,338.297396
2021-02-02,21.6400,17.705982,4575300,0,1,341.931604
2021-02-03,21.7233,17.774172,4812600,0,1,343.247820
2021-02-04,21.9067,17.924175,4664700,0,1,346.145706
2021-02-05,22.0100,18.008724,4543800,0,1,347.777939
2021-02-08,22.2733,18.224186,4776000,0,1,351.938318
2021-02-09,22.2967,18.243277,4044300,0,1,352.308059
2021-02-10,22.3133,18.256912,4554300,0,1,352.570354
2021-02-11,22.2333,18.191454,4651200,0,1,351.306282
2021-02-12,22.3400,18.278732,3657000,0,1,352.992238
2021-02-16,22.4567,18.374187,4648500,0,1,354.836204
2021-02-17,22.4867,18.398739,3990600,0,1,355.310231
2021-02-18,22.4100,18.336006,4298700,0,1,354.098302
2021-02-19,22.5967,18.488739,3796200,0,1,357.048331
2021-02-22,22.7867,18.644196,5275500,0,1,360.050503
2021-02-23,22.8400,18.687838,7680000,0,1,360.892691
2021-02-24,23.2333,19.009665,7028400,0,1,367.107188
2021-02-25,22.7633,18.625103,14103600,0,1,359.680762
2021-02-26,22.4700,18.385096,9713100,0,1,355.046356
2021-03-01,23.0333,18.846022,5799900,0,1,363.947006
2021-03-02,22.9500,18.777836,5798100,0,1,362.630791
2021-03-03,23.0100,18.826931,7123200,0,1,363.578845
2021-03-04,22.7800,18.638739,10848900,0,1,359.944637
2021-03-05,23.3900,19.137846,11131800,0,1,369.583190
2021-03-08,23.7000,19.391489,9854700,0,1,374.481470
2021-03-09,23.5667,19.282396,8601900,0,1,372.375210
2021-03-10,23.9567,19.601501,8439300,0,1,378.537563
2021-03-11,23.9600,19.604218,8237400,0,1,378.589706
2021-03-12,24.1833,19.786961,5784000,0,1,382.118048
2021-03-15,24.2100,19.808775,6927600,0,1,382.539932
2021-03-16,24.0100,19.645136,7235700,0,1,379.379751
2021-03-17,24.1167,19.732412,8609700,0,1,381.065708
2021-03-18,24.0833,19.705135,13691700,0,1,380.537958
2021-03-19,23.9933,19.631496,7164900,0,1,379.115876
2021-03-22,24.0767,19.699684,5637600,0,1,380.433672
2021-03-23,23.8100,19.481495,6622500,0,1,376.219570
2021-03-24,23.6900,19.520777,5940300,0.167667,1,376.972752
2021-03-25,24.0000,19.776220,9449400,0,1,381.905701
2021-03-26,24.5567,20.234915,7816500,0,1,390.764322
2021-03-29,24.5133,20.199203,7088400,0,1,390.073709
2021-03-30,24.4000,20.105818,9015000,0,1,388.270796
2021-03-31,24.3067,20.028912,5739900,0,1,386.786137
2021-04-01,24.4400,20.138783,6459900,0,1,388.907305
2021-04-05,24.7500,20.394222,7335000,0,1,393.840254
2021-04-06,24.6600,20.320061,6890400,0,1,392.408107
2021-04-07,24.6033,20.273367,5266200,0,1,391.505855
2021-04-08,24.6133,20.281607,4731000,0,1,391.664982
2021-04-09,24.7533,20.396965,5246400,0,1,393.892766
2021-04-12,24.8200,20.451904,5486100,0,1,394.954145
2021-04-13,24.6800,20.336540,5101200,0,1,392.726362
2021-04-14,24.7433,20.388733,5526300,0,1,393.733638
2021-04-15,24.8567,20.482111,4539600,0,1,395.538143
2021-04-16,25.0633,20.652412,4830600,0,1,398.825714
2021-04-19,24.9500,20.559029,6002700,0,1,397.022801
2021-04-20,24.8000,20.435425,6845700,0,1,394.635891
2021-04-21,25.0800,20.666149,5820300,0,1,399.091457
2021-04-22,24.7633,20.405205,6918600,0,1,394.051893
2021-04-23,24.9867,20.589235,4864500,0,1,397.606799
2021-04-26,24.9400,20.550785,4575600,0,1,396.863674
2021-04-27,24.9100,20.526062,5881800,0,1,396.386292
2021-04-28,24.7600,20.402462,5055300,0,1,393.999381
2021-04-29,24.9700,20.575504,6778500,0,1,397.341056
2021-04-30,24.8433,20.471130,5224500,0,1,395.324912
2021-05-03,25.0967,20.679876,4822500,0,1,399.357200
2021-05-04,25.2500,20.806225,6338700,0,1,401.796622
2021-05-05,25.3733,20.907852,6606900,0,1,403.758663
2021-05-06,25.6933,21.171537,5869500,0,1,408.850739
2021-05-07,25.8033,21.262175,6787200,0,1,410.601140
2021-05-10,25.8300,21.284153,7428900,0,1,411.026010
2021-05-11,25.5633,21.064417,8487900,0,1,406.782083
2021-05-12,25.1100,20.690859,8588700,0,1,399.568839
2021-05-13,25.5533,21.056171,7327800,0,1,406.622956
2021-05-14,25.7867,21.248446,5982900,0,1,410.336989
2021-05-17,25.8033,21.262175,5158200,0,1,410.601140
2021-05-18,25.5200,21.028708,5512800,0,1,406.093062
2021-05-19,25.4167,20.943563,7296000,0,1,404.449276
2021-05-20,25.5667,21.067163,5183100,0,1,406.836186
2021-05-21,25.6033,21.097370,5405100,0,1,407.418593
2021-05-24,25.6833,21.163292,4591800,0,1,408.691612
2021-05-25,25.5033,21.014973,4702500,0,1,405.827319
2021-05-26,25.5000,21.012228,5132100,0,1,405.774807
2021-05-27,25.6000,21.094629,4266300,0,1,407.366081
2021-05-28,25.6433,21.130337,5160600,0,1,408.055102
2021-06-01,25.6600,21.144072,5259300,0,1,408.320845
2021-06-02,25.7367,21.207243,4914000,0,1,409.541352
2021-06-03,25.7200,21.193510,4826400,0,1,409.275609
2021-06-04,25.8833,21.328096,4301400,0,1,411.874159
2021-06-07,25.7700,21.234713,4659600,0,1,410.071246
2021-06-08,25.7433,21.212738,4594500,0,1,409.646376
2021-06-09,25.6633,21.146820,4938300,0,1,408.373357
2021-06-10,25.7367,21.207243,4189500,0,1,409.541352
2021-06-11,25.7767,21.240206,3263400,0,1,410.177861
2021-06-14,25.6500,21.135832,5109300,0,1,408.161717
2021-06-15,25.6367,21.124844,4030500,0,1,407.950078
2021-06-16,25.4433,20.965530,4643700,0,1,404.872555
2021-06-17,25.1067,20.688120,6851100,0,1,399.516327
2021-06-18,24.6567,20.317320,10156500,0,1,392.355595
2021-06-21,25.1033,20.685371,6276900,0,1,399.462224
2021-06-22,25.1367,20.712843,5074500,0,1,399.993709
2021-06-23,24.8433,20.618778,4851300,0.18,1,398.189205
2021-06-24,25.0100,20.757101,3795000,0,1,400.861078
2021-06-25,25.1733,20.892660,4634100,0,1,403.478455
2021-06-28,25.1000,20.831800,7838400,0,1,402.303601
2021-06-29,25.0733,20.809666,5953800,0,1,401.875652
2021-06-30,25.2067,20.920324,3409200,0,1,404.013792
2021-07-01,25.3233,21.017157,3553800,0,1,405.882660
2021-07-02,25.3567,21.044819,3410400,0,1,406.417996
2021-07-06,25.0867,20.820730,5560500,0,1,402.090428
2021-07-07,25.2000,20.914795,4348800,0,1,403.906404
2021-07-08,24.9733,20.726671,5113200,0,1,400.272849
2021-07-09,25.3433,21.033752,4080900,0,1,406.203221
2021-07-12,25.4033,21.083551,4570800,0,1,407.164903
2021-07-13,25.2667,20.970119,3758700,0,1,404.975474
2021-07-14,25.2967,20.995020,3708300,0,1,405.456314
2021-07-15,25.3467,21.036518,4116900,0,1,406.257716
2021-07-16,25.1500,20.873295,3848400,0,1,403.105002
2021-07-19,24.7433,20.535786,10718100,0,1,396.586402
2021-07-20,25.0733,20.809666,6145200,0,1,401.875652
2021-07-21,25.2667,20.970119,3898500,0,1,404.975474
2021-07-22,25.0733,20.809666,4411800,0,1,401.875652
2021-07-23,25.2700,20.972893,4689300,0,1,405.028366
2021-07-26,25.3333,21.025452,3163800,0,1,406.042940
2021-07-27,25.3133,21.008854,3277200,0,1,405.722380
2021-07-28,25.2800,20.981188,3359400,0,1,405.188646
2021-07-29,25.4367,21.111221,3548400,0,1,407.700239
2021-07-30,25.3700,21.055891,3696900,0,1,406.631169
2021-08-02,25.3267,21.019922,4251900,0,1,405.937155
2021-08-03,25.6233,21.266142,4041600,0,1,410.691070
2021-08-04,25.3000,20.997791,5029800,0,1,405.509207
2021-08-05,25.4400,21.113983,3865500,0,1,407.753131
2021-08-06,25.5200,21.180378,4249500,0,1,409.035374
2021-08-09,25.5000,21.163778,3432000,0,1,408.714813
2021-08-10,25.7300,21.354670,3235800,0,1,412.401261
2021-08-11,25.8667,21.468098,3741900,0,1,414.592293
2021-08-12,25.8900,21.487457,4275000,0,1,414.965746
2021-08-13,25.9433,21.531723,3357300,0,1,415.820040
2021-08-16,26.0433,21.614721,4153800,0,1,417.422843
2021-08-17,25.8667,21.468098,5718600,0,1,414.592293
2021-08-18,25.4967,21.161009,4628400,0,1,408.661921
2021-08-19,25.5000,21.163778,6062700,0,1,408.714813
2021-08-20,25.6400,21.279970,3156900,0,1,410.958738
2021-08-23,25.8000,21.412764,3688200,0,1,413.523223
2021-08-24,25.7800,21.396166,3104700,0,1,413.202662
2021-08-25,25.8300,21.437660,4671300,0,1,414.004064
2021-08-26,25.7000,21.329771,5481000,0,1,411.920420
2021-08-27,25.9133,21.506828,3064500,0,1,415.339199
2021-08-30,25.8800,21.479162,3612600,0,1,414.805465
2021-08-31,25.9000,21.495760,3486600,0,1,415.126026
2021-09-01,25.7800,21.396166,5623500,0,1,413.202662
2021-09-02,25.9433,21.531723,4252500,0,1,415.820040
2021-09-03,25.9300,21.520657,3070200,0,1,415.606867
2021-09-07,25.5867,21.235703,5416200,0,1,410.104444
2021-09-08,25.6000,21.246773,4637400,0,1,410.317617
2021-09-09,25.4633,21.133350,3582300,0,1,408.126585
2021-09-10,25.3433,21.033752,4104300,0,1,406.203221
2021-09-13,25.4667,21.136114,4018200,0,1,408.181080
2021-09-14,25.2900,20.989489,6301500,0,1,405.348927
2021-09-15,25.5167,21.177614,4372500,0,1,408.982482
2021-09-16,25.3467,21.036518,4325400,0,1,406.257716
2021-09-17,25.1833,20.900963,6664200,0,1,403.638736
2021-09-20,24.8333,20.610476,12579900,0,1,398.028925
2021-09-21,24.7433,20.535786,7194600,0,1,396.586402
2021-09-22,24.7633,20.716198,5871300,0.195667,1,400.043119
2021-09-23,25.0967,20.995054,6086400,0,1,405.429089
2021-09-24,25.1467,21.036884,5298900,0,1,406.236822
2021-09-27,25.3100,21.173523,7365000,0,1,408.874881
2021-09-28,25.0100,20.922552,8213400,0,1,404.028478
2021-09-29,25.1300,21.022940,3685800,0,1,405.967039
2021-09-30,24.7467,20.702263,18546600,0,1,399.774952
2021-10-01,25.0767,20.978329,6019800,0,1,405.105995
2021-10-04,24.9767,20.894674,13274700,0,1,403.490527
2021-10-05,25.1267,21.020155,4444500,0,1,405.913729
2021-10-06,25.1667,21.053617,5120400,0,1,406.559916
2021-10-07,25.3567,21.212564,3742800,0,1,409.629305
2021-10-08,25.3500,21.206993,3387900,0,1,409.521068
2021-10-11,25.2267,21.103811,3823500,0,1,407.529197
2021-10-12,25.1033,21.000635,4632600,0,1,405.535709
2021-10-13,25.1667,21.053617,4860900,0,1,406.559916
2021-10-14,25.5533,21.377087,3778200,0,1,412.805314
2021-10-15,25.6667,21.471901,4193700,0,1,414.637255
2021-10-18,25.5833,21.402187,4461600,0,1,413.289955
2021-10-19,25.8100,21.591805,4916100,0,1,416.952220
2021-10-20,26.0600,21.800949,4138200,0,1,420.990889
2021-10-21,25.9300,21.692194,5559000,0,1,418.890781
2021-10-22,26.0000,21.750757,4053900,0,1,420.021609
2021-10-25,26.0633,21.803741,4317300,0,1,421.044200
2021-10-26,25.9933,21.745182,4872000,0,1,419.913372
2021-10-27,25.6367,21.446806,4028700,0,1,414.152614
2021-10-28,25.8467,21.622482,3290400,0,1,417.545097
2021-10-29,25.8367,21.614119,3973200,0,1,417.383550
2021-11-01,25.8933,21.661526,3961200,0,1,418.297904
2021-11-02,26.0700,21.809317,4212000,0,1,421.152436
2021-11-03,26.2233,21.937588,4461600,0,1,423.628948
2021-11-04,26.1367,21.865089,4650900,0,1,422.229953
2021-11-05,26.2967,21.998934,5215200,0,1,424.814701
2021-11-08,26.2767,21.982210,4975500,0,1,424.491608
2021-11-09,26.2267,21.940380,4357200,0,1,423.683874
2021-11-10,26.2600,21.968267,4077000,0,1,424.221825
2021-11-11,26.3067,22.007303,3576300,0,1,424.976248
2021-11-12,26.3800,22.068659,3892500,0,1,426.160386
2021-11-15,26.3967,22.082598,4216800,0,1,426.430169
2021-11-16,26.4267,22.107691,4032300,0,1,426.914809
2021-11-17,26.3233,22.021246,3454500,0,1,425.244416
2021-11-18,26.2200,21.934803,3879300,0,1,423.575638
2021-11-19,26.0533,21.795374,5141700,0,1,420.882653
2021-11-22,26.1767,21.898550,5799000,0,1,422.876140
2021-11-23,26.3233,22.021246,5268300,0,1,425.244416
2021-11-24,26.2433,21.954321,4343100,0,1,423.952042
2021-11-26,25.7633,21.552771,8369400,0,1,416.197796
2021-11-29,25.8500,21.625273,7036500,0,1,417.598407
2021-11-30,25.3067,21.170738,9491100,0,1,408.821571
2021-12-01,25.1900,21.073137,7119600,0,1,406.936320
2021-12-02,25.5667,21.388248,7744200,0,1,413.021787
2021-12-03,25.6133,21.427284,7710600,0,1,413.774595
2021-12-06,25.8667,21.639215,5594100,0,1,417.868190
2021-12-07,26.1433,21.870661,4682100,0,1,422.336574
2021-12-08,25.8767,21.820070,5704500,0.206667,1,421.368376
2021-12-09,25.8200,21.772293,6639600,0,1,420.445090
2021-12-10,26.0933,22.002771,7415700,0,1,424.895425
2021-12-13,26.0067,21.929691,5590800,0,1,423.485256
2021-12-14,25.9900,21.915638,8023500,0,1,423.213319
2021-12-15,26.3300,22.202337,5975400,0,1,428.749776
2021-12-16,26.5200,22.362556,8395200,0,1,431.843679
2021-12-17,26.2033,22.095528,7888800,0,1,426.686631
2021-12-20,26.0300,21.949368,9898800,0,1,423.864666
2021-12-21,26.2367,22.123640,6453600,0,1,427.230507
2021-12-22,26.3833,22.247309,4855800,0,1,429.617697
2021-12-23,26.5333,22.373795,5688900,0,1,432.060252
2021-12-27,26.8467,22.638004,5518800,0,1,437.163563
2021-12-28,26.9000,22.682980,6584100,0,1,438.031484
2021-12-29,26.9533,22.727953,5178300,0,1,438.899405
2021-12-30,26.9033,22.685795,4984200,0,1,438.085220
2021-12-31,26.9433,22.719521,4047600,0,1,438.736568
2022-01-03,26.9367,22.713898,8928300,0,1,438.629096
2022-01-04,27.2633,22.989355,7969500,0,1,443.947352
2022-01-05,27.0900,22.843195,9767700,0,1,441.125387
2022-01-06,27.1700,22.910656,10201500,0,1,442.428083
2022-01-07,27.2167,22.950006,8449500,0,1,443.188531
2022-01-10,27.2167,22.950006,12178500,0,1,443.188531
2022-01-11,27.3133,23.031519,8802000,0,1,444.761536
2022-01-12,27.3000,23.020275,10553100,0,1,444.544963
2022-01-13,27.2633,22.989355,9165600,0,1,443.947352
2022-01-14,27.2367,22.966869,8229000,0,1,443.514205
2022-01-18,26.9200,22.699842,14785500,0,1,438.357158
2022-01-19,26.6100,22.438442,11593500,0,1,433.309211
2022-01-20,26.2367,22.123640,11585400,0,1,427.230507
2022-01-21,25.8867,21.828501,27423000,0,1,421.531213
2022-01-24,25.9933,21.918447,28006200,0,1,423.267055
2022-01-25,26.0100,21.932503,15238500,0,1,423.538993
2022-01-26,25.8033,21.758232,17263500,0,1,420.173152
2022-01-27,25.7000,21.671097,12460800,0,1,418.491046
2022-01-28,26.0233,21.943747,11340900,0,1,423.755566
2022-01-31,26.2067,22.098337,8006400,0,1,426.741996
2022-02-01,26.3633,22.230450,10737300,0,1,429.292023
2022-02-02,26.5767,22.410336,9663000,0,1,432.766964
2022-02-03,26.2833,22.162981,8540100,0,1,427.989327
2022-02-04,26.1800,22.075853,6971400,0,1,426.307221
2022-02-07,26.2467,22.132065,7850700,0,1,427.393344
2022-02-08,26.4600,22.311958,7542900,0,1,430.866657
2022-02-09,26.5833,22.415953,8477700,0,1,432.874437
2022-02-10,26.1367,22.039314,11459100,0,1,425.602137
2022-02-11,25.9567,21.887529,10028400,0,1,422.671071
2022-02-14,25.7567,21.718884,12685800,0,1,419.414332
2022-02-15,26.0133,21.935318,8981700,0,1,423.592729
2022-02-16,26.0467,21.963419,7470900,0,1,424.136604
2022-02-17,25.7567,21.718884,8899500,0,1,419.414332
2022-02-18,25.7800,21.738558,9522600,0,1,419.793742
2022-02-22,25.5467,21.541805,13990200,0,1,415.994755
2022-02-23,25.2233,21.269163,13036200,0,1,410.728607
2022-02-24,25.0467,21.120190,28840200,0,1,407.852906
2022-02-25,25.8067,21.761045,11682600,0,1,420.228517
2022-02-28,25.7000,21.671097,11774700,0,1,418.491046
2022-03-01,25.2433,21.286026,14989500,0,1,411.054281
2022-03-02,25.8333,21.783527,14114100,0,1,420.661663
2022-03-03,25.9300,21.865046,13099500,0,1,422.236297
2022-03-04,25.8800,21.822882,10649100,0,1,421.422112
2022-03-07,25.4200,21.434992,12826500,0,1,413.931611
2022-03-08,25.1600,21.215752,16128000,0,1,409.697849
2022-03-09,25.5467,21.541805,11618100,0,1,415.994755
2022-03-10,25.3767,21.398457,9550200,0,1,413.226526
2022-03-11,25.2333,21.277590,8404800,0,1,410.891444
2022-03-14,25.3767,21.398457,8918400,0,1,413.226526
2022-03-15,25.7067,21.676725,7232100,0,1,418.600147
2022-03-16,25.9667,21.895966,9442200,0,1,422.833908
2022-03-17,26.1967,22.089903,9147000,0,1,426.579159
2022-03-18,26.2533,22.137686,8209500,0,1,427.500816
2022-03-21,26.2967,22.174227,8823900,0,1,428.207529
2022-03-22,26.4800,22.328819,8237700,0,1,431.192331
2022-03-23,25.9867,22.056650,9014100,0.172667,1,425.971240
2022-03-24,26.2333,22.266008,6228900,0,1,430.013481
2022-03-25,26.4867,22.481037,7825500,0,1,434.167187
2022-03-28,26.4333,22.435764,8082600,0,1,433.291860
2022-03-29,26.6867,22.650789,14089200,0,1,437.445566
2022-03-30,26.6167,22.591373,6133200,0,1,436.298133
2022-03-31,26.2967,22.319765,6081300,0,1,431.052727
2022-04-01,26.4100,22.415960,7048800,0,1,432.909929
2022-04-04,26.4467,22.447083,6914400,0,1,433.511511
2022-04-05,26.2900,22.314112,6558300,0,1,430.942901
2022-04-06,26.3233,22.342403,6141600,0,1,431.488751
2022-04-07,26.4300,22.432940,8394000,0,1,433.237766
2022-04-08,26.4867,22.481037,6522000,0,1,434.167187
2022-04-11,26.3000,22.322599,6444000,0,1,431.106820
2022-04-12,26.2233,22.257528,7321200,0,1,429.849562
2022-04-13,26.3833,22.393328,7727100,0,1,432.472265
2022-04-14,26.2333,22.266008,6996600,0,1,430.013481
2022-04-18,26.1900,22.229237,8536500,0,1,429.303712
2022-04-19,26.4767,22.472548,9876900,0,1,434.003268
2022-04-20,26.7467,22.701712,8420400,0,1,438.429079
2022-04-21,26.5167,22.506498,7180500,0,1,434.658944
2022-04-22,25.9200,22.000069,10358700,0,1,424.877900
2022-04-25,25.9733,22.045334,14453700,0,1,425.751588
2022-04-26,25.5300,21.669044,9595500,0,1,418.485062
2022-04-27,25.5700,21.702999,13697400,0,1,419.140737
2022-04-28,25.9333,22.011381,8425200,0,1,425.095913
2022-04-29,25.2133,21.400270,11616300,0,1,413.293749
2022-05-02,25.3100,21.482315,15532200,0,1,414.878845
2022-05-03,25.5000,21.643583,17117400,0,1,417.993305
2022-05-04,26.2700,22.297136,10825800,0,1,430.615063
2022-05-05,25.6167,21.742605,11702700,0,1,419.906239
2022-05-06,25.6767,21.793535,11724900,0,1,420.889752
2022-05-09,25.3300,21.499296,13332000,0,1,415.206683
2022-05-10,25.2033,21.391777,16161300,0,1,413.129830
2022-05-11,25.0033,21.222029,14619000,0,1,409.851451
2022-05-12,25.1533,21.349340,15341400,0,1,412.310235
2022-05-13,25.4333,21.587004,8690100,0,1,416.899965
2022-05-16,25.5200,21.660559,9478800,0,1,418.321143
2022-05-17,25.9833,22.053820,8304000,0,1,425.915507
2022-05-18,25.1733,21.366318,10883400,0,1,412.638073
2022-05-19,24.8000,21.049444,12990300,0,1,406.518979
2022-05-20,24.9100,21.142807,10151400,0,1,408.322087
2022-05-23,25.2233,21.408762,8779500,0,1,413.457668
2022-05-24,25.3700,21.533245,9628200,0,1,415.862358
2022-05-25,25.6233,21.748264,10427100,0,1,420.014425
2022-05-26,25.9700,22.042505,9681300,0,1,425.697495
2022-05-27,26.3733,22.384840,7304700,0,1,432.308346
2022-05-31,26.1967,22.234888,8544900,0,1,429.413537
2022-06-01,25.9767,22.048164,6660000,0,1,425.807321
2022-06-02,26.1967,22.234888,9066900,0,1,429.413537
2022-06-03,26.0167,22.082111,5053800,0,1,426.462997
2022-06-06,26.0433,22.104748,5256600,0,1,426.899021
2022-06-07,26.2933,22.316936,6089400,0,1,430.996994
2022-06-08,25.8967,21.980259,7344300,0,1,424.495969
2022-06-09,25.4233,21.578512,5587500,0,1,416.736046
2022-06-10,24.9000,21.134319,12758700,0,1,408.158168
2022-06-13,24.1933,20.534527,19847100,0,1,396.574016
2022-06-14,24.0500,20.412868,12123300,0,1,394.225058
2022-06-15,24.1300,20.480770,10636500,0,1,395.536410
2022-06-16,23.5300,19.971506,13704000,0,1,385.701273
2022-06-17,23.4367,19.892294,11796300,0,1,384.171909
2022-06-21,23.9900,20.361946,10361100,0,1,393.241544
2022-06-22,23.6333,20.257370,8873400,0.234667,1,391.241192
2022-06-23,23.7033,20.317369,7862400,0,1,392.400018
2022-06-24,24.3367,20.860237,8217900,0,1,402.885739
2022-06-27,24.3400,20.863092,8454600,0,1,402.940369
2022-06-28,24.0867,20.645947,10842300,0,1,398.747074
2022-06-29,23.9500,20.528801,6081900,0,1,396.484052
2022-06-30,23.8767,20.465948,8898900,0,1,395.270596
2022-07-01,24.0567,20.620232,8765100,0,1,398.250434
2022-07-05,23.8833,20.471657,8808900,0,1,395.379857
2022-07-06,23.9467,20.525944,7683300,0,1,396.429422
2022-07-07,24.2133,20.754520,6652200,0,1,400.842894
2022-07-08,24.1667,20.714520,6412800,0,1,400.071447
2022-07-11,24.0333,20.600227,6435900,0,1,397.863055
2022-07-12,23.9367,20.517376,5953500,0,1,396.263875
2022-07-13,23.7600,20.365944,8006700,0,1,393.338667
2022-07-14,23.5967,20.225939,10183200,0,1,390.635292
2022-07-15,23.9367,20.517376,5757900,0,1,396.263875
2022-07-18,23.7500,20.357374,6536100,0,1,393.173121
2022-07-19,24.2000,20.743092,5415900,0,1,400.622717
2022-07-20,24.1433,20.694515,7205400,0,1,399.684068
2022-07-21,24.1633,20.711660,6507900,0,1,400.015161
2022-07-22,24.0600,20.623091,6758400,0,1,398.305065
2022-07-25,24.1733,20.720228,7557600,0,1,400.180707
2022-07-26,24.1033,20.660233,6735600,0,1,399.021881
2022-07-27,24.4467,20.954519,6378900,0,1,404.706751
2022-07-28,24.6100,21.094522,7521000,0,1,407.410126
2022-07-29,24.8100,21.265953,8176200,0,1,410.721058
2022-08-01,24.8333,21.285952,8817300,0,1,411.106782
2022-08-02,24.6100,21.094522,7005300,0,1,407.410126
2022-08-03,24.8667,21.314526,6279000,0,1,411.659707
2022-08-04,24.8000,21.257380,5891400,0,1,410.555511
2022-08-05,24.8700,21.317389,6135000,0,1,411.714337
2022-08-08,24.8967,21.340240,6525300,0,1,412.156347
2022-08-09,24.8867,21.331667,5589300,0,1,411.990800
2022-08-10,25.3167,21.700247,7348800,0,1,419.109303
2022-08-11,25.3633,21.740244,6528600,0,1,419.880750
2022-08-12,25.7467,22.068821,5393400,0,1,426.227806
2022-08-15,25.8000,22.114534,8227500,0,1,427.110169
2022-08-16,25.9567,22.248821,10325700,0,1,429.704284
2022-08-17,25.7900,22.105961,6731700,0,1,426.944623
2022-08-18,25.9467,22.240250,6210300,0,1,429.538737
2022-08-19,25.7433,22.065964,7356900,0,1,426.171520
2022-08-22,25.2667,21.657387,6321600,0,1,418.281570
2022-08-23,25.2167,21.614531,5048400,0,1,417.453837
2022-08-24,25.2267,21.623100,4852200,0,1,417.619384
2022-08-25,25.5067,21.863104,5538300,0,1,422.254688
2022-08-26,24.7567,21.220238,9096300,0,1,409.838695
2022-08-29,24.5967,21.083094,8014500,0,1,407.189950
2022-08-30,24.3367,20.860237,7905600,0,1,402.885739
2022-08-31,24.1333,20.685947,6569100,0,1,399.518521
2022-09-01,24.2300,20.768805,11283300,0,1,401.119357
2022-09-02,24.0100,20.580229,7192800,0,1,397.477332
2022-09-06,23.9267,20.508799,7915800,0,1,396.098329
2022-09-07,24.2767,20.808804,6258300,0,1,401.892459
2022-09-08,24.4700,20.974524,6693600,0,1,405.092474
2022-09-09,24.7567,21.220238,5499000,0,1,409.838695
2022-09-12,24.8567,21.305954,7610100,0,1,411.494161
2022-09-13,23.9000,20.485943,10521300,0,1,395.656319
2022-09-14,23.9200,20.503088,7096500,0,1,395.987413
2022-09-15,23.7300,20.340229,7848000,0,1,392.842028
2022-09-16,23.7300,20.340229,11690100,0,1,392.842028
2022-09-19,23.9200,20.503088,6936000,0,1,395.987413
2022-09-20,23.6700,20.288801,10531800,0,1,391.848748
2022-09-21,23.1367,20.011164,12713100,0.212333,1,386.535249
2022-09-22,23.0600,19.944857,16892100,0,1,385.253854
2022-09-23,22.6900,19.624836,22713600,0,1,379.072418
2022-09-26,22.4400,19.408607,13227600,0,1,374.895772
2022-09-27,22.3367,19.319235,19514100,0,1,373.169981
2022-09-28,22.7567,19.682497,11484900,0,1,380.186747
2022-09-29,22.4100,19.382658,12804000,0,1,374.394574
2022-09-30,22.1433,19.152021,10547700,0,1,369.938928
2022-10-03,22.7367,19.665199,9942000,0,1,379.852615
2022-10-04,23.3300,20.178377,10969500,0,1,389.764632
2022-10-05,23.2900,20.143782,7479600,0,1,389.096369
2022-10-06,22.9900,19.884310,8243100,0,1,384.084393
2022-10-07,22.5300,19.486450,9671700,0,1,376.399364
2022-10-10,22.4567,19.423021,8264700,0,1,375.174771
2022-10-11,22.4067,19.379778,9132300,0,1,374.339442
2022-10-12,22.3867,19.362478,9470400,0,1,374.005311
2022-10-13,23.0433,19.930435,13476900,0,1,384.974854
2022-10-14,22.6467,19.587360,9612600,0,1,378.349023
2022-10-17,23.0200,19.910257,12595800,0,1,384.585591
2022-10-18,23.3300,20.178377,8050800,0,1,389.764632
2022-10-19,23.0733,19.956383,7527300,0,1,385.476052
2022-10-20,22.8433,19.757452,6961200,0,1,381.633537
2022-10-21,23.3667,20.210093,8250000,0,1,390.377764
2022-10-24,23.7833,20.570471,9317100,0,1,397.337727
2022-10-25,24.0200,20.775169,7805700,0,1,401.292176
2022-10-26,24.1267,20.867428,8904300,0,1,403.074769
2022-10-27,24.1733,20.907785,9545100,0,1,403.853296
2022-10-28,24.7333,21.392138,8294700,0,1,413.208983
2022-10-31,24.6267,21.299879,9193500,0,1,411.428061
2022-11-01,24.6900,21.354658,10305000,0,1,412.485588
2022-11-02,24.2400,20.965446,10794000,0,1,404.967625
2022-11-03,24.0467,20.798233,12130200,0,1,401.738242
2022-11-04,24.4900,21.181673,9562200,0,1,409.144271
2022-11-07,24.7467,21.403669,9270900,0,1,413.432852
2022-11-08,25.0167,21.637197,10376400,0,1,417.943630
2022-11-09,24.5900,21.268166,9747300,0,1,410.814930
2022-11-10,25.5733,22.118664,13729500,0,1,427.242515
2022-11-11,25.6400,22.176321,12663000,0,1,428.356844
2022-11-14,25.4900,22.046587,10524300,0,1,425.850856
2022-11-15,25.5767,22.121548,13650600,0,1,427.299317
2022-11-16,25.3900,21.960100,10797300,0,1,424.180198
2022-11-17,25.4800,22.037941,10681800,0,1,425.683790
2022-11-18,25.6467,22.182089,9075600,0,1,428.468778
2022-11-21,25.7167,22.242636,12778500,0,1,429.638239
2022-11-22,26.0967,22.571302,8062800,0,1,435.986742
2022-11-23,26.0867,22.562653,7527600,0,1,435.819676
2022-11-25,26.1467,22.614548,3444300,0,1,436.822071
2022-11-28,25.7733,22.291647,8653200,0,1,430.583832
2022-11-29,25.8500,22.357958,6960900,0,1,431.865227
2022-11-30,26.3100,22.755814,10571100,0,1,439.550256
2022-12-01,26.3533,22.793295,10197900,0,1,440.273651
2022-12-02,26.3367,22.778877,14984400,0,1,439.996322
2022-12-05,25.8833,22.386786,10372200,0,1,432.421556
2022-12-06,25.5733,22.118664,14779200,0,1,427.242515
2022-12-07,25.3433,22.122444,8716500,0.234333,1,427.314904
2022-12-08,25.4967,22.256292,10608900,0,1,429.901391
2022-12-09,25.3367,22.116627,7839000,0,1,427.203621
2022-12-12,25.6567,22.395960,9286800,0,1,432.599161
2022-12-13,25.7833,22.506529,13612500,0,1,434.733771
2022-12-14,25.6767,22.413418,11433000,0,1,432.936382
2022-12-15,25.1600,21.962410,11455500,0,1,424.224272
2022-12-16,24.9433,21.773277,13434300,0,1,420.570480
2022-12-19,24.8600,21.700537,9720900,0,1,419.165954
2022-12-20,24.8967,21.732546,9119100,0,1,419.784755
2022-12-21,25.2467,22.038065,10937400,0,1,425.686126
2022-12-22,25.0300,21.848938,13066200,0,1,422.032334
2022-12-23,25.1967,21.994419,9231000,0,1,424.843073
2022-12-27,25.2833,22.070074,9435600,0,1,426.303241
2022-12-28,24.9733,21.799471,9989400,0,1,421.076312
2022-12-29,25.2567,22.046793,8621400,0,1,425.854737
2022-12-30,25.1800,21.979870,10362600,0,1,424.561493
2023-01-03,25.1467,21.950775,9125700,0,1,424.000020
2023-01-04,25.3967,22.169003,10210800,0,1,428.215285
2023-01-05,25.2467,22.038065,8378400,0,1,425.686126
2023-01-06,25.8767,22.587997,10004700,0,1,436.308594
2023-01-09,25.6900,22.425053,13200000,0,1,433.160634
2023-01-10,25.8200,22.538530,10056300,0,1,435.352572
2023-01-11,25.9167,22.622917,8382000,0,1,436.983036
2023-01-12,25.9600,22.660744,9211500,0,1,437.713120
2023-01-13,25.9833,22.681107,9216600,0,1,438.105983
2023-01-17,25.7233,22.454149,9721500,0,1,433.722107
2023-01-18,25.2300,22.023512,13953900,0,1,425.404546
2023-01-19,25.0133,21.834387,9714900,0,1,421.750755
2023-01-20,25.3133,22.096258,9034500,0,1,426.809073
2023-01-23,25.5133,22.270842,9284400,0,1,430.181285
2023-01-24,25.4933,22.253382,8128200,0,1,429.844064
2023-01-25,25.4967,22.256292,9218400,0,1,429.901391
2023-01-26,25.4933,22.253382,8358000,0,1,429.844064
2023-01-27,25.4533,22.218466,11433000,0,1,429.169621
2023-01-30,25.3500,22.128269,8212200,0,1,427.427874
2023-01-31,25.7033,22.436691,16214400,0,1,433.384886
2023-02-01,25.8233,22.541443,13659600,0,1,435.408213
2023-02-02,26.0100,22.704386,15913200,0,1,438.556173
2023-02-03,25.8033,22.523983,10095000,0,1,435.070992
2023-02-06,25.6700,22.407595,9450600,0,1,432.823413
2023-02-07,25.8033,22.523983,11888400,0,1,435.070992
2023-02-08,25.5867,22.334856,9959400,0,1,431.418887
2023-02-09,25.3667,22.142813,8798100,0,1,427.709453
2023-02-10,25.6000,22.346493,7377300,0,1,431.643139
2023-02-13,25.8833,22.593817,8393100,0,1,436.419877
2023-02-14,25.7133,22.445421,10174500,0,1,433.553497
2023-02-15,25.7633,22.489067,7397700,0,1,434.396550
2023-02-16,25.5833,22.331945,7906200,0,1,431.361559
2023-02-17,25.6367,22.378502,7465200,0,1,432.261940
2023-02-21,25.1500,21.953684,10497900,0,1,424.055662
2023-02-22,25.0467,21.863480,8979000,0,1,422.313914
2023-02-23,25.1233,21.930408,8780400,0,1,423.605471
2023-02-24,24.9533,21.782009,10475700,0,1,420.739091
2023-02-27,24.9567,21.784925,10268100,0,1,420.796419
2023-02-28,24.8500,21.691809,8443500,0,1,418.997344
2023-03-01,24.8400,21.683081,11108100,0,1,418.828733
2023-03-02,24.9300,21.761642,8533800,0,1,420.346228
2023-03-03,25.1900,21.988605,8190900,0,1,424.730104
2023-03-06,25.1800,21.979870,7317000,0,1,424.561493
2023-03-07,24.7800,21.630711,8960700,0,1,417.817069
2023-03-08,24.7467,21.601610,9119700,0,1,417.255596
2023-03-09,24.2800,21.194254,11207400,0,1,409.386539
2023-03-10,23.9867,20.938198,16793700,0,1,404.441190
2023-03-13,23.6433,20.638500,32750700,0,1,398.651102
2023-03-14,23.8533,20.821810,12085800,0,1,402.191925
2023-03-15,23.6567,20.650137,19080300,0,1,398.877041
2023-03-16,23.8833,20.848000,12662400,0,1,402.697757
2023-03-17,23.5033,20.516293,14466300,0,1,396.290554
2023-03-20,23.8567,20.824718,11370600,0,1,402.249253
2023-03-21,24.1100,21.045856,9270300,0,1,406.520159
2023-03-22,23.4467,20.637161,11112900,0.199,1,398.691569
2023-03-23,23.4267,20.619558,14120700,0,1,398.351486
2023-03-24,23.6133,20.783859,11326500,0,1,401.524463
2023-03-27,23.7133,20.871880,10263900,0,1,403.224879
2023-03-28,23.7500,20.904148,10033800,0,1,403.848932
2023-03-29,24.0300,21.150600,8134800,0,1,408.610099
2023-03-30,24.1000,21.212208,8238300,0,1,409.800390
2023-03-31,24.3867,21.464525,8034300,0,1,414.675484
2023-04-03,24.5200,21.581886,9918300,0,1,416.942140
2023-04-04,24.2833,21.373575,8911200,0,1,412.917254
2023-04-05,24.3400,21.423450,7926300,0,1,413.881390
2023-04-06,24.3200,21.405849,7558200,0,1,413.541307
2023-04-10,24.4100,21.485065,8987400,0,1,415.071682
2023-04-11,24.5133,21.576014,8110200,0,1,416.828212
2023-04-12,24.4100,21.485065,7884600,0,1,415.071682
2023-04-13,24.5800,21.634693,8252700,0,1,417.962390
2023-04-14,24.5267,21.587753,6999300,0,1,417.056068
2023-04-17,24.6400,21.687504,7678200,0,1,418.982640
2023-04-18,24.6467,21.693375,7495200,0,1,419.096568
2023-04-19,24.5900,21.643496,6846000,0,1,418.132431
2023-04-20,24.4367,21.508537,7374900,0,1,415.525693
2023-04-21,24.3867,21.464525,6876900,0,1,414.675484
2023-04-24,24.4367,21.508537,6163800,0,1,415.525693
2023-04-25,24.0533,21.171137,8270700,0,1,409.006296
2023-04-26,23.6967,20.857210,10873500,0,1,402.942610
2023-04-27,23.9400,21.071383,9308100,0,1,407.079724
2023-04-28,24.1900,21.291426,8824500,0,1,411.330765
2023-05-01,24.2100,21.309027,9200700,0,1,411.670848
2023-05-02,23.7033,20.863071,13883100,0,1,403.054838
2023-05-03,23.4933,20.678240,11622000,0,1,399.483963
2023-05-04,23.2733,20.484598,15059700,0,1,395.743047
2023-05-05,23.6633,20.827866,9132600,0,1,402.374671
2023-05-08,23.5400,20.719313,10743600,0,1,400.278058
2023-05-09,23.4533,20.643028,10566600,0,1,398.803796
2023-05-10,23.4067,20.601957,10198800,0,1,398.011402
2023-05-11,23.3033,20.511007,10107000,0,1,396.253172
2023-05-12,23.3500,20.552080,8498100,0,1,397.047266
2023-05-15,23.4000,20.596085,7678200,0,1,397.897474
2023-05-16,23.0600,20.296831,9490200,0,1,392.116058
2023-05-17,23.3900,20.587288,8262900,0,1,397.727433
2023-05-18,23.5067,20.689970,10053000,0,1,399.711819
2023-05-19,23.5300,20.710512,9811500,0,1,400.108016
2023-05-22,23.5333,20.713442,8946900,0,1,400.164130
2023-05-23,23.5267,20.707579,10928700,0,1,400.051902
2023-05-24,23.3033,20.511007,9371100,0,1,396.253172
2023-05-25,23.2133,20.431787,11398500,0,1,394.722797
2023-05-26,23.4767,20.663568,13805700,0,1,399.201694
2023-05-30,23.3900,20.587288,12973500,0,1,397.727433
2023-05-31,23.1967,20.417120,11291400,0,1,394.440527
2023-06-01,23.2900,20.499268,11988600,0,1,396.027016
2023-06-02,23.7467,20.901213,9735600,0,1,403.792819
2023-06-05,23.5967,20.769188,7203900,0,1,401.242194
2023-06-06,23.6633,20.827866,8585700,0,1,402.374671
2023-06-07,23.9333,21.065512,9618900,0,1,406.965796
2023-06-08,23.9700,21.097784,7749300,0,1,407.589849
2023-06-09,23.9100,21.044975,10866300,0,1,406.569599
2023-06-12,24.0433,21.162333,8997900,0,1,408.836254
2023-06-13,24.1933,21.294359,9424800,0,1,411.386879
2023-06-14,24.1400,21.247414,9975300,0,1,410.480557
2023-06-15,24.4533,21.523203,11187900,0,1,415.807962
2023-06-16,24.4467,21.517340,12838800,0,1,415.695734
2023-06-20,24.2133,21.311964,9382500,0,1,411.726962
2023-06-21,23.9100,21.239418,9037800,0.221667,1,410.338861
2023-06-22,23.8067,21.147629,7303200,0,1,408.566046
2023-06-23,23.5700,20.937391,9089400,0,1,404.503846
2023-06-26,23.6900,21.043991,9741300,0,1,406.563263
2023-06-27,23.8933,21.224611,11336100,0,1,410.052259
2023-06-28,23.8400,21.177237,8761200,0,1,409.137534
2023-06-29,24.0033,21.322323,8395200,0,1,411.940058
2023-06-30,24.2067,21.502953,8362200,0,1,415.430770
2023-07-03,24.3500,21.630272,5321700,0,1,417.890057
2023-07-05,24.2433,21.535521,7522800,0,1,416.058892
2023-07-06,23.9800,21.301601,7891500,0,1,411.540188
2023-07-07,23.9367,21.263105,6875100,0,1,410.797081
2023-07-10,24.1267,21.431885,9162300,0,1,414.057825
2023-07-11,24.4067,21.680614,9109500,0,1,418.863132
2023-07-12,24.4800,21.745754,8286000,0,1,420.121092
2023-07-13,24.5933,21.846428,8994300,0,1,422.065525
2023-07-14,24.4600,21.727989,9302100,0,1,419.777856
2023-07-17,24.3967,21.671728,9975300,0,1,418.691514
2023-07-18,24.5933,21.846428,9374400,0,1,422.065525
2023-07-19,24.8333,22.059622,10055100,0,1,426.184360
2023-07-20,24.9333,22.148455,8472000,0,1,427.900541
2023-07-21,24.9900,22.198792,7883100,0,1,428.873615
2023-07-24,25.1367,22.329075,7482000,0,1,431.391253
2023-07-25,25.1100,22.305391,11333400,0,1,430.933032
2023-07-26,25.1567,22.346842,7806000,0,1,431.734489
2023-07-27,25.0533,22.255049,10443000,0,1,429.959958
2023-07-28,25.2100,22.394215,6849300,0,1,432.649213
2023-07-31,25.2200,22.403101,7678500,0,1,432.820831
2023-08-01,25.1067,22.302423,9380400,0,1,430.876398
2023-08-02,24.8467,22.071465,10698000,0,1,426.414328
2023-08-03,24.8200,22.047779,8093400,0,1,425.956108
2023-08-04,24.7200,21.958948,8268900,0,1,424.239927
2023-08-07,24.9367,22.151409,7629600,0,1,427.958891
2023-08-08,24.8467,22.071465,7299300,0,1,426.414328
2023-08-09,24.7833,22.015207,5960100,0,1,425.326269
2023-08-10,24.7867,22.018167,7045200,0,1,425.384619
2023-08-11,24.8567,22.080351,5196600,0,1,426.585946
2023-08-14,24.8167,22.044819,6620400,0,1,425.899474
2023-08-15,24.5233,21.784245,8457300,0,1,420.864199
2023-08-16,24.4233,21.695417,7290000,0,1,419.148018
2023-08-17,24.4600,21.727989,7266300,0,1,419.777856
2023-08-18,24.5200,21.781288,7854000,0,1,420.807565
2023-08-21,24.5067,21.769440,7080300,0,1,420.579313
2023-08-22,24.3200,21.603624,8922000,0,1,417.375203
2023-08-23,24.5267,21.787207,7087500,0,1,420.922549
2023-08-24,24.3367,21.618429,7776000,0,1,417.661805
2023-08-25,24.4467,21.716145,7470600,0,1,419.549604
2023-08-28,24.5867,21.840508,6457200,0,1,421.952258
2023-08-29,24.8200,22.047779,7608600,0,1,425.956108
2023-08-30,24.8633,22.086267,6776100,0,1,426.699214
2023-08-31,24.8433,22.068501,5803800,0,1,426.355978
2023-09-01,24.8900,22.109957,7832700,0,1,427.157434
2023-09-05,24.6700,21.914532,10831200,0,1,423.381836
2023-09-06,24.4767,21.742792,10455900,0,1,420.064458
2023-09-07,24.4600,21.727989,6183300,0,1,419.777856
2023-09-08,24.5567,21.813856,6187500,0,1,421.437403
2023-09-11,24.5933,21.846428,6309300,0,1,422.065525
2023-09-12,24.5867,21.840508,7701900,0,1,421.952258
2023-09-13,24.5167,21.778324,6287100,0,1,420.750931
2023-09-14,24.7800,22.012243,7003800,0,1,425.269635
2023-09-15,24.5433,21.802011,8133600,0,1,421.207435
2023-09-18,24.5400,21.799047,8060100,0,1,421.150801
2023-09-19,24.4767,21.742792,7377900,0,1,420.064458
2023-09-20,24.1600,21.654659,9579000,0.218333,1,418.376303
2023-09-21,23.8100,21.340946,10454400,0,1,412.315388
2023-09-22,23.7633,21.299124,10194600,0,1,411.506689
2023-09-25,23.8267,21.355886,9135600,0,1,412.604580
2023-09-26,23.5433,21.101936,13153200,0,1,407.696971
2023-09-27,23.5467,21.104923,8781300,0,1,407.755848
2023-09-28,23.6700,21.215467,8310600,0,1,409.891022
2023-09-29,23.5867,21.140776,7446900,0,1,408.448524
2023-10-02,23.3933,20.967493,13518300,0,1,405.099436
2023-10-03,23.1400,20.740427,12576000,0,1,400.713065
2023-10-04,23.1500,20.749392,15901500,0,1,400.886234
2023-10-05,23.0700,20.677687,11496300,0,1,399.500882
2023-10-06,23.2100,20.803165,12545700,0,1,401.925248
2023-10-09,23.4667,21.033220,8345700,0,1,406.370496
2023-10-10,23.5833,21.137791,7980300,0,1,408.389647
2023-10-11,23.6200,21.170654,7934700,0,1,409.025177
2023-10-12,23.4900,21.054131,10840200,0,1,406.773980
2023-10-13,23.4400,21.009319,7026600,0,1,405.908135
2023-10-16,23.7167,21.257296,9343200,0,1,410.699721
2023-10-17,23.8100,21.340946,8586000,0,1,412.315388
2023-10-18,23.5400,21.098948,8427300,0,1,407.639825
2023-10-19,23.3267,20.907738,11148600,0,1,403.946130
2023-10-20,23.0967,20.701588,10215900,0,1,399.963243
2023-10-23,22.9167,20.540260,12551700,0,1,396.846201
2023-10-24,23.0933,20.698599,9668700,0,1,399.904366
2023-10-25,22.8467,20.477512,10981500,0,1,395.634018
2023-10-26,22.7267,20.369959,11457900,0,1,393.555990
2023-10-27,22.3000,19.987535,19812000,0,1,386.166869
2023-10-30,22.5633,20.223558,15673200,0,1,390.726409
2023-10-31,22.6867,20.334099,12723000,0,1,392.863314
2023-11-01,22.7167,20.360998,12750900,0,1,393.382821
2023-11-02,23.2233,20.815121,17221800,0,1,402.155563
2023-11-03,23.4167,20.988405,11808000,0,1,405.504651
2023-11-06,23.3133,20.895786,10616700,0,1,403.714084
2023-11-07,23.2333,20.824081,10370700,0,1,402.328732
2023-11-08,23.1900,20.785244,9341100,0,1,401.578910
2023-11-09,22.9233,20.546228,10171500,0,1,396.960493
2023-11-10,23.1467,20.746403,10023300,0,1,400.829088
2023-11-13,23.0900,20.695614,12084000,0,1,399.847220
2023-11-14,23.6000,21.152725,11900400,0,1,408.678839
2023-11-15,23.7800,21.314062,9096600,0,1,411.795881
2023-11-16,23.5900,21.143766,10950600,0,1,408.505670
2023-11-17,23.7133,21.254311,8777100,0,1,410.640844
2023-11-20,23.8300,21.358877,12552000,0,1,412.661726
2023-11-21,23.7667,21.302111,8789100,0,1,411.565566
2023-11-22,23.8433,21.370827,8541000,0,1,412.892041
2023-11-24,23.9333,21.451496,6213000,0,1,414.450562
2023-11-27,23.8133,21.343939,15677700,0,1,412.372534
2023-11-28,23.8467,21.373812,11078700,0,1,412.950918
2023-11-29,23.9433,21.460455,10791000,0,1,414.623731
2023-11-30,24.1167,21.615820,9611400,0,1,417.626481
2023-12-01,24.3833,21.854830,13222500,0,1,422.243167
2023-12-04,24.4800,21.941475,12940800,0,1,423.917711
2023-12-05,24.3367,21.813004,9987900,0,1,421.436199
2023-12-06,24.0433,21.771349,16391700,0.247333,1,420.638461
2023-12-07,24.1333,21.852844,9737100,0,1,422.213015
2023-12-08,24.1733,21.889063,19341600,0,1,422.912816
2023-12-11,24.4067,22.100349,20164200,0,1,426.996158
2023-12-12,24.4200,22.112421,14730600,0,1,427.228842
2023-12-13,24.8233,22.477642,12121500,0,1,434.284591
2023-12-14,25.2300,22.845881,14745900,0,1,441.399824
2023-12-15,25.1500,22.773441,14744400,0,1,440.000221
2023-12-18,25.1833,22.803621,12961500,0,1,440.582805
2023-12-19,25.3233,22.930391,10315500,0,1,443.032111
2023-12-20,24.9433,22.586304,10764000,0,1,436.383996
2023-12-21,25.1300,22.755327,9560700,0,1,439.650320
2023-12-22,25.2833,22.894173,9598200,0,1,442.332309
2023-12-26,25.4067,23.005852,10798500,0,1,444.491197
2023-12-27,25.4267,23.023964,10449000,0,1,444.841098
2023-12-28,25.4400,23.036039,9972900,0,1,445.073782
2023-12-29,25.3767,22.978687,11581800,0,1,443.966346
2024-01-02,25.5633,23.147715,20586600,0,1,447.230920
2024-01-03,25.4033,23.002836,10899900,0,1,444.431714
2024-01-04,25.3733,22.975672,11936700,0,1,443.906863
2024-01-05,25.4567,23.051128,10662300,0,1,445.365949
2024-01-08,25.6067,23.186954,13774800,0,1,447.990205
2024-01-09,25.4700,23.063204,8764500,0,1,445.598633
2024-01-10,25.4567,23.051128,17371800,0,1,445.365949
2024-01-11,25.3533,22.957558,10072500,0,1,443.556962
2024-01-12,25.4233,23.020945,10789200,0,1,444.781615
2024-01-16,25.2367,22.851919,14806500,0,1,441.517040
2024-01-17,25.0833,22.713072,12843300,0,1,438.833302
2024-01-18,25.2333,22.848900,10711500,0,1,441.457557
2024-01-19,25.5300,23.117533,12286200,0,1,446.648335
2024-01-22,25.6400,23.217136,13368900,0,1,448.572789
2024-01-23,25.6467,23.223177,9414000,0,1,448.690006
2024-01-24,25.4667,23.060183,13708500,0,1,445.540899
2024-01-25,25.6900,23.262411,12179400,0,1,449.447541
2024-01-26,25.6733,23.247320,11016900,0,1,449.155374
2024-01-29,25.7767,23.340889,11151000,0,1,450.964361
2024-01-30,25.7300,23.298632,7753800,0,1,450.147343
2024-01-31,25.4133,23.011889,12526800,0,1,444.606664
2024-02-01,25.6800,23.253359,10506900,0,1,449.272591
2024-02-02,25.6667,23.241287,10705500,0,1,449.039907
2024-02-05,25.4600,23.054144,11640300,0,1,445.423683
2024-02-06,25.5833,23.165823,10884000,0,1,447.580821
2024-02-07,25.6233,23.202044,8478900,0,1,448.280622
2024-02-08,25.6900,23.262411,7434300,0,1,449.447541
2024-02-09,25.5967,23.177902,9789600,0,1,447.815254
2024-02-12,25.7533,23.319761,9979200,0,1,450.554977
2024-02-13,25.3600,22.963596,12654600,0,1,443.674179
2024-02-14,25.4600,23.054144,10551900,0,1,445.423683
2024-02-15,25.7467,23.313725,10514400,0,1,450.439510
2024-02-16,25.6600,23.235249,9462300,0,1,448.922690
2024-02-20,25.6567,23.232229,14182800,0,1,448.864957
2024-02-21,25.7600,23.325798,8347800,0,1,450.672194
2024-02-22,25.9333,23.482750,9360300,0,1,453.704084
2024-02-23,25.9633,23.509914,12565200,0,1,454.228935
2024-02-26,25.8233,23.383144,8671800,0,1,451.779630
2024-02-27,25.8467,23.404274,8188200,0,1,452.189014
2024-02-28,25.8100,23.371073,8081100,0,1,451.546946
2024-02-29,25.8800,23.434458,9695100,0,1,452.771599
2024-03-01,26.0500,23.588394,8981700,0,1,455.745755
2024-03-04,26.1300,23.660833,11979300,0,1,457.145358
2024-03-05,26.0400,23.579340,10272000,0,1,455.570805
2024-03-06,26.1267,23.657818,9660000,0,1,457.087625
2024-03-07,26.2533,23.772514,9161100,0,1,459.302497
2024-03-08,26.1433,23.672907,10614300,0,1,457.378042
2024-03-11,26.2933,23.808735,10698300,0,1,460.002298
2024-03-12,26.3400,23.850988,8812200,0,1,460.819317
2024-03-13,26.4200,23.923431,9695100,0,1,462.218920
2024-03-14,26.2767,23.793642,9599400,0,1,459.711881
2024-03-15,26.1867,23.712147,10259100,0,1,458.137327
2024-03-18,26.2400,23.760439,12881700,0,1,459.069813
2024-03-19,26.3567,23.866081,10482900,0,1,461.111484
2024-03-20,26.4133,24.103653,14684100,0.203667,1,465.664865
2024-03-21,26.6233,24.295288,10912500,0,1,469.367152
2024-03-22,26.4600,24.146235,10813500,0,1,466.488183
2024-03-25,26.4667,24.152321,10905600,0,1,466.606304
2024-03-26,26.2900,23.991102,14642700,0,1,463.491093
2024-03-27,26.7433,24.404797,9745200,0,1,471.482745
2024-03-28,26.8767,24.526468,9044100,0,1,473.834579
2024-04-01,26.7133,24.377419,12515100,0,1,470.953847
2024-04-02,26.5767,24.252699,10589400,0,1,468.545597
2024-04-03,26.5100,24.191864,9058200,0,1,467.369680
2024-04-04,26.2433,23.948517,11765700,0,1,462.667775
2024-04-05,26.3367,24.033688,10267200,0,1,464.314412
2024-04-08,26.3667,24.061066,6589200,0,1,464.843310
2024-04-09,26.5167,24.197950,9741300,0,1,467.487801
2024-04-10,26.0433,23.766005,19044000,0,1,459.141787
2024-04-11,25.9767,23.705168,14938800,0,1,457.967634
2024-04-12,25.6033,23.364481,11039100,0,1,451.384614
2024-04-15,25.4733,23.245850,13462500,0,1,449.092722
2024-04-16,25.3100,23.096796,9982800,0,1,446.213753
2024-04-17,25.2700,23.060293,7970400,0,1,445.508556
2024-04-18,25.2700,23.060293,7839600,0,1,445.508556
2024-04-19,25.5500,23.315811,10240500,0,1,450.444939
2024-04-22,25.7467,23.495281,9235500,0,1,453.912748
2024-04-23,25.9233,23.656494,7521000,0,1,457.026195
2024-04-24,26.0433,23.766005,8927700,0,1,459.141787
2024-04-25,25.8533,23.592619,10230300,0,1,455.792099
2024-04-26,25.8267,23.568285,7184400,0,1,455.323143
2024-04-29,25.9733,23.702127,7443000,0,1,457.907692
2024-04-30,25.6633,23.419235,7275300,0,1,452.442411
2024-05-01,25.6300,23.388815,10349100,0,1,451.855334
2024-05-02,25.7567,23.504404,7831500,0,1,454.089047
2024-05-03,25.9900,23.717337,7839600,0,1,458.202112
2024-05-06,26.0433,23.766005,10487700,0,1,459.141787
2024-05-07,26.0833,23.802505,9078900,0,1,459.846985
2024-05-08,26.1700,23.881596,6155400,0,1,461.375501
2024-05-09,26.3867,24.079315,9018300,0,1,465.195908
2024-05-10,26.4333,24.121902,6134100,0,1,466.017464
2024-05-13,26.5200,24.200989,6714600,0,1,467.545979
2024-05-14,26.5633,24.240534,6367500,0,1,468.309356
2024-05-15,26.7167,24.380459,7487700,0,1,471.013788
2024-05-16,26.6667,24.334831,8173800,0,1,470.132291
2024-05-17,26.6933,24.359167,6338400,0,1,470.601248
2024-05-20,26.5600,24.237492,7638000,0,1,468.251177
2024-05-21,26.4867,24.170572,6726000,0,1,466.958902
2024-05-22,26.4000,24.091484,8979300,0,1,465.430387
2024-05-23,25.9933,23.720375,9431700,0,1,458.260291
2024-05-24,26.0333,23.756878,7175100,0,1,458.965488
2024-05-28,25.8133,23.556118,9843000,0,1,455.086902
2024-05-29,25.4733,23.245850,9505800,0,1,449.092722
2024-05-30,25.7167,23.467905,7257600,0,1,453.383849
2024-05-31,26.1900,23.899847,7858800,0,1,461.728100
2024-06-03,26.0467,23.769049,8255700,0,1,459.201729
2024-06-04,26.0600,23.781218,5874600,0,1,459.436207
2024-06-05,26.0500,23.772089,11250000,0,1,459.259908
2024-06-06,26.0267,23.750795,6650100,0,1,458.849130
2024-06-07,25.9633,23.692999,6192000,0,1,457.731392
2024-06-10,25.9233,23.656494,7659900,0,1,457.026195
2024-06-11,25.8333,23.574366,7496100,0,1,455.439500
2024-06-12,25.8133,23.556118,8495700,0,1,455.086902
2024-06-13,25.7033,23.455738,8197200,0,1,453.147608
2024-06-14,25.5967,23.358398,9477600,0,1,451.268257
2024-06-17,25.7667,23.513531,9250200,0,1,454.265346
2024-06-18,25.8800,23.616955,7321200,0,1,456.262818
2024-06-20,26.0200,23.744711,9732000,0,1,458.731010
2024-06-21,26.0400,23.762962,8371200,0,1,459.083609
2024-06-24,26.4033,24.094524,7982100,0,1,465.488565
2024-06-25,26.1933,23.902887,7842300,0,1,461.786278
2024-06-26,25.8100,23.802673,8162400,0.274667,1,459.871085
2024-06-27,25.7567,23.753487,9172500,0,1,458.921409
2024-06-28,25.9200,23.904118,10609800,0,1,461.831016
2024-07-01,25.8033,23.796522,16640400,0,1,459.751708
2024-07-02,25.8167,23.808821,8160600,0,1,459.990463
2024-07-03,25.7267,23.725822,6168900,0,1,458.386883
2024-07-05,25.6733,23.676632,9886200,0,1,457.435425
2024-07-08,25.6967,23.698154,8576700,0,1,457.852356
2024-07-09,25.7033,23.704304,8870100,0,1,457.969952
2024-07-10,25.9567,23.937935,7726500,0,1,462.484920
2024-07-11,26.2733,24.229971,10332000,0,1,468.125958
2024-07-12,26.5467,24.482050,9661200,0,1,472.997278
2024-07-15,26.6433,24.571196,9588600,0,1,474.718453
2024-07-16,27.0867,24.980049,8936100,0,1,482.618757
2024-07-17,27.4400,25.305902,11274000,0,1,488.913699
2024-07-18,27.2033,25.087641,11019000,0,1,484.696284
2024-07-19,27.0367,24.933941,6724800,0,1,481.727879
2024-07-22,27.0600,24.955458,9084600,0,1,482.143028
2024-07-23,26.8267,24.740271,8572800,0,1,477.986193
2024-07-24,26.9000,24.807899,7804200,0,1,479.292220
2024-07-25,27.0600,24.955458,9511800,0,1,482.143028
2024-07-26,27.4900,25.352015,7490400,0,1,489.804577
2024-07-29,27.3833,25.253643,9230100,0,1,487.903444
2024-07-30,27.6000,25.453459,8377200,0,1,491.764508
2024-07-31,27.5267,25.385830,9619200,0,1,490.458481
2024-08-01,27.2533,25.133751,10129500,0,1,485.587162
2024-08-02,26.9333,24.838642,10460700,0,1,479.885544
2024-08-05,26.3267,24.279158,18282000,0,1,469.077416
2024-08-06,26.4600,24.402121,12704400,0,1,471.452496
2024-08-07,26.2967,24.251490,9877200,0,1,468.542889
2024-08-08,26.7400,24.660347,8586000,0,1,476.441411
2024-08-09,26.7233,24.644974,7585200,0,1,476.143858
2024-08-12,26.5967,24.528156,7661400,0,1,473.888155
2024-08-13,26.8800,24.789455,7015800,0,1,478.935869
2024-08-14,26.9133,24.820196,6625200,0,1,479.529193
2024-08-15,27.1967,25.081493,8206800,0,1,484.578688
2024-08-16,27.3200,25.195236,6395100,0,1,486.775593
2024-08-19,27.4800,25.342793,7279800,0,1,489.626401
2024-08-20,27.4067,25.275166,7043100,0,1,488.320375
2024-08-21,27.5233,25.382753,7131000,0,1,490.397902
2024-08-22,27.4467,25.312052,6476700,0,1,489.033077
2024-08-23,27.8400,25.674793,7466400,0,1,496.040721
2024-08-26,27.8733,25.705530,9560100,0,1,496.634046
2024-08-27,27.8267,25.662497,6933300,0,1,495.803748
2024-08-28,27.8333,25.668644,6417300,0,1,495.921343
2024-08-29,27.9533,25.779312,7154100,0,1,498.059450
2024-08-30,28.1767,25.985275,7419000,0,1,502.039892
2024-09-03,27.9267,25.754721,10817700,0,1,497.585503
2024-09-04,27.8333,25.668644,9603900,0,1,495.921343
2024-09-05,27.5700,25.425795,8496000,0,1,491.229981
2024-09-06,27.3333,25.207535,9841200,0,1,487.012566
2024-09-09,27.6633,25.511868,8665800,0,1,492.892359
2024-09-10,27.6867,25.533382,6937500,0,1,493.309290
2024-09-11,27.5167,25.376608,8727300,0,1,490.280306
2024-09-12,27.5433,25.401199,6989100,0,1,490.754253
2024-09-13,27.7867,25.625607,6856800,0,1,495.091045
2024-09-16,28.0500,25.868460,7710600,0,1,499.782408
2024-09-17,28.0300,25.850019,7572000,0,1,499.426056
2024-09-18,28.0467,25.865387,8607300,0,1,499.723610
2024-09-19,28.2900,26.089798,9279900,0,1,504.058621
2024-09-20,28.1600,25.969906,10921800,0,1,501.742339
2024-09-23,28.3100,26.108238,7689600,0,1,504.414972
2024-09-24,28.3533,26.148201,9443100,0,1,505.186472
2024-09-25,27.7900,25.858202,10584900,0.251667,1,499.633934
2024-09-26,27.9133,25.972960,10354200,0,1,501.850734
2024-09-27,28.0867,26.134247,13143900,0,1,504.968277
2024-09-30,28.1767,26.217989,21598200,0,1,506.586379
2024-10-01,28.1600,26.202484,13093500,0,1,506.286131
2024-10-02,28.1800,26.221092,10701600,0,1,506.645709
2024-10-03,28.1067,26.152855,9858300,0,1,505.327855
2024-10-04,28.2167,26.255211,9511200,0,1,507.305535
2024-10-07,28.1000,26.146652,12602700,0,1,505.207396
2024-10-08,28.0533,26.103233,10086300,0,1,504.367781
2024-10-09,28.3167,26.348259,11862600,0,1,509.103426
2024-10-10,28.2067,26.245903,9633300,0,1,507.125746
2024-10-11,28.5400,26.556067,9937900,0,3,513.118117
2024-10-14,28.6900,26.695639,9085700,0,1,515.814954
2024-10-15,28.5700,26.583982,11217500,0,1,513.657484
2024-10-16,28.8000,26.797991,9171700,0,1,517.792634
2024-10-17,28.8100,26.807297,8740400,0,1,517.972423
2024-10-18,28.8100,26.807297,8179200,0,1,517.972423
2024-10-21,28.4700,26.490932,12964900,0,1,511.859593
2024-10-22,28.3300,26.360662,11338300,0,1,509.342546
2024-10-23,28.2800,26.314140,11877000,0,1,508.443600
2024-10-24,28.3300,26.360662,8814500,0,1,509.342546
2024-10-25,28.1500,26.193176,9305200,0,1,506.106342
2024-10-28,28.3200,26.351358,10346800,0,1,509.162757
2024-10-29,28.0900,26.137350,10209700,0,1,505.027607
2024-10-30,28.1800,26.221092,10503900,0,1,506.645709
2024-10-31,28.2300,26.267614,10905200,0,1,507.544655
2024-11-01,28.1000,26.146652,9374000,0,1,505.207396
2024-11-04,28.1300,26.174564,10761000,0,1,505.746764
2024-11-05,28.3800,26.407188,10098100,0,1,510.241491
2024-11-06,29.0400,27.021313,16061100,0,1,522.107572
2024-11-07,28.9100,26.900347,13223300,0,1,519.770314
2024-11-08,29.0800,27.058529,11674000,0,1,522.826729
2024-11-11,29.1600,27.132965,11164700,0,1,524.265042
2024-11-12,28.9100,26.900347,13235500,0,1,519.770314
2024-11-13,29.0100,26.993393,10503000,0,1,521.568205
2024-11-14,28.8800,26.872429,8902300,0,1,519.230947
2024-11-15,28.6300,26.639811,12549300,0,1,514.736219
2024-11-18,28.7900,26.788691,11084400,0,1,517.612845
2024-11-19,28.6400,26.649117,11657500,0,1,514.916008
2024-11-20,28.7100,26.714247,9201500,0,1,516.174532
2024-11-21,28.9800,26.965479,11132500,0,1,521.028838
2024-11-22,29.3500,27.309759,12227600,0,1,527.681035
2024-11-25,29.5100,27.458637,12321500,0,1,530.557661
2024-11-26,29.4500,27.402809,11306600,0,1,529.478926
2024-11-27,29.4400,27.393501,10547500,0,1,529.299137
2024-11-29,29.5300,27.477249,7685300,0,1,530.917239
2024-12-02,29.3400,27.300453,15555700,0,1,527.501246
2024-12-03,29.1800,27.151577,13097900,0,1,524.624620
2024-12-04,28.9400,26.928259,16023900,0,1,520.309681
2024-12-05,28.9500,26.937567,12749200,0,1,520.489471
2024-12-06,28.8200,26.816605,12671900,0,1,518.152212
2024-12-09,28.7900,26.788691,19540700,0,1,517.612845
2024-12-10,28.6800,26.686333,17529000,0,1,515.635165
2024-12-11,28.2500,26.531372,15896100,0.265,1,512.668644
2024-12-12,28.2000,26.484417,14370700,0,1,511.761266
2024-12-13,28.1300,26.418669,16919700,0,1,510.490937
2024-12-16,27.8700,26.174492,24794000,0,1,505.772570
2024-12-17,27.8100,26.118141,17417900,0,1,504.683717
2024-12-18,27.0800,25.432550,20344000,0,1,491.435996
2024-12-19,26.9300,25.291676,22797700,0,1,488.713862
2024-12-20,27.2900,25.629774,35339500,0,1,495.246984
2024-12-23,27.3700,25.704910,22013800,0,1,496.698789
2024-12-24,27.5800,25.902134,9522500,0,1,500.509777
2024-12-26,27.5900,25.911526,14128100,0,1,500.691253
2024-12-27,27.4700,25.798824,16074000,0,1,498.513545
2024-12-30,27.2300,25.573425,16946400,0,1,494.158130
2024-12-31,27.3200,25.657949,13234100,0,1,495.791411
2025-01-02,27.2600,25.601599,17005200,0,1,494.702557
2025-01-03,27.4400,25.770651,11470500,0,1,497.969119
2025-01-06,27.2700,25.610994,22820300,0,1,494.884033
2025-01-07,27.2600,25.601599,16406000,0,1,494.702557
2025-01-08,27.3200,25.657949,13723600,0,1,495.791411
2025-01-10,27.0100,25.366810,22011200,0,1,490.165667
2025-01-13,27.3000,25.639168,17826400,0,1,495.428460
2025-01-14,27.5200,25.845781,14077400,0,1,499.420924
2025-01-15,27.8200,26.127531,12225300,0,1,504.865192
2025-01-16,27.8300,26.136925,13454400,0,1,505.046668
2025-01-17,27.9900,26.287189,15361500,0,1,507.950278
2025-01-21,28.2200,26.503197,21390200,0,1,512.124217
2025-01-22,27.9200,26.221447,15660900,0,1,506.679949
2025-01-23,28.0900,26.381107,14818700,0,1,509.765034
2025-01-24,28.0700,26.362324,11739400,0,1,509.402083
2025-01-27,28.4500,26.719206,21061100,0,1,516.298157
2025-01-28,28.0700,26.362324,14748400,0,1,509.402083
2025-01-29,28.0100,26.305975,11720300,0,1,508.313229
2025-01-30,27.9800,26.277802,15498900,0,1,507.768802
2025-01-31,27.8300,26.136925,15426900,0,1,505.046668
2025-02-03,27.7200,26.033617,19749100,0,1,503.050436
2025-02-04,27.7600,26.071184,11507200,0,1,503.776339
2025-02-05,27.9500,26.249624,10937300,0,1,507.224375
2025-02-06,27.7500,26.061792,13422000,0,1,503.594863
2025-02-07,27.5600,25.883348,14970000,0,1,500.146826
2025-02-10,27.6800,25.996050,11902600,0,1,502.324534
2025-02-11,27.8700,26.174492,11203800,0,1,505.772570
2025-02-12,27.6500,25.967873,12124200,0,1,501.780107
2025-02-13,27.8500,26.155706,10936900,0,1,505.409619
2025-02-14,27.7900,26.099360,10062600,0,1,504.320765
2025-02-18,27.9900,26.287189,15611500,0,1,507.950278
2025-02-19,28.1800,26.465630,12266700,0,1,511.398315
2025-02-20,28.3200,26.597115,12605400,0,1,513.938974
2025-02-21,28.2100,26.493803,13856400,0,1,511.942742
2025-02-24,28.2600,26.540764,13681800,0,1,512.850120
2025-02-25,28.4500,26.719206,12774100,0,1,516.298157
2025-02-26,28.1500,26.437456,12882000,0,1,510.853888
2025-02-27,28.1700,26.456238,12408200,0,1,511.216839
2025-02-28,28.5400,26.803730,16590300,0,1,517.931437
2025-03-03,28.4000,26.672247,17881200,0,1,515.390779
2025-03-04,27.9200,26.221447,20158100,0,1,506.679949
2025-03-05,28.0500,26.343538,16031700,0,1,509.039132
2025-03-06,28.0700,26.362324,14871800,0,1,509.402083
2025-03-07,28.4600,26.728598,16558700,0,1,516.479632
2025-03-10,28.3800,26.653465,23520500,0,1,515.027827
2025-03-11,27.7400,26.052399,24564600,0,1,503.413387
2025-03-12,27.4400,25.770651,26655200,0,1,497.969119
2025-03-13,27.2900,25.629774,15121400,0,1,495.246984
2025-03-14,27.6400,25.958483,15167200,0,1,501.598631
2025-03-17,27.9600,26.259012,16046200,0,1,507.405851
2025-03-18,27.9200,26.221447,12625300,0,1,506.679949
2025-03-19,28.0300,26.324759,13079400,0,1,508.676180
2025-03-20,27.9500,26.249624,11317400,0,1,507.224375
2025-03-21,27.7600,26.071184,16883800,0,1,503.776339
2025-03-24,28.0900,26.381107,15452500,0,1,509.765034
2025-03-25,27.8400,26.146317,16456400,0,1,505.228144
2025-03-26,27.8000,26.344374,17390600,0.249,1,509.020984
2025-03-27,27.7500,26.296993,11448800,0,1,508.105479
2025-03-28,27.5800,26.135893,15661100,0,1,504.992761
2025-03-31,27.9600,26.495993,19019400,0,1,511.950601
2025-04-01,27.8700,26.410707,14702200,0,1,510.302692
2025-04-02,27.8700,26.410707,11923400,0,1,510.302692
2025-04-03,26.7300,25.330397,30584900,0,1,489.429169
2025-04-04,25.2800,23.956324,45530200,0,1,462.879514
2025-04-07,24.9400,23.634123,50085200,0,1,456.654077
2025-04-08,24.3200,23.046589,40098800,0,1,445.301811
2025-04-09,25.8700,24.515429,46103800,0,1,473.682477
2025-04-10,24.9700,23.662552,31358500,0,1,457.203380
2025-04-11,25.3000,23.975273,21685900,0,1,463.245716
2025-04-14,25.6000,24.259567,27320700,0,1,468.738748
2025-04-15,25.4300,24.098465,17240800,0,1,465.626030
2025-04-16,25.1300,23.814175,18600500,0,1,460.132998
2025-04-17,25.4200,24.088989,15390600,0,1,465.442929
2025-04-21,25.0300,23.719414,21932900,0,1,458.301987
2025-04-22,25.4400,24.107946,21483100,0,1,465.809131
2025-04-23,25.4200,24.088989,27870400,0,1,465.442929
2025-04-24,25.7100,24.363808,15485700,0,1,470.752860
2025-04-25,25.6700,24.325899,14346200,0,1,470.020456
2025-04-28,25.7900,24.439619,14821000,0,1,472.217668
2025-04-29,25.8900,24.534380,12637700,0,1,474.048679
2025-04-30,25.8200,24.468048,13636400,0,1,472.766972
2025-05-01,25.7100,24.363808,15470600,0,1,470.752860
2025-05-02,26.0600,24.695480,14242200,0,1,477.161397
2025-05-05,25.8000,24.449091,14148800,0,1,472.400769
2025-05-06,25.5500,24.212185,12092400,0,1,467.823243
2025-05-07,25.6400,24.297472,12919200,0,1,469.471152
2025-05-08,25.7800,24.430140,20045400,0,1,472.034567
2025-05-09,25.7300,24.382757,14195200,0,1,471.119062
2025-05-12,26.4300,25.046106,18699900,0,1,483.936137
2025-05-13,26.3100,24.932390,17389700,0,1,481.738924
2025-05-14,26.0000,24.638618,17297200,0,1,476.062791
2025-05-15,26.4200,25.036629,14412000,0,1,483.753036
2025-05-16,26.6000,25.207205,11779600,0,1,487.048855
2025-05-19,26.5800,25.188255,15067100,0,1,486.682653
2025-05-20,26.4800,25.093487,12280800,0,1,484.851642
2025-05-21,26.0100,24.648098,15842400,0,1,476.245892
2025-05-22,25.9600,24.600716,16081300,0,1,475.330387
2025-05-23,25.8900,24.534380,16065700,0,1,474.048679
2025-05-27,26.2700,24.894487,15919500,0,1,481.006520
2025-05-28,26.0400,24.676529,13190600,0,1,476.795195
2025-05-29,26.1900,24.818676,13882500,0,1,479.541711
2025-05-30,26.1700,24.799721,14779900,0,1,479.175509
2025-06-02,26.2500,24.875532,20610300,0,1,480.640318
2025-06-03,26.4400,25.055584,12717000,0,1,484.119238
2025-06-04,26.2900,24.913437,11733400,0,1,481.372722
2025-06-05,26.2300,24.856579,18901400,0,1,480.274116
2025-06-06,26.5400,25.150349,10658900,0,1,485.950249
2025-06-09,26.6500,25.254585,13743000,0,1,487.964361
2025-06-10,26.9500,25.538879,12688100,0,1,493.457393
2025-06-11,26.8600,25.453590,13813000,0,1,491.809483
2025-06-12,27.0200,25.605213,10552300,0,1,494.739100
2025-06-13,26.9000,25.491497,21328400,0,1,492.541888
2025-06-16,26.9200,25.510448,13918200,0,1,492.908090
2025-06-17,26.7200,25.320923,12383700,0,1,489.246068
2025-06-18,26.6400,25.245110,13837400,0,1,487.781260
2025-06-20,26.7000,25.301970,14262300,0,1,488.879866
2025-06-23,26.7000,25.301970,18943800,0,1,488.879866
2025-06-24,26.7400,25.339876,19845100,0,1,489.612270
2025-06-25,26.2000,25.071932,20744100,0.26,1,484.485440
2025-06-26,26.3900,25.253748,17013600,0,1,487.998884
2025-06-27,26.3900,25.253748,20889900,0,1,487.998884
2025-06-30,26.5000,25.359013,24163700,0,1,490.032984
2025-07-01,27.0500,25.885332,25633400,0,1,500.203479
2025-07-02,27.3100,26.134136,15531900,0,1,505.011350
2025-07-03,27.3500,26.172417,8818700,0,1,505.751023
2025-07-07,27.0600,25.894903,15913300,0,1,500.388398
2025-07-08,27.3200,26.143707,14732800,0,1,505.196268
2025-07-09,27.2900,26.115000,14405300,0,1,504.641514
2025-07-10,27.5100,26.325527,13643200,0,1,508.709712
2025-07-11,27.3300,26.153275,14040400,0,1,505.381186
2025-07-14,27.3100,26.134136,16559000,0,1,505.011350
2025-07-15,26.8700,25.713085,16833400,0,1,496.874953
2025-07-16,26.9300,25.770498,16183600,0,1,497.984462
2025-07-17,27.1400,25.971458,14578000,0,1,501.867742
2025-07-18,27.0200,25.856625,13196900,0,1,499.648725
2025-07-21,26.9500,25.789639,13098600,0,1,498.354298
2025-07-22,27.2400,26.067150,12718600,0,1,503.716923
2025-07-23,27.3800,26.201124,16834900,0,1,506.305777
2025-07-24,27.2800,26.105431,14200200,0,1,504.456596
2025-07-25,27.3200,26.143707,16852700,0,1,505.196268
2025-07-28,27.2000,26.028875,14874400,0,1,502.977251
2025-07-29,27.1700,26.000164,13147000,0,1,502.422497
2025-07-30,26.8400,25.684376,23968400,0,1,496.320199
2025-07-31,26.5000,25.359013,19727500,0,1,490.032984
2025-08-01,26.3800,25.244179,17759300,0,1,487.813966
2025-08-04,26.6100,25.464275,20330500,0,1,492.067083
2025-08-05,26.7400,25.588680,15668200,0,1,494.471018
2025-08-06,26.6800,25.531263,16556100,0,1,493.361509
2025-08-07,26.7500,25.598251,13395300,0,1,494.655936
2025-08-08,26.8800,25.722652,13660000,0,1,497.059872
2025-08-11,26.7900,25.636530,17459200,0,1,495.395609
2025-08-12,27.1000,25.933182,13871100,0,1,501.128070
2025-08-13,27.4600,26.277679,16077000,0,1,507.785122
2025-08-14,27.3400,26.162846,14665800,0,1,505.566105
2025-08-15,27.3300,26.153275,14205700,0,1,505.381186
2025-08-18,27.2600,26.086290,12751600,0,1,504.086760
2025-08-19,27.4500,26.268112,12997100,0,1,507.600204
2025-08-20,27.5100,26.325527,16734900,0,1,508.709712
2025-08-21,27.5200,26.335094,9865400,0,1,508.894630
2025-08-22,27.9500,26.746582,15118600,0,1,516.846109
2025-08-25,27.7700,26.574333,12613200,0,1,513.517583
2025-08-26,27.7500,26.555195,16407600,0,1,513.147747
2025-08-27,27.8700,26.670027,11516200,0,1,515.366764
2025-08-28,27.8200,26.622179,11793900,0,1,514.442174
2025-08-29,27.9200,26.717873,13211200,0,1,516.291355
2025-09-02,27.8400,26.641319,18420600,0,1,514.812010
2025-09-03,27.6000,26.411652,19873300,0,1,510.373975
2025-09-04,27.6900,26.497776,13419700,0,1,512.038238
2025-09-05,27.6400,26.449928,15327800,0,1,511.113648
2025-09-08,27.4400,26.258541,18249700,0,1,507.415286
2025-09-09,27.4500,26.268112,18576600,0,1,507.600204
2025-09-10,27.5000,26.315960,16572100,0,1,508.524794
2025-09-11,27.7200,26.526484,13521500,0,1,512.592993
2025-09-12,27.4800,26.296818,14967600,0,1,508.154958
2025-09-15,27.3400,26.162846,18547600,0,1,505.566105
2025-09-16,27.4200,26.239403,19907700,0,1,507.045449
2025-09-17,27.4700,26.287249,21748100,0,1,507.970040
2025-09-18,27.4500,26.268112,17238300,0,1,507.600204
2025-09-19,27.3300,26.153275,17610900,0,1,505.381186
2025-09-22,27.2500,26.076719,17463700,0,1,503.901842
2025-09-23,27.4000,26.220263,16862900,0,1,506.675613
2025-09-24,27.1600,26.239586,19469300,0.26,1,507.045449
2025-09-25,26.9900,26.075346,20335200,0,1,503.871748
2025-09-26,27.2100,26.287889,16482800,0,1,507.978891
2025-09-29,27.1000,26.181618,25833100,0,1,505.925320
2025-09-30,27.3000,26.374840,18115100,0,1,509.659086
2025-10-01,27.5300,26.597046,18618100,0,1,513.952917
2025-10-02,27.3400,26.413485,15690700,0,1,510.405839
2025-10-03,27.4100,26.481113,15309500,0,1,511.712657
2025-10-06,27.3400,26.413485,16315100,0,1,510.405839
2025-10-07,27.2800,26.355518,17220200,0,1,509.285709
2025-10-08,27.1800,26.258907,15899800,0,1,507.418826
2025-10-09,27.0000,26.085007,19054300,0,1,504.058436
2025-10-10,26.5400,25.640594,24258300,0,1,495.470774
2025-10-13,26.6300,25.727547,20634900,0,1,497.150969
2025-10-14,26.8700,25.959414,18735100,0,1,501.631488
2025-10-15,26.7800,25.872463,15036900,0,1,499.951294
2025-10-16,26.5700,25.669579,18983200,0,1,496.030839
2025-10-17,26.7900,25.882124,14043800,0,1,500.137982
2025-10-20,26.9900,26.075346,13374300,0,1,503.871748
2025-10-21,27.0700,26.152636,14782500,0,1,505.365255
2025-10-22,26.9900,26.075346,13644800,0,1,503.871748
2025-10-23,27.0300,26.113991,13653800,0,1,504.618501
2025-10-24,27.0300,26.113991,14055000,0,1,504.618501
2025-10-27,27.1200,26.200943,17308000,0,1,506.298696
2025-10-28,27.0000,26.085007,19879800,0,1,504.058436
2025-10-29,26.7400,25.833818,22899100,0,1,499.204540
2025-10-30,26.6800,25.775850,18030300,0,1,498.084411
2025-10-31,26.7500,25.843479,16174400,0,1,499.391229
2025-11-03,26.4700,25.572966,20525300,0,1,494.163956
2025-11-04,26.4400,25.543985,18189400,0,1,493.603891
2025-11-05,26.5700,25.669579,16559900,0,1,496.030839
2025-11-06,26.5200,25.621275,15867800,0,1,495.097398
2025-11-07,26.7200,25.814495,18818800,0,1,498.831164
2025-11-10,26.7700,25.862804,19396900,0,1,499.764605
2025-11-11,27.1800,26.258907,16948900,0,1,507.418826
2025-11-12,27.1900,26.268570,15034300,0,1,507.605514
2025-11-13,27.2200,26.297550,21714900,0,1,508.165579
2025-11-14,27.2400,26.316875,19840800,0,1,508.538956
2025-11-17,27.0000,26.085007,17416700,0,1,504.058436
2025-11-18,27.1600,26.239586,17175100,0,1,507.045449
2025-11-19,26.9300,26.017380,17996500,0,1,502.751618
2025-11-20,26.6200,25.717886,21664100,0,1,496.964281
2025-11-21,27.1000,26.181618,21087200,0,1,505.925320
2025-11-24,26.9500,26.036703,22398300,0,1,503.124995
2025-11-25,27.3200,26.394163,17863700,0,1,510.032462
2025-11-26,27.4500,26.519760,14495900,0,1,512.459410
2025-11-28,27.5900,26.655014,8406000,0,1,515.073047
2025-12-01,27.5300,26.597046,20224200,0,1,513.952917
2025-12-02,27.4000,26.471451,17595800,0,1,511.525969
2025-12-03,27.8000,26.857897,16300500,0,1,518.993501
2025-12-04,27.7500,26.809591,15934900,0,1,518.060060
2025-12-05,27.7100,26.770945,14265800,0,1,517.313306
2025-12-08,27.5800,26.645351,20370900,0,1,514.886358
2025-12-09,27.4600,26.529417,19476000,0,1,512.646099
2025-12-10,27.5700,26.908104,16499500,0.278,1,519.889605
2025-12-11,27.6800,27.015463,18955300,0,1,521.963884
2025-12-12,27.6800,27.015463,20252900,0,1,521.963884
2025-12-15,27.7600,27.093542,25870900,0,1,523.472450
2025-12-16,27.4700,26.810503,20603500,0,1,518.003897
2025-12-17,27.6000,26.937382,17679900,0,1,520.455317
2025-12-18,27.4800,26.820263,19642900,0,1,518.192468
2025-12-19,27.4600,26.800741,20518200,0,1,517.815327
2025-12-22,27.6200,26.956903,20436800,0,1,520.832459
2025-12-23,27.5400,26.878824,16626400,0,1,519.323893
2025-12-24,27.6600,26.995943,9031900,0,1,521.586742
2025-12-26,27.6400,26.976421,15949400,0,1,521.209600
2025-12-29,27.6200,26.956903,15289800,0,1,520.832459
2025-12-30,27.6300,26.966661,15209800,0,1,521.021030
2025-12-31,27.4300,26.771465,14202400,0,1,517.249614
2026-01-02,27.7300,27.064262,22356200,0,1,522.906737
2026-01-05,27.9100,27.239941,27203800,0,1,526.301011
2026-01-06,28.0900,27.415617,18746400,0,1,529.695285
2026-01-07,27.9000,27.230181,18870000,0,1,526.112440
2026-01-08,28.4200,27.737696,22373700,0,1,535.918120
2026-01-09,28.5500,27.864574,17651900,0,1,538.369540
2026-01-12,28.5000,27.815777,24490500,0,1,537.426686
2026-01-13,28.6200,27.932896,18445500,0,1,539.689536
2026-01-14,29.0400,28.342813,21696900,0,1,547.609508
2026-01-15,29.0300,28.333052,18253100,0,1,547.420937
2026-01-16,28.9000,28.206173,19792300,0,1,544.969517
2026-01-20,28.7000,28.010973,24135600,0,1,541.198102
2026-01-21,29.1500,28.450169,20011400,0,1,549.683786
2026-01-22,29.1700,28.469690,16446000,0,1,550.060928
2026-01-23,29.1400,28.440411,19242800,0,1,549.495216
2026-01-26,29.1800,28.479452,19124800,0,1,550.249499
2026-01-27,29.3700,28.664890,14886200,0,1,553.832343
2026-01-28,29.3000,28.596569,19578400,0,1,552.512348
2026-01-29,29.3700,28.664890,27141900,0,1,553.832343
2026-01-30,29.8200,29.104084,22771200,0,1,562.318028
2026-02-02,30.0000,29.279762,23678900,0,1,565.712302
2026-02-03,30.5000,29.767759,28640100,0,1,575.140840
2026-02-04,31.0100,30.265516,34231600,0,1,584.757949
2026-02-05,30.9700,30.226477,31348400,0,1,584.003666
2026-02-06,31.4700,30.714474,27103700,0,1,593.432204
2026-02-09,31.3500,30.597355,25465200,0,1,591.169355
2026-02-10,31.3000,30.548553,20978000,0,1,590.226501
2026-02-11,31.6400,30.880390,23176800,0,1,596.637907
2026-02-12,31.3400,30.587593,23196300,0,1,590.980784
2026-02-13,31.6100,30.851112,29146500,0,1,596.072195
2026-02-17,31.4200,30.665672,32704700,0,1,592.489350
2026-02-18,31.5600,30.802311,18596800,0,1,595.129341
2026-02-19,31.5700,30.812071,17596100,0,1,595.317912
2026-02-20,31.6100,30.851112,19596700,0,1,596.072195
2026-02-23,31.5300,30.773033,21142700,0,1,594.563629
2026-02-24,31.6400,30.880390,16288400,0,1,596.637907
2026-02-25,31.5100,30.753513,21818500,0,1,594.186487
2026-02-26,31.5100,30.753513,20177100,0,1,594.186487
2026-02-27,31.7700,31.007271,17423600,0,1,599.089327
2026-03-02,31.8600,31.095110,24565200,0,1,600.786464
2026-03-03,31.5900,30.831591,29375000,0,1,595.695054
2026-03-04,31.5400,30.782793,36141400,0,1,594.752200
2026-03-05,31.2600,30.509514,21798300,0,1,589.472218
2026-03-06,31.1300,30.382633,30706100,0,1,587.020798
2026-03-09,31.0200,30.275276,27754600,0,1,584.946520
2026-03-10,30.9000,30.158157,26716000,0,1,582.683671
2026-03-11,31.0000,30.255756,19947100,0,1,584.569378
2026-03-12,30.8200,30.080076,22684200,0,1,581.175104
2026-03-13,30.8000,30.060556,30481900,0,1,580.797963
2026-03-16,30.8700,30.128878,30596500,0,1,582.117958
2026-03-17,30.9500,30.206957,24456000,0,1,583.626524
2026-03-18,30.5800,29.845839,26352600,0,1,576.649406
2026-03-19,30.5900,29.855600,29056900,0,1,576.837977
2026-03-20,30.3900,29.660400,27516700,0,1,573.066561
2026-03-23,30.5400,29.806801,33437900,0,1,575.895123
2026-03-24,30.6400,29.904398,30013400,0,1,577.780831
2026-03-25,30.5400,30.058928,27249800,0.257,1,580.741392
2026-03-26,30.6200,30.137667,20280100,0,1,582.262653
2026-03-27,30.4400,29.960501,23433800,0,1,578.839815
2026-03-30,30.4800,29.999872,30521900,0,1,579.600446
2026-03-31,30.6800,30.196720,30453500,0,1,583.403598
2026-04-01,30.5100,30.029398,31995000,0,1,580.170919
2026-04-02,30.5600,30.078609,20626200,0,1,581.121707
2026-04-06,30.6400,30.157351,21978700,0,1,582.642968
2026-04-07,30.5600,30.078609,18789600,0,1,581.121707
2026-04-08,30.8600,30.373886,30778800,0,1,586.826436
2026-04-09,30.9400,30.452625,31723800,0,1,588.347697
2026-04-10,30.5600,30.078609,19661600,0,1,581.121707
2026-04-13,30.7400,30.255775,19407400,0,1,584.544544
2026-04-14,30.7100,30.226248,18705300,0,1,583.974071
2026-04-15,30.6500,30.167192,19024500,0,1,582.833126
2026-04-16,30.8100,30.324673,17406500,0,1,585.875648
2026-04-17,31.0500,30.560890,20134700,0,1,590.439431
2026-04-20,31.0300,30.541208,17253100,0,1,590.059115
2026-04-21,30.9800,30.491995,17909800,0,1,589.108327
2026-04-22,31.0100,30.521523,15167200,0,1,589.678800
2026-04-23,31.4200,30.925064,16814200,0,1,597.475263
2026-04-24,31.2000,30.708530,19340700,0,1,593.291795
2026-04-27,31.1300,30.639631,19472300,0,1,591.960692
2026-04-28,31.3100,30.816795,15859900,0,1,595.383529
2026-04-29,31.4500,30.954592,17417400,0,1,598.045736
2026-04-30,32.0700,31.564825,21723300,0,1,609.835509
2026-05-01,31.8600,31.358133,21039900,0,1,605.842198
2026-05-04,31.5200,31.023489,22058900,0,1,599.376839
2026-05-05,31.6900,31.190811,16891100,0,1,602.609519
2026-05-06,31.6600,31.161283,20183600,0,1,602.039046
2026-05-07,31.5400,31.043175,24151200,0,1,599.757154
2026-05-08,31.6200,31.121914,20946800,0,1,601.278415
2026-05-11,31.7500,31.249866,24800700,0,1,603.750464
2026-05-12,31.7600,31.259708,22999900,0,1,603.940622
2026-05-13,31.7500,31.249866,16077400,0,1,603.750464
2026-05-14,31.8000,31.299078,20145900,0,1,604.701253
2026-05-15,31.7200,31.220339,16015700,0,1,603.179992
2026-05-18,32.0400,31.535297,20267400,0,1,609.265036
2026-05-19,32.1000,31.594351,18074200,0,1,610.405981
2026-05-20,32.1200,31.614037,18299100,0,1,610.786297
2026-05-21,32.2500,31.741989,19360600,0,1,613.258346
2026-05-22,32.8300,32.312855,19172000,0,1,624.287488
2026-05-26,32.6700,32.155373,28043700,0,1,621.244966
2026-05-27,32.5500,32.037266,17388700,0,1,618.963075
2026-05-28,32.6300,32.116005,16915400,0,1,620.484336
2026-05-29,32.5000,31.988050,17205900,0,1,618.012286
2026-06-01,32.1800,31.673092,27497800,0,1,611.927242
2026-06-02,32.3700,31.860100,19827000,0,1,615.540237
2026-06-03,32.3700,31.860100,16608200,0,1,615.540237
2026-06-04,32.5900,32.076633,18235100,0,1,619.723705
2026-06-05,32.3000,31.791203,26826000,0,1,614.209134
2026-06-08,32.2900,31.781359,21239400,0,1,614.018976
2026-06-09,32.3900,31.879784,23600300,0,1,615.920553
2026-06-10,32.2600,31.751829,20776300,0,1,613.448503
2026-06-11,32.5300,32.017578,21831600,0,1,618.582759
2026-06-12,32.8200,32.303013,20503700,0,1,624.097331
2026-06-15,32.6300,32.116005,25567300,0,1,620.484336
2026-06-16,32.5300,32.017578,20119700,0,1,618.582759
2026-06-17,31.9300,31.427031,24015200,0,1,607.173302
2026-06-18,31.8600,31.358133,21237300,0,1,605.842198
2026-06-22,31.8900,31.387661,22208900,0,1,606.412671
2026-06-23,32.0200,31.515614,19897100,0,1,608.884720
2026-06-24,31.7200,31.468985,19321200,0.253,1,607.990980
2026-06-25,31.9600,31.707085,16436600,0,1,612.591164
2026-06-26,32.0900,31.836058,22398300,0,1,615.082930
2026-06-29,31.9300,31.677322,27791000,0,1,612.016141
2026-06-30,31.7100,31.459063,20679100,0,1,607.799305
2026-07-01,31.8500,31.597956,20100300,0,1,610.482746
2026-07-02,32.3900,32.133682,19859200,0,1,620.833160
2026-07-06,32.2400,31.984871,24030700,0,1,617.958045
2026-07-07,32.5400,32.282497,21176400,0,1,623.708275
2026-07-08,32.3400,32.084080,17997100,0,1,619.874788
2026-07-09,32.2600,32.004711,17425100,0,1,618.341393
2026-07-10,32.4000,32.143604,14202400,0,1,621.024834
2026-07-13,32.5600,32.302338,18864100,0,1,624.091623
2026-07-14,32.2000,31.945187,23685000,0,1,617.191347
2026-07-15,32.3400,32.084080,16317500,0,1,619.874788
2026-07-16,33.0400,32.778542,24656800,0,1,633.291991
2026-07-17,32.9100,32.649567,22221500,0,1,630.800225
2026-07-20,32.7500,32.490833,19501800,0,1,627.733436
2026-07-21,32.8200,32.560280,17734400,0,1,629.075156
2026-07-22,32.9000,32.639648,16920600,0,1,630.608551
2026-07-23,32.8000,32.540436,19621100,0,1,628.691807
2026-07-24,33.2900,33.026562,20136100,0,1,638.083850
2026-07-27,33.4300,33.165455,24004200,0,1,640.767290
2026-07-28,33.8900,33.621811,27315400,0,1,649.584309
2026-07-29,33.8300,33.562290,30028700,0,1,648.434264
2026-07-30,33.4100,33.145611,35446700,0,1,640.383942
2026-07-31,33.4700,33.205139,25718200,0,1,641.533988
2026-08-03,33.5600,33.294426,24706000,0,1,643.259057
2026-08-04,33.8500,33.582127,26996700,0,1,648.817612
2026-08-05,33.6400,33.373791,23515300,0,1,644.792451
2026-08-06,33.7000,33.433315,22903800,0,1,645.942497
2026-08-07,33.9000,33.631737,20355900,0,1,649.775984
2026-08-10,34.1900,33.919437,24148200,0,1,655.334539
2026-08-11,34.2700,33.998806,22069000,0,1,656.867934
2026-08-12,34.2600,33.988884,18971100,0,1,656.676260
2026-08-13,34.4300,34.157539,18263800,0,1,659.934723
2026-08-14,34.5200,34.246826,20698500,0,1,661.659792
2026-08-17,34.2900,34.018646,24547000,0,1,657.251283
2026-08-18,34.5100,34.236904,23379000,0,1,661.468118
2026-08-19,35.0900,34.812317,25515200,0,1,672.585229
2026-08-20,34.8300,34.554375,21355400,0,1,667.601697
2026-08-21,35.1100,34.832157,19784600,0,1,672.968578
2026-08-24,35.2100,34.931366,24149100,0,1,674.885321
2026-08-25,35.1100,34.832157,26614700,0,1,672.968578
2026-08-26,35.0500,34.772633,21657600,0,1,671.818532
2026-08-27,34.8300,34.554375,25773500,0,1,667.601697
2026-08-28,34.9000,34.623821,21068400,0,1,668.943417
2026-08-31,34.8900,34.613899,20953100,0,1,668.751743
2026-09-01,34.8100,34.534534,23493500,0,1,667.218348
2026-09-02,35.0100,34.732948,21231800,0,1,671.051835
2026-09-03,35.0800,34.802399,21395200,0,1,672.393555
2026-09-04,34.8000,34.524609,24579900,0,1,667.026674
2026-09-08,34.4100,34.137699,31888000,0,1,659.551375
2026-09-09,34.0900,33.820229,25855400,0,1,653.417796
2026-09-10,33.9900,33.721024,21586900,0,1,651.501053
2026-09-11,34.1200,33.849991,18490000,0,1,653.992819
2026-09-14,34.3400,34.068253,22897200,0,1,658.209654
2026-09-15,34.3300,34.058331,17233000,0,1,658.017980
2026-09-16,33.8400,33.572208,23977000,0,1,648.625938
2026-09-17,33.8900,33.621811,21048900,0,1,649.584309
2026-09-18,33.6800,33.413475,22392900,0,1,645.559149
2026-09-21,33.7200,33.453159,25218300,0,1,646.325846
2026-09-22,33.7400,33.473000,24317000,0,1,646.709195
2026-09-23,33.2800,33.279999,23170100,0.267,1,643.009880
2026-09-24,33.1000,33.099998,21475800,0,1,639.532062
2026-09-25,33.2100,33.209999,23798900,0,1,641.657395
2026-09-28,33.0100,33.009998,27620300,0,1,637.793153
2026-09-29,32.8500,32.849998,25686000,0,1,634.701759
2026-09-30,32.5300,32.529999,21092600,0,1,628.518972
2026-10-01,32.6600,32.660000,23992300,0,1,631.030730
2026-10-02,32.7200,32.720001,20737500,0,1,632.190002
2026-10-05,32.7200,32.720001,24429200,0,1,632.190002
2026-10-06,32.8500,32.849998,19836528,0,1,634.701759
