date,close,adj_close,volume,dividend,split,tr_index
1993-01-29,43.9375,24.053539,1003200,0,1,100.000000
1993-02-01,44.2500,24.224607,480500,0,1,100.711238
1993-02-02,44.3438,24.275923,201300,0,1,100.924723
1993-02-03,44.8125,24.532553,529400,0,1,101.991465
1993-02-04,45.0000,24.635197,531500,0,1,102.418208
1993-02-05,44.9688,24.618084,492100,0,1,102.347198
1993-02-08,44.9688,24.618084,596100,0,1,102.347198
1993-02-09,44.6562,24.447012,122100,0,1,101.635733
1993-02-10,44.7188,24.481220,379600,0,1,101.778208
1993-02-11,44.9375,24.600979,19500,0,1,102.275960
1993-02-12,44.5938,24.412802,42500,0,1,101.493713
1993-02-16,43.4688,23.796925,374800,0,1,98.933257
1993-02-17,43.4375,23.779814,210900,0,1,98.862020
1993-02-18,43.4062,23.762690,378100,0,1,98.790782
1993-02-19,43.5625,23.848242,34900,0,1,99.146515
1993-02-22,43.7188,23.933775,513600,0,1,99.502248
1993-02-23,43.6875,23.916674,373700,0,1,99.431010
1993-02-24,44.2500,24.224607,26300,0,1,100.711238
1993-02-25,44.3438,24.275923,44500,0,1,100.924723
1993-02-26,44.4062,24.310146,66200,0,1,101.066743
1993-03-01,44.2812,24.241707,66500,0,1,100.782248
1993-03-02,44.9375,24.600979,182400,0,1,102.275960
1993-03-03,45.1250,24.703625,280100,0,1,102.702703
1993-03-04,44.8750,24.566765,89500,0,1,102.133713
1993-03-05,44.7500,24.498346,40000,0,1,101.849218
1993-03-08,45.7500,25.045788,50800,0,1,104.125178
1993-03-09,45.5938,24.960251,169300,0,1,103.769673
1993-03-10,45.6875,25.011564,194400,0,1,103.982930
1993-03-11,45.5625,24.943134,70900,0,1,103.698435
1993-03-12,45.0938,24.686525,643600,0,1,102.631693
1993-03-15,45.3125,24.806280,310800,0,1,103.129445
1993-03-16,45.3125,24.806280,30800,0,1,103.129445
1993-03-17,45.0312,24.652311,21800,0,1,102.489218
1993-03-18,45.3125,24.806280,59300,0,1,103.129445
1993-03-19,45.0312,24.768744,66900,0.213,1,102.973997
1993-03-22,44.7812,24.631214,183400,0,1,102.402316
1993-03-23,44.8750,24.682789,55200,0,1,102.616811
1993-03-24,44.8750,24.682789,37200,0,1,102.616811
1993-03-25,45.1562,24.837488,110100,0,1,103.259838
1993-03-26,44.9062,24.699989,101500,0,1,102.688156
1993-03-29,45.0938,24.803116,87100,0,1,103.117146
1993-03-30,45.2188,24.871853,56000,0,1,103.402987
1993-03-31,45.1875,24.854679,111600,0,1,103.331412
1993-04-01,45.0312,24.768744,129500,0,1,102.973997
1993-04-02,44.0938,24.253078,59400,0,1,100.830421
1993-04-05,44.3125,24.373381,172200,0,1,101.330527
1993-04-06,44.1875,24.304647,129700,0,1,101.044687
1993-04-07,44.3438,24.390577,28000,0,1,101.402102
1993-04-08,44.2812,24.356195,180800,0,1,101.258953
1993-04-12,44.9062,24.699989,348500,0,1,102.688156
1993-04-13,45.0000,24.751543,146100,0,1,102.902651
1993-04-14,44.9375,24.717167,119600,0,1,102.759731
1993-04-15,44.9375,24.717167,148600,0,1,102.759731
1993-04-16,44.9375,24.717167,47900,0,1,102.759731
1993-04-19,44.7500,24.614048,157000,0,1,102.330970
1993-04-20,44.5312,24.493732,279500,0,1,101.830634
1993-04-21,44.5000,24.476528,67900,0,1,101.759289
1993-04-22,43.9375,24.167141,97700,0,1,100.473005
1993-04-23,43.7500,24.064001,106000,0,1,100.044244
1993-04-26,43.4062,23.874920,62600,0,1,99.258068
1993-04-27,43.8750,24.132753,156800,0,1,100.330085
1993-04-28,43.7812,24.081200,85900,0,1,100.115590
1993-04-29,43.9688,24.184319,85000,0,1,100.544580
1993-04-30,44.0312,24.218693,88500,0,1,100.687272
1993-05-03,44.3125,24.373381,80500,0,1,101.330527
1993-05-04,44.4688,24.459337,149100,0,1,101.687943
1993-05-05,44.5938,24.528097,109000,0,1,101.973783
1993-05-06,44.4375,24.442142,54700,0,1,101.616368
1993-05-07,44.3438,24.390577,68000,0,1,101.402102
1993-05-10,44.4375,24.442142,113900,0,1,101.616368
1993-05-11,44.6250,24.545298,42600,0,1,102.045129
1993-05-12,44.5625,24.510895,31000,0,1,101.902209
1993-05-13,44.0312,24.218693,129100,0,1,100.687272
1993-05-14,44.0000,24.201511,63500,0,1,100.615926
1993-05-17,44.1562,24.287457,34000,0,1,100.973112
1993-05-18,44.1250,24.270264,105200,0,1,100.901766
1993-05-19,45.0312,24.768744,50200,0,1,102.973997
1993-05-20,45.1562,24.837488,98200,0,1,103.259838
1993-05-21,44.7500,24.614048,221400,0,1,102.330970
1993-05-24,44.9375,24.717167,30500,0,1,102.759731
1993-05-25,45.0312,24.768744,191800,0,1,102.973997
1993-05-26,45.5938,25.078135,102400,0,1,104.260509
1993-05-27,45.4375,24.992189,53800,0,1,103.903094
1993-05-28,45.2188,24.871853,79100,0,1,103.402987
1993-06-01,45.6562,25.112486,28300,0,1,104.403201
1993-06-02,45.5938,25.078135,20300,0,1,104.260509
1993-06-03,45.4375,24.992189,21600,0,1,103.903094
1993-06-04,45.2812,24.906250,32000,0,1,103.545679
1993-06-07,45.1250,24.820301,121400,0,1,103.188492
1993-06-08,44.7188,24.596840,104500,0,1,102.259624
1993-06-09,44.8750,24.682789,43300,0,1,102.616811
1993-06-10,44.9062,24.699989,17900,0,1,102.688156
1993-06-11,45.0938,24.803116,647400,0,1,103.117146
1993-06-14,45.0312,24.768744,64200,0,1,102.973997
1993-06-15,44.9375,24.717167,142400,0,1,102.759731
1993-06-16,45.0312,24.768744,330900,0,1,102.973997
1993-06-17,45.1875,24.854679,37400,0,1,103.331412
1993-06-18,44.5000,24.649998,58500,0.318,1,102.486467
1993-06-21,44.5938,24.701933,29300,0,1,102.702495
1993-06-22,44.6250,24.719254,137500,0,1,102.774351
1993-06-23,44.2188,24.494211,227600,0,1,101.838845
1993-06-24,44.8125,24.823103,243700,0,1,103.206176
1993-06-25,44.7812,24.805782,44800,0,1,103.134090
1993-06-28,45.2812,25.082766,439900,0,1,104.285623
1993-06-29,45.0625,24.961596,207500,0,1,103.781942
1993-06-30,45.0625,24.961596,437600,0,1,103.781942
1993-07-01,44.9375,24.892344,605700,0,1,103.494059
1993-07-02,44.6875,24.753866,285400,0,1,102.918292
1993-07-06,44.2188,24.494211,246400,0,1,101.838845
1993-07-07,44.3438,24.563438,343700,0,1,102.126728
1993-07-08,44.8438,24.840412,248200,0,1,103.278262
1993-07-09,44.9688,24.909651,378200,0,1,103.566145
1993-07-12,44.9375,24.892344,373700,0,1,103.494059
1993-07-13,44.9062,24.875044,389600,0,1,103.421973
1993-07-14,45.0625,24.961596,617300,0,1,103.781942
1993-07-15,44.8750,24.857721,443800,0,1,103.350117
1993-07-16,44.7500,24.788494,216400,0,1,103.062234
1993-07-19,44.7188,24.771164,188200,0,1,102.990378
1993-07-20,44.8438,24.840412,68500,0,1,103.278262
1993-07-21,44.8125,24.823103,142700,0,1,103.206176
1993-07-22,44.5000,24.649998,632400,0,1,102.486467
1993-07-23,44.7188,24.771164,286200,0,1,102.990378
1993-07-26,44.9688,24.909651,121300,0,1,103.566145
1993-07-27,44.9375,24.892344,92800,0,1,103.494059
1993-07-28,44.8438,24.840412,30800,0,1,103.278262
1993-07-29,45.0938,24.978901,331000,0,1,103.854028
1993-07-30,44.8438,24.840412,75300,0,1,103.278262
1993-08-02,44.9688,24.909651,41300,0,1,103.566145
1993-08-03,45.0000,24.926962,81600,0,1,103.638001
1993-08-04,45.0000,24.926962,434000,0,1,103.638001
1993-08-05,44.9062,24.875044,36800,0,1,103.421973
1993-08-06,44.9688,24.909651,402300,0,1,103.566145
1993-08-09,45.2188,25.048126,828200,0,1,104.141912
1993-08-10,45.1875,25.030830,604900,0,1,104.069826
1993-08-11,45.1875,25.030830,542200,0,1,104.069826
1993-08-12,45.0625,24.961596,303700,0,1,103.781942
1993-08-13,45.1250,24.996206,103500,0,1,103.925884
1993-08-16,45.3750,25.134676,241800,0,1,104.501651
1993-08-17,45.5312,25.221243,369300,0,1,104.861390
1993-08-18,45.7812,25.359724,414300,0,1,105.437156
1993-08-19,45.7812,25.359724,28500,0,1,105.437156
1993-08-20,45.8125,25.377020,80700,0,1,105.509242
1993-08-23,45.7188,25.325111,15600,0,1,105.293445
1993-08-24,46.2188,25.602066,273400,0,1,106.444978
1993-08-25,46.2500,25.619373,242300,0,1,106.516834
1993-08-26,46.2812,25.636686,120000,0,1,106.588690
1993-08-27,46.2500,25.619373,25700,0,1,106.516834
1993-08-30,46.4375,25.723236,183500,0,1,106.948659
1993-08-31,46.5625,25.792484,66500,0,1,107.236542
1993-09-01,46.5000,25.757853,136500,0,1,107.092601
1993-09-02,46.3438,25.671322,472400,0,1,106.732862
1993-09-03,46.3750,25.688631,630500,0,1,106.804717
1993-09-07,46.0625,25.515507,196400,0,1,106.085009
1993-09-08,45.9062,25.428963,269900,0,1,105.725040
1993-09-09,46.0000,25.480896,239200,0,1,105.941067
1993-09-10,46.4062,25.705933,106500,0,1,106.876573
1993-09-13,46.4375,25.723236,66900,0,1,106.948659
1993-09-14,46.2500,25.619373,184500,0,1,106.516834
1993-09-15,46.3750,25.688631,101000,0,1,106.804717
1993-09-16,46.1875,25.584755,54300,0,1,106.372892
1993-09-17,45.8125,25.535135,200900,0.286,1,106.167919
1993-09-20,45.4375,25.326136,57800,0,1,105.298878
1993-09-21,45.2812,25.239048,318200,0,1,104.936661
1993-09-22,45.6562,25.448042,439700,0,1,105.805703
1993-09-23,45.9062,25.587402,88500,0,1,106.385064
1993-09-24,45.7812,25.517736,53500,0,1,106.095383
1993-09-27,46.2812,25.796419,274600,0,1,107.254106
1993-09-28,46.1875,25.744167,158300,0,1,107.036961
1993-09-29,46.0312,25.657101,221000,0,1,106.674744
1993-09-30,45.9375,25.604818,99300,0,1,106.457600
1993-10-01,46.1562,25.726765,22700,0,1,106.964425
1993-10-04,46.2188,25.761587,1038500,0,1,107.109497
1993-10-05,46.1562,25.726765,436500,0,1,106.964425
1993-10-06,46.1250,25.709333,209200,0,1,106.892121
1993-10-07,46.0000,25.639662,59400,0,1,106.602440
1993-10-08,46.0625,25.674482,54400,0,1,106.747280
1993-10-11,46.1562,25.726765,467100,0,1,106.964425
1993-10-12,46.2188,25.761587,26200,0,1,107.109497
1993-10-13,46.2188,25.761587,139100,0,1,107.109497
1993-10-14,46.8125,26.092531,108100,0,1,108.485364
1993-10-15,47.0625,26.231895,1502500,0,1,109.064725
1993-10-18,46.9375,26.162203,722400,0,1,108.775044
1993-10-19,46.5938,25.970613,880100,0,1,107.978539
1993-10-20,46.6562,26.005445,230400,0,1,108.123147
1993-10-21,46.5938,25.970613,56200,0,1,107.978539
1993-10-22,46.3750,25.848690,390700,0,1,107.471482
1993-10-25,46.5000,25.918343,114500,0,1,107.761162
1993-10-26,46.4688,25.900936,186200,0,1,107.688858
1993-10-27,46.5000,25.918343,118400,0,1,107.761162
1993-10-28,46.8438,26.109951,129600,0,1,108.557900
1993-10-29,46.8438,26.109951,80700,0,1,108.557900
1993-11-01,46.9688,26.179632,36400,0,1,108.847580
1993-11-02,46.9375,26.162203,262100,0,1,108.775044
1993-11-03,46.3438,25.831268,479100,0,1,107.399178
1993-11-04,45.8438,25.552567,130400,0,1,106.240455
1993-11-05,46.0625,25.674482,363200,0,1,106.747280
1993-11-08,46.1250,25.709333,367600,0,1,106.892121
1993-11-09,46.1562,25.726765,246900,0,1,106.964425
1993-11-10,46.5000,25.918343,46500,0,1,107.761162
1993-11-11,46.3750,25.848690,88900,0,1,107.471482
1993-11-12,46.5938,25.970613,108200,0,1,107.978539
1993-11-15,46.5625,25.953192,243300,0,1,107.906003
1993-11-16,46.7812,26.075117,492600,0,1,108.412828
1993-11-17,46.5312,25.935768,39600,0,1,107.833467
1993-11-18,46.4062,25.866102,240800,0,1,107.543786
1993-11-19,46.3125,25.813848,106000,0,1,107.326642
1993-11-22,46.0312,25.657101,165300,0,1,106.674744
1993-11-23,46.2812,25.796419,89700,0,1,107.254106
1993-11-24,46.4688,25.900936,77200,0,1,107.688858
1993-11-26,46.5000,25.918343,1019800,0,1,107.761162
1993-11-29,46.3125,25.813848,517500,0,1,107.326642
1993-11-30,46.3438,25.831268,230000,0,1,107.399178
1993-12-01,46.4062,25.866102,379200,0,1,107.543786
1993-12-02,46.5312,25.935768,352000,0,1,107.833467
1993-12-03,46.7188,26.040276,306000,0,1,108.268219
1993-12-06,46.8750,26.127369,99500,0,1,108.630204
1993-12-07,46.8438,26.109951,88800,0,1,108.557900
1993-12-08,46.8438,26.109951,146700,0,1,108.557900
1993-12-09,46.6875,26.022869,416500,0,1,108.195683
1993-12-10,46.5938,25.970613,412900,0,1,107.978539
1993-12-13,46.8750,26.127369,273200,0,1,108.630204
1993-12-14,46.5312,25.935768,41900,0,1,107.833467
1993-12-15,46.4688,25.900936,82600,0,1,107.688858
1993-12-16,46.6250,25.988031,78200,0,1,108.050843
1993-12-17,46.5625,26.130846,104700,0.317,1,108.640632
1993-12-20,46.6250,26.165930,68800,0,1,108.786459
1993-12-21,46.4688,26.078243,205700,0,1,108.422010
1993-12-22,46.7812,26.253616,410300,0,1,109.150908
1993-12-23,46.7500,26.236082,533800,0,1,109.078112
1993-12-27,47.0000,26.376383,447100,0,1,109.661417
1993-12-28,47.0938,26.428978,880600,0,1,109.880273
1993-12-29,47.0312,26.393908,266700,0,1,109.734213
1993-12-30,46.8438,26.288692,219900,0,1,109.296968
1993-12-31,46.5938,26.148392,312900,0,1,108.713662
1994-01-03,46.4688,26.078243,960900,0,1,108.422010
1994-01-04,46.6562,26.183468,164300,0,1,108.859255
1994-01-05,46.7500,26.236082,710900,0,1,109.078112
1994-01-06,46.7500,26.236082,201000,0,1,109.078112
1994-01-07,47.0312,26.393908,775500,0,1,109.734213
1994-01-10,47.5938,26.709585,593700,0,1,111.046884
1994-01-11,47.5000,26.656982,295200,0,1,110.828028
1994-01-12,47.3438,26.569294,158400,0,1,110.463579
1994-01-13,47.2188,26.499142,244300,0,1,110.171926
1994-01-14,47.4062,26.604355,137200,0,1,110.609172
1994-01-17,47.4062,26.604355,17700,0,1,110.609172
1994-01-18,47.4688,26.639429,166400,0,1,110.755231
1994-01-19,47.3438,26.569294,200800,0,1,110.463579
1994-01-20,47.4688,26.639429,281100,0,1,110.755231
1994-01-21,47.3750,26.586838,85600,0,1,110.536375
1994-01-24,47.1875,26.481596,373800,0,1,110.098896
1994-01-25,47.1875,26.481596,310400,0,1,110.098896
1994-01-26,47.3125,26.551756,145100,0,1,110.390549
1994-01-27,47.7500,26.797276,344500,0,1,111.411333
1994-01-28,47.8750,26.867437,356500,0,1,111.702986
1994-01-31,48.2188,27.060343,313800,0,1,112.505147
1994-02-01,47.9688,26.920052,303600,0,1,111.921842
1994-02-02,48.2812,27.095404,307600,0,1,112.650740
1994-02-03,48.0625,26.972649,466100,0,1,112.140465
1994-02-04,46.9688,26.358839,1403200,0,1,109.588620
1994-02-07,47.1875,26.481596,516400,0,1,110.098896
1994-02-08,47.2188,26.499142,188200,0,1,110.171926
1994-02-09,47.4062,26.604355,144600,0,1,110.609172
1994-02-10,47.0000,26.376383,883900,0,1,109.661417
1994-02-11,47.1562,26.464066,519400,0,1,110.025866
1994-02-14,47.2188,26.499142,2742100,0,1,110.171926
1994-02-15,47.4688,26.639429,374700,0,1,110.755231
1994-02-16,47.4375,26.621912,287600,0,1,110.682201
1994-02-17,47.1562,26.464066,342400,0,1,110.025866
1994-02-18,46.8750,26.306229,313300,0,1,109.369764
1994-02-22,47.3438,26.569294,154500,0,1,110.463579
1994-02-23,47.2188,26.499142,391700,0,1,110.171926
1994-02-24,46.5938,26.148392,770800,0,1,108.713662
1994-02-25,46.8125,26.271152,531300,0,1,109.223938
1994-02-28,46.8125,26.271152,333000,0,1,109.223938
1994-03-01,46.6250,26.165930,423600,0,1,108.786459
1994-03-02,46.6875,26.201004,581500,0,1,108.932285
1994-03-03,46.5625,26.130846,223200,0,1,108.640632
1994-03-04,46.6875,26.201004,595800,0,1,108.932285
1994-03-07,46.9375,26.341297,539800,0,1,109.515591
1994-03-08,46.7500,26.236082,880300,0,1,109.078112
1994-03-09,46.9688,26.358839,2500100,0,1,109.588620
1994-03-10,46.5938,26.148392,207400,0,1,108.713662
1994-03-11,46.8438,26.288692,576600,0,1,109.296968
1994-03-14,46.9062,26.323765,345900,0,1,109.442561
1994-03-15,46.8750,26.306229,748600,0,1,109.369764
1994-03-16,47.2500,26.516668,455500,0,1,110.244722
1994-03-17,47.2500,26.516668,133000,0,1,110.244722
1994-03-18,46.9688,26.510885,365500,0.271,1,110.220923
1994-03-21,46.8438,26.440336,324800,0,1,109.927588
1994-03-22,46.9688,26.510885,435700,0,1,110.220923
1994-03-23,46.9375,26.493242,698500,0,1,110.147472
1994-03-24,46.3750,26.175756,1200500,0,1,108.827463
1994-03-25,45.9375,25.928802,100900,0,1,107.800788
1994-03-28,46.0000,25.964098,1117200,0,1,107.947456
1994-03-29,45.0938,25.452568,338400,0,1,105.820891
1994-03-30,44.4688,25.099804,1123900,0,1,104.354214
1994-03-31,44.5938,25.170357,788800,0,1,104.647549
1994-04-04,43.9062,24.782295,2627300,0,1,103.033970
1994-04-05,44.8125,25.293837,1179000,0,1,105.160769
1994-04-06,44.8125,25.293837,516500,0,1,105.160769
1994-04-07,45.0312,25.417303,666100,0,1,105.673989
1994-04-08,44.6875,25.223274,242400,0,1,104.867434
1994-04-11,44.8750,25.329096,203300,0,1,105.307437
1994-04-12,44.8125,25.293837,1409200,0,1,105.160769
1994-04-13,44.5781,25.161533,364100,0,1,104.610706
1994-04-14,44.5938,25.170357,419900,0,1,104.647549
1994-04-15,44.5938,25.170357,387300,0,1,104.647549
1994-04-18,44.2969,25.002800,369100,0,1,103.950819
1994-04-19,44.3594,25.038065,472200,0,1,104.097487
1994-04-20,44.3125,25.011587,508000,0,1,103.987427
1994-04-21,44.9062,25.346739,200300,0,1,105.380653
1994-04-22,44.8594,25.320286,301800,0,1,105.270829
1994-04-25,45.3281,25.584866,394600,0,1,106.370719
1994-04-26,45.2812,25.558409,399000,0,1,106.260660
1994-04-28,44.9531,25.373198,287000,0,1,105.490713
1994-04-29,45.0938,25.452568,481900,0,1,105.820891
1994-05-02,45.3750,25.611315,275000,0,1,106.480779
1994-05-03,45.3281,25.584866,183400,0,1,106.370719
1994-05-04,45.2500,25.540766,401900,0,1,106.187443
1994-05-05,45.1875,25.505499,659800,0,1,106.040776
1994-05-06,44.7500,25.258556,216300,0,1,105.014101
1994-05-09,44.3594,25.038065,499300,0,1,104.097487
1994-05-10,44.7031,25.232094,583400,0,1,104.904042
1994-05-11,44.2969,25.002800,210600,0,1,103.950819
1994-05-12,44.5156,25.126253,305200,0,1,104.464039
1994-05-13,44.5156,25.126253,321300,0,1,104.464039
1994-05-16,44.5312,25.135086,450400,0,1,104.500647
1994-05-17,45.1875,25.505499,470200,0,1,106.040776
1994-05-18,45.5156,25.690687,824800,0,1,106.810723
1994-05-19,45.7344,25.814157,531000,0,1,107.324177
1994-05-20,45.5625,25.717146,370400,0,1,106.920782
1994-05-23,45.4844,25.673061,262700,0,1,106.737506
1994-05-24,45.6719,25.778873,549600,0,1,107.177509
1994-05-25,45.7969,25.849430,738200,0,1,107.470845
1994-05-26,45.8281,25.867083,369600,0,1,107.544061
1994-05-27,45.8750,25.893532,162000,0,1,107.654121
1994-05-31,45.8125,25.858252,160000,0,1,107.507453
1994-06-01,46.0156,25.972914,200500,0,1,107.984064
1994-06-02,45.9688,25.946459,55100,0,1,107.874240
1994-06-03,46.2344,26.096375,550400,0,1,108.497519
1994-06-06,46.2188,26.087555,99300,0,1,108.460911
1994-06-07,46.1562,26.052290,120600,0,1,108.314008
1994-06-08,45.7812,25.840618,131900,0,1,107.434002
1994-06-09,46.0312,25.981750,80500,0,1,108.020673
1994-06-10,46.1094,26.025820,83100,0,1,108.204183
1994-06-13,46.1719,26.061108,109700,0,1,108.350851
1994-06-14,46.5312,26.263945,161000,0,1,109.194015
1994-06-15,46.3438,26.158125,142800,0,1,108.754246
1994-06-16,46.4375,26.211025,44000,0,1,108.974130
1994-06-17,45.8750,26.064726,403800,0.305,1,108.369859
1994-06-20,45.4844,25.842794,137400,0,1,107.447150
1994-06-21,45.0938,25.620846,139200,0,1,106.524442
1994-06-22,45.2656,25.718500,279900,0,1,106.930282
1994-06-23,45.0000,25.567585,922500,0,1,106.302859
1994-06-24,44.0625,25.034925,353800,0,1,104.088216
1994-06-27,44.8281,25.469934,371200,0,1,105.896782
1994-06-28,44.6094,25.345646,5382300,0,1,105.380150
1994-06-29,44.7500,25.425550,311800,0,1,105.712288
1994-06-30,44.4688,25.265749,271900,0,1,105.048013
1994-07-01,44.5625,25.318993,406900,0,1,105.269359
1994-07-05,44.7969,25.452154,112000,0,1,105.823079
1994-07-06,44.7344,25.416677,174800,0,1,105.675436
1994-07-07,44.9219,25.523188,66700,0,1,106.118365
1994-07-08,44.9062,25.514317,148400,0,1,106.081277
1994-07-11,44.7500,25.425550,124000,0,1,105.712288
1994-07-12,44.8125,25.461061,257300,0,1,105.859931
1994-07-13,44.8906,25.505440,532700,0,1,106.044425
1994-07-14,45.3750,25.780638,494200,0,1,107.188716
1994-07-15,45.3906,25.789524,49100,0,1,107.225568
1994-07-18,45.4688,25.833914,72300,0,1,107.410299
1994-07-19,45.3750,25.780638,609500,0,1,107.188716
1994-07-20,45.1719,25.665247,185300,0,1,106.708936
1994-07-21,45.2656,25.718500,86300,0,1,106.930282
1994-07-22,45.3438,25.762878,151600,0,1,107.115013
1994-07-25,45.4062,25.798393,120900,0,1,107.262420
1994-07-26,45.3594,25.771772,489600,0,1,107.151865
1994-07-27,45.3594,25.771772,83200,0,1,107.151865
1994-07-28,45.4531,25.825024,828200,0,1,107.373211
1994-07-29,45.9062,26.082478,459100,0,1,108.443563
1994-08-01,46.1250,26.206764,486300,0,1,108.960431
1994-08-02,46.1875,26.242281,505500,0,1,109.108074
1994-08-03,46.2031,26.251156,144100,0,1,109.144925
1994-08-04,45.9375,26.100227,231700,0,1,108.517502
1994-08-05,45.7812,26.011463,138400,0,1,108.148277
1994-08-08,45.8906,26.073612,328600,0,1,108.406711
1994-08-09,45.9688,26.118000,105900,0,1,108.591442
1994-08-10,46.1406,26.215647,840300,0,1,108.997282
1994-08-11,45.9688,26.118000,876200,0,1,108.591442
1994-08-12,46.3281,26.322186,184100,0,1,109.440211
1994-08-15,46.3125,26.313316,325900,0,1,109.403359
1994-08-16,46.6406,26.499725,1089500,0,1,110.178425
1994-08-17,46.6094,26.481966,133700,0,1,110.104722
1994-08-18,46.4531,26.393219,620000,0,1,109.735497
1994-08-19,46.4219,26.375458,103200,0,1,109.661793
1994-08-22,46.3750,26.348816,79700,0,1,109.551002
1994-08-23,46.6406,26.499725,268600,0,1,110.178425
1994-08-24,47.1406,26.783815,254700,0,1,111.359568
1994-08-25,47.0156,26.712801,147400,0,1,111.064282
1994-08-26,47.6875,27.094545,339500,0,1,112.651502
1994-08-29,47.6562,27.076788,350300,0,1,112.577563
1994-08-30,47.7812,27.147802,36000,0,1,112.872848
1994-08-31,47.6562,27.076788,356200,0,1,112.577563
1994-09-01,47.5000,26.988010,294600,0,1,112.208574
1994-09-02,47.2969,26.872597,99600,0,1,111.728793
1994-09-06,47.3125,26.881479,229800,0,1,111.765645
1994-09-07,47.2656,26.854839,27900,0,1,111.654854
1994-09-08,47.5000,26.988010,284800,0,1,112.208574
1994-09-09,47.0000,26.703924,488400,0,1,111.027431
1994-09-12,46.8594,26.624027,129400,0,1,110.695293
1994-09-13,47.0000,26.703924,389200,0,1,111.027431
1994-09-14,47.0469,26.730551,423500,0,1,111.138222
1994-09-15,47.6406,27.067911,779800,0,1,112.540711
1994-09-16,47.0156,26.875273,571300,0.288,1,111.744621
1994-09-19,47.0625,26.902082,167300,0,1,111.856091
1994-09-20,46.1719,26.392956,355600,0,1,109.739351
1994-09-21,46.1719,26.392956,397500,0,1,109.739351
1994-09-22,46.0625,26.330423,266400,0,1,109.479334
1994-09-23,45.9062,26.241112,176600,0,1,109.107847
1994-09-26,46.1406,26.375093,223000,0,1,109.664959
1994-09-27,46.1094,26.357227,479500,0,1,109.590804
1994-09-28,46.4688,26.562660,324000,0,1,110.445010
1994-09-29,46.2344,26.428679,195900,0,1,109.887899
1994-09-30,46.1719,26.392956,5200,0,1,109.739351
1994-10-03,46.0625,26.330423,72600,0,1,109.479334
1994-10-04,45.3750,25.937435,84200,0,1,107.845314
1994-10-05,45.3906,25.946379,461900,0,1,107.882392
1994-10-06,45.2500,25.865992,345200,0,1,107.548220
1994-10-07,45.4531,25.982096,188700,0,1,108.030939
1994-10-10,45.9375,26.258976,213600,0,1,109.182240
1994-10-11,46.6250,26.651981,461400,0,1,110.816260
1994-10-12,46.6875,26.687704,162400,0,1,110.964807
1994-10-13,46.8438,26.777023,1564500,0,1,111.336294
1994-10-14,47.0469,26.893127,72800,0,1,111.819013
1994-10-17,46.9531,26.839531,282300,0,1,111.596073
1994-10-18,46.8438,26.777023,132100,0,1,111.336294
1994-10-19,47.0625,26.902082,136700,0,1,111.856091
1994-10-20,46.7500,26.723429,290300,0,1,111.113354
1994-10-21,46.5625,26.616241,87800,0,1,110.667712
1994-10-24,46.1719,26.392956,149600,0,1,109.739351
1994-10-25,46.2188,26.419743,91800,0,1,109.850821
1994-10-26,46.3906,26.517994,201000,0,1,110.259148
1994-10-27,46.6719,26.678764,210300,0,1,110.927730
1994-10-28,47.6562,27.241467,192100,0,1,113.267171
1994-10-31,47.4844,27.143217,36300,0,1,112.858844
1994-11-01,46.9531,26.839531,435200,0,1,111.596073
1994-11-02,46.6875,26.687704,115600,0,1,110.964807
1994-11-03,46.9375,26.830599,87000,0,1,111.558996
1994-11-04,46.3281,26.482277,124400,0,1,110.110601
1994-11-07,46.4688,26.562660,115000,0,1,110.445010
1994-11-08,46.8281,26.768095,308300,0,1,111.298979
1994-11-09,46.9062,26.812748,318500,0,1,111.484604
1994-11-10,46.5781,26.625185,172100,0,1,110.704790
1994-11-11,46.4062,26.526937,302200,0,1,110.296225
1994-11-14,46.8438,26.777023,181400,0,1,111.336294
1994-11-15,46.6875,26.687704,316900,0,1,110.964807
1994-11-16,46.8438,26.777023,106900,0,1,111.336294
1994-11-17,46.5312,26.598383,104700,0,1,110.593320
1994-11-18,46.4688,26.562660,269300,0,1,110.445010
1994-11-21,46.0000,26.294706,283100,0,1,109.330787
1994-11-22,45.0000,25.723087,483600,0,1,106.954031
1994-11-23,45.2500,25.865992,601600,0,1,107.548220
1994-11-25,45.4688,25.991041,77300,0,1,108.068254
1994-11-28,45.6719,26.107132,79900,0,1,108.550973
1994-11-29,45.6562,26.098200,105500,0,1,108.513658
1994-11-30,45.5938,26.062489,218800,0,1,108.365349
1994-12-01,45.1406,25.803471,439000,0,1,107.288203
1994-12-02,45.5625,26.044621,318500,0,1,108.290956
1994-12-05,45.6094,26.071421,139200,0,1,108.402426
1994-12-06,45.6406,26.089266,249900,0,1,108.476581
1994-12-07,45.3125,25.901724,531900,0,1,107.696767
1994-12-08,44.8750,25.651632,261500,0,1,106.656936
1994-12-09,45.0469,25.749880,235900,0,1,107.065501
1994-12-12,45.3438,25.919567,151100,0,1,107.771160
1994-12-13,45.5156,26.017820,70900,0,1,108.179486
1994-12-14,45.7500,26.151806,203300,0,1,108.736598
1994-12-15,45.8906,26.232183,130100,0,1,109.070770
1994-12-16,45.7500,26.360315,266100,0.363,1,109.599361
1994-12-19,45.8125,26.396309,1120200,0,1,109.749086
1994-12-20,45.6719,26.315285,675600,0,1,109.412263
1994-12-21,46.1562,26.594408,544500,0,1,110.572459
1994-12-22,46.0156,26.513367,222000,0,1,110.235636
1994-12-23,46.0625,26.540363,125800,0,1,110.347990
1994-12-27,46.3125,26.684425,95200,0,1,110.946894
1994-12-28,46.0781,26.549391,358200,0,1,110.385362
1994-12-29,46.1094,26.567377,220100,0,1,110.460344
1994-12-30,45.5625,26.252281,2209500,0,1,109.150183
1995-01-03,45.7812,26.378315,324300,0,1,109.674104
1995-01-04,46.0000,26.504368,351800,0,1,110.198264
1995-01-05,46.0000,26.504368,89800,0,1,110.198264
1995-01-06,46.0469,26.531359,448400,0,1,110.310618
1995-01-09,46.0938,26.558371,36800,0,1,110.422973
1995-01-10,46.1406,26.585388,229800,0,1,110.535088
1995-01-11,46.1719,26.603392,222400,0,1,110.610070
1995-01-12,46.1875,26.612392,40300,0,1,110.647442
1995-01-13,46.7344,26.927496,170600,0,1,111.957603
1995-01-16,47.0156,27.089552,105100,0,1,112.631250
1995-01-17,47.0312,27.098543,89500,0,1,112.668622
1995-01-18,46.9844,27.071539,84500,0,1,112.556507
1995-01-19,46.7188,26.918480,139100,0,1,111.920232
1995-01-20,46.5469,26.819471,78700,0,1,111.508426
1995-01-23,46.6875,26.900496,53700,0,1,111.845249
1995-01-24,46.7500,26.936497,32400,0,1,111.994975
1995-01-25,46.8750,27.008520,15700,0,1,112.294427
1995-01-26,46.9219,27.035532,9800,0,1,112.406781
1995-01-27,47.1094,27.143555,91200,0,1,112.855959
1995-01-30,46.9062,27.026531,26600,0,1,112.369170
1995-01-31,47.0938,27.134560,127500,0,1,112.818587
1995-02-01,47.0781,27.125546,380200,0,1,112.780976
1995-02-02,47.3594,27.287592,131700,0,1,113.454862
1995-02-03,48.0312,27.674721,405100,0,1,115.064236
1995-02-06,48.2344,27.791758,405400,0,1,115.551025
1995-02-07,48.2969,27.827785,702900,0,1,115.700751
1995-02-08,48.2969,27.827785,521500,0,1,115.700751
1995-02-09,48.2969,27.827785,390700,0,1,115.700751
1995-02-10,48.3594,27.863804,148300,0,1,115.850477
1995-02-13,48.3750,27.872791,79700,0,1,115.887848
1995-02-14,48.4375,27.908800,170200,0,1,116.037574
1995-02-15,48.7031,28.061852,431500,0,1,116.673850
1995-02-16,48.6406,28.025839,99300,0,1,116.524124
1995-02-17,48.4531,27.917805,49100,0,1,116.074946
1995-02-21,48.4375,27.908800,168000,0,1,116.037574
1995-02-22,48.7969,28.115858,386400,0,1,116.898558
1995-02-23,48.8750,28.160879,402800,0,1,117.085656
1995-02-24,49.0000,28.232918,307600,0,1,117.385107
1995-02-27,48.6094,28.007841,280900,0,1,116.449380
1995-02-28,49.0156,28.241920,493500,0,1,117.422479
1995-03-01,48.7031,28.061852,242600,0,1,116.673850
1995-03-02,48.7656,28.097874,488600,0,1,116.823575
1995-03-03,48.7812,28.106859,290000,0,1,116.860947
1995-03-06,48.8125,28.124857,85700,0,1,116.935930
1995-03-07,48.4375,27.908800,180900,0,1,116.037574
1995-03-08,48.5625,27.980827,155900,0,1,116.337026
1995-03-09,48.5469,27.971827,63500,0,1,116.299655
1995-03-10,49.2656,28.385969,192100,0,1,118.021383
1995-03-13,49.2188,28.358950,261300,0,1,117.909268
1995-03-14,49.5781,28.566011,223300,0,1,118.770012
1995-03-15,49.4844,28.512003,278500,0,1,118.545543
1995-03-16,49.7812,28.683050,20400,0,1,119.256561
1995-03-17,49.5625,28.711590,89900,0.268,1,119.374665
1995-03-20,49.5625,28.711590,91700,0,1,119.374665
1995-03-21,49.4375,28.639172,104400,0,1,119.073594
1995-03-22,49.4844,28.666336,74900,0,1,119.186556
1995-03-23,49.5156,28.684433,220500,0,1,119.261703
1995-03-24,50.2188,29.091743,134000,0,1,120.955409
1995-03-27,50.4219,29.209423,132100,0,1,121.444589
1995-03-28,50.4219,29.209423,121900,0,1,121.444589
1995-03-29,50.4062,29.200365,246100,0,1,121.406774
1995-03-30,50.3125,29.146072,298400,0,1,121.181091
1995-03-31,50.1094,29.028389,541300,0,1,120.691911
1995-04-03,50.2344,29.100790,193300,0,1,120.992982
1995-04-04,50.5625,29.290876,66900,0,1,121.783234
1995-04-05,50.5625,29.290876,107200,0,1,121.783234
1995-04-06,50.7500,29.399494,352500,0,1,122.234840
1995-04-07,50.7031,29.372341,361400,0,1,122.121878
1995-04-10,50.7969,29.426640,285400,0,1,122.347802
1995-04-11,50.6250,29.327099,250300,0,1,121.933769
1995-04-12,50.7969,29.426640,150900,0,1,122.347802
1995-04-13,51.0781,29.589586,243400,0,1,123.025091
1995-04-17,50.7812,29.417597,178900,0,1,122.309987
1995-04-18,50.6094,29.318045,329500,0,1,121.896195
1995-04-19,50.5625,29.290876,223000,0,1,121.783234
1995-04-20,50.6406,29.336145,207900,0,1,121.971343
1995-04-21,50.8906,29.480968,145000,0,1,122.573485
1995-04-24,51.4844,29.824917,169000,0,1,124.003693
1995-04-25,51.3438,29.743456,293200,0,1,123.665048
1995-04-26,51.3906,29.770636,204400,0,1,123.777769
1995-04-27,51.5156,29.843050,502200,0,1,124.078840
1995-04-28,51.5938,29.888277,130800,0,1,124.267190
1995-05-01,51.4531,29.806824,518700,0,1,123.928304
1995-05-02,51.5625,29.870193,228400,0,1,124.191802
1995-05-03,52.2812,30.286560,724700,0,1,125.922840
1995-05-04,52.2500,30.268446,311400,0,1,125.847692
1995-05-05,52.1875,30.232244,314900,0,1,125.697157
1995-05-08,52.5625,30.449476,183100,0,1,126.600370
1995-05-09,52.5156,30.422319,180600,0,1,126.487408
1995-05-10,52.5781,30.458521,330300,0,1,126.637944
1995-05-11,52.7188,30.540005,351700,0,1,126.976829
1995-05-12,52.7500,30.558102,94600,0,1,127.051977
1995-05-15,53.0000,30.702944,147200,0,1,127.654119
1995-05-16,53.0312,30.721031,221600,0,1,127.729266
1995-05-17,52.8281,30.603346,189200,0,1,127.240086
1995-05-18,52.0625,30.159840,577800,0,1,125.396086
1995-05-19,52.0938,30.177952,363900,0,1,125.471474
1995-05-22,52.6719,30.512848,216000,0,1,126.863867
1995-05-23,53.1562,30.793419,136800,0,1,128.030337
1995-05-24,53.1250,30.775322,370800,0,1,127.955190
1995-05-25,53.1719,30.802488,379900,0,1,128.068152
1995-05-26,52.5625,30.449476,518600,0,1,126.600370
1995-05-30,52.5469,30.440422,61500,0,1,126.562796
1995-05-31,53.6406,31.074034,564500,0,1,129.197048
1995-06-01,53.5000,30.992586,810100,0,1,128.858403
1995-06-02,53.5469,31.019720,112900,0,1,128.971365
1995-06-05,53.8750,31.209826,257200,0,1,129.761616
1995-06-06,53.7812,31.155508,165800,0,1,129.535692
1995-06-07,53.5000,30.992586,41900,0,1,128.858403
1995-06-08,53.3750,30.920174,141100,0,1,128.557332
1995-06-09,53.0625,30.739141,304900,0,1,127.804654
1995-06-12,53.3594,30.911102,378500,0,1,128.519758
1995-06-13,53.9375,31.246014,120000,0,1,129.912151
1995-06-14,53.8906,31.218864,389400,0,1,129.799190
1995-06-15,54.1250,31.354647,274500,0,1,130.363758
1995-06-16,53.9688,31.447739,325100,0.316,1,130.748647
1995-06-19,54.5781,31.802799,134600,0,1,132.224781
1995-06-20,54.4375,31.720871,287800,0,1,131.884153
1995-06-21,54.4062,31.702673,158200,0,1,131.808324
1995-06-22,55.1250,32.121471,297000,0,1,133.549739
1995-06-23,55.0156,32.057739,315400,0,1,133.284699
1995-06-26,54.3594,31.675316,132900,0,1,131.694943
1995-06-27,54.2500,31.611601,127700,0,1,131.429902
1995-06-28,54.5312,31.775482,212600,0,1,132.111157
1995-06-29,54.4375,31.720871,89200,0,1,131.884153
1995-06-30,54.4062,31.702673,714100,0,1,131.808324
1995-07-03,54.6094,31.821026,9500,0,1,132.300610
1995-07-05,54.8125,31.939384,409300,0,1,132.792655
1995-07-06,55.5156,32.349079,202500,0,1,134.496035
1995-07-07,55.7656,32.494762,481700,0,1,135.101702
1995-07-10,55.7969,32.512974,400400,0,1,135.177532
1995-07-11,55.5312,32.358208,420500,0,1,134.533828
1995-07-12,56.2188,32.758797,203400,0,1,136.199657
1995-07-13,56.0938,32.685970,215600,0,1,135.896823
1995-07-14,56.0469,32.658661,543700,0,1,135.783200
1995-07-17,56.3594,32.840740,171500,0,1,136.540285
1995-07-18,55.8750,32.558498,221200,0,1,135.366743
1995-07-19,55.2656,32.203407,486600,0,1,133.890367
1995-07-20,55.4688,32.321793,318900,0,1,134.382654
1995-07-21,55.4062,32.285366,94000,0,1,134.230995
1995-07-24,55.8125,32.522079,108400,0,1,135.215326
1995-07-25,56.2344,32.767914,107400,0,1,136.237451
1995-07-26,56.1875,32.740585,167800,0,1,136.123827
1995-07-27,56.6562,33.013741,187700,0,1,137.259333
1995-07-28,56.2969,32.804325,415600,0,1,136.388868
1995-07-31,56.1562,32.722397,342500,0,1,136.047998
1995-08-01,56.0625,32.667763,141000,0,1,135.820994
1995-08-02,55.9375,32.594929,240400,0,1,135.518160
1995-08-03,55.9219,32.585815,1193600,0,1,135.480366
1995-08-04,55.9844,32.622234,240500,0,1,135.631783
1995-08-07,56.1094,32.695068,193100,0,1,135.934617
1995-08-08,56.1094,32.695068,951900,0,1,135.934617
1995-08-09,56.0938,32.685970,107100,0,1,135.896823
1995-08-10,55.9688,32.613136,280800,0,1,135.593989
1995-08-11,55.6562,32.431030,257200,0,1,134.836662
1995-08-14,56.1562,32.722397,254800,0,1,136.047998
1995-08-15,56.0469,32.658661,44400,0,1,135.783200
1995-08-16,56.2031,32.749691,374900,0,1,136.161621
1995-08-17,56.1094,32.695068,353800,0,1,135.934617
1995-08-18,56.1719,32.731480,85400,0,1,136.086034
1995-08-21,56.0156,32.640446,266700,0,1,135.707370
1995-08-22,56.1250,32.704185,220200,0,1,135.972410
1995-08-23,55.9219,32.585815,176500,0,1,135.480366
1995-08-24,55.9844,32.622234,167400,0,1,135.631783
1995-08-25,56.2969,32.804325,195000,0,1,136.388868
1995-08-28,56.0938,32.685970,293000,0,1,135.896823
1995-08-29,56.2344,32.767914,1133100,0,1,136.237451
1995-08-30,56.3594,32.840740,437400,0,1,136.540285
1995-08-31,56.4062,32.868065,491900,0,1,136.653666
1995-09-01,56.6562,33.013741,629900,0,1,137.259333
1995-09-05,57.1875,33.323288,272200,0,1,138.546498
1995-09-06,57.2969,33.387043,214500,0,1,138.811539
1995-09-07,57.3281,33.405243,258800,0,1,138.887126
1995-09-08,57.5469,33.532700,107300,0,1,139.417206
1995-09-11,57.7031,33.623772,260700,0,1,139.795628
1995-09-12,57.9688,33.778538,139500,0,1,140.439331
1995-09-13,58.2344,33.933323,239800,0,1,141.082793
1995-09-14,58.7656,34.242893,457600,0,1,142.369716
1995-09-15,58.4375,34.233425,431200,0.312,1,142.330711
1995-09-18,58.2188,34.105282,307500,0,1,141.798044
1995-09-19,58.5000,34.270031,549600,0,1,142.482936
1995-09-20,58.7812,34.434811,290800,0,1,143.167828
1995-09-21,58.2969,34.151054,508500,0,1,141.988264
1995-09-22,58.3125,34.160206,449900,0,1,142.026260
1995-09-25,58.2188,34.105282,130000,0,1,141.798044
1995-09-26,58.2031,34.096134,466600,0,1,141.759805
1995-09-27,58.1562,34.068680,654400,0,1,141.645575
1995-09-28,58.5938,34.324955,456200,0,1,142.711396
1995-09-29,58.4844,34.260902,606600,0,1,142.444940
1995-10-02,58.1875,34.086979,293100,0,1,141.721809
1995-10-03,58.2500,34.123615,839700,0,1,141.874034
1995-10-04,58.1875,34.086979,248800,0,1,141.721809
1995-10-05,58.3594,34.187660,268800,0,1,142.140490
1995-10-06,58.4062,34.215141,75300,0,1,142.254476
1995-10-09,57.9219,33.931381,358200,0,1,141.074912
1995-10-10,57.8906,33.913059,360800,0,1,140.998678
1995-10-11,58.0781,34.022903,228100,0,1,141.455354
1995-10-12,58.4375,34.233425,199800,0,1,142.330711
1995-10-13,58.6250,34.343281,488100,0,1,142.787387
1995-10-16,58.3438,34.178501,443600,0,1,142.102494
1995-10-17,58.7344,34.407349,146000,0,1,143.053842
1995-10-18,58.9062,34.508018,228100,0,1,143.472279
1995-10-19,59.1875,34.672775,500600,0,1,144.157415
1995-10-20,58.8281,34.462269,748400,0,1,143.282058
1995-10-23,58.7031,34.389038,533000,0,1,142.977607
1995-10-24,58.7656,34.425655,172200,0,1,143.129833
1995-10-25,58.2812,34.141895,302700,0,1,141.950025
1995-10-26,57.7500,33.830666,606800,0,1,140.656232
1995-10-27,58.1875,34.086979,905800,0,1,141.721809
1995-10-30,58.5625,34.306644,488700,0,1,142.635161
1995-10-31,58.3125,34.160206,508200,0,1,142.026260
1995-11-01,58.7812,34.434811,415700,0,1,143.167828
1995-11-02,59.1562,34.654484,326000,0,1,144.081180
1995-11-03,59.2344,34.700249,615000,0,1,144.271645
1995-11-06,59.0312,34.581261,311200,0,1,143.776730
1995-11-07,58.8125,34.453102,358200,0,1,143.244063
1995-11-08,59.3438,34.764309,357200,0,1,144.538100
1995-11-09,59.5625,34.892456,503700,0,1,145.070767
1995-11-10,59.5312,34.874146,795600,0,1,144.994533
1995-11-13,59.4688,34.837563,818500,0,1,144.842551
1995-11-14,59.0781,34.608711,341800,0,1,143.890960
1995-11-15,59.6719,34.956532,584700,0,1,145.337222
1995-11-16,60.0000,35.148762,577700,0,1,146.136344
1995-11-17,60.1875,35.258617,267000,0,1,146.593021
1995-11-20,59.8750,35.075535,448800,0,1,145.831894
1995-11-21,60.3594,35.359276,119200,0,1,147.011701
1995-11-22,60.1719,35.249443,351600,0,1,146.555025
1995-11-24,60.3281,35.340984,62400,0,1,146.935467
1995-11-27,60.3438,35.350136,273000,0,1,146.973706
1995-11-28,60.9844,35.725414,479000,0,1,148.533955
1995-11-29,61.0469,35.762039,549200,0,1,148.686180
1995-11-30,60.9062,35.679657,286200,0,1,148.343490
1995-12-01,60.9844,35.725414,465200,0,1,148.533955
1995-12-04,61.7344,36.164776,631700,0,1,150.360659
1995-12-05,62.1406,36.402771,567700,0,1,151.350002
1995-12-06,62.2812,36.485134,272800,0,1,151.692448
1995-12-07,61.9531,36.292931,289700,0,1,150.893326
1995-12-08,62.1562,36.411926,296900,0,1,151.387998
1995-12-11,62.4219,36.567520,186500,0,1,152.035138
1995-12-12,62.2344,36.457703,299400,0,1,151.578462
1995-12-13,62.6250,36.686527,390700,0,1,152.529810
1995-12-14,62.1719,36.421066,395000,0,1,151.426237
1995-12-15,61.8125,36.434418,416700,0.382,1,151.481281
1995-12-18,60.6250,35.734463,862300,0,1,148.571125
1995-12-19,61.2656,36.112041,1022600,0,1,150.141017
1995-12-20,60.6719,35.762081,1349800,0,1,148.686061
1995-12-21,60.9844,35.946281,857600,0,1,149.451892
1995-12-22,61.2031,36.075226,332800,0,1,149.987850
1995-12-26,61.5000,36.250217,432200,0,1,150.715451
1995-12-27,61.4688,36.231781,151800,0,1,150.638990
1995-12-28,61.4062,36.194973,256200,0,1,150.485579
1995-12-29,61.4844,36.241001,339200,0,1,150.677220
1996-01-02,62.1406,36.627827,514400,0,1,152.285342
1996-01-03,62.3125,36.729145,610300,0,1,152.706610
1996-01-04,61.7188,36.379154,1129700,0,1,151.251655
1996-01-05,61.5938,36.305477,302400,0,1,150.945322
1996-01-08,61.8281,36.443607,179900,0,1,151.519512
1996-01-09,60.7656,35.817337,415500,0,1,148.915688
1996-01-10,59.9688,35.347637,787700,0,1,146.963004
1996-01-11,60.3281,35.559464,513200,0,1,147.843525
1996-01-12,60.2344,35.504204,390400,0,1,147.613898
1996-01-15,60.1094,35.430538,154200,0,1,147.307566
1996-01-16,60.8438,35.863407,454600,0,1,149.107329
1996-01-17,60.6562,35.752872,407600,0,1,148.647586
1996-01-18,60.8594,35.872608,425600,0,1,149.145559
1996-01-19,61.2656,36.112041,169800,0,1,150.141017
1996-01-22,61.2812,36.121265,288200,0,1,150.179247
1996-01-23,61.4219,36.204166,362200,0,1,150.524054
1996-01-24,61.9219,36.498875,1506500,0,1,151.749383
1996-01-25,61.7031,36.369942,298400,0,1,151.213179
1996-01-26,62.2344,36.683079,726300,0,1,152.515214
1996-01-29,62.4844,36.830437,254800,0,1,153.127878
1996-01-30,63.0156,37.143578,272100,0,1,154.429668
1996-01-31,63.6719,37.530384,498000,0,1,156.038034
1996-02-01,63.9062,37.668526,373900,0,1,156.612223
1996-02-02,63.6406,37.511967,496200,0,1,155.961329
1996-02-05,64.1562,37.815903,295300,0,1,157.224888
1996-02-06,64.7656,38.175083,301600,0,1,158.718319
1996-02-07,65.1406,38.396126,585100,0,1,159.637315
1996-02-08,65.8438,38.810581,1526600,0,1,161.360618
1996-02-09,65.8281,38.801357,804600,0,1,161.322143
1996-02-12,66.3281,39.096073,626500,0,1,162.547471
1996-02-13,66.1875,39.013184,1045900,0,1,162.202909
1996-02-14,65.6094,38.672417,431400,0,1,160.786184
1996-02-15,65.2031,38.432949,889500,0,1,159.790481
1996-02-16,64.9375,38.276375,606100,0,1,159.139587
1996-02-20,64.2969,37.898800,492300,0,1,157.569695
1996-02-21,65.0938,38.368488,434000,0,1,159.522625
1996-02-22,66.1250,38.976345,721400,0,1,162.049743
1996-02-23,65.9375,38.865845,1430400,0,1,161.590244
1996-02-26,65.0000,38.313221,1408400,0,1,159.292753
1996-02-27,64.7969,38.193504,601000,0,1,158.795024
1996-02-28,64.5000,38.018509,865900,0,1,158.067424
1996-02-29,63.8750,37.650112,914300,0,1,156.535763
1996-03-01,64.8906,38.248772,1452600,0,1,159.024651
1996-03-04,65.2656,38.469810,652600,0,1,159.943648
1996-03-05,65.8750,38.828976,402000,0,1,161.437078
1996-03-06,65.2969,38.488213,624700,0,1,160.020353
1996-03-07,65.6250,38.681622,534200,0,1,160.824414
1996-03-08,63.5000,37.429096,2289900,0,1,155.616766
1996-03-11,64.2344,37.861938,1511400,0,1,157.416529
1996-03-12,63.7344,37.567223,1385300,0,1,156.191200
1996-03-13,64.1719,37.825127,1019300,0,1,157.263363
1996-03-14,64.4531,37.990875,725600,0,1,157.952488
1996-03-15,64.1250,37.965363,869200,0.285,1,157.846865
1996-03-18,65.3594,38.696178,917600,0,1,160.885402
1996-03-19,65.2188,38.612892,858300,0,1,160.539308
1996-03-20,65.1406,38.566654,744300,0,1,160.346814
1996-03-21,64.9844,38.474159,650800,0,1,159.962320
1996-03-22,65.1562,38.575897,344500,0,1,160.385215
1996-03-25,65.0312,38.501892,802400,0,1,160.077521
1996-03-26,65.3438,38.686932,969400,0,1,160.847001
1996-03-27,64.7500,38.335381,809600,0,1,159.385333
1996-03-28,65.0000,38.483395,1001300,0,1,160.000721
1996-03-29,64.6875,38.298370,457700,0,1,159.231486
1996-04-01,65.4375,38.742432,773400,0,1,161.077649
1996-04-02,65.5625,38.816425,638800,0,1,161.385342
1996-04-03,65.5625,38.816425,288000,0,1,161.385342
1996-04-04,65.5156,38.788681,934900,0,1,161.269896
1996-04-08,64.3906,38.122627,2217200,0,1,158.500652
1996-04-09,64.1406,37.974579,1180900,0,1,157.885265
1996-04-10,63.0000,37.299301,939500,0,1,155.077622
1996-04-11,62.9219,37.253036,1276000,0,1,154.885375
1996-04-12,63.7188,37.724838,411300,0,1,156.846983
1996-04-15,64.2500,38.039375,484200,0,1,158.154558
1996-04-16,64.4375,38.150375,429700,0,1,158.616099
1996-04-17,64.2812,38.057865,525300,0,1,158.231359
1996-04-18,64.3750,38.113369,818600,0,1,158.462252
1996-04-19,64.5312,38.205879,885100,0,1,158.846746
1996-04-22,65.0312,38.501892,828900,0,1,160.077521
1996-04-23,65.2344,38.622158,225400,0,1,160.577708
1996-04-24,65.0000,38.483395,699000,0,1,160.000721
1996-04-25,65.2969,38.659161,475500,0,1,160.731555
1996-04-26,65.4375,38.742432,563300,0,1,161.077649
1996-04-29,65.4375,38.742432,219900,0,1,161.077649
1996-04-30,65.3906,38.714661,184400,0,1,160.962202
1996-05-01,65.5312,38.797924,561900,0,1,161.308296
1996-05-02,64.4062,38.131870,1299600,0,1,158.539052
1996-05-03,64.3125,38.076347,1329300,0,1,158.308405
1996-05-06,64.2500,38.039375,647500,0,1,158.154558
1996-05-07,63.9844,37.882107,582100,0,1,157.500771
1996-05-08,64.7812,38.353886,1694700,0,1,159.462134
1996-05-09,64.7344,38.326138,593400,0,1,159.346933
1996-05-10,65.3750,38.705418,925100,0,1,160.923802
1996-05-13,66.3594,39.288219,867500,0,1,163.346951
1996-05-14,66.7656,39.528748,632300,0,1,164.346833
1996-05-15,66.6875,39.482479,466100,0,1,164.154585
1996-05-16,66.8281,39.565742,514400,0,1,164.500679
1996-05-17,67.1875,39.778511,427700,0,1,165.385360
1996-05-20,67.6406,40.046806,788500,0,1,166.500688
1996-05-21,67.5469,39.991280,352700,0,1,166.270041
1996-05-22,68.1875,40.370564,1218100,0,1,167.846910
1996-05-23,67.9062,40.204041,967900,0,1,167.154476
1996-05-24,68.1719,40.361301,659100,0,1,167.808510
1996-05-28,67.4844,39.954281,456400,0,1,166.116194
1996-05-29,67.0312,39.686024,649600,0,1,165.000620
1996-05-30,67.3750,39.889542,895800,0,1,165.846901
1996-05-31,66.8750,39.593502,923500,0,1,164.616126
1996-06-03,67.0625,39.704521,503100,0,1,165.077667
1996-06-04,67.5312,39.982059,627100,0,1,166.231395
1996-06-05,68.1250,40.333565,428000,0,1,167.693063
1996-06-06,67.6250,40.037540,523300,0,1,166.462288
1996-06-07,67.6250,40.037540,1422800,0,1,166.462288
1996-06-10,67.4062,39.908020,548800,0,1,165.923701
1996-06-11,67.3438,39.871014,688700,0,1,165.770100
1996-06-12,67.2188,39.797031,1120600,0,1,165.462407
1996-06-13,67.2188,39.797031,1502000,0,1,165.462407
1996-06-14,66.9375,39.630505,1468200,0,1,164.769973
1996-06-17,66.8906,39.602741,1101000,0,1,164.654526
1996-06-18,66.3438,39.278988,718000,0,1,163.308551
1996-06-19,66.6406,39.454735,552100,0,1,164.039139
1996-06-20,66.5938,39.426971,1234400,0,1,163.923938
1996-06-21,66.8125,39.766098,573300,0.351,1,165.326283
1996-06-24,66.9375,39.840504,416500,0,1,165.635593
1996-06-25,66.8594,39.793987,454400,0,1,165.442336
1996-06-26,66.4062,39.524300,838200,0,1,164.320901
1996-06-27,66.8750,39.803272,1090500,0,1,165.480938
1996-06-28,67.1094,39.942791,1060800,0,1,166.060957
1996-07-01,67.6875,40.286884,471300,0,1,167.491454
1996-07-02,67.4375,40.138088,389400,0,1,166.872834
1996-07-03,67.2969,40.054386,308300,0,1,166.524922
1996-07-05,65.5781,39.031422,842900,0,1,162.271783
1996-07-08,65.3125,38.873291,942000,0,1,161.614561
1996-07-09,65.5781,39.031422,716300,0,1,162.271783
1996-07-10,65.8438,39.189503,1132300,0,1,162.929253
1996-07-11,64.5156,38.399029,1587400,0,1,159.642647
1996-07-12,64.5625,38.426918,1312000,0,1,159.758700
1996-07-15,62.6562,37.292355,1951300,0,1,155.041596
1996-07-16,62.8125,37.385342,4141000,0,1,155.428358
1996-07-17,63.5625,37.831730,1340500,0,1,157.284219
1996-07-18,64.4375,38.352524,1432500,0,1,159.449390
1996-07-19,63.9688,38.073521,1216000,0,1,158.289601
1996-07-22,63.5000,37.794548,519800,0,1,157.129564
1996-07-23,62.6875,37.310936,1479800,0,1,155.119048
1996-07-24,62.8125,37.385342,2463400,0,1,155.428358
1996-07-25,63.3750,37.720135,1989800,0,1,156.820254
1996-07-26,63.7188,37.924721,642300,0,1,157.670980
1996-07-29,63.0156,37.506233,1297900,0,1,155.930925
1996-07-30,63.6250,37.868927,1868200,0,1,157.438874
1996-07-31,64.0938,38.147919,767100,0,1,158.598911
1996-08-01,65.1562,38.780300,1168600,0,1,161.227800
1996-08-02,66.5625,39.617294,1098500,0,1,164.707663
1996-08-05,66.1719,39.384804,710200,0,1,163.741130
1996-08-06,66.3750,39.505711,640000,0,1,164.243697
1996-08-07,66.5469,39.608013,917800,0,1,164.669061
1996-08-08,66.4375,39.542896,925100,0,1,164.398353
1996-08-09,66.2188,39.412701,648800,0,1,163.857184
1996-08-12,66.7031,39.701012,764200,0,1,165.055575
1996-08-13,66.1719,39.384804,805200,0,1,163.741130
1996-08-14,66.4062,39.524300,533800,0,1,164.320901
1996-08-15,66.2812,39.449924,632600,0,1,164.011591
1996-08-16,66.8438,39.784706,475100,0,1,165.403734
1996-08-19,66.8750,39.803272,436400,0,1,165.480938
1996-08-20,66.8281,39.775402,645700,0,1,165.364885
1996-08-21,66.5938,39.635899,266400,0,1,164.785114
1996-08-22,67.2188,40.007889,584800,0,1,166.331665
1996-08-23,66.8594,39.793987,757100,0,1,165.442336
1996-08-26,66.5312,39.598701,784700,0,1,164.630211
1996-08-27,66.7812,39.747490,389400,0,1,165.248832
1996-08-28,66.6719,39.682377,227600,0,1,164.978371
1996-08-29,66.0156,39.291790,680200,0,1,163.354369
1996-08-30,65.3281,38.882603,1500900,0,1,161.653163
1996-09-03,65.7500,39.133690,1782000,0,1,162.697147
1996-09-04,65.8125,39.170898,930200,0,1,162.851802
1996-09-05,65.0156,38.696606,616600,0,1,160.879888
1996-09-06,65.9375,39.245312,804900,0,1,163.161112
1996-09-09,66.7188,39.710300,719200,0,1,165.094424
1996-09-10,66.6875,39.691685,669900,0,1,165.016973
1996-09-11,67.0625,39.914898,713500,0,1,165.944903
1996-09-12,67.5312,40.193901,713300,0,1,167.104693
1996-09-13,68.5625,40.807682,2008800,0,1,169.656625
1996-09-16,68.8125,40.956490,1220200,0,1,170.275246
1996-09-17,68.6562,40.863476,604700,0,1,169.888484
1996-09-18,68.4844,40.761177,225500,0,1,169.463368
1996-09-19,68.7500,40.919308,410000,0,1,170.120591
1996-09-20,68.6406,41.064415,948400,0.352,1,170.720900
1996-09-23,68.6250,41.055092,466800,0,1,170.682100
1996-09-24,68.6094,41.045712,1269800,0,1,170.643300
1996-09-25,68.6562,41.073772,1353300,0,1,170.759700
1996-09-26,68.6250,41.055092,773200,0,1,170.682100
1996-09-27,68.6875,41.092461,407600,0,1,170.837548
1996-09-30,68.6250,41.055092,578200,0,1,170.682100
1996-10-01,69.0000,41.279427,561400,0,1,171.614789
1996-10-02,69.4688,41.559845,609000,0,1,172.780775
1996-10-03,69.4062,41.522453,342200,0,1,172.625078
1996-10-04,70.3438,42.083321,754100,0,1,174.957049
1996-10-07,70.4219,42.130032,235100,0,1,175.151297
1996-10-08,70.1406,41.961796,386200,0,1,174.451656
1996-10-09,69.5938,41.634632,528800,0,1,173.091671
1996-10-10,69.4531,41.550491,1562200,0,1,172.741726
1996-10-11,70.3125,42.064610,331300,0,1,174.879201
1996-10-14,70.4062,42.120712,201600,0,1,175.112249
1996-10-15,70.3125,42.064610,776900,0,1,174.879201
1996-10-16,70.6562,42.270294,590100,0,1,175.734041
1996-10-17,70.8438,42.382446,792500,0,1,176.200635
1996-10-18,71.2188,42.606804,695800,0,1,177.133324
1996-10-21,71.1250,42.550709,879200,0,1,176.900027
1996-10-22,70.6250,42.251583,848900,0,1,175.656442
1996-10-23,70.8594,42.391788,735900,0,1,176.239434
1996-10-24,70.2500,42.027245,379300,0,1,174.723753
1996-10-25,70.3125,42.064610,568300,0,1,174.879201
1996-10-28,69.8438,41.784191,975400,0,1,173.713464
1996-10-29,70.4062,42.120712,815900,0,1,175.112249
1996-10-30,70.1719,41.980499,495400,0,1,174.529505
1996-10-31,70.8438,42.382446,726300,0,1,176.200635
1996-11-01,70.5938,42.232895,821300,0,1,175.578842
1996-11-04,71.0625,42.513332,1608400,0,1,176.744579
1996-11-05,71.4688,42.756371,764000,0,1,177.755116
1996-11-06,72.8438,43.578957,1665000,0,1,181.174976
1996-11-07,73.0156,43.681770,1446300,0,1,181.602272
1996-11-08,73.4219,43.924805,1355700,0,1,182.612810
1996-11-11,73.3438,43.878086,655900,0,1,182.418562
1996-11-12,73.1250,43.747227,719900,0,1,181.874369
1996-11-13,73.4531,43.943512,481900,0,1,182.690410
1996-11-14,73.9375,44.233303,558800,0,1,183.895195
1996-11-15,74.0312,44.289387,2250900,0,1,184.128243
1996-11-18,74.0469,44.298744,1518200,0,1,184.167292
1996-11-19,74.5781,44.616550,1029300,0,1,185.488477
1996-11-20,74.7031,44.691338,730000,0,1,185.799373
1996-11-21,74.5938,44.625927,653000,0,1,185.527525
1996-11-22,75.1719,44.971767,965100,0,1,186.965359
1996-11-25,76.1250,45.541973,2058800,0,1,189.335881
1996-11-26,75.8750,45.392399,2861800,0,1,188.714089
1996-11-27,75.7344,45.308281,872000,0,1,188.364392
1996-11-29,76.0156,45.476547,1073400,0,1,189.063785
1996-12-02,76.0469,45.495213,1350600,0,1,189.141633
1996-12-03,74.7500,44.719368,1777800,0,1,185.916021
1996-12-04,74.9531,44.840881,2365100,0,1,186.421166
1996-12-05,74.7500,44.719368,1697700,0,1,185.916021
1996-12-06,74.3125,44.457626,3401800,0,1,184.827884
1996-12-09,75.4062,45.111992,1864600,0,1,187.548103
1996-12-10,75.0469,44.896988,1331600,0,1,186.654462
1996-12-11,74.3594,44.485691,1847900,0,1,184.944532
1996-12-12,73.1250,43.747227,2540200,0,1,181.874369
1996-12-13,73.3125,43.859406,1678300,0,1,182.340713
1996-12-16,72.3750,43.298538,1831100,0,1,180.008991
1996-12-17,72.9531,43.644379,2023200,0,1,181.446824
1996-12-18,73.5312,43.990238,1666800,0,1,182.884658
1996-12-19,75.0469,44.896988,2269300,0,1,186.654462
1996-12-20,74.8438,44.995506,1543200,0.367,1,187.062110
1996-12-23,74.6562,44.882786,1263700,0,1,186.593229
1996-12-24,75.2031,45.211567,633000,0,1,187.960132
1996-12-26,75.7812,45.559105,1384300,0,1,189.405016
1996-12-27,75.8750,45.615471,410400,0,1,189.639457
1996-12-30,75.2188,45.220951,694100,0,1,187.999372
1996-12-31,73.8438,44.394302,1378100,0,1,184.562743
1997-01-02,74.0312,44.507034,2031900,0,1,185.031124
1997-01-03,75.0938,45.145786,2123200,0,1,187.686951
1997-01-06,74.4375,44.751270,1374100,0,1,186.046617
1997-01-07,75.3438,45.296097,939000,0,1,188.311793
1997-01-08,74.6875,44.901562,1802200,0,1,186.671459
1997-01-09,75.3125,45.277313,1415700,0,1,188.233563
1997-01-10,76.1250,45.765804,2369500,0,1,190.264298
1997-01-13,76.0156,45.700035,1364600,0,1,189.990868
1997-01-14,76.9688,46.273033,2111200,0,1,192.373264
1997-01-15,76.7812,46.160309,1583900,0,1,191.904383
1997-01-16,77.0938,46.348171,1308400,0,1,192.685685
1997-01-17,77.5625,46.629986,1604000,0,1,193.857138
1997-01-20,77.6562,46.686371,1889900,0,1,194.091329
1997-01-21,78.2812,47.062099,2785800,0,1,195.653433
1997-01-22,78.8438,47.400272,1201600,0,1,197.059577
1997-01-23,77.7500,46.742718,2601100,0,1,194.325770
1997-01-24,76.7500,46.141502,2176000,0,1,191.826403
1997-01-27,76.5312,46.010036,2108500,0,1,191.279541
1997-01-28,76.7500,46.141502,4376000,0,1,191.826403
1997-01-29,77.5000,46.592442,1122700,0,1,193.700928
1997-01-30,78.5000,47.193634,2126300,0,1,196.200295
1997-01-31,78.4062,47.137241,3208100,0,1,195.965854
1997-02-03,78.6406,47.278156,755000,0,1,196.551706
1997-02-04,79.1250,47.569366,654100,0,1,197.762399
1997-02-05,77.6406,46.676937,2255400,0,1,194.052339
1997-02-06,78.1562,46.986961,2483100,0,1,195.341012
1997-02-07,79.2188,47.625713,2321000,0,1,197.996840
1997-02-10,78.4688,47.174831,1670000,0,1,196.122314
1997-02-11,79.3750,47.719681,1664300,0,1,198.387241
1997-02-12,80.5000,48.395988,2675400,0,1,201.199028
1997-02-13,81.3750,48.922028,1104800,0,1,203.385974
1997-02-14,81.1875,48.809303,1112900,0,1,202.917343
1997-02-18,81.8750,49.222637,833100,0,1,204.635658
1997-02-19,81.3281,48.893856,648100,0,1,203.268754
1997-02-20,80.3438,48.302052,1193900,0,1,200.808627
1997-02-21,80.3750,48.320827,1844400,0,1,200.886607
1997-02-24,81.3281,48.893856,787300,0,1,203.268754
1997-02-25,81.3906,48.931438,1653900,0,1,203.424964
1997-02-26,80.5938,48.452347,1597800,0,1,201.433469
1997-02-27,79.3906,47.729042,1813100,0,1,198.426231
1997-02-28,79.1562,47.588169,2961200,0,1,197.840379
1997-03-03,79.6875,47.907555,1210400,0,1,199.168293
1997-03-04,79.2500,47.644497,1478700,0,1,198.074820
1997-03-05,80.5938,48.452347,1254800,0,1,201.433469
1997-03-06,80.1250,48.170551,1528500,0,1,200.261766
1997-03-07,80.8438,48.602642,1859300,0,1,202.058311
1997-03-10,81.6875,49.109894,1074900,0,1,204.167026
1997-03-11,81.2500,48.846893,624600,0,1,203.073553
1997-03-12,80.5312,48.414783,1055600,0,1,201.277009
1997-03-13,79.2812,47.663288,2514100,0,1,198.152800
1997-03-14,79.6875,47.907555,1642700,0,1,199.168293
1997-03-17,79.9062,48.039024,3013500,0,1,199.714904
1997-03-18,79.0469,47.522388,1352500,0,1,197.567198
1997-03-19,78.7812,47.362701,1510000,0,1,196.903117
1997-03-20,78.3750,47.118450,1808200,0,1,195.887874
1997-03-21,78.4375,47.336613,2810600,0.299,1,196.791395
1997-03-24,79.5312,47.996700,2145600,0,1,199.535373
1997-03-25,78.7500,47.525230,2125800,0,1,197.575424
1997-03-26,79.0938,47.732674,1335300,0,1,198.437982
1997-03-27,77.0000,46.469109,2898500,0,1,193.184859
1997-03-31,75.3750,45.488411,4270700,0,1,189.107906
1997-04-01,75.8594,45.780735,3210900,0,1,190.323215
1997-04-02,74.5000,44.960373,2672700,0,1,186.912624
1997-04-03,74.9062,45.205509,2284200,0,1,187.931737
1997-04-04,75.8438,45.771305,3706700,0,1,190.284076
1997-04-07,76.1406,45.950493,2596200,0,1,191.028716
1997-04-08,76.6875,46.280502,1822700,0,1,192.400830
1997-04-09,76.0625,45.903324,2453200,0,1,190.832771
1997-04-10,75.7812,45.733589,1996500,0,1,190.127019
1997-04-11,73.3750,44.281433,4221600,0,1,184.090118
1997-04-14,74.3594,44.875511,3988500,0,1,186.559873
1997-04-15,75.6250,45.639271,2760400,0,1,189.735130
1997-04-16,76.5000,46.167358,2273300,0,1,191.930412
1997-04-17,76.1875,45.978748,1386000,0,1,191.146383
1997-04-18,76.5625,46.205055,1702100,0,1,192.087218
1997-04-21,76.0625,45.903324,2809400,0,1,190.832771
1997-04-22,77.7344,46.912300,3215000,0,1,195.027391
1997-04-23,77.8125,46.959450,2047700,0,1,195.223336
1997-04-24,77.4219,46.723690,2689900,0,1,194.243362
1997-04-25,76.5312,46.186230,1606200,0,1,192.008690
1997-04-28,77.2812,46.638844,1666500,0,1,193.890360
1997-04-29,79.7188,48.109867,3197400,0,1,200.006041
1997-04-30,80.0938,48.336151,3372200,0,1,200.946877
1997-05-01,80.0000,48.279579,2149500,0,1,200.711542
1997-05-02,81.4375,49.147118,1448300,0,1,204.318078
1997-05-05,83.3750,50.316360,3636200,0,1,209.179060
1997-05-06,83.3125,50.278664,1721100,0,1,209.022255
1997-05-07,81.5000,49.184814,2327200,0,1,204.474884
1997-05-08,82.0625,49.524303,2923700,0,1,205.886137
1997-05-09,82.6250,49.863766,2558200,0,1,207.297390
1997-05-12,84.0000,50.693581,2357900,0,1,210.747119
1997-05-13,83.6562,50.486115,1195100,0,1,209.884561
1997-05-14,83.8125,50.580379,2772000,0,1,210.276702
1997-05-15,84.3750,50.919884,884100,0,1,211.687955
1997-05-16,83.2188,50.222080,1934200,0,1,208.787171
1997-05-19,83.4688,50.372940,1375800,0,1,209.414395
1997-05-20,84.4688,50.976433,1756400,0,1,211.923289
1997-05-21,84.2812,50.863304,1208000,0,1,211.452620
1997-05-22,84.0000,50.693581,907600,0,1,210.747119
1997-05-23,84.7812,51.165066,644400,0,1,212.707068
1997-05-27,85.1250,51.372463,1531000,0,1,213.569625
1997-05-28,85.1094,51.363068,716700,0,1,213.530487
1997-05-29,84.6094,51.061344,1282700,0,1,212.276040
1997-05-30,85.1562,51.391346,2143300,0,1,213.647903
1997-06-02,84.7812,51.165066,1479100,0,1,212.707068
1997-06-03,84.5000,50.995304,1562100,0,1,212.001566
1997-06-04,84.4062,50.938755,1063100,0,1,211.766232
1997-06-05,84.7188,51.127338,1180800,0,1,212.550513
1997-06-06,86.3750,52.126846,1511100,0,1,216.705743
1997-06-09,86.8125,52.390915,1823400,0,1,217.803385
1997-06-10,87.0781,52.551193,1217500,0,1,218.469747
1997-06-11,87.2812,52.673767,1673800,0,1,218.979303
1997-06-12,88.9688,53.692181,4273300,0,1,223.213313
1997-06-13,89.7188,54.144787,2132900,0,1,225.094984
1997-06-16,89.7500,54.163677,800400,0,1,225.173261
1997-06-17,89.6250,54.088245,2048100,0,1,224.859650
1997-06-18,89.3125,53.899612,1971900,0,1,224.075620
1997-06-19,90.2344,54.455975,2029900,0,1,226.388570
1997-06-20,89.5781,54.270439,1396900,0.35,1,225.620096
1997-06-23,87.4062,52.954659,3991500,0,1,220.149737
1997-06-24,89.6250,54.298862,4895100,0,1,225.738222
1997-06-25,89.0000,53.920185,4708900,0,1,224.164037
1997-06-26,88.5625,53.655125,2569900,0,1,223.062107
1997-06-27,88.9062,53.863400,2617900,0,1,223.927783
1997-06-30,88.3125,53.503658,2384900,0,1,222.432433
1997-07-01,89.3438,54.128483,1749000,0,1,225.029965
1997-07-02,90.8125,55.018280,1961800,0,1,228.729175
1997-07-03,92.0625,55.775612,2539100,0,1,231.877546
1997-07-07,91.1250,55.207588,1158600,0,1,229.516268
1997-07-08,92.0781,55.785061,3396500,0,1,231.916838
1997-07-09,91.0625,55.169708,5390300,0,1,229.358849
1997-07-10,91.4688,55.415848,2072200,0,1,230.382196
1997-07-11,91.7812,55.605148,2258900,0,1,231.169037
1997-07-14,92.0625,55.775612,3186400,0,1,231.877546
1997-07-15,92.5312,56.059593,2983100,0,1,233.058060
1997-07-16,93.7500,56.797943,2621300,0,1,236.127848
1997-07-17,93.2812,56.513943,1794800,0,1,234.947083
1997-07-18,91.2969,55.311710,3961900,0,1,229.949232
1997-07-21,91.3125,55.321217,3810300,0,1,229.988524
1997-07-22,93.7344,56.788486,4243400,0,1,236.088556
1997-07-23,93.6562,56.741138,3204300,0,1,235.891594
1997-07-24,94.0938,57.006180,4152700,0,1,236.993776
1997-07-25,94.0312,56.968319,2364800,0,1,236.836105
1997-07-28,93.9688,56.930473,2794700,0,1,236.678939
1997-07-29,94.2812,57.119804,2737100,0,1,237.465780
1997-07-30,95.4062,57.801357,4839800,0,1,240.299314
1997-07-31,95.3125,57.744583,2138700,0,1,240.063312
1997-08-01,94.9375,57.517422,7077700,0,1,239.118800
1997-08-04,95.1875,57.668831,2339500,0,1,239.748475
1997-08-05,95.2500,57.706707,1466700,0,1,239.905893
1997-08-06,96.0312,58.180019,2478200,0,1,241.873499
1997-08-07,95.3125,57.744583,3641900,0,1,240.063312
1997-08-08,93.3750,56.570724,7113100,0,1,235.183336
1997-08-11,94.0625,56.987274,6355900,0,1,236.914941
1997-08-12,92.5625,56.078518,6132500,0,1,233.136895
1997-08-13,92.2812,55.908127,6982300,0,1,232.428385
1997-08-14,92.6250,56.116344,3462700,0,1,233.294314
1997-08-15,89.7812,54.393482,4907100,0,1,226.131643
1997-08-18,91.7812,55.605148,5638900,0,1,231.169037
1997-08-19,92.8438,56.248875,3802800,0,1,233.845404
1997-08-20,94.2500,57.100842,3564600,0,1,237.387196
1997-08-21,92.5938,56.097443,5392600,0,1,233.215730
1997-08-22,92.5625,56.078518,8087800,0,1,233.136895
1997-08-25,92.2188,55.870255,3888000,0,1,232.271219
1997-08-26,90.8594,55.046692,4290000,0,1,228.847302
1997-08-27,91.4062,55.377995,5484300,0,1,230.224526
1997-08-28,90.0156,54.535515,4287900,0,1,226.722025
1997-08-29,90.3750,54.753216,2652300,0,1,227.627245
1997-09-02,93.3125,56.532867,7294000,0,1,235.025918
1997-09-03,92.8125,56.229969,2812500,0,1,233.766569
1997-09-04,93.4062,56.589714,2473700,0,1,235.261920
1997-09-05,93.1406,56.428757,3663300,0,1,234.592954
1997-09-08,93.5469,56.674866,803500,0,1,235.616300
1997-09-09,93.5938,56.703274,1885200,0,1,235.734427
1997-09-10,91.6562,55.529457,3623700,0,1,230.854200
1997-09-11,91.1875,55.245464,7055900,0,1,229.673687
1997-09-12,92.6562,56.135277,6708000,0,1,233.372897
1997-09-15,92.5000,56.040649,2060500,0,1,232.979476
1997-09-16,94.8125,57.441689,6979000,0,1,238.803963
1997-09-17,94.8125,57.441689,2220000,0,1,238.803963
1997-09-18,95.2188,57.687752,5045400,0,1,239.827310
1997-09-19,95.0312,57.785378,1566400,0.348,1,240.231309
1997-09-22,95.5625,58.108395,3259000,0,1,241.574393
1997-09-23,95.1250,57.842369,1872800,0,1,240.468428
1997-09-24,94.3438,57.367340,2793100,0,1,238.493616
1997-09-25,93.6875,56.968304,6327800,0,1,236.834542
1997-09-26,94.4688,57.443352,3995800,0,1,238.809606
1997-09-29,95.3750,57.994400,2065000,0,1,241.100408
1997-09-30,94.3750,57.386337,4137600,0,1,238.572488
1997-10-01,95.6250,58.146400,3567500,0,1,241.732388
1997-10-02,96.1562,58.469444,2577500,0,1,243.075219
1997-10-03,96.6406,58.763985,6499900,0,1,244.299744
1997-10-06,97.2812,59.153496,2272100,0,1,245.919130
1997-10-07,98.1875,59.704571,1832800,0,1,248.210184
1997-10-08,97.5000,59.286541,4439400,0,1,246.472239
1997-10-09,97.1562,59.077507,3607600,0,1,245.603140
1997-10-10,96.8750,58.906498,2858100,0,1,244.892289
1997-10-13,96.9688,58.963493,1760300,0,1,245.129407
1997-10-14,97.0000,58.982513,2235700,0,1,245.208279
1997-10-15,96.7812,58.849483,2601700,0,1,244.655170
1997-10-16,95.2500,57.918381,9488100,0,1,240.784418
1997-10-17,94.2812,57.329323,8151300,0,1,238.335369
1997-10-20,95.6250,58.146400,3636400,0,1,241.732388
1997-10-21,97.4844,59.277031,5225400,0,1,246.432803
1997-10-22,96.8438,58.887486,4485200,0,1,244.813417
1997-10-23,94.9375,57.728394,8054100,0,1,239.994443
1997-10-24,94.0000,57.158302,6778700,0,1,237.624517
1997-10-27,87.1875,53.015839,10840700,0,1,220.403060
1997-10-28,92.2188,56.075195,19548000,0,1,233.121786
1997-10-29,91.9688,55.923164,10134400,0,1,232.489806
1997-10-30,89.9375,54.688004,9772900,0,1,227.354841
1997-10-31,92.0625,55.980194,7072700,0,1,232.726672
1997-11-03,94.0000,57.158302,5548500,0,1,237.624517
1997-11-04,94.0000,57.158302,3455700,0,1,237.624517
1997-11-05,94.3125,57.348305,4774900,0,1,238.414493
1997-11-06,93.9531,57.129795,3679800,0,1,237.505958
1997-11-07,92.9375,56.512215,10606800,0,1,234.938602
1997-11-10,92.3750,56.170158,4347900,0,1,233.516647
1997-11-11,92.4062,56.189171,3212400,0,1,233.595518
1997-11-12,90.5000,55.030071,6775300,0,1,228.776796
1997-11-13,91.8125,55.828102,8589600,0,1,232.094692
1997-11-14,93.0625,56.588219,5827900,0,1,235.254592
1997-11-17,94.7812,57.633354,5149900,0,1,239.599329
1997-11-18,94.1875,57.272335,3433600,0,1,238.098502
1997-11-19,94.6562,57.557327,4387900,0,1,239.283339
1997-11-20,96.0938,58.431450,4822700,0,1,242.917477
1997-11-21,96.7500,58.830502,5436500,0,1,244.576299
1997-11-24,95.0000,57.766380,4337200,0,1,240.152438
1997-11-25,95.2500,57.918381,4525000,0,1,240.784418
1997-11-26,95.5312,58.089417,2681100,0,1,241.495269
1997-11-28,95.6250,58.146400,1564700,0,1,241.732388
1997-12-01,98.0938,59.647564,4850900,0,1,247.973318
1997-12-02,97.5000,59.286541,1974900,0,1,246.472239
1997-12-03,97.7812,59.457527,3302500,0,1,247.183090
1997-12-04,97.6875,59.400524,2872500,0,1,246.946224
1997-12-05,98.9375,60.160599,3458800,0,1,250.106124
1997-12-08,98.6562,59.989609,2289200,0,1,249.395020
1997-12-09,98.0625,59.628571,1703000,0,1,247.894194
1997-12-10,97.2188,59.115501,3558400,0,1,245.761388
1997-12-11,95.5625,58.108395,5072800,0,1,241.574393
1997-12-12,95.7500,58.222416,4478400,0,1,242.048378
1997-12-15,96.7188,58.811481,4674700,0,1,244.497427
1997-12-16,97.3125,59.172558,2885800,0,1,245.998254
1997-12-17,96.8125,58.868477,2236300,0,1,244.734294
1997-12-18,95.8750,58.298405,4658300,0,1,242.364368
1997-12-19,94.7812,57.862698,8556000,0.38,1,240.559939
1997-12-22,95.3906,58.234684,5136800,0,1,242.106630
1997-12-23,93.6875,57.194992,4436500,0,1,237.784067
1997-12-24,93.4062,57.023304,2019200,0,1,237.070112
1997-12-26,93.7812,57.252213,941800,0,1,238.021883
1997-12-29,95.6250,58.377781,2080000,0,1,242.701550
1997-12-30,97.1250,59.293499,3616000,0,1,246.508633
1997-12-31,97.0625,59.255356,4359500,0,1,246.350004
1998-01-02,97.5625,59.560642,2360900,0,1,247.619032
1998-01-05,97.7812,59.694134,4191800,0,1,248.174105
1998-01-06,96.2188,58.740257,3154900,0,1,244.208647
1998-01-07,96.4688,58.892891,4424200,0,1,244.843161
1998-01-08,95.6250,58.377781,3831000,0,1,242.701550
1998-01-09,92.3125,56.355564,10258800,0,1,234.294241
1998-01-12,94.0000,57.385742,12097900,0,1,238.577210
1998-01-13,95.3125,58.187023,5224900,0,1,241.908407
1998-01-14,95.7500,58.454086,3770400,0,1,243.018807
1998-01-15,94.9531,57.967621,2875400,0,1,240.996230
1998-01-16,96.3125,58.797516,4374800,0,1,244.446463
1998-01-20,97.8750,59.751347,5091700,0,1,248.412174
1998-01-21,96.9375,59.179008,4699400,0,1,246.032747
1998-01-22,96.0781,58.654400,4543400,0,1,243.851543
1998-01-23,95.9375,58.568558,6350300,0,1,243.494692
1998-01-26,95.8750,58.530388,4362900,0,1,243.336064
1998-01-27,96.8438,59.121834,7044200,0,1,245.794932
1998-01-28,97.7188,59.655991,4268600,0,1,248.015730
1998-01-29,98.2500,59.980328,8007700,0,1,249.363945
1998-01-30,98.3125,60.018494,3649100,0,1,249.522574
1998-02-02,99.9375,61.010506,5756300,0,1,253.646914
1998-02-03,100.6875,61.468410,2759600,0,1,255.550455
1998-02-04,100.5625,61.392086,3374000,0,1,255.233198
1998-02-05,100.5000,61.353924,5076200,0,1,255.074570
1998-02-06,101.6250,62.040699,5701200,0,1,257.929882
1998-02-09,101.2812,61.830833,2322200,0,1,257.057299
1998-02-10,102.2500,62.422268,3660400,0,1,259.516167
1998-02-11,102.1562,62.365044,4073200,0,1,259.278097
1998-02-12,102.5938,62.632168,5024700,0,1,260.388750
1998-02-13,102.0000,62.269669,2101300,0,1,258.881653
1998-02-17,102.5000,62.574902,3055500,0,1,260.150681
1998-02-18,103.4375,63.147228,3007400,0,1,262.530108
1998-02-19,102.8906,62.813351,3387800,0,1,261.142045
1998-02-20,103.6562,63.280773,3707000,0,1,263.085180
1998-02-23,104.0625,63.528786,3227800,0,1,264.116392
1998-02-24,103.2500,63.032757,3386800,0,1,262.054222
1998-02-25,104.5312,63.814941,3481800,0,1,265.305979
1998-02-26,105.1250,64.177414,3187600,0,1,266.813076
1998-02-27,105.1250,64.177414,3442900,0,1,266.813076
1998-03-02,104.9062,64.043877,4252300,0,1,266.257750
1998-03-03,105.5000,64.406349,3349200,0,1,267.764847
1998-03-04,104.8125,63.986649,4404100,0,1,266.019934
1998-03-05,103.8438,63.395222,7268000,0,1,263.561320
1998-03-06,105.9375,64.673393,6896300,0,1,268.875246
1998-03-09,105.5625,64.444473,3362800,0,1,267.923476
1998-03-10,106.5625,65.054985,5481900,0,1,270.461531
1998-03-11,107.0625,65.360245,3439600,0,1,271.730559
1998-03-12,107.5000,65.627319,3191300,0,1,272.840958
1998-03-13,107.0938,65.379303,2879400,0,1,271.810000
1998-03-16,108.2500,66.085182,3223600,0,1,274.744499
1998-03-17,108.5625,66.276001,4581900,0,1,275.537642
1998-03-18,108.9688,66.523964,1944100,0,1,276.568854
1998-03-19,109.2500,66.695656,2554800,0,1,277.282555
1998-03-20,109.8750,67.269928,3123300,0.313,1,279.663251
1998-03-23,109.6250,67.116905,4453100,0,1,279.026929
1998-03-24,110.5625,67.690865,3333600,0,1,281.413135
1998-03-25,110.1562,67.442169,4597600,0,1,280.378985
1998-03-26,110.0938,67.403885,3333500,0,1,280.220159
1998-03-27,109.6250,67.116905,2611300,0,1,279.026929
1998-03-30,109.5625,67.078644,3108700,0,1,278.867849
1998-03-31,109.9375,67.308228,5926500,0,1,279.822331
1998-04-01,110.8281,67.853470,2929000,0,1,282.089163
1998-04-02,112.0312,68.590088,3920900,0,1,285.151396
1998-04-03,112.5938,68.934464,3787600,0,1,286.583373
1998-04-06,111.6875,68.379631,4550500,0,1,284.276581
1998-04-07,110.9375,67.920456,5583700,0,1,282.367617
1998-04-08,110.3125,67.537811,4854800,0,1,280.776813
1998-04-09,111.1875,68.073540,4481200,0,1,283.003938
1998-04-13,110.8750,67.882164,4350200,0,1,282.208536
1998-04-14,111.8125,68.456146,3279100,0,1,284.594742
1998-04-15,112.1250,68.647461,3867200,0,1,285.390143
1998-04-16,110.8125,67.843910,7177900,0,1,282.049456
1998-04-17,112.2812,68.743141,5688800,0,1,285.787717
1998-04-20,112.2500,68.724037,3688300,0,1,285.708304
1998-04-21,112.7812,69.049309,4573200,0,1,287.060360
1998-04-22,113.0938,69.240570,2386100,0,1,287.856016
1998-04-23,112.0000,68.570976,5062000,0,1,285.071983
1998-04-24,110.8125,67.843910,11039700,0,1,282.049456
1998-04-27,108.7188,66.562027,14510200,0,1,276.720392
1998-04-28,108.5625,66.466431,6511400,0,1,276.322564
1998-04-29,109.3125,66.925591,7703100,0,1,278.231528
1998-04-30,111.3438,68.169189,8684500,0,1,283.401766
1998-05-01,112.5938,68.934464,4008800,0,1,286.583373
1998-05-04,112.3125,68.762306,4537200,0,1,285.867384
1998-05-05,111.5312,68.283974,5146400,0,1,283.878753
1998-05-06,110.2188,67.480400,5526100,0,1,280.538320
1998-05-07,109.3438,66.944695,6940400,0,1,278.311195
1998-05-08,111.1250,68.035225,7951000,0,1,282.844858
1998-05-11,110.7500,67.805641,6336300,0,1,281.890376
1998-05-12,111.9375,68.532707,6045200,0,1,284.912902
1998-05-13,112.2188,68.704872,4441500,0,1,285.628891
1998-05-14,111.6562,68.360527,4187500,0,1,284.196913
1998-05-15,111.0312,67.977859,6716100,0,1,282.606110
1998-05-18,110.5938,67.709984,4847200,0,1,281.492802
1998-05-19,111.3438,68.169189,5918700,0,1,283.401766
1998-05-20,112.4062,68.819695,5716600,0,1,286.105878
1998-05-21,111.6875,68.379631,6301500,0,1,284.276581
1998-05-22,111.2500,68.111755,4862200,0,1,283.163019
1998-05-26,109.4688,67.021233,6899300,0,1,278.629356
1998-05-27,109.6250,67.116905,10202600,0,1,279.026929
1998-05-28,110.1250,67.423019,4907600,0,1,280.299572
1998-05-29,109.0312,66.753365,4772600,0,1,277.515539
1998-06-01,109.5312,67.059502,6092200,0,1,278.788182
1998-06-02,109.6250,67.116905,6701100,0,1,279.026929
1998-06-03,107.8750,66.045479,6445100,0,1,274.572680
1998-06-04,109.8750,67.269928,6566300,0,1,279.663251
1998-06-05,112.0000,68.570976,8463200,0,1,285.071983
1998-06-08,111.8750,68.494415,4159900,0,1,284.753822
1998-06-09,112.2188,68.704872,2725300,0,1,285.628891
1998-06-10,111.5000,68.264847,6186900,0,1,283.799340
1998-06-11,109.4062,66.982948,8056600,0,1,278.470021
1998-06-12,110.4375,67.614357,9779000,0,1,281.094974
1998-06-15,107.5312,65.835045,10234200,0,1,273.697611
1998-06-16,109.1875,66.849045,7471500,0,1,277.913367
1998-06-17,111.4688,68.245697,12057700,0,1,283.719927
1998-06-18,110.9688,67.939583,3844600,0,1,282.447284
1998-06-19,110.0625,67.599182,3549100,0.352,1,281.036432
1998-06-22,110.5938,67.925461,5438300,0,1,282.393068
1998-06-23,111.9062,68.731567,5004600,0,1,285.744184
1998-06-24,113.4062,69.652878,8291900,0,1,289.574322
1998-06-25,113.2188,69.537689,5854800,0,1,289.095810
1998-06-26,113.6875,69.825615,4833100,0,1,290.292601
1998-06-29,114.0938,70.075142,5953400,0,1,291.330058
1998-06-30,113.3125,69.595299,4284800,0,1,289.335066
1998-07-01,114.6250,70.401390,3489500,0,1,292.686438
1998-07-02,114.8438,70.535797,3503900,0,1,293.245127
1998-07-06,116.0000,71.245926,3144400,0,1,296.197398
1998-07-07,115.7812,71.111572,4920700,0,1,295.638709
1998-07-08,116.6250,71.629799,6875000,0,1,297.793290
1998-07-09,115.8438,71.149971,6942500,0,1,295.798553
1998-07-10,116.4688,71.533859,7849700,0,1,297.394444
1998-07-13,116.5000,71.553040,6555100,0,1,297.474111
1998-07-14,117.8125,72.359169,6983600,0,1,300.825483
1998-07-15,117.5938,72.224777,4977500,0,1,300.267049
1998-07-16,118.4062,72.723824,6315600,0,1,302.341452
1998-07-17,118.5625,72.819778,3539500,0,1,302.740552
1998-07-20,118.5625,72.819778,2338400,0,1,302.740552
1998-07-21,116.5000,71.553040,5518600,0,1,297.474111
1998-07-22,116.5000,71.553040,10417300,0,1,297.474111
1998-07-23,114.1875,70.132713,15110900,0,1,291.569314
1998-07-24,114.0938,70.075142,11540500,0,1,291.330058
1998-07-27,114.9062,70.574112,9600000,0,1,293.404461
1998-07-28,112.9688,69.384140,13693000,0,1,288.457454
1998-07-29,112.5312,69.115486,7462400,0,1,287.340075
1998-07-30,114.2188,70.151894,6821600,0,1,291.649236
1998-07-31,111.7812,68.654778,7680500,0,1,285.425005
1998-08-03,111.3125,68.366936,10486500,0,1,284.228215
1998-08-04,107.0000,65.718193,15091600,0,1,273.216566
1998-08-05,108.4688,66.620338,21718400,0,1,276.967038
1998-08-06,108.9375,66.908195,13084400,0,1,278.163828
1998-08-07,109.1250,67.023392,12083800,0,1,278.642596
1998-08-10,108.5000,66.639481,6273000,0,1,277.046705
1998-08-11,106.8750,65.641472,14287100,0,1,272.897388
1998-08-12,108.6875,66.754662,11158400,0,1,277.525472
1998-08-13,107.3750,65.948509,9073900,0,1,274.174100
1998-08-14,106.1250,65.180794,8628500,0,1,270.982318
1998-08-17,108.3750,66.562759,11290000,0,1,276.727526
1998-08-18,110.3750,67.791145,7603900,0,1,281.834378
1998-08-19,110.0938,67.618401,6258600,0,1,281.116355
1998-08-20,109.4375,67.215317,7402800,0,1,279.440541
1998-08-21,108.5625,66.677910,16685400,0,1,277.206294
1998-08-24,109.2500,67.100136,7201700,0,1,278.961774
1998-08-25,109.5000,67.253677,9688300,0,1,279.600130
1998-08-26,108.8750,66.869820,9339700,0,1,278.004239
1998-08-27,103.7500,63.722115,24887800,0,1,264.917932
1998-08-28,103.3750,63.491779,23735900,0,1,263.960397
1998-08-31,96.0000,58.962147,22563100,0,1,245.128881
1998-09-01,100.0625,61.457264,24748500,0,1,255.502174
1998-09-02,99.3438,61.015846,13843200,0,1,253.667027
1998-09-03,98.5625,60.535999,17311300,0,1,251.672035
1998-09-04,97.7500,60.036953,17783800,0,1,249.597377
1998-09-08,103.0000,63.261467,14746500,0,1,263.002862
1998-09-09,100.5000,61.725990,12109700,0,1,256.619298
1998-09-10,98.5000,60.497623,19889300,0,1,251.512446
1998-09-11,101.6875,62.455326,20379800,0,1,259.651491
1998-09-14,103.4375,63.530148,10686800,0,1,264.119986
1998-09-15,104.0625,63.914051,8337900,0,1,265.715877
1998-09-16,105.0000,64.489861,11024900,0,1,268.109714
1998-09-17,102.0000,62.647278,12945200,0,1,260.449437
1998-09-18,102.0938,62.926331,7019200,0.359,1,261.605628
1998-09-21,102.0312,62.887798,8834600,0,1,261.445221
1998-09-22,102.8750,63.407867,7270100,0,1,263.607378
1998-09-23,107.0000,65.950340,13688500,0,1,274.177297
1998-09-24,104.3750,64.332397,11129500,0,1,267.450985
1998-09-25,104.2500,64.255356,10247400,0,1,267.130685
1998-09-28,105.1875,64.833206,8847800,0,1,269.532939
1998-09-29,104.9375,64.679092,10618100,0,1,268.892338
1998-09-30,101.7500,62.714443,7908400,0,1,260.724673
1998-10-01,98.8125,60.903912,13335600,0,1,253.197609
1998-10-02,100.7188,62.078842,14351800,0,1,258.082321
1998-10-05,98.6875,60.826889,12807200,0,1,252.877309
1998-10-06,98.5938,60.769081,12621000,0,1,252.637211
1998-10-07,97.1250,59.863781,14348500,0,1,248.873552
1998-10-08,96.5938,59.536354,20625000,0,1,247.512402
1998-10-09,98.5312,60.730583,12708500,0,1,252.476805
1998-10-12,99.9688,61.616596,9508500,0,1,256.160518
1998-10-13,99.6250,61.404697,6256800,0,1,255.279563
1998-10-14,100.5625,61.982548,8176900,0,1,257.681818
1998-10-15,105.9688,65.314713,20541100,0,1,271.534946
1998-10-16,106.0000,65.333977,16573900,0,1,271.614893
1998-10-19,106.3750,65.565109,7915900,0,1,272.575795
1998-10-20,107.0000,65.950340,14611600,0,1,274.177297
1998-10-21,106.6250,65.719215,9178400,0,1,273.216396
1998-10-22,108.2188,66.701477,8277500,0,1,277.300356
1998-10-23,106.8438,65.854027,6237200,0,1,273.777050
1998-10-26,107.6250,66.335533,5838600,0,1,275.778800
1998-10-27,107.0000,65.950340,10089700,0,1,274.177297
1998-10-28,106.8125,65.834793,5650600,0,1,273.696847
1998-10-29,109.4062,67.433449,9625600,0,1,280.342955
1998-10-30,110.0000,67.799446,9872800,0,1,281.864511
1998-11-02,111.8750,68.955048,6501400,0,1,286.669020
1998-11-03,111.0625,68.454285,6866000,0,1,284.587066
1998-11-04,112.2500,69.186218,8233600,0,1,287.629922
1998-11-05,113.7812,70.130043,6841500,0,1,291.553476
1998-11-06,114.1250,70.341881,5224800,0,1,292.434431
1998-11-09,113.3125,69.841095,6188700,0,1,290.352477
1998-11-10,113.0000,69.648483,14015200,0,1,289.551725
1998-11-11,112.2500,69.186218,10922400,0,1,287.629922
1998-11-12,112.1250,69.109200,5457400,0,1,287.309621
1998-11-13,113.2188,69.783295,5524600,0,1,290.112379
1998-11-16,114.0625,70.303383,6023700,0,1,292.274280
1998-11-17,114.0625,70.303383,9058900,0,1,292.274280
1998-11-18,114.7500,70.727135,4567700,0,1,294.035933
1998-11-19,115.7500,71.343483,5249300,0,1,296.598338
1998-11-20,116.6250,71.882767,5562000,0,1,298.840442
1998-11-23,119.3750,73.577782,7151300,0,1,305.887055
1998-11-24,118.6250,73.115501,5323700,0,1,303.965251
1998-11-25,118.6250,73.115501,4393500,0,1,303.965251
1998-11-27,119.5000,73.654823,4557900,0,1,306.207356
1998-11-30,116.1250,71.574638,8705400,0,1,297.559240
1998-12-01,117.6250,72.499161,8950600,0,1,301.402847
1998-12-02,117.2812,72.287270,7495500,0,1,300.521892
1998-12-03,115.3438,71.093079,12145300,0,1,295.557489
1998-12-04,118.3750,72.961418,10339500,0,1,303.324650
1998-12-07,118.9375,73.308136,4290000,0,1,304.766003
1998-12-08,118.4062,72.980690,10102600,0,1,303.404597
1998-12-09,118.6250,73.115501,5327900,0,1,303.965251
1998-12-10,116.8906,72.046494,5966600,0,1,299.521017
1998-12-11,117.1250,72.190964,8198200,0,1,300.121644
1998-12-14,113.7500,70.110794,9521400,0,1,291.473529
1998-12-15,116.6875,71.921303,9631500,0,1,299.000592
1998-12-16,116.5312,71.825005,7260000,0,1,298.600089
1998-12-17,118.3906,72.971031,6914700,0,1,303.364624
1998-12-18,118.5000,73.281097,4802400,0.392,1,304.649414
1998-12-21,120.1562,74.305336,8580700,0,1,308.907307
1998-12-22,120.6875,74.633827,5461100,0,1,310.273216
1998-12-23,123.2188,76.199203,7791000,0,1,316.780887
1998-12-24,122.6875,75.870659,1507100,0,1,315.414978
1998-12-28,122.3750,75.677399,4203600,0,1,314.611578
1998-12-29,124.3125,76.875595,3935800,0,1,319.592660
1998-12-30,123.3125,76.257195,6810700,0,1,317.021779
1998-12-31,123.3125,76.257195,6790500,0,1,317.021779
1999-01-04,123.0312,76.083260,9450400,0,1,316.298590
1999-01-05,124.4375,76.952881,8031000,0,1,319.914020
1999-01-06,127.4375,78.808083,7737700,0,1,327.626664
1999-01-07,126.8125,78.421570,5504900,0,1,326.019863
1999-01-08,127.7500,79.001350,6224400,0,1,328.430064
1999-01-11,126.5312,78.247688,7578300,0,1,325.296674
1999-01-12,124.2500,76.836945,7768800,0,1,319.431980
1999-01-13,123.3750,76.295830,10810600,0,1,317.182459
1999-01-14,121.2188,74.962372,11400700,0,1,311.639125
1999-01-15,124.3750,76.914230,7817700,0,1,319.753340
1999-01-19,125.1875,77.416687,6535100,0,1,321.842181
1999-01-20,126.1875,78.035103,6534400,0,1,324.413062
1999-01-21,122.8438,75.967316,6937500,0,1,315.816807
1999-01-22,122.5625,75.793373,7522300,0,1,315.093618
1999-01-25,123.8125,76.566368,5700300,0,1,318.307219
1999-01-26,126.0625,77.957817,6047000,0,1,324.091702
1999-01-27,124.5938,77.049507,7399400,0,1,320.315849
1999-01-28,126.6875,78.344322,5961700,0,1,325.698503
1999-01-29,127.6562,78.943359,6456800,0,1,328.188915
1999-02-01,126.9062,78.479614,9426800,0,1,326.260754
1999-02-02,126.1250,77.996475,9194500,0,1,324.252382
1999-02-03,127.4062,78.788788,10290700,0,1,327.546195
1999-02-04,125.5000,77.609932,7761100,0,1,322.645581
1999-02-05,124.0625,76.720993,7516100,0,1,318.949940
1999-02-08,124.3125,76.875595,8528400,0,1,319.592660
1999-02-09,121.5312,75.155632,8985700,0,1,312.442268
1999-02-10,122.3125,75.638748,6936700,0,1,314.450898
1999-02-11,125.1250,77.378052,9181800,0,1,321.681501
1999-02-12,123.6250,76.450447,10676600,0,1,317.825179
1999-02-16,122.8750,75.986633,6915500,0,1,315.897018
1999-02-17,122.7500,75.909317,7858100,0,1,315.575658
1999-02-18,123.7188,76.508392,9048900,0,1,318.066328
1999-02-19,124.2500,76.836945,5312200,0,1,319.431980
1999-02-22,127.5625,78.885414,10695800,0,1,327.948024
1999-02-23,127.5000,78.846748,7770700,0,1,327.787344
1999-02-24,125.2500,77.455368,7271000,0,1,322.002861
1999-02-25,124.0625,76.720993,11633000,0,1,318.949940
1999-02-26,123.5625,76.411781,9621300,0,1,317.664499
1999-03-01,123.9062,76.624352,7607200,0,1,318.548111
1999-03-02,122.8125,75.947990,9651500,0,1,315.736338
1999-03-03,123.4688,76.353790,7881400,0,1,317.423608
1999-03-04,125.0312,77.320076,8256400,0,1,321.440352
1999-03-05,127.5469,78.875748,10703100,0,1,327.907918
1999-03-08,128.3750,79.387863,4802200,0,1,330.036865
1999-03-09,128.0625,79.194611,7893400,0,1,329.233464
1999-03-10,129.1875,79.890343,3950000,0,1,332.125706
1999-03-11,130.6250,80.779266,6583700,0,1,335.821347
1999-03-12,129.3750,80.006271,5286500,0,1,332.607746
1999-03-15,131.2188,81.146461,5394400,0,1,337.347936
1999-03-16,130.7188,80.837242,4547500,0,1,336.062496
1999-03-17,130.1562,80.489426,4524100,0,1,334.616118
1999-03-18,132.2500,81.784180,3506300,0,1,339.999029
1999-03-19,129.6875,80.394051,5526700,0.32,1,334.233828
1999-03-22,129.9375,80.549065,4603800,0,1,334.878134
1999-03-23,126.1875,78.224365,9713800,0,1,325.213542
1999-03-24,126.9062,78.669968,6280900,0,1,327.065793
1999-03-25,129.5000,80.277824,6639600,0,1,333.750598
1999-03-26,128.5625,79.696648,6159700,0,1,331.334450
1999-03-29,131.1562,81.304527,5863900,0,1,338.018998
1999-03-30,130.4688,80.878380,5401400,0,1,336.247414
1999-03-31,128.3750,79.580421,7413600,0,1,330.851221
1999-04-01,129.3438,80.180954,7683600,0,1,333.348036
1999-04-05,132.4062,82.079430,5791100,0,1,341.240529
1999-04-06,132.0938,81.885666,5381300,0,1,340.435404
1999-04-07,133.1562,82.544304,6248600,0,1,343.173447
1999-04-08,134.8438,83.590446,5909100,0,1,347.522772
1999-04-09,134.8750,83.609795,4365800,0,1,347.603181
1999-04-12,136.3125,84.500938,8213200,0,1,351.307942
1999-04-13,135.4375,83.958504,10071400,0,1,349.052870
1999-04-14,133.1562,82.544304,11551700,0,1,343.173447
1999-04-15,132.6562,82.234428,11150000,0,1,341.884835
1999-04-16,131.5312,81.537003,6476200,0,1,338.985457
1999-04-19,129.5000,80.277824,12487200,0,1,333.750598
1999-04-20,131.1250,81.285126,9049600,0,1,337.938589
1999-04-21,134.8750,83.609795,5772200,0,1,347.603181
1999-04-22,136.1562,84.404037,6897400,0,1,350.905121
1999-04-23,135.8125,84.190994,4593100,0,1,350.019329
1999-04-26,136.5938,84.675262,3606500,0,1,352.032915
1999-04-27,137.2500,85.082047,5147200,0,1,353.724090
1999-04-28,135.3750,83.919731,5544300,0,1,348.891794
1999-04-29,134.3438,83.280449,9824300,0,1,346.234159
1999-04-30,133.2500,82.602478,10991900,0,1,343.415191
1999-05-03,135.6875,84.113518,10709700,0,1,349.697176
1999-05-04,133.7500,82.912415,10509300,0,1,344.703803
1999-05-05,134.8125,83.571037,10032300,0,1,347.442105
1999-05-06,133.9844,83.057709,13507200,0,1,345.307905
1999-05-07,135.0000,83.687294,8680700,0,1,347.925334
1999-05-10,134.3281,83.270790,5580100,0,1,346.193697
1999-05-11,135.6875,84.113518,7000600,0,1,349.697176
1999-05-12,136.7500,84.772133,13865800,0,1,352.435478
1999-05-13,137.3438,85.140175,4485700,0,1,353.965834
1999-05-14,133.7812,82.931770,8370100,0,1,344.784213
1999-05-17,134.1875,83.183617,6268100,0,1,345.831339
1999-05-18,133.9375,83.028648,8218600,0,1,345.187033
1999-05-19,134.9062,83.629166,5052400,0,1,347.683591
1999-05-20,134.0938,83.125542,4670400,0,1,345.589853
1999-05-21,133.3438,82.660606,6418200,0,1,343.656935
1999-05-24,131.1250,81.285126,7952000,0,1,337.938589
1999-05-25,129.0000,79.967850,15406400,0,1,332.461986
1999-05-26,130.4375,80.858963,12575900,0,1,336.166747
1999-05-27,128.5625,79.696648,14515400,0,1,331.334450
1999-05-28,130.2031,80.713646,8748000,0,1,335.562645
1999-06-01,129.7500,80.432793,6705300,0,1,334.394905
1999-06-02,129.8750,80.510277,6981900,0,1,334.717058
1999-06-03,130.5938,80.955818,6076600,0,1,336.569567
1999-06-04,133.2188,82.583076,9787200,0,1,343.334782
1999-06-07,133.5625,82.796173,5299100,0,1,344.220574
1999-06-08,132.2500,81.982559,4895700,0,1,340.837966
1999-06-09,132.1250,81.905060,7409700,0,1,340.515813
1999-06-10,130.9062,81.149551,7040700,0,1,337.374692
1999-06-11,129.8125,80.471535,12824800,0,1,334.555981
1999-06-14,129.9375,80.549065,6823500,0,1,334.878134
1999-06-15,130.8125,81.091454,5700900,0,1,337.133206
1999-06-16,133.3125,82.641243,7865800,0,1,343.576268
1999-06-17,134.5625,83.416084,8162800,0,1,346.797798
1999-06-18,134.3125,83.512459,2875100,0.405,1,347.197268
1999-06-21,134.6250,83.706795,4646400,0,1,348.005080
1999-06-22,133.6875,83.123878,5862400,0,1,345.581646
1999-06-23,133.0312,82.715820,9629200,0,1,343.885113
1999-06-24,132.0312,82.094048,9176900,0,1,341.300117
1999-06-25,131.7031,81.890038,4087000,0,1,340.451980
1999-06-28,133.3125,82.890671,5028900,0,1,344.612272
1999-06-29,134.5625,83.667892,6956200,0,1,347.843517
1999-06-30,137.0000,85.183472,16856100,0,1,354.144445
1999-07-01,138.0312,85.824730,9939500,0,1,356.810093
1999-07-02,139.4062,86.679657,3772800,0,1,360.364462
1999-07-06,139.3750,86.660210,11221100,0,1,360.283810
1999-07-07,139.5625,86.776779,3230700,0,1,360.768497
1999-07-08,139.6719,86.844803,7101500,0,1,361.051296
1999-07-09,140.5000,87.359688,2976800,0,1,363.191931
1999-07-12,139.8750,86.971069,4436300,0,1,361.576308
1999-07-13,139.3750,86.660210,6477600,0,1,360.283810
1999-07-14,140.1562,87.145950,4382500,0,1,362.303209
1999-07-15,141.0469,87.699768,3348600,0,1,364.605665
1999-07-16,141.8125,88.175789,2281500,0,1,366.584738
1999-07-19,140.8750,87.592888,4287000,0,1,364.161304
1999-07-20,137.9844,85.795563,7060100,0,1,356.689115
1999-07-21,137.8281,85.698387,4793700,0,1,356.285080
1999-07-22,136.0156,84.571434,7804100,0,1,351.599775
1999-07-23,135.7500,84.406258,4603000,0,1,350.913200
1999-07-26,134.7500,83.784500,4333400,0,1,348.328204
1999-07-27,135.8750,84.484001,5908500,0,1,351.236324
1999-07-28,136.3125,84.756004,3955500,0,1,352.367260
1999-07-29,134.4062,83.570770,7760600,0,1,347.439482
1999-07-30,132.7500,82.540901,5994300,0,1,343.158212
1999-08-02,133.0625,82.735214,6065500,0,1,343.966023
1999-08-03,132.4375,82.346626,5445400,0,1,342.350401
1999-08-04,130.6250,81.219635,6497900,0,1,337.665096
1999-08-05,131.8125,81.958008,10322000,0,1,340.734778
1999-08-06,130.3750,81.064224,7537700,0,1,337.018847
1999-08-09,130.0938,80.889320,5565900,0,1,336.291946
1999-08-10,128.6562,79.995537,9793300,0,1,332.575756
1999-08-11,130.2188,80.967064,8003400,0,1,336.615070
1999-08-12,130.1406,80.918488,7036800,0,1,336.412924
1999-08-13,133.1562,82.793526,5857700,0,1,344.208237
1999-08-16,133.7500,83.162697,3927000,0,1,345.743208
1999-08-17,134.6250,83.706795,4808000,0,1,348.005080
1999-08-18,133.6562,83.104439,4355500,0,1,345.500735
1999-08-19,132.5625,82.424370,6448100,0,1,342.673525
1999-08-20,133.9062,83.259872,3663700,0,1,346.146984
1999-08-23,136.4688,84.853180,5637800,0,1,352.771295
1999-08-24,136.9688,85.164078,9279500,0,1,354.063793
1999-08-25,138.3750,86.038445,6005300,0,1,357.698814
1999-08-26,136.7188,85.008606,4322300,0,1,353.417544
1999-08-27,135.0625,83.978790,6247400,0,1,349.136015
1999-08-30,132.5625,82.424370,4652000,0,1,342.673525
1999-08-31,132.0625,82.113434,11453700,0,1,341.381027
1999-09-01,133.6875,83.123878,6863900,0,1,345.581646
1999-09-02,132.1094,82.142586,10896300,0,1,341.502264
1999-09-03,135.9688,84.542297,9160800,0,1,351.478797
1999-09-07,135.4688,84.231377,4560800,0,1,350.186299
1999-09-08,134.8125,83.823349,6159600,0,1,348.489766
1999-09-09,134.7500,83.784500,6177800,0,1,348.328204
1999-09-10,135.8750,84.484001,2934500,0,1,351.236324
1999-09-13,134.9531,83.910774,2320500,0,1,348.853217
1999-09-14,134.0625,83.357018,3736000,0,1,346.551019
1999-09-15,131.9375,82.035797,6984500,0,1,341.057903
1999-09-16,132.4531,82.356346,15377600,0,1,342.390727
1999-09-17,133.7500,83.396927,8542300,0.372,1,346.704827
1999-09-20,133.5625,83.280052,2803900,0,1,346.218792
1999-09-21,130.7500,81.526382,9335200,0,1,338.928270
1999-09-22,130.6094,81.438683,13009100,0,1,338.563808
1999-09-23,127.8750,79.733719,12204100,0,1,331.475736
1999-09-24,127.7500,79.655746,13792900,0,1,331.151713
1999-09-27,128.5938,80.181862,6970300,0,1,333.338999
1999-09-28,128.3438,80.025948,11063400,0,1,332.690953
1999-09-29,126.8125,79.071167,7580300,0,1,328.721539
1999-09-30,128.7500,80.279305,7498900,0,1,333.743898
1999-10-01,128.4688,80.103928,11127100,0,1,333.014976
1999-10-04,130.7500,81.526382,6341600,0,1,338.928270
1999-10-05,130.6250,81.448357,11976000,0,1,338.604247
1999-10-06,132.6250,82.695427,10308200,0,1,343.788618
1999-10-07,131.8750,82.227806,6535600,0,1,341.844479
1999-10-08,133.8750,83.474861,9674300,0,1,347.028850
1999-10-11,133.6562,83.338432,4282000,0,1,346.461680
1999-10-12,131.5938,82.052483,8686100,0,1,341.115556
1999-10-13,128.1875,79.928566,10469300,0,1,332.285794
1999-10-14,128.1562,79.909058,10562200,0,1,332.204659
1999-10-15,124.8750,77.863121,14238700,0,1,323.699179
1999-10-18,125.7812,78.428146,9758800,0,1,326.048218
1999-10-19,127.0000,79.188103,14392900,0,1,329.207574
1999-10-20,128.2500,79.967522,9759400,0,1,332.447806
1999-10-21,129.0000,80.435158,9105400,0,1,334.391945
1999-10-22,130.0938,81.117142,8309600,0,1,337.227278
1999-10-25,129.4375,80.707962,8114300,0,1,335.526026
1999-10-26,127.8125,79.694756,6256300,0,1,331.313724
1999-10-27,130.1250,81.136635,5433300,0,1,337.308154
1999-10-28,134.5625,83.903557,10509700,0,1,348.810977
1999-10-29,137.0000,85.423363,10988600,0,1,355.129430
1999-11-01,135.5625,84.527061,4006500,0,1,351.403163
1999-11-02,134.5938,83.923019,6516900,0,1,348.892113
1999-11-03,135.5000,84.488121,7222300,0,1,351.241151
1999-11-04,136.5312,85.131126,7907500,0,1,353.914213
1999-11-05,137.8750,85.968971,7431500,0,1,357.397592
1999-11-08,138.0000,86.046921,4649200,0,1,357.721615
1999-11-09,136.7031,85.238251,4533700,0,1,354.359810
1999-11-10,137.7188,85.871582,6405600,0,1,356.992693
1999-11-11,138.5000,86.358704,4794100,0,1,359.017708
1999-11-12,139.7500,87.138115,11802900,0,1,362.257940
1999-11-15,140.0781,87.342720,2187500,0,1,363.108436
1999-11-16,141.2500,88.073410,7544800,0,1,366.146219
1999-11-17,141.6250,88.307182,9459000,0,1,367.118288
1999-11-18,142.6250,88.930748,4491000,0,1,369.710474
1999-11-19,142.5000,88.852798,4832100,0,1,369.386451
1999-11-22,142.4688,88.833336,4155400,0,1,369.305575
1999-11-23,141.2188,88.053894,5918000,0,1,366.065343
1999-11-24,141.9688,88.521523,4459700,0,1,368.009482
1999-11-26,141.4375,88.190338,1693900,0,1,366.632254
1999-11-29,140.9375,87.878548,7348600,0,1,365.336161
1999-11-30,139.2812,86.845802,7682000,0,1,361.042724
1999-12-01,140.4062,87.547295,6980200,0,1,363.958933
1999-12-02,141.2500,88.073410,6698300,0,1,366.146219
1999-12-03,143.8438,89.690643,10045400,0,1,372.869830
1999-12-06,142.7812,89.028183,3138900,0,1,370.115373
1999-12-07,141.6250,88.307182,10714200,0,1,367.118288
1999-12-08,140.7188,87.742126,4611400,0,1,364.769250
1999-12-09,141.4062,88.170815,6474700,0,1,366.551118
1999-12-10,141.8750,88.463120,5127300,0,1,367.766335
1999-12-13,142.1250,88.618980,4210800,0,1,368.414381
1999-12-14,140.7500,87.761627,5739000,0,1,364.850126
1999-12-15,141.5000,88.229248,6879100,0,1,366.794265
1999-12-16,142.1250,88.618980,5854900,0,1,368.414381
1999-12-17,142.6875,89.188080,4775400,0.348,1,370.774566
1999-12-20,141.6562,88.543503,4608700,0,1,368.094725
1999-12-21,143.8125,89.891319,7981300,0,1,373.697887
1999-12-22,144.1875,90.125702,5377500,0,1,374.672328
1999-12-23,146.4844,91.561348,5721700,0,1,380.640840
1999-12-27,146.2812,91.434418,2691000,0,1,380.112823
1999-12-28,146.1875,91.375816,4084500,0,1,379.869343
1999-12-29,146.8125,91.766426,3001000,0,1,381.493410
1999-12-30,146.6406,91.658997,3641300,0,1,381.046727
1999-12-31,146.8750,91.805557,3172700,0,1,381.655817
2000-01-03,145.4375,90.907013,8164300,0,1,377.920462
2000-01-04,139.7500,87.352005,8089800,0,1,363.141450
2000-01-05,140.0000,87.508286,12177900,0,1,363.791077
2000-01-06,137.7500,86.101891,6227200,0,1,357.944434
2000-01-07,145.7500,91.102333,8066500,0,1,378.732496
2000-01-10,146.2500,91.414871,5741700,0,1,380.031750
2000-01-11,144.5000,90.321037,7503700,0,1,375.484361
2000-01-12,143.0625,89.422485,6907700,0,1,371.749007
2000-01-13,145.0000,90.633553,5158300,0,1,376.783615
2000-01-14,146.9688,91.864151,7437300,0,1,381.899557
2000-01-18,145.8125,91.141441,6488500,0,1,378.894903
2000-01-19,147.0000,91.883667,6157900,0,1,381.980631
2000-01-20,144.7500,90.477287,5800100,0,1,376.133988
2000-01-21,144.4375,90.281937,6244800,0,1,375.321955
2000-01-24,140.3438,87.723122,7896900,0,1,364.684444
2000-01-25,141.9375,88.719299,9942500,0,1,368.825685
2000-01-26,140.8125,88.016113,5158100,0,1,365.902364
2000-01-27,140.2500,87.664497,10922700,0,1,364.440704
2000-01-28,135.8750,84.929924,11916200,0,1,353.072233
2000-01-31,139.5625,87.234779,10768700,0,1,362.654230
2000-02-01,140.9375,88.094276,8419900,0,1,366.227178
2000-02-02,141.0625,88.172371,6205900,0,1,366.551991
2000-02-03,143.1875,89.500648,7997500,0,1,372.073820
2000-02-04,142.5938,89.129509,4925400,0,1,370.531086
2000-02-07,142.3750,88.992767,5845800,0,1,369.962532
2000-02-08,144.3125,90.203842,4936400,0,1,374.997141
2000-02-09,141.2812,88.309074,8511500,0,1,367.120285
2000-02-10,141.5625,88.484932,6690600,0,1,367.851245
2000-02-11,138.6875,86.687859,9849800,0,1,360.380535
2000-02-14,139.5000,87.195702,8528800,0,1,362.491823
2000-02-15,141.0781,88.182129,11078300,0,1,366.592528
2000-02-16,139.0000,86.883179,8845400,0,1,361.192569
2000-02-17,138.2812,86.433922,7584200,0,1,359.324762
2000-02-18,135.3125,84.578300,9409200,0,1,351.610572
2000-02-22,134.9688,84.363426,16415400,0,1,350.717465
2000-02-23,136.5625,85.359627,12119000,0,1,354.858707
2000-02-24,133.8125,83.640701,17375000,0,1,347.712810
2000-02-25,133.3281,83.337936,10559900,0,1,346.454093
2000-02-28,136.1250,85.086159,13397800,0,1,353.721859
2000-02-29,137.4375,85.906517,8242500,0,1,357.132401
2000-03-01,138.4375,86.531624,6868000,0,1,359.730908
2000-03-02,138.5312,86.590225,7600200,0,1,359.974389
2000-03-03,141.1250,88.211456,12770300,0,1,366.714398
2000-03-06,139.7500,87.352005,11967100,0,1,363.141450
2000-03-07,137.0469,85.662369,20062000,0,1,356.117424
2000-03-08,136.8750,85.554977,11808500,0,1,355.670740
2000-03-09,140.8750,88.055191,5500900,0,1,366.064771
2000-03-10,140.1250,87.586403,7924600,0,1,364.115890
2000-03-13,138.5938,86.629257,10540500,0,1,360.137055
2000-03-14,136.6250,85.398689,8263900,0,1,355.021113
2000-03-15,139.8125,87.391029,10300800,0,1,363.303857
2000-03-16,146.3438,91.473457,25601400,0,1,380.275490
2000-03-17,146.9375,92.078026,10272900,0.371,1,382.782270
2000-03-20,146.1875,91.608055,12502300,0,1,380.828469
2000-03-21,149.1875,93.487991,13612600,0,1,388.643675
2000-03-22,150.0938,94.055908,8260000,0,1,391.004648
2000-03-23,152.6562,95.661674,11654500,0,1,397.679876
2000-03-24,153.5625,96.229507,11462900,0,1,400.040850
2000-03-27,151.9375,95.211266,8798600,0,1,395.807613
2000-03-28,151.0625,94.662941,6334400,0,1,393.528178
2000-03-29,151.2188,94.760880,6747500,0,1,393.935350
2000-03-30,148.6875,93.174622,9491900,0,1,387.341140
2000-03-31,150.3750,94.232124,9249100,0,1,391.737194
2000-04-03,151.2500,94.780457,8508200,0,1,394.016629
2000-04-04,150.1250,94.075493,19585500,0,1,391.085926
2000-04-05,149.1875,93.487991,8387200,0,1,388.643675
2000-04-06,150.4844,94.300659,6378500,0,1,392.022188
2000-04-07,151.4375,94.897903,6023600,0,1,394.505079
2000-04-10,150.8438,94.525902,9624200,0,1,392.958450
2000-04-11,150.4062,94.251755,9006400,0,1,391.818472
2000-04-12,146.2812,91.666763,10779200,0,1,381.072564
2000-04-13,144.2500,90.393898,12225800,0,1,375.781148
2000-04-14,136.0000,85.224068,29604000,0,1,354.289332
2000-04-17,140.7500,88.200645,23918200,0,1,366.663408
2000-04-18,144.4688,90.530998,11069200,0,1,376.351137
2000-04-19,143.1250,89.688911,6553700,0,1,372.850446
2000-04-20,143.8125,90.119759,8537600,0,1,374.641431
2000-04-24,142.2500,89.140602,12893100,0,1,370.571011
2000-04-25,148.1562,92.841751,14102000,0,1,385.957067
2000-04-26,146.4844,91.794044,7711100,0,1,381.601914
2000-04-27,146.0000,91.490532,15595300,0,1,380.340018
2000-04-28,145.0938,90.922646,8743400,0,1,377.979305
2000-05-01,147.0625,92.156334,7328300,0,1,383.107904
2000-05-02,144.1250,90.315552,9411900,0,1,375.455515
2000-05-03,140.7500,88.200645,12630700,0,1,366.663408
2000-05-04,141.8125,88.866425,5963600,0,1,369.431294
2000-05-05,143.5312,89.943520,7862400,0,1,373.908625
2000-05-08,142.4531,89.267914,5064100,0,1,371.100100
2000-05-09,141.3125,88.553139,5620300,0,1,368.128759
2000-05-10,138.1250,86.555672,10293900,0,1,359.825103
2000-05-11,141.2812,88.533524,7091100,0,1,368.047221
2000-05-12,142.8125,89.493080,5960800,0,1,372.036362
2000-05-15,145.2812,91.040131,4441300,0,1,378.467495
2000-05-16,146.6875,91.921402,8192200,0,1,382.131003
2000-05-17,145.1562,90.961823,5907200,0,1,378.141861
2000-05-18,143.3750,89.845551,4325600,0,1,373.501713
2000-05-19,141.1250,88.435692,6518400,0,1,367.640309
2000-05-22,140.0625,87.769798,10839400,0,1,364.872423
2000-05-23,138.0000,86.477356,7979200,0,1,359.499469
2000-05-24,140.2500,87.887329,11081500,0,1,365.360874
2000-05-25,137.8438,86.379417,8278900,0,1,359.092558
2000-05-26,138.0000,86.477356,4814000,0,1,359.499469
2000-05-30,142.5000,89.297287,5362700,0,1,371.222278
2000-05-31,142.8125,89.493080,6056500,0,1,372.036362
2000-06-01,145.3125,91.059746,8961600,0,1,378.549034
2000-06-02,147.8438,92.645912,8962200,0,1,385.143244
2000-06-05,147.1250,92.195564,6998100,0,1,383.270721
2000-06-06,146.4688,91.784256,4858900,0,1,381.561275
2000-06-07,147.4844,92.420715,4919500,0,1,384.206982
2000-06-08,146.9062,92.058456,5723100,0,1,382.700732
2000-06-09,146.5938,91.862640,3085300,0,1,381.886908
2000-06-12,144.8750,90.785568,3678900,0,1,377.409316
2000-06-13,147.5938,92.489296,6558700,0,1,384.491977
2000-06-14,147.8438,92.645912,6420500,0,1,385.143244
2000-06-15,148.1562,92.841751,5881200,0,1,385.957067
2000-06-16,146.5938,92.078903,5567900,0.348,1,382.793472
2000-06-19,148.4688,93.256645,5106900,0,1,387.689571
2000-06-20,147.9375,92.922897,6480000,0,1,386.302212
2000-06-21,147.8750,92.883705,3115000,0,1,386.139009
2000-06-22,145.6250,91.470367,7490500,0,1,380.263690
2000-06-23,144.3750,90.685226,4863300,0,1,376.999624
2000-06-26,146.2344,91.853165,5201300,0,1,381.854988
2000-06-27,145.1562,91.175972,4159500,0,1,379.039535
2000-06-28,145.5625,91.431145,5347700,0,1,380.100487
2000-06-29,144.1875,90.567482,6345700,0,1,376.510014
2000-06-30,145.2812,91.254509,7420200,0,1,379.365942
2000-07-03,147.2812,92.510780,1436600,0,1,384.588447
2000-07-05,144.6250,90.842285,2748200,0,1,377.652437
2000-07-06,145.7500,91.548927,5963200,0,1,380.590097
2000-07-07,148.0938,93.021111,3034800,0,1,386.710351
2000-07-10,147.8438,92.864052,2816100,0,1,386.057538
2000-07-11,148.1562,93.060349,5431600,0,1,386.873293
2000-07-12,149.1250,93.668793,5883000,0,1,389.403075
2000-07-13,149.7812,94.081009,5356000,0,1,391.116579
2000-07-14,151.2500,95.003609,5341900,0,1,394.951987
2000-07-17,151.0000,94.846512,4208300,0,1,394.299174
2000-07-18,149.7656,94.071228,4262100,0,1,391.075844
2000-07-19,148.5625,93.315521,8506800,0,1,387.934245
2000-07-20,150.6250,94.611031,4538900,0,1,393.319954
2000-07-21,147.6875,92.765915,5656900,0,1,385.649399
2000-07-24,146.8438,92.235909,5628500,0,1,383.446285
2000-07-25,147.3125,92.530357,4757100,0,1,384.670179
2000-07-26,145.8750,91.627426,12062500,0,1,380.916503
2000-07-27,145.3750,91.313354,7652600,0,1,379.610877
2000-07-28,142.0938,89.252335,6229500,0,1,371.042834
2000-07-31,143.0000,89.821564,5265500,0,1,373.409152
2000-08-01,143.8750,90.371178,3946600,0,1,375.693998
2000-08-02,144.5938,90.822639,7439800,0,1,377.570966
2000-08-03,145.5938,91.450752,4607100,0,1,380.182219
2000-08-04,146.3750,91.941505,3686600,0,1,382.222130
2000-08-07,148.1250,93.040680,4159800,0,1,386.791822
2000-08-08,148.6875,93.394028,3658700,0,1,388.260652
2000-08-09,147.4375,92.608887,5383800,0,1,384.996586
2000-08-10,146.7188,92.157417,4193400,0,1,383.119879
2000-08-11,147.4062,92.589233,5089400,0,1,384.914854
2000-08-14,149.2812,93.767014,2966700,0,1,389.810953
2000-08-15,149.1562,93.688469,5564600,0,1,389.484546
2000-08-16,148.6250,93.354736,5191600,0,1,388.097449
2000-08-17,150.1875,94.336205,5652200,0,1,392.177531
2000-08-18,149.6875,94.022156,4626400,0,1,390.871905
2000-08-21,150.5000,94.532524,2380600,0,1,392.993548
2000-08-22,150.2500,94.375519,3075300,0,1,392.340735
2000-08-23,150.8438,94.748444,5483200,0,1,393.891296
2000-08-24,151.3125,95.042839,4529000,0,1,395.115191
2000-08-25,151.2500,95.003609,2822200,0,1,394.951987
2000-08-28,151.7656,95.327477,5518700,0,1,396.298349
2000-08-29,151.7969,95.347115,3561900,0,1,396.380081
2000-08-30,150.3438,94.434402,3964800,0,1,392.585670
2000-08-31,152.3438,95.690575,4863100,0,1,397.808176
2000-09-01,152.5000,95.788742,3191200,0,1,398.216053
2000-09-05,151.2812,95.023216,3470800,0,1,395.033458
2000-09-06,149.5625,93.943649,4322200,0,1,390.545498
2000-09-07,150.8438,94.748444,4265500,0,1,393.891296
2000-09-08,149.8125,94.100685,3518200,0,1,391.198311
2000-09-11,149.5938,93.963280,3937500,0,1,390.627230
2000-09-12,148.5000,93.276283,4769100,0,1,387.771042
2000-09-13,148.8906,93.521599,7691600,0,1,388.790997
2000-09-14,149.6406,93.992714,3397100,0,1,390.749437
2000-09-15,146.0000,91.936356,4085700,0.375,1,382.222130
2000-09-18,144.6562,91.090164,5109300,0,1,378.704116
2000-09-19,145.9688,91.916695,6588200,0,1,382.140450
2000-09-20,144.8906,91.237755,6508100,0,1,379.317765
2000-09-21,142.6875,89.850426,5972300,0,1,373.550138
2000-09-22,145.2812,91.483727,7791300,0,1,380.340340
2000-09-25,144.2500,90.834404,9726300,0,1,377.640700
2000-09-26,142.4062,89.673347,5302400,0,1,372.813706
2000-09-27,143.1562,90.145645,7186200,0,1,374.777176
2000-09-28,145.0000,91.306648,7036400,0,1,379.604170
2000-09-29,143.6250,90.440834,9333600,0,1,376.004475
2000-10-02,143.8438,90.578537,5517800,0,1,376.577285
2000-10-03,142.5000,89.732407,9347200,0,1,373.059271
2000-10-04,143.6875,90.480186,6148900,0,1,376.168098
2000-10-05,144.1875,90.794991,4566900,0,1,377.477078
2000-10-06,141.0625,88.827209,10014900,0,1,369.295953
2000-10-09,140.0000,88.158089,4508000,0,1,366.514371
2000-10-10,137.6875,86.701965,6104700,0,1,360.460339
2000-10-11,136.5312,85.973877,10346000,0,1,357.433192
2000-10-12,133.1250,83.828934,12336900,0,1,348.515898
2000-10-13,137.5625,86.623260,11778800,0,1,360.133094
2000-10-16,138.1875,87.016808,5659000,0,1,361.769319
2000-10-17,134.7500,84.852188,7831700,0,1,352.770082
2000-10-18,134.2500,84.537354,10897300,0,1,351.461102
2000-10-19,139.3125,87.725235,8767300,0,1,364.714524
2000-10-20,139.9062,88.099106,7373500,0,1,366.268806
2000-10-23,140.5312,88.492638,5290000,0,1,367.905031
2000-10-24,139.5938,87.902336,5750700,0,1,365.450956
2000-10-25,136.3125,85.836143,9137600,0,1,356.860644
2000-10-26,136.6875,86.072273,9345800,0,1,357.842379
2000-10-27,139.2812,87.705566,9762900,0,1,364.632582
2000-10-30,140.5312,88.492638,10154100,0,1,367.905031
2000-10-31,142.9531,90.017746,7752400,0,1,374.245468
2000-11-01,142.4688,89.712700,6753600,0,1,372.977590
2000-11-02,142.7031,89.860291,11395100,0,1,373.590978
2000-11-03,142.7812,89.909447,5187100,0,1,373.795441
2000-11-06,143.7812,90.539207,4042500,0,1,376.413401
2000-11-07,143.7500,90.519485,5231300,0,1,376.331720
2000-11-08,140.5625,88.512344,6123300,0,1,367.986973
2000-11-09,140.0312,88.177803,10635300,0,1,366.596051
2000-11-10,136.6250,86.032936,8569500,0,1,357.678757
2000-11-13,135.5625,85.363838,17285300,0,1,354.897175
2000-11-14,139.1250,87.607162,7668900,0,1,364.223656
2000-11-15,139.5625,87.882622,8837700,0,1,365.369014
2000-11-16,137.3750,86.505165,6684100,0,1,359.642227
2000-11-17,136.6406,86.042732,6551100,0,1,357.719597
2000-11-20,134.6875,84.812851,5458500,0,1,352.606460
2000-11-21,135.3750,85.245750,7684300,0,1,354.406307
2000-11-22,132.1406,83.209084,5736900,0,1,345.938778
2000-11-24,134.8438,84.911255,3411600,0,1,353.015647
2000-11-27,136.0312,85.659058,5992000,0,1,356.124212
2000-11-28,133.6875,84.183174,5336100,0,1,349.988500
2000-11-29,133.4375,84.025719,6914100,0,1,349.334010
2000-11-30,132.2812,83.297623,11201600,0,1,346.306863
2000-12-01,132.2188,83.258286,7587200,0,1,346.143502
2000-12-04,133.3438,83.966705,6996600,0,1,349.088707
2000-12-05,137.7188,86.721634,8883400,0,1,360.542281
2000-12-06,135.5156,85.334320,12888000,0,1,354.774392
2000-12-07,133.6562,84.163506,6529100,0,1,349.906558
2000-12-08,133.9688,84.360252,10276300,0,1,350.724932
2000-12-11,138.6250,87.292313,6405600,0,1,362.914676
2000-12-12,138.0312,86.918404,5022900,0,1,361.360132
2000-12-13,136.1406,85.727905,6070500,0,1,356.410617
2000-12-14,134.4062,84.635735,7678400,0,1,351.870028
2000-12-15,130.9688,82.724113,9065300,0.411,1,343.947034
2000-12-18,132.7188,83.829475,7235400,0,1,348.542841
2000-12-19,130.0156,82.122108,9616600,0,1,341.443764
2000-12-20,126.2500,79.743584,9994300,0,1,331.554638
2000-12-21,127.1250,80.296272,14331500,0,1,333.852541
2000-12-22,130.9375,82.704399,10182900,0,1,343.864835
2000-12-26,132.3438,83.592621,4665300,0,1,347.558025
2000-12-27,133.3125,84.204491,4854100,0,1,350.102001
2000-12-28,133.7188,84.461090,8358700,0,1,351.169016
2000-12-29,131.1875,82.862305,8774600,0,1,344.521379
2001-01-02,128.8125,81.362175,8737500,0,1,338.284212
2001-01-03,135.0000,85.270370,19431600,0,1,354.533672
2001-01-04,133.5469,84.352539,9219000,0,1,350.717577
2001-01-05,129.1875,81.599037,12911400,0,1,339.269028
2001-01-08,130.1875,82.230629,6625300,0,1,341.895203
2001-01-09,129.8438,82.013512,5702400,0,1,340.992587
2001-01-10,132.1250,83.454475,8746100,0,1,346.983418
2001-01-11,132.2500,83.533394,7245100,0,1,347.311690
2001-01-12,132.0000,83.375481,7244000,0,1,346.655146
2001-01-16,132.8438,83.908409,8542200,0,1,348.871113
2001-01-17,133.4531,84.293350,7851400,0,1,350.471242
2001-01-18,134.7812,85.132179,8107000,0,1,353.959065
2001-01-19,134.0156,84.648659,7782500,0,1,351.948465
2001-01-22,134.9062,85.211159,7050900,0,1,354.287337
2001-01-23,135.9688,85.882301,8463100,0,1,357.077911
2001-01-24,136.3750,86.138855,6199900,0,1,358.144663
2001-01-25,136.0312,85.921738,10818300,0,1,357.241784
2001-01-26,135.8750,85.823051,7136800,0,1,356.831576
2001-01-29,136.6000,86.280975,6705900,0,1,358.735553
2001-01-30,137.8000,87.038971,7069100,0,1,361.886963
2001-01-31,137.0200,86.546265,9706900,0,1,359.838546
2001-02-01,137.9300,87.121040,8239100,0,1,362.228366
2001-02-02,134.8000,85.144028,8276600,0,1,354.008437
2001-02-05,135.7900,85.769379,4352900,0,1,356.608351
2001-02-06,135.3900,85.516731,7106700,0,1,355.557881
2001-02-07,134.6900,85.074600,5748700,0,1,353.719558
2001-02-08,133.1200,84.082901,5943300,0,1,349.596463
2001-02-09,131.8400,83.274414,9913000,0,1,346.234958
2001-02-12,133.3500,84.228195,5804400,0,1,350.200483
2001-02-13,132.2600,83.539734,6587600,0,1,347.337952
2001-02-14,132.0600,83.413406,8400100,0,1,346.812717
2001-02-15,133.3400,84.221832,5929800,0,1,350.174221
2001-02-16,130.4000,82.364861,6434900,0,1,342.453266
2001-02-20,128.3900,81.095299,5760000,0,1,337.174653
2001-02-21,125.6200,79.345688,10910800,0,1,329.900147
2001-02-22,125.8100,79.465675,21281600,0,1,330.399121
2001-02-23,124.9600,78.928764,20173000,0,1,328.166872
2001-02-26,127.6200,80.608917,11503700,0,1,335.152498
2001-02-27,126.4400,79.863617,11415000,0,1,332.053611
2001-02-28,123.9500,78.290840,14825800,0,1,325.514435
2001-03-01,124.6000,78.701408,14672000,0,1,327.221449
2001-03-02,123.6100,78.076080,12564300,0,1,324.621535
2001-03-05,124.7400,78.789818,5293200,0,1,327.589113
2001-03-06,126.0800,79.636230,6917000,0,1,331.108188
2001-03-07,126.9800,80.204659,6371700,0,1,333.471746
2001-03-08,127.1200,80.293121,6055000,0,1,333.839410
2001-03-09,123.3600,77.918221,10020300,0,1,323.964991
2001-03-12,118.0800,74.583183,13972900,0,1,310.098785
2001-03-13,120.0200,75.808540,12888000,0,1,315.193565
2001-03-14,117.6500,74.311539,19883400,0,1,308.969530
2001-03-15,117.6800,74.330475,10370300,0,1,309.048315
2001-03-16,115.0100,72.839638,58514600,0.316,1,302.866298
2001-03-19,117.3500,74.321648,10067800,0,1,309.028433
2001-03-20,114.2000,72.326637,15083900,0,1,300.733252
2001-03-21,112.2600,71.097977,19004600,0,1,295.624473
2001-03-22,111.1200,70.375961,28624800,0,1,292.622407
2001-03-23,114.4800,72.503975,12861700,0,1,301.470601
2001-03-26,115.9400,73.428612,9943800,0,1,305.315352
2001-03-27,118.3100,74.929634,12880700,0,1,311.556489
2001-03-28,115.0400,72.858643,10953300,0,1,302.945300
2001-03-29,115.4800,73.137344,12060300,0,1,304.103992
2001-03-30,116.6900,73.903656,9183600,0,1,307.290395
2001-04-02,114.2000,72.326637,10561000,0,1,300.733252
2001-04-03,110.3900,69.913666,12836000,0,1,290.700032
2001-04-04,110.8500,70.204964,14884300,0,1,291.911392
2001-04-05,115.0500,72.864952,21522800,0,1,302.971634
2001-04-06,113.3000,71.756638,14937800,0,1,298.363200
2001-04-09,114.5600,72.554672,9034300,0,1,301.681272
2001-04-10,116.6500,73.878311,17873600,0,1,307.185060
2001-04-11,116.7300,73.928970,12722300,0,1,307.395731
2001-04-12,118.8500,75.271667,9233200,0,1,312.978520
2001-04-16,117.6000,74.479973,7350000,0,1,309.686781
2001-04-17,119.2600,75.531311,10924700,0,1,314.058210
2001-04-18,124.0000,78.533310,32481600,0,1,326.540483
2001-04-19,125.6500,79.578323,13809900,0,1,330.885579
2001-04-20,124.5000,78.849991,7626700,0,1,327.857179
2001-04-23,122.2400,77.418640,8451800,0,1,321.905715
2001-04-24,121.5800,77.000618,10044700,0,1,320.167677
2001-04-25,123.1700,78.007645,8249000,0,1,324.354769
2001-04-26,123.7200,78.355965,10590400,0,1,325.803134
2001-04-27,125.7800,79.660614,7938700,0,1,331.227919
2001-04-30,126.6600,80.217987,10766900,0,1,333.545303
2001-05-01,127.0500,80.464973,10578000,0,1,334.572326
2001-05-02,126.8200,80.319298,9572900,0,1,333.966646
2001-05-03,125.2100,79.299637,9926200,0,1,329.726886
2001-05-04,127.3400,80.648636,12145300,0,1,335.336009
2001-05-07,126.2400,79.951965,7185200,0,1,332.439279
2001-05-08,126.1800,79.913956,6952600,0,1,332.281276
2001-05-09,125.6500,79.578323,9507400,0,1,330.885579
2001-05-10,126.0200,79.812645,6872400,0,1,331.859933
2001-05-11,125.1500,79.261665,7734400,0,1,329.568883
2001-05-14,125.4000,79.419960,7914000,0,1,330.227231
2001-05-15,125.9800,79.787331,9782200,0,1,331.754598
2001-05-16,128.9500,81.668282,14909000,0,1,339.575769
2001-05-17,129.1500,81.794968,11824600,0,1,340.102447
2001-05-18,129.7400,82.168648,6683100,0,1,341.656148
2001-05-21,131.6500,83.378296,11531500,0,1,346.685924
2001-05-22,131.4800,83.270630,8342700,0,1,346.238248
2001-05-23,129.2500,81.858299,12330800,0,1,340.365786
2001-05-24,129.6300,82.098976,7902800,0,1,341.366475
2001-05-25,128.1000,81.129990,7425000,0,1,337.337386
2001-05-29,127.0800,80.483963,9003900,0,1,334.651328
2001-05-30,125.3000,79.356628,10041800,0,1,329.963892
2001-05-31,125.9500,79.768326,9874200,0,1,331.675596
2001-06-01,126.7300,80.262314,8848300,0,1,333.729641
2001-06-04,127.3400,80.648636,5623500,0,1,335.336009
2001-06-05,128.8000,81.573326,9115400,0,1,339.180760
2001-06-06,127.7300,80.895607,12064900,0,1,336.363032
2001-06-07,128.1900,81.186951,7355300,0,1,337.574392
2001-06-08,127.0000,80.433319,8170600,0,1,334.440656
2001-06-11,126.1000,79.863319,7012200,0,1,332.070604
2001-06-12,125.8800,79.723946,9364400,0,1,331.491258
2001-06-13,124.8000,79.039978,7629400,0,1,328.647196
2001-06-14,122.0000,77.266624,12603000,0,1,321.273701
2001-06-15,121.8500,77.391136,16821100,0.346,1,321.789846
2001-06-18,121.2600,77.016411,11368300,0,1,320.231734
2001-06-19,121.7900,77.353020,7732300,0,1,321.631394
2001-06-20,122.4300,77.759499,8787200,0,1,323.321550
2001-06-21,123.8200,78.642372,12259100,0,1,326.992357
2001-06-22,122.8500,78.026283,12212000,0,1,324.430715
2001-06-25,121.7200,77.308578,8406800,0,1,321.446533
2001-06-26,121.5500,77.200607,8005800,0,1,320.997585
2001-06-27,121.4800,77.156151,10105100,0,1,320.812725
2001-06-28,122.1500,77.581665,10269300,0,1,322.582107
2001-06-29,122.6000,77.867470,9824200,0,1,323.770498
2001-07-02,124.1300,78.839195,8522200,0,1,327.811027
2001-07-03,124.1000,78.820183,3303100,0,1,327.731801
2001-07-05,121.6800,77.283188,5517900,0,1,321.340898
2001-07-06,119.0500,75.612747,11665900,0,1,314.395414
2001-07-09,119.7000,76.025566,8339300,0,1,316.111978
2001-07-10,118.2600,75.110992,8630700,0,1,312.309128
2001-07-11,118.3800,75.187218,15328600,0,1,312.626032
2001-07-12,121.1900,76.971931,12002800,0,1,320.046873
2001-07-13,122.2400,77.638870,10433800,0,1,322.819785
2001-07-16,120.7100,76.667076,6915300,0,1,318.779256
2001-07-17,121.8400,77.384804,7469800,0,1,321.763437
2001-07-18,121.0100,76.857628,7709300,0,1,319.571516
2001-07-19,122.0700,77.530838,10082900,0,1,322.370837
2001-07-20,121.3400,77.067223,6705800,0,1,320.443003
2001-07-23,118.9500,75.549255,8065200,0,1,314.131327
2001-07-24,117.8000,74.818855,12269000,0,1,311.094328
2001-07-25,119.1000,75.644485,12088500,0,1,314.527457
2001-07-26,120.3500,76.438431,12898200,0,1,317.828543
2001-07-27,120.8100,76.730598,8478800,0,1,319.043343
2001-07-30,120.8500,76.755974,8547700,0,1,319.148977
2001-07-31,121.3500,77.073517,11918100,0,1,320.469412
2001-08-01,122.1100,77.556282,11940800,0,1,322.476472
2001-08-02,122.6100,77.873825,11070100,0,1,323.796906
2001-08-03,121.9400,77.448296,10816300,0,1,322.027524
2001-08-06,120.3000,76.406685,8550100,0,1,317.696500
2001-08-07,120.7700,76.705185,8865100,0,1,318.937708
2001-08-08,118.5300,75.282486,15183800,0,1,313.022162
2001-08-09,118.8800,75.504753,14118500,0,1,313.946466
2001-08-10,119.2900,75.765152,11173300,0,1,315.029222
2001-08-13,119.3200,75.784225,7431600,0,1,315.108448
2001-08-14,119.2700,75.752487,13178100,0,1,314.976405
2001-08-15,118.2400,75.098289,8520600,0,1,312.256310
2001-08-16,118.6500,75.358681,10734700,0,1,313.339066
2001-08-17,116.7500,74.151978,11604600,0,1,308.321416
2001-08-20,117.8300,74.837852,10417400,0,1,311.173554
2001-08-21,115.8200,73.561264,14480800,0,1,305.865408
2001-08-22,117.0200,74.323456,11752300,0,1,309.034450
2001-08-23,116.6000,74.056656,8744100,0,1,307.925286
2001-08-24,119.0200,75.593689,11687700,0,1,314.316188
2001-08-27,118.3100,75.142776,7425100,0,1,312.441171
2001-08-28,116.5800,74.043983,12046600,0,1,307.872468
2001-08-29,115.5400,73.383423,16180000,0,1,305.125965
2001-08-30,113.3200,71.973427,17692600,0,1,299.263236
2001-08-31,114.1500,72.500580,15985400,0,1,301.455157
2001-09-04,113.4200,72.036957,24473400,0,1,299.527323
2001-09-05,113.7000,72.214760,21477100,0,1,300.266766
2001-09-06,110.7700,70.353813,21653000,0,1,292.529021
2001-09-07,108.7200,69.051819,33133900,0,1,287.115241
2001-09-10,110.0500,69.896530,23408700,0,1,290.627596
2001-09-17,104.3000,66.244522,32388700,0,1,275.442601
2001-09-18,104.0500,66.085747,22029200,0,1,274.782384
2001-09-19,101.9500,64.751968,42771800,0,1,269.236560
2001-09-20,98.7100,62.694103,36210900,0,1,260.680145
2001-09-21,97.2800,62.017723,49782100,0.369,1,257.878184
2001-09-24,100.7000,64.198021,25549600,0,1,266.944214
2001-09-25,101.7500,64.867462,25466200,0,1,269.727644
2001-09-26,101.3900,64.637917,18587500,0,1,268.773325
2001-09-27,102.2700,65.198898,20536800,0,1,271.106104
2001-09-28,104.4400,66.582352,21687200,0,1,276.858527
2001-10-01,104.2700,66.473969,20457400,0,1,276.407876
2001-10-02,105.5800,67.309097,19833100,0,1,279.880537
2001-10-03,107.3500,68.437508,32045800,0,1,284.572605
2001-10-04,107.4400,68.494911,32674100,0,1,284.811185
2001-10-05,107.2300,68.361000,29796100,0,1,284.254499
2001-10-08,106.5300,67.914757,12970300,0,1,282.398879
2001-10-09,105.9600,67.551376,15976300,0,1,280.887874
2001-10-10,108.3200,69.055916,19987400,0,1,287.143964
2001-10-11,110.0000,70.126953,23006300,0,1,291.597453
2001-10-12,109.5000,69.808189,31360500,0,1,290.272010
2001-10-15,109.3000,69.680679,16873000,0,1,289.741833
2001-10-16,109.9900,70.120552,15877100,0,1,291.570944
2001-10-17,107.6500,68.628746,28542300,0,1,285.367871
2001-10-18,107.4200,68.482155,16510000,0,1,284.758167
2001-10-19,107.3500,68.437508,21912500,0,1,284.572605
2001-10-22,109.4700,69.789047,17540600,0,1,290.192483
2001-10-23,108.9100,69.432045,22062500,0,1,288.707987
2001-10-24,108.6200,69.247177,16065200,0,1,287.939230
2001-10-25,110.5700,70.490341,27467900,0,1,293.108458
2001-10-26,110.3200,70.330925,18623300,0,1,292.445736
2001-10-29,107.4500,68.501236,18727500,0,1,284.837694
2001-10-30,106.1600,67.678841,26178600,0,1,281.418051
2001-10-31,105.8000,67.449387,28124200,0,1,280.463732
2001-11-01,108.5100,69.177025,29806800,0,1,287.647633
2001-11-02,109.2500,69.648781,17575900,0,1,289.609288
2001-11-05,110.6800,70.560471,15929500,0,1,293.400055
2001-11-06,112.4000,71.656952,23245800,0,1,297.959579
2001-11-07,112.2500,71.561356,19716000,0,1,297.561946
2001-11-08,112.6000,71.784477,22563500,0,1,298.489756
2001-11-09,112.7200,71.860962,15895800,0,1,298.807862
2001-11-12,112.0300,71.421051,26068800,0,1,296.978751
2001-11-13,114.5500,73.027634,15296200,0,1,303.658984
2001-11-14,114.6600,73.097816,17571300,0,1,303.950581
2001-11-15,114.8700,73.231628,19470200,0,1,304.507267
2001-11-16,114.3600,72.906532,18134900,0,1,303.155315
2001-11-19,115.7700,73.805435,13625400,0,1,306.893065
2001-11-20,114.8000,73.186996,16209700,0,1,304.321705
2001-11-21,114.0400,72.702507,11470200,0,1,302.307032
2001-11-23,115.6800,73.748039,6717100,0,1,306.654485
2001-11-26,115.9300,73.907425,13726000,0,1,307.317206
2001-11-27,115.4300,73.588684,19261400,0,1,305.991763
2001-11-28,113.3400,72.256264,20195500,0,1,300.451412
2001-11-29,114.8700,73.231628,16354700,0,1,304.507267
2001-11-30,114.0500,72.708885,13680300,0,1,302.333541
2001-12-03,113.3700,72.275391,15220400,0,1,300.530938
2001-12-04,115.2900,73.499390,17239900,0,1,305.620639
2001-12-05,117.4000,74.844551,25204000,0,1,311.214009
2001-12-06,117.3400,74.806297,17972900,0,1,311.054955
2001-12-07,116.5600,74.309006,18857800,0,1,308.987264
2001-12-10,114.3800,72.919220,13862700,0,1,303.208333
2001-12-11,114.1500,72.772644,20833300,0,1,302.598629
2001-12-12,114.2800,72.855499,16171500,0,1,302.943245
2001-12-13,112.0600,71.440193,19026700,0,1,297.058278
2001-12-14,113.1300,72.122353,16721900,0,1,299.894726
2001-12-17,114.3000,72.868263,13925900,0,1,302.996262
2001-12-18,114.9800,73.301781,13663700,0,1,304.798865
2001-12-19,115.7900,73.818138,20143400,0,1,306.946082
2001-12-20,114.6500,73.091415,14867900,0,1,303.924072
2001-12-21,114.9500,73.534691,14037700,0.393,1,305.761136
2001-12-24,114.7300,73.393990,5728800,0,1,305.175947
2001-12-26,115.3600,73.796959,10304800,0,1,306.851715
2001-12-27,116.0600,74.244797,9407300,0,1,308.713680
2001-12-28,116.0000,74.206398,10593800,0,1,308.554083
2001-12-31,114.3000,73.118912,14619500,0,1,304.032169
2002-01-02,115.5300,73.905746,18651900,0,1,307.303907
2002-01-03,116.8400,74.743767,15743000,0,1,310.788440
2002-01-04,117.6200,75.242737,20140700,0,1,312.863200
2002-01-07,116.7900,74.711754,13106500,0,1,310.655442
2002-01-08,116.5200,74.539062,12683700,0,1,309.937256
2002-01-09,115.5700,73.931305,16610300,0,1,307.410305
2002-01-10,116.0800,74.257591,12823400,0,1,308.766879
2002-01-11,114.9400,73.528343,13708400,0,1,305.734537
2002-01-14,114.2200,73.067772,12301100,0,1,303.819373
2002-01-15,115.1500,73.662613,20219900,0,1,306.293126
2002-01-16,112.8200,72.172134,17067000,0,1,300.095445
2002-01-17,113.6700,72.715897,17283400,0,1,302.356402
2002-01-18,113.1500,72.383224,17028000,0,1,300.973228
2002-01-22,112.3700,71.884270,11689300,0,1,298.898468
2002-01-23,113.2300,72.434387,12438900,0,1,301.186024
2002-01-24,113.5800,72.658302,12142800,0,1,302.117006
2002-01-25,113.5500,72.639114,12810700,0,1,302.037208
2002-01-28,113.8600,72.837418,10589200,0,1,302.861792
2002-01-29,110.2800,70.547279,27720800,0,1,293.339174
2002-01-30,111.8700,71.564400,34711800,0,1,297.568493
2002-01-31,113.1800,72.402428,19909200,0,1,301.053027
2002-02-01,112.6500,72.063393,15838500,0,1,299.643254
2002-02-04,109.8500,70.272179,24243400,0,1,292.195396
2002-02-05,109.1700,69.837189,33614000,0,1,290.386631
2002-02-06,108.7000,69.536530,29486000,0,1,289.136455
2002-02-07,108.0200,69.101509,23445400,0,1,287.327690
2002-02-08,110.0900,70.425728,19277800,0,1,292.833784
2002-02-11,111.4400,71.289314,18792400,0,1,296.424715
2002-02-12,111.0900,71.065430,13942500,0,1,295.493733
2002-02-13,112.2700,71.820282,16781100,0,1,298.632473
2002-02-14,112.0600,71.685936,20453800,0,1,298.073884
2002-02-15,110.8900,70.937508,18366800,0,1,294.961743
2002-02-19,108.7600,69.574898,15988100,0,1,289.296052
2002-02-20,110.5900,70.745583,29242800,0,1,294.163759
2002-02-21,108.3000,69.280663,26288600,0,1,288.072475
2002-02-22,109.6400,70.137840,26572900,0,1,291.636807
2002-02-25,111.4500,71.295738,17458700,0,1,296.451315
2002-02-26,111.2200,71.148636,22346500,0,1,295.839527
2002-02-27,111.6500,71.423676,28597900,0,1,296.983305
2002-02-28,111.1500,71.103798,23755400,0,1,295.653330
2002-03-01,113.7400,72.760681,26273600,0,1,302.542598
2002-03-04,115.7500,74.046463,27184600,0,1,307.889095
2002-03-05,115.3800,73.809807,22718900,0,1,306.904914
2002-03-06,116.7500,74.686218,20143200,0,1,310.549044
2002-03-07,116.5000,74.526291,19330800,0,1,309.884057
2002-03-08,116.9900,74.839722,19930100,0,1,311.187432
2002-03-11,117.2400,74.999657,15621800,0,1,311.852419
2002-03-12,117.1700,74.954857,17153600,0,1,311.666223
2002-03-13,116.0400,74.232002,17175300,0,1,308.660481
2002-03-14,115.8800,74.129631,11168100,0,1,308.234889
2002-03-15,116.6500,74.835991,21220100,0.331,1,311.163493
2002-03-18,116.6700,74.848824,17548900,0,1,311.216843
2002-03-19,117.4500,75.349182,17912000,0,1,313.297490
2002-03-20,115.2400,73.931358,17114500,0,1,307.402322
2002-03-21,115.2900,73.963470,25846800,0,1,307.535697
2002-03-22,115.0400,73.803093,15235400,0,1,306.868823
2002-03-25,113.6100,72.885689,17499600,0,1,303.054303
2002-03-26,114.2700,73.309105,19947600,0,1,304.814850
2002-03-27,114.5700,73.501541,19020300,0,1,305.615099
2002-03-28,114.5200,73.469498,17532900,0,1,305.481725
2002-04-01,114.5700,73.501541,17711000,0,1,305.615099
2002-04-02,113.9400,73.097389,15669500,0,1,303.934577
2002-04-03,113.1400,72.584160,25658500,0,1,301.800579
2002-04-04,112.6700,72.282616,23549000,0,1,300.546856
2002-04-05,112.6900,72.295471,19404900,0,1,300.600206
2002-04-08,112.9300,72.449425,16470100,0,1,301.240405
2002-04-09,112.1400,71.942612,15122700,0,1,299.133082
2002-04-10,113.4100,72.757408,17199300,0,1,302.520803
2002-04-11,110.5900,70.948227,25453700,0,1,294.998463
2002-04-12,111.4200,71.480659,14950600,0,1,297.212485
2002-04-15,110.5700,70.935394,17394900,0,1,294.945113
2002-04-16,113.2000,72.622635,15040900,0,1,301.960629
2002-04-17,112.9600,72.468697,12920100,0,1,301.320430
2002-04-18,112.4700,72.154320,25204800,0,1,300.013356
2002-04-19,112.8800,72.417366,10499200,0,1,301.107030
2002-04-22,111.0000,71.211296,13922900,0,1,296.092136
2002-04-23,110.5200,70.903313,16967000,0,1,294.811738
2002-04-24,109.4100,70.191193,18902700,0,1,291.850816
2002-04-25,109.4700,70.229706,25451500,0,1,292.010866
2002-04-26,107.3900,68.895309,19769800,0,1,286.462473
2002-04-29,106.8600,68.555290,17724400,0,1,285.048700
2002-04-30,107.8600,69.196785,19473500,0,1,287.716196
2002-05-01,109.1800,70.043633,24575600,0,1,291.237292
2002-05-02,108.7600,69.774200,15666800,0,1,290.116944
2002-05-03,107.5800,69.017166,18185500,0,1,286.969297
2002-05-06,105.4700,67.663536,23630400,0,1,281.340879
2002-05-07,105.1000,67.426147,21910000,0,1,280.353906
2002-05-08,109.0100,69.934593,27917400,0,1,290.783818
2002-05-09,107.7500,69.126205,18085600,0,1,287.422772
2002-05-10,105.7200,67.823921,18958900,0,1,282.007753
2002-05-13,107.8700,69.203232,14677700,0,1,287.742871
2002-05-14,110.2200,70.710846,34201200,0,1,294.011489
2002-05-15,109.7900,70.434998,29535300,0,1,292.864465
2002-05-16,110.3600,70.800667,28092000,0,1,294.384938
2002-05-17,110.9000,71.147118,27823700,0,1,295.825386
2002-05-20,109.7000,70.377243,13833800,0,1,292.624390
2002-05-21,108.7000,69.735718,16877200,0,1,289.956894
2002-05-22,108.9400,69.889694,15844200,0,1,290.597093
2002-05-23,110.1000,70.633873,13879800,0,1,293.691389
2002-05-24,108.6900,69.729279,11877000,0,1,289.930219
2002-05-28,108.1000,69.350777,24236900,0,1,288.356396
2002-05-29,107.3000,68.837540,14773300,0,1,286.222398
2002-05-30,107.0000,68.645073,18217900,0,1,285.422149
2002-05-31,107.2200,68.786217,19826300,0,1,286.008999
2002-06-03,104.3700,66.957817,26056300,0,1,278.406633
2002-06-04,104.6300,67.124626,25856200,0,1,279.100182
2002-06-05,105.6100,67.753334,19695900,0,1,281.714329
2002-06-06,103.4600,66.374039,22998500,0,1,275.979211
2002-06-07,103.3400,66.297012,24011600,0,1,275.659111
2002-06-10,103.7400,66.553680,18759900,0,1,276.726110
2002-06-11,101.9600,65.411728,19990700,0,1,271.977966
2002-06-12,102.5800,65.809471,31266000,0,1,273.631814
2002-06-13,101.5500,65.148712,21043900,0,1,270.884292
2002-06-14,101.4000,65.052452,39267500,0,1,270.484168
2002-06-17,104.1200,66.797485,17647200,0,1,277.739759
2002-06-18,104.9700,67.342751,21628500,0,1,280.007131
2002-06-19,102.5200,65.770950,21540700,0,1,273.471764
2002-06-20,101.2100,64.930542,25691000,0,1,269.977343
2002-06-21,99.2800,63.915287,31190700,0.353,1,265.770701
2002-06-24,99.8000,64.250053,37169700,0,1,267.162731
2002-06-25,97.5600,62.807961,33355000,0,1,261.166293
2002-06-26,97.7200,62.910984,37913600,0,1,261.594610
2002-06-27,99.4300,64.011848,31616400,0,1,266.172248
2002-06-28,98.9600,63.709263,28184200,0,1,264.914067
2002-07-01,97.0300,62.466801,20270200,0,1,259.747493
2002-07-02,94.9700,61.140568,34213900,0,1,254.232912
2002-07-03,95.5100,61.488213,30565800,0,1,255.678482
2002-07-05,99.3100,63.934635,19013500,0,1,265.851010
2002-07-08,98.0700,63.136314,19118600,0,1,262.531554
2002-07-09,95.6000,61.546146,28620400,0,1,255.919410
2002-07-10,92.1200,59.305759,50522500,0,1,246.603515
2002-07-11,92.8700,59.788635,59476500,0,1,248.611251
2002-07-12,91.8500,59.131943,39018600,0,1,245.880730
2002-07-15,92.3400,59.447392,77317200,0,1,247.192451
2002-07-16,90.5600,58.301495,53282400,0,1,242.427424
2002-07-17,90.7400,58.417400,48880600,0,1,242.909281
2002-07-18,87.8000,56.524582,32656700,0,1,235.038956
2002-07-19,84.7100,54.535305,77572600,0,1,226.767084
2002-07-22,82.2000,52.919392,78134000,0,1,220.047861
2002-07-23,79.9500,51.470867,74484100,0,1,214.024653
2002-07-24,84.7200,54.541740,107022800,0,1,226.793854
2002-07-25,84.0000,54.078209,87176600,0,1,224.866427
2002-07-26,85.6000,55.108257,41206800,0,1,229.149597
2002-07-29,89.7700,57.792858,53492900,0,1,240.312609
2002-07-30,90.9400,58.546124,47532200,0,1,243.444677
2002-07-31,91.1600,58.687752,44669900,0,1,244.033613
2002-08-01,88.7800,57.155533,66571900,0,1,237.662398
2002-08-02,86.7900,55.874374,51772900,0,1,232.335205
2002-08-05,83.7700,53.930130,47191300,0,1,224.250721
2002-08-06,86.5900,55.745628,64730000,0,1,231.799809
2002-08-07,88.1000,56.717762,43289400,0,1,235.842050
2002-08-08,90.9500,58.552547,48339800,0,1,243.471447
2002-08-09,91.2900,58.771431,41879200,0,1,244.381621
2002-08-12,90.6200,58.340096,25841700,0,1,242.588043
2002-08-13,88.9700,57.277836,49690500,0,1,238.171024
2002-08-14,92.2200,59.370144,57423600,0,1,246.871213
2002-08-15,93.5000,60.194218,45551500,0,1,250.297749
2002-08-16,93.2200,60.013943,36517300,0,1,249.548194
2002-08-19,95.4000,61.417393,33669900,0,1,255.384014
2002-08-20,94.3900,60.767181,30508300,0,1,252.680262
2002-08-21,95.7500,61.642723,39628900,0,1,256.320957
2002-08-22,96.6800,62.241467,38399800,0,1,258.810550
2002-08-23,94.6000,60.902363,33716400,0,1,253.242429
2002-08-26,95.2600,61.327278,33830100,0,1,255.009236
2002-08-27,94.1600,60.619106,35335700,0,1,252.064557
2002-08-28,92.1000,59.292912,38970600,0,1,246.549975
2002-08-29,92.1400,59.318634,42965700,0,1,246.657055
2002-08-30,91.7800,59.086876,30366700,0,1,245.693341
2002-09-03,88.2800,56.833637,76586400,0,1,236.323907
2002-09-04,89.5400,57.644806,51099500,0,1,239.696903
2002-09-05,88.7800,57.155533,67250900,0,1,237.662398
2002-09-06,90.0000,57.940956,38622200,0,1,240.928315
2002-09-09,90.6600,58.365845,33998400,0,1,242.695122
2002-09-10,91.7000,59.035393,41416600,0,1,245.479183
2002-09-11,91.1300,58.668453,27711200,0,1,243.953304
2002-09-12,89.4500,57.586849,43601700,0,1,239.455975
2002-09-13,89.6700,57.728497,41131000,0,1,240.044911
2002-09-16,89.8900,57.870140,28167600,0,1,240.633847
2002-09-17,87.8300,56.543934,47609700,0,1,235.119265
2002-09-18,86.9500,55.977379,54719400,0,1,232.763522
2002-09-19,84.7000,54.528866,48510500,0,1,226.740314
2002-09-20,84.3500,54.546986,46325600,0.378,1,226.815269
2002-09-23,83.6600,54.100788,46893800,0,1,224.959875
2002-09-24,82.3100,53.227768,69507000,0,1,221.329755
2002-09-25,84.3500,54.546986,59294400,0,1,226.815269
2002-09-26,85.7300,55.439392,53638000,0,1,230.526059
2002-09-27,82.7500,53.512272,64648300,0,1,222.512905
2002-09-30,81.7900,52.891472,73096400,0,1,219.931486
2002-10-01,85.7200,55.432903,67198100,0,1,230.499169
2002-10-02,83.1500,53.770947,56749100,0,1,223.588496
2002-10-03,82.3100,53.227768,55547000,0,1,221.329755
2002-10-04,80.8000,52.251308,68483700,0,1,217.269399
2002-10-07,79.1300,51.171352,53188000,0,1,212.778806
2002-10-08,80.3700,51.973228,79531000,0,1,216.113138
2002-10-09,78.1000,50.505268,79956400,0,1,210.009159
2002-10-10,80.6300,52.141361,76749000,0,1,216.812272
2002-10-11,84.1600,54.424107,82308300,0,1,226.304364
2002-10-14,84.6300,54.728027,40631900,0,1,227.568183
2002-10-15,88.7000,57.359993,82320300,0,1,238.512322
2002-10-16,86.5500,55.969692,62977800,0,1,232.731020
2002-10-17,88.2700,57.081955,68534100,0,1,237.356062
2002-10-18,88.6400,57.321217,47448700,0,1,238.350984
2002-10-21,90.1700,58.310593,45859100,0,1,242.465120
2002-10-22,89.5200,57.890266,40966800,0,1,240.717284
2002-10-23,90.2000,58.329979,54905800,0,1,242.545789
2002-10-24,88.3600,57.140160,54987400,0,1,237.598070
2002-10-25,90.2000,58.329979,43672100,0,1,242.545789
2002-10-28,89.6100,57.948483,39416100,0,1,240.959292
2002-10-29,88.5700,57.275955,59508200,0,1,238.162755
2002-10-30,89.4300,57.832108,41688600,0,1,240.475276
2002-10-31,88.5200,57.243610,41620600,0,1,238.028306
2002-11-01,90.2700,58.375275,51878900,0,1,242.734017
2002-11-04,91.1300,58.931438,49080600,0,1,245.046538
2002-11-05,91.8500,59.397018,37270800,0,1,246.982602
2002-11-06,93.0400,60.166569,65013100,0,1,250.182486
2002-11-07,90.7600,58.692169,51572000,0,1,244.051617
2002-11-08,89.6500,57.974331,37905400,0,1,241.066851
2002-11-11,88.2600,57.075466,33505100,0,1,237.329172
2002-11-12,88.9600,57.528145,37724500,0,1,239.211457
2002-11-13,89.0500,57.586330,63891500,0,1,239.453465
2002-11-14,90.7300,58.672791,31896800,0,1,243.970947
2002-11-15,91.4000,59.106045,39152100,0,1,245.772562
2002-11-18,90.4800,58.511074,28934800,0,1,243.298703
2002-11-19,90.3600,58.433479,32806600,0,1,242.976025
2002-11-20,92.3700,59.733311,36688400,0,1,248.380871
2002-11-21,94.0900,60.845558,55128200,0,1,253.005912
2002-11-22,93.4200,60.412331,32513800,0,1,251.204297
2002-11-25,93.4800,60.451149,33846400,0,1,251.365636
2002-11-26,91.7000,59.300030,42284700,0,1,246.579256
2002-11-27,94.2800,60.968445,37764000,0,1,253.516818
2002-11-29,93.9800,60.774456,19385700,0,1,252.710125
2002-12-02,94.1300,60.871449,49911900,0,1,253.113471
2002-12-03,92.8700,60.056625,34407700,0,1,249.725359
2002-12-04,92.4500,59.785042,64040800,0,1,248.595989
2002-12-05,91.4300,59.125443,36724900,0,1,245.853232
2002-12-06,92.0300,59.513443,49824100,0,1,247.466618
2002-12-09,89.5000,57.877357,36789600,0,1,240.663505
2002-12-10,90.7000,58.653347,33319900,0,1,243.890278
2002-12-11,90.7800,58.705109,39201000,0,1,244.105396
2002-12-12,90.7700,58.698635,34465600,0,1,244.078506
2002-12-13,89.3400,57.773888,36862200,0,1,240.233268
2002-12-16,91.6500,59.267708,37098400,0,1,246.444807
2002-12-17,90.8500,58.750370,32353900,0,1,244.293625
2002-12-18,89.8000,58.071342,35612600,0,1,241.470198
2002-12-19,89.1600,57.657475,39264200,0,1,239.749252
2002-12-20,89.9900,58.480171,31176900,0.436,1,243.153498
2002-12-23,90.0200,58.499687,22599300,0,1,243.234558
2002-12-24,89.3500,58.064289,10937000,0,1,241.424214
2002-12-26,89.3900,58.090290,17485600,0,1,241.532295
2002-12-27,87.3800,56.784081,22205700,0,1,236.101263
2002-12-30,88.1100,57.258480,29968000,0,1,238.073727
2002-12-31,88.2300,57.336460,34036600,0,1,238.397968
2003-01-02,91.0700,59.182034,44516300,0,1,246.071664
2003-01-03,91.3500,59.363976,32222600,0,1,246.828226
2003-01-06,92.9600,60.410244,40984500,0,1,251.178455
2003-01-07,92.7300,60.260788,38640400,0,1,250.556994
2003-01-08,91.3900,59.389954,38702200,0,1,246.936306
2003-01-09,92.8100,60.312782,34804900,0,1,250.773154
2003-01-10,93.0600,60.475246,37768900,0,1,251.448656
2003-01-13,93.0300,60.455753,31649900,0,1,251.367595
2003-01-14,93.3300,60.650715,30733000,0,1,252.178197
2003-01-15,92.4000,60.046341,33511800,0,1,249.665332
2003-01-16,92.0200,59.799397,44812100,0,1,248.638570
2003-01-17,90.6600,58.915600,35618300,0,1,244.963842
2003-01-21,89.2500,57.999313,36826200,0,1,241.154014
2003-01-22,88.1700,57.297470,42286500,0,1,238.235847
2003-01-23,88.7100,57.648399,55919800,0,1,239.694931
2003-01-24,86.3800,56.134228,68633900,0,1,233.399257
2003-01-27,85.2000,55.367397,57884400,0,1,230.210890
2003-01-28,85.8300,55.776810,46929100,0,1,231.913154
2003-01-29,86.4800,56.199215,53712200,0,1,233.669458
2003-01-30,84.4300,54.867039,49845900,0,1,228.130346
2003-01-31,86.0600,55.926247,55317000,0,1,232.534615
2003-02-03,86.2300,56.036766,39696000,0,1,232.993956
2003-02-04,85.3800,55.484379,43633400,0,1,230.697251
2003-02-05,84.8500,55.139942,55270600,0,1,229.265188
2003-02-06,84.4500,54.879997,53638000,0,1,228.184386
2003-02-07,83.4200,54.210678,43165000,0,1,225.401320
2003-02-10,84.0100,54.594086,45455900,0,1,226.995504
2003-02-11,83.4300,54.217159,46861000,0,1,225.428340
2003-02-12,82.1000,53.352848,35873600,0,1,221.834673
2003-02-13,82.3500,53.515324,57934100,0,1,222.510174
2003-02-14,84.1500,54.685062,59580900,0,1,227.373784
2003-02-18,85.6300,55.646832,39492700,0,1,231.372753
2003-02-19,85.1800,55.354412,31432000,0,1,230.156850
2003-02-20,84.3300,54.802044,29280100,0,1,227.860145
2003-02-21,85.1800,55.354412,60955800,0,1,230.156850
2003-02-24,83.8000,54.457611,30628600,0,1,226.428082
2003-02-25,84.4700,54.893002,56770600,0,1,228.238426
2003-02-26,83.2400,54.093697,37787200,0,1,224.914959
2003-02-27,84.3400,54.808529,51126000,0,1,227.887165
2003-02-28,84.9000,55.172459,43666800,0,1,229.400289
2003-03-03,84.0900,54.646038,42923100,0,1,227.211664
2003-03-04,82.7500,53.775276,31440500,0,1,223.590976
2003-03-05,83.4500,54.230171,43974700,0,1,225.482380
2003-03-06,82.7500,53.775276,41217700,0,1,223.590976
2003-03-07,83.3200,54.145668,63538000,0,1,225.131120
2003-03-10,81.3200,52.845985,41014100,0,1,219.727108
2003-03-11,80.5200,52.326084,48102700,0,1,217.565503
2003-03-12,81.0600,52.677006,62459800,0,1,219.024587
2003-03-13,83.8600,54.496613,72117800,0,1,226.590203
2003-03-14,84.1300,54.672050,63951800,0,1,227.319744
2003-03-17,86.7800,56.394165,88217500,0,1,234.480059
2003-03-18,87.2900,56.725563,50792300,0,1,235.858082
2003-03-19,87.9600,57.161015,49630800,0,1,237.668426
2003-03-20,88.1500,57.284470,67321600,0,1,238.181807
2003-03-21,89.6700,58.507149,71165300,0.354,1,243.245366
2003-03-24,86.6900,56.562832,65398900,0,1,235.161601
2003-03-25,87.5200,57.104404,61040100,0,1,237.413120
2003-03-26,87.0800,56.817295,45740800,0,1,236.219544
2003-03-27,87.1500,56.862984,53120200,0,1,236.409431
2003-03-28,86.7100,56.575874,32583000,0,1,235.215855
2003-03-31,84.7400,55.290482,61119500,0,1,229.871889
2003-04-01,86.0400,56.138718,53574000,0,1,233.398364
2003-04-02,88.1200,57.495876,50431200,0,1,239.040723
2003-04-03,87.7000,57.221840,48755500,0,1,237.901401
2003-04-04,88.2200,57.561119,36250100,0,1,239.311991
2003-04-07,88.0500,57.450191,69776200,0,1,238.850836
2003-04-08,88.1900,57.541531,39712700,0,1,239.230610
2003-04-09,87.0300,56.784649,55647300,0,1,236.083910
2003-04-10,87.5100,57.097843,41812400,0,1,237.385993
2003-04-11,87.1500,56.862984,47730100,0,1,236.409431
2003-04-14,88.9500,58.037415,36711700,0,1,241.292242
2003-04-15,89.7800,58.578987,49709800,0,1,243.543760
2003-04-16,88.2500,57.580677,51788000,0,1,239.393371
2003-04-17,89.5600,58.435432,37403100,0,1,242.946972
2003-04-21,89.6500,58.494141,32052700,0,1,243.191113
2003-04-22,91.3400,59.596794,59763600,0,1,247.775530
2003-04-23,92.1800,60.144894,44227100,0,1,250.054175
2003-04-24,91.3600,59.609859,49692400,0,1,247.829783
2003-04-25,90.2300,58.872593,43917200,0,1,244.764463
2003-04-28,91.7900,59.890423,46432900,0,1,248.996232
2003-04-29,92.1100,60.099247,52017100,0,1,249.864288
2003-04-30,91.9100,59.968719,48709100,0,1,249.321753
2003-05-01,91.9000,59.962196,50240400,0,1,249.294626
2003-05-02,93.2100,60.816944,50201500,0,1,252.848228
2003-05-05,93.0300,60.699512,35437800,0,1,252.359947
2003-05-06,93.9100,61.273678,44401000,0,1,254.747099
2003-05-07,93.3900,60.934353,41413100,0,1,253.336509
2003-05-08,92.4500,60.321079,40570700,0,1,250.786596
2003-05-09,93.7300,61.156219,33608100,0,1,254.258818
2003-05-12,94.8800,61.906590,35662300,0,1,257.378391
2003-05-13,94.7100,61.795654,39253600,0,1,256.917237
2003-05-14,94.5100,61.665180,32195100,0,1,256.374702
2003-05-15,95.1100,62.056652,43879200,0,1,258.002306
2003-05-16,94.8700,61.900063,38905000,0,1,257.351264
2003-05-19,92.6500,60.451569,41606000,0,1,251.329131
2003-05-20,92.4600,60.327602,55404600,0,1,250.813723
2003-05-21,92.6500,60.451569,49333800,0,1,251.329131
2003-05-22,93.5700,61.051830,38421800,0,1,253.824790
2003-05-23,93.7600,61.175800,26155900,0,1,254.340198
2003-05-27,95.4000,62.245861,43719200,0,1,258.788981
2003-05-28,95.6700,62.422012,37727100,0,1,259.521403
2003-05-29,95.4200,62.258907,50844200,0,1,258.843235
2003-05-30,96.9500,63.257187,52529500,0,1,262.993624
2003-06-02,97.3500,63.518162,50305500,0,1,264.078693
2003-06-03,97.7500,63.779167,38254500,0,1,265.163762
2003-06-04,99.1600,64.699181,49360700,0,1,268.988631
2003-06-05,99.6500,65.018883,46262400,0,1,270.317840
2003-06-06,99.2600,64.764412,60356800,0,1,269.259898
2003-06-09,98.2500,64.105415,37808500,0,1,266.520098
2003-06-10,99.2500,64.757866,29965900,0,1,269.232771
2003-06-11,100.3000,65.442986,37610200,0,1,272.081078
2003-06-12,100.6100,65.645210,36442000,0,1,272.922006
2003-06-13,99.5600,64.960152,48628300,0,1,270.073700
2003-06-16,101.6600,66.330345,36326300,0,1,275.770313
2003-06-17,101.6600,66.330345,36801800,0,1,275.770313
2003-06-18,101.5700,66.271622,35521000,0,1,275.526172
2003-06-19,100.0200,65.260292,43551700,0,1,271.321529
2003-06-20,99.4400,65.116241,41545000,0.36,1,270.724741
2003-06-23,98.4200,64.448318,34237500,0,1,267.947798
2003-06-24,98.5200,64.513786,36213600,0,1,268.220047
2003-06-25,97.5300,63.865524,47743400,0,1,265.524779
2003-06-26,98.8000,64.697151,33477300,0,1,268.982345
2003-06-27,97.6600,63.950645,54208800,0,1,265.878703
2003-06-30,97.6300,63.930969,33349000,0,1,265.797028
2003-07-01,98.5300,64.520317,51322800,0,1,268.247272
2003-07-02,99.7700,65.332321,34662100,0,1,271.623164
2003-07-03,98.7400,64.657822,30792800,0,1,268.818996
2003-07-07,100.7000,65.941322,31391100,0,1,274.155083
2003-07-08,101.1500,66.236015,30952500,0,1,275.380205
2003-07-09,100.5800,65.862724,36528500,0,1,273.828384
2003-07-10,99.3000,65.024551,49777700,0,1,270.343592
2003-07-11,100.2400,65.640091,39976300,0,1,272.902736
2003-07-14,100.7300,65.960953,42114900,0,1,274.236758
2003-07-15,100.5100,65.816925,42573600,0,1,273.637809
2003-07-16,99.9200,65.430565,39894200,0,1,272.031538
2003-07-17,98.5000,64.500679,52253500,0,1,268.165597
2003-07-18,99.5100,65.162048,35698100,0,1,270.915316
2003-07-21,98.2800,64.356606,34786000,0,1,267.566649
2003-07-22,99.1700,64.939400,49968300,0,1,269.989668
2003-07-23,99.2400,64.985260,37275400,0,1,270.180243
2003-07-24,98.4900,64.494110,40896200,0,1,268.138372
2003-07-25,100.2300,65.633545,43241100,0,1,272.875511
2003-07-28,99.8600,65.391281,34382800,0,1,271.868188
2003-07-29,99.4000,65.090012,53472100,0,1,270.615841
2003-07-30,99.1600,64.932861,28363300,0,1,269.962443
2003-07-31,99.3900,65.083481,54937200,0,1,270.588617
2003-08-01,98.5100,64.507263,49321000,0,1,268.192822
2003-08-04,98.5100,64.507263,55214100,0,1,268.192822
2003-08-05,96.4200,63.138649,61415600,0,1,262.502811
2003-08-06,96.9800,63.505352,50096900,0,1,264.027407
2003-08-07,98.0000,64.173286,43427400,0,1,266.804351
2003-08-08,98.2800,64.356606,27357300,0,1,267.566649
2003-08-11,98.6500,64.598938,34631400,0,1,268.573971
2003-08-12,99.5500,65.188271,43285600,0,1,271.024215
2003-08-13,99.0400,64.854309,36152000,0,1,269.635744
2003-08-14,99.3100,65.031082,35525100,0,1,270.370817
2003-08-15,99.6200,65.234085,12567000,0,1,271.214790
2003-08-18,100.4800,65.797256,22873800,0,1,273.556134
2003-08-19,100.8600,66.046074,37437700,0,1,274.590682
2003-08-20,100.4500,65.777596,21295300,0,1,273.474459
2003-08-21,100.7700,65.987129,46494200,0,1,274.345657
2003-08-22,99.7700,65.332321,52040300,0,1,271.623164
2003-08-25,99.9300,65.437103,23473000,0,1,272.058763
2003-08-26,100.1100,65.554947,45065800,0,1,272.548812
2003-08-27,100.1400,65.574577,18919500,0,1,272.630487
2003-08-28,100.7600,65.980591,27402400,0,1,274.318432
2003-08-29,101.4400,66.425873,28706600,0,1,276.169728
2003-09-02,102.8000,67.316452,49419100,0,1,279.872319
2003-09-03,103.3600,67.683167,44912400,0,1,281.396915
2003-09-04,103.4100,67.715889,28381000,0,1,281.533040
2003-09-05,102.8300,67.336121,31637300,0,1,279.953994
2003-09-08,103.6800,67.892685,32632800,0,1,282.268113
2003-09-09,103.0000,67.447418,35053200,0,1,280.416818
2003-09-10,101.9600,66.766380,45904900,0,1,277.585424
2003-09-11,102.2600,66.962845,38396300,0,1,278.402172
2003-09-12,102.4500,67.087265,42524800,0,1,278.919446
2003-09-15,102.0900,66.851501,21312800,0,1,277.939349
2003-09-16,103.5800,67.827209,37892600,0,1,281.995864
2003-09-17,103.3800,67.696281,31885800,0,1,281.451365
2003-09-18,104.6000,68.495148,30243600,0,1,284.772807
2003-09-19,103.6700,68.146782,34331600,0.4,1,283.329886
2003-09-22,102.5500,67.410515,36677400,0,1,280.268928
2003-09-23,102.9400,67.666893,32489200,0,1,281.334797
2003-09-24,101.1100,66.463959,41694700,0,1,276.333411
2003-09-25,100.2800,65.918373,52673100,0,1,274.065023
2003-09-26,99.9500,65.701408,42914700,0,1,273.163134
2003-09-29,100.9300,66.345627,36771600,0,1,275.841471
2003-09-30,99.9500,65.701408,70764500,0,1,273.163134
2003-10-01,102.0800,67.101562,65797600,0,1,278.984419
2003-10-02,102.4500,67.344780,44591500,0,1,279.995628
2003-10-03,103.3900,67.962692,48806900,0,1,282.564646
2003-10-06,103.8600,68.271667,20226500,0,1,283.849155
2003-10-07,104.2600,68.534607,42602900,0,1,284.942354
2003-10-08,104.0000,68.363678,30920800,0,1,284.231775
2003-10-09,104.2800,68.547722,40066500,0,1,284.997014
2003-10-10,104.5700,68.738350,22682800,0,1,285.789584
2003-10-13,104.9000,68.955284,23825600,0,1,286.691473
2003-10-14,105.2700,69.198502,38484400,0,1,287.702682
2003-10-15,104.9900,69.014450,39021700,0,1,286.937443
2003-10-16,105.4100,69.290558,32772200,0,1,288.085302
2003-10-17,104.2600,68.534607,32790300,0,1,284.942354
2003-10-20,105.0400,69.047348,27657000,0,1,287.074093
2003-10-21,104.8600,68.929031,26729100,0,1,286.582153
2003-10-22,103.5400,68.061310,33914500,0,1,282.974596
2003-10-23,103.3500,67.936417,45830500,0,1,282.455326
2003-10-24,103.5800,68.087578,51723600,0,1,283.083916
2003-10-27,103.6300,68.120430,32460200,0,1,283.220566
2003-10-28,105.0400,69.047348,34956200,0,1,287.074093
2003-10-29,105.1800,69.139282,30955400,0,1,287.456712
2003-10-30,105.4000,69.283981,39123100,0,1,288.057972
2003-10-31,105.3000,69.218262,25761600,0,1,287.784672
2003-11-03,105.9900,69.671791,37589300,0,1,289.670440
2003-11-04,105.7600,69.520630,31421600,0,1,289.041851
2003-11-05,105.8400,69.573196,33558800,0,1,289.260491
2003-11-06,106.4000,69.941292,28392300,0,1,290.790970
2003-11-07,105.6100,69.422028,31723200,0,1,288.631901
2003-11-10,105.1800,69.139282,25530800,0,1,287.456712
2003-11-11,105.1500,69.119614,26558600,0,1,287.374722
2003-11-12,106.3300,69.895287,28000000,0,1,290.599660
2003-11-13,106.3600,69.915031,29714800,0,1,290.681650
2003-11-14,105.4600,69.323364,49158500,0,1,288.221952
2003-11-17,104.9300,68.975021,44382100,0,1,286.773463
2003-11-18,103.8400,68.258514,41155000,0,1,283.794495
2003-11-19,104.7200,68.836960,29827000,0,1,286.199533
2003-11-20,103.7800,68.219040,53578700,0,1,283.630515
2003-11-21,104.2100,68.501717,30016000,0,1,284.805704
2003-11-24,105.5900,69.408890,28906400,0,1,288.577241
2003-11-25,105.9900,69.671791,37580000,0,1,289.670440
2003-11-26,106.3700,69.921600,33053600,0,1,290.708980
2003-11-28,106.4500,69.974167,10507500,0,1,290.927619
2003-12-01,107.6000,70.730118,38699000,0,1,294.070567
2003-12-02,107.3300,70.552635,35352000,0,1,293.332658
2003-12-03,107.1600,70.440887,39078600,0,1,292.868048
2003-12-04,107.6000,70.730118,36089500,0,1,294.070567
2003-12-05,106.8500,70.237129,28824400,0,1,292.020819
2003-12-08,107.5700,70.710396,32482900,0,1,293.988577
2003-12-09,106.7400,70.164810,43596100,0,1,291.720189
2003-12-10,106.7300,70.158188,36915400,0,1,291.692859
2003-12-11,107.9300,70.947052,45304000,0,1,294.972456
2003-12-12,108.1400,71.085075,34142200,0,1,295.546386
2003-12-15,107.6000,70.730118,38693400,0,1,294.070567
2003-12-16,108.1600,71.098206,32894200,0,1,295.601046
2003-12-17,108.5000,71.321724,23198800,0,1,296.530265
2003-12-18,109.7200,72.123665,29353100,0,1,299.864522
2003-12-19,108.9000,71.922905,41465100,0.516,1,299.033691
2003-12-22,109.6600,72.424828,27611300,0,1,301.120611
2003-12-23,109.7300,72.471077,24741200,0,1,301.312828
2003-12-24,109.6200,72.398415,8055800,0,1,301.010773
2003-12-26,109.7000,72.451271,8308400,0,1,301.230449
2003-12-29,111.1600,73.415520,22483700,0,1,305.239533
2003-12-30,111.1800,73.428726,19559500,0,1,305.294452
2003-12-31,111.2800,73.494751,31501800,0,1,305.569046
2004-01-02,111.2300,73.461746,38072300,0,1,305.431749
2004-01-05,112.4400,74.260857,27959800,0,1,308.754345
2004-01-06,112.5500,74.333527,20472800,0,1,309.056400
2004-01-07,112.9300,74.584541,30170400,0,1,310.099860
2004-01-08,113.3800,74.881721,36438400,0,1,311.335536
2004-01-09,112.3900,74.227898,54084300,0,1,308.617048
2004-01-12,113.2200,74.776054,31564100,0,1,310.896185
2004-01-13,112.5600,74.340157,54239700,0,1,309.083859
2004-01-14,113.5000,74.960968,30112800,0,1,311.665050
2004-01-15,113.7800,75.145905,38408700,0,1,312.433915
2004-01-16,114.2300,75.443108,31922700,0,1,313.669592
2004-01-20,114.2000,75.423294,29863000,0,1,313.587213
2004-01-21,115.1000,76.017670,30725000,0,1,316.058566
2004-01-22,114.8000,75.819534,29888500,0,1,315.234782
2004-01-23,114.4300,75.575203,44245300,0,1,314.218781
2004-01-26,115.8700,76.526245,30460600,0,1,318.172946
2004-01-27,114.6800,75.740318,35322800,0,1,314.905268
2004-01-28,113.3700,74.875099,52621300,0,1,311.308077
2004-01-29,113.4800,74.947754,60117100,0,1,311.610131
2004-01-30,113.4800,74.947754,30984400,0,1,311.610131
2004-02-02,113.9700,75.271385,38832400,0,1,312.955645
2004-02-03,113.7800,75.145905,25093500,0,1,312.433915
2004-02-04,112.8500,74.531670,39332600,0,1,309.880184
2004-02-05,113.1800,74.749619,37226800,0,1,310.786347
2004-02-06,114.4500,75.588409,37216000,0,1,314.273700
2004-02-09,114.4800,75.608208,24851300,0,1,314.356079
2004-02-10,114.8500,75.852592,27908100,0,1,315.372079
2004-02-11,116.0700,76.658295,42965700,0,1,318.722135
2004-02-12,115.6500,76.380959,27814700,0,1,317.568837
2004-02-13,115.1300,76.037498,44739900,0,1,316.140944
2004-02-17,116.1700,76.724358,23984300,0,1,318.996730
2004-02-18,115.6600,76.387550,28618000,0,1,317.596297
2004-02-19,115.2300,76.103539,51146200,0,1,316.415539
2004-02-20,114.8800,75.872391,46728800,0,1,315.454458
2004-02-23,114.5900,75.680855,36357000,0,1,314.658133
2004-02-24,114.3900,75.548759,43953000,0,1,314.108943
2004-02-25,114.8700,75.865807,31213600,0,1,315.426998
2004-02-26,114.9400,75.912056,29683000,0,1,315.619214
2004-02-27,115.0200,75.964851,39312000,0,1,315.838890
2004-03-01,116.1600,76.717735,33130800,0,1,318.969270
2004-03-02,115.4800,76.268684,38556400,0,1,317.102026
2004-03-03,115.6900,76.407356,31346200,0,1,317.678675
2004-03-04,115.9900,76.605492,21060000,0,1,318.502459
2004-03-05,116.3800,76.863029,55905600,0,1,319.573379
2004-03-08,114.9600,75.925224,39281600,0,1,315.674133
2004-03-09,114.5000,75.621399,39746100,0,1,314.410997
2004-03-10,112.5800,74.353340,67671800,0,1,309.138778
2004-03-11,111.1200,73.389130,89134800,0,1,305.129695
2004-03-12,112.5800,74.353340,54012200,0,1,309.138778
2004-03-15,111.2000,73.441925,57677200,0,1,305.349370
2004-03-16,111.7900,73.831612,59832600,0,1,306.969480
2004-03-17,113.0400,74.657150,41607300,0,1,310.401914
2004-03-18,113.0700,74.676979,60014300,0,1,310.484292
2004-03-19,111.0600,73.606636,48636200,0.395,1,306.049587
2004-03-22,109.6500,72.672134,62752100,0,1,302.164031
2004-03-23,109.4600,72.546188,54080200,0,1,301.640445
2004-03-24,109.5500,72.605843,51584300,0,1,301.888459
2004-03-25,111.0000,73.566864,49873600,0,1,305.884244
2004-03-26,111.0300,73.586693,37409500,0,1,305.966916
2004-03-29,112.5900,74.620628,44113600,0,1,310.265829
2004-03-30,112.9700,74.872528,39059900,0,1,311.313001
2004-03-31,113.1000,74.958633,48517600,0,1,311.671244
2004-04-01,113.7800,75.409348,45103800,0,1,313.545129
2004-04-02,114.6400,75.979309,50987700,0,1,315.915043
2004-04-05,115.2700,76.396835,30251800,0,1,317.651143
2004-04-06,114.9000,76.151634,28420900,0,1,316.631529
2004-04-07,114.6300,75.972702,45890500,0,1,315.887486
2004-04-08,114.3700,75.800362,46929700,0,1,315.171000
2004-04-12,114.8200,76.098633,23085200,0,1,316.411071
2004-04-13,113.2100,75.031563,56210300,0,1,311.974372
2004-04-14,113.3900,75.150871,62322300,0,1,312.470401
2004-04-15,112.9600,74.865868,61602500,0,1,311.285444
2004-04-16,113.8300,75.442451,47059200,0,1,313.682915
2004-04-19,113.8300,75.442451,28277600,0,1,313.682915
2004-04-20,111.9200,74.176598,53299400,0,1,308.419501
2004-04-21,112.6700,74.673668,50177300,0,1,310.486287
2004-04-22,114.2500,75.720840,62071500,0,1,314.840315
2004-04-23,114.3600,75.793785,29395700,0,1,315.143443
2004-04-26,114.2000,75.687714,35515200,0,1,314.702529
2004-04-27,114.3000,75.753983,43485500,0,1,314.978100
2004-04-28,112.8200,74.773071,50165800,0,1,310.899644
2004-04-29,111.8300,74.116943,69687600,0,1,308.171487
2004-04-30,110.9600,73.540352,48681400,0,1,305.774016
2004-05-03,112.1500,74.329002,33758000,0,1,309.053315
2004-05-04,112.0600,74.269394,51185100,0,1,308.805301
2004-05-05,112.7800,74.746559,34405000,0,1,310.789415
2004-05-06,111.8100,74.103691,54997000,0,1,308.116373
2004-05-07,109.9600,72.877548,60950000,0,1,303.018302
2004-05-10,108.8300,72.128654,75279400,0,1,299.904345
2004-05-11,109.7500,72.738396,48300600,0,1,302.439602
2004-05-12,110.4500,73.202324,90830500,0,1,304.368602
2004-05-13,109.9900,72.897446,57393700,0,1,303.100973
2004-05-14,110.0400,72.930588,54123100,0,1,303.238759
2004-05-17,109.1000,72.307587,55020400,0,1,300.648388
2004-05-18,109.6500,72.672134,30193100,0,1,302.164031
2004-05-19,109.2700,72.420265,54804100,0,1,301.116859
2004-05-20,109.6200,72.652229,38082900,0,1,302.081359
2004-05-21,109.8100,72.778130,47480400,0,1,302.604945
2004-05-24,110.2700,73.083046,40961500,0,1,303.872573
2004-05-25,111.8500,74.130188,48668000,0,1,308.226601
2004-05-26,112.2400,74.388680,35977000,0,1,309.301330
2004-05-27,112.8700,74.806229,45306900,0,1,311.037429
2004-05-28,112.8600,74.799614,23367200,0,1,311.009872
2004-06-01,112.7100,74.700195,41044700,0,1,310.596515
2004-06-02,113.1300,74.978516,39774200,0,1,311.753915
2004-06-03,112.0900,74.289238,38688300,0,1,308.887972
2004-06-04,112.9800,74.879135,32739500,0,1,311.340558
2004-06-07,114.7000,76.019096,31643800,0,1,316.080386
2004-06-08,114.8600,76.125137,32846500,0,1,316.521300
2004-06-09,113.7900,75.415962,36737600,0,1,313.572686
2004-06-10,114.3500,75.787094,21711000,0,1,315.115886
2004-06-14,113.2200,75.038193,34633000,0,1,312.001929
2004-06-15,114.0200,75.568405,37445000,0,1,314.206500
2004-06-16,114.0000,75.555130,26633400,0,1,314.151386
2004-06-17,113.8300,75.442451,28402400,0,1,313.682915
2004-06-18,113.6300,75.584770,31799800,0.414,1,314.272637
2004-06-21,113.2000,75.298798,25284000,0,1,313.083363
2004-06-22,113.7700,75.677979,37334000,0,1,314.659843
2004-06-23,114.7500,76.329811,35580000,0,1,317.370282
2004-06-24,114.3900,76.090332,35272100,0,1,316.374611
2004-06-25,113.8400,75.724503,32837900,0,1,314.853446
2004-06-28,113.4500,75.465073,40824500,0,1,313.774802
2004-06-29,113.9200,75.777718,28418100,0,1,315.074706
2004-06-30,114.5300,76.183495,52230600,0,1,316.761816
2004-07-01,112.9400,75.125824,57734700,0,1,312.364267
2004-07-02,112.8800,75.085930,34615100,0,1,312.198322
2004-07-06,111.8900,74.427383,38698200,0,1,309.460225
2004-07-07,112.2200,74.646881,29839800,0,1,310.372924
2004-07-08,111.4400,74.128082,45291100,0,1,308.215636
2004-07-09,111.7300,74.320984,27412900,0,1,309.017705
2004-07-12,111.7800,74.354225,35691300,0,1,309.155992
2004-07-13,111.8600,74.407448,26752000,0,1,309.377253
2004-07-14,111.5200,74.181305,54089400,0,1,308.436896
2004-07-15,110.8000,73.702354,38403500,0,1,306.445553
2004-07-16,110.7100,73.642479,40871200,0,1,306.196635
2004-07-19,110.2400,73.329849,39592800,0,1,304.896731
2004-07-20,111.6400,74.261093,46679800,0,1,308.768787
2004-07-21,109.5800,72.890846,56241100,0,1,303.071333
2004-07-22,109.8800,73.090385,72477100,0,1,303.901060
2004-07-23,108.9600,72.478409,49610500,0,1,301.356566
2004-07-26,108.7500,72.338699,49679100,0,1,300.775757
2004-07-27,109.7700,73.017227,51295100,0,1,303.596827
2004-07-28,110.1000,73.236717,65862300,0,1,304.509525
2004-07-29,110.5700,73.549355,52200500,0,1,305.809430
2004-07-30,110.8400,73.728935,41581700,0,1,306.556184
2004-08-02,111.0700,73.881943,38263100,0,1,307.192307
2004-08-03,110.2100,73.309875,40948800,0,1,304.813758
2004-08-04,110.2000,73.303261,40763200,0,1,304.786101
2004-08-05,108.4000,72.105904,50772000,0,1,299.807744
2004-08-06,106.8500,71.074875,74729000,0,1,295.520825
2004-08-09,107.0000,71.174637,37476300,0,1,295.935688
2004-08-10,108.3800,72.092575,55870600,0,1,299.752428
2004-08-11,108.1600,71.946266,52933200,0,1,299.143963
2004-08-12,106.9800,71.161339,50015900,0,1,295.880373
2004-08-13,107.1900,71.301041,41634700,0,1,296.461181
2004-08-16,108.3000,72.039398,45731900,0,1,299.531168
2004-08-17,108.9100,72.445145,40701600,0,1,301.218278
2004-08-18,110.0300,73.190147,43165400,0,1,304.315923
2004-08-19,109.7100,72.977272,39881600,0,1,303.430881
2004-08-20,110.4800,73.489487,44870900,0,1,305.560512
2004-08-23,110.2000,73.303261,33745100,0,1,304.786101
2004-08-24,110.3500,73.403030,30453100,0,1,305.200964
2004-08-25,111.1000,73.901917,38551400,0,1,307.275280
2004-08-26,111.1000,73.901917,26629500,0,1,307.275280
2004-08-27,111.4500,74.134682,24902900,0,1,308.243294
2004-08-30,110.5300,73.522758,26726500,0,1,305.698800
2004-08-31,111.1100,73.908562,44125300,0,1,307.302937
2004-09-01,111.3200,74.048225,52778300,0,1,307.883745
2004-09-02,112.5800,74.886391,42736600,0,1,311.368596
2004-09-03,112.1200,74.580399,30480500,0,1,310.096349
2004-09-07,112.8600,75.072639,37338800,0,1,312.143007
2004-09-08,112.5800,74.886391,32963100,0,1,311.368596
2004-09-09,112.4800,74.819839,34314800,0,1,311.092020
2004-09-10,113.0600,75.205688,27900600,0,1,312.696158
2004-09-13,113.4300,75.451752,44398100,0,1,313.719487
2004-09-14,113.6600,75.604782,28048900,0,1,314.355610
2004-09-15,112.8000,75.032715,38295000,0,1,311.977062
2004-09-16,113.1400,75.258888,23911700,0,1,312.917418
2004-09-17,113.1500,75.578842,33683000,0.469,1,314.242214
2004-09-20,112.4700,75.124626,37149400,0,1,312.353706
2004-09-21,112.9600,75.451881,40920800,0,1,313.714543
2004-09-22,111.5500,74.510109,49042100,0,1,309.798665
2004-09-23,110.9500,74.109322,44068700,0,1,308.132335
2004-09-24,111.4600,74.450005,34981100,0,1,309.548716
2004-09-27,110.7500,73.975731,39355100,0,1,307.576891
2004-09-28,111.2800,74.329788,41662900,0,1,309.048817
2004-09-29,111.8400,74.703796,33325700,0,1,310.604059
2004-09-30,111.7600,74.650375,43536700,0,1,310.381881
2004-10-01,113.6500,75.912796,62824300,0,1,315.630823
2004-10-04,113.8400,76.039719,33082400,0,1,316.158495
2004-10-05,113.9000,76.079781,36910600,0,1,316.325128
2004-10-06,114.6800,76.600784,42297800,0,1,318.491358
2004-10-07,113.4500,75.779205,39388800,0,1,315.075380
2004-10-08,112.5100,75.151337,51872600,0,1,312.464795
2004-10-11,112.9700,75.458611,20229100,0,1,313.742315
2004-10-12,112.5300,75.164680,41754700,0,1,312.520339
2004-10-13,111.5400,74.503418,54212600,0,1,309.770893
2004-10-14,110.6400,73.902260,64082200,0,1,307.271397
2004-10-15,111.2600,74.316383,63482200,0,1,308.993272
2004-10-18,111.6800,74.596924,43535100,0,1,310.159704
2004-10-19,110.7400,73.969070,55851900,0,1,307.549119
2004-10-20,110.5200,73.822113,57118500,0,1,306.938131
2004-10-21,111.2400,74.303047,53218300,0,1,308.937728
2004-10-22,109.9900,73.468063,48752400,0,1,305.466205
2004-10-25,109.8600,73.381271,43990900,0,1,305.105167
2004-10-26,111.5400,74.503418,54337400,0,1,309.770893
2004-10-27,112.8800,75.398476,73896000,0,1,313.492365
2004-10-28,113.2200,75.625610,54413300,0,1,314.436619
2004-10-29,113.2000,75.612183,48820200,0,1,314.381075
2004-11-01,113.5100,75.819283,36720900,0,1,315.242013
2004-11-02,113.5500,75.846008,56210000,0,1,315.353101
2004-11-03,114.9800,76.801201,76960200,0,1,319.324523
2004-11-04,116.5500,77.849861,55350300,0,1,323.684755
2004-11-05,117.2800,78.337471,63287200,0,1,325.712124
2004-11-08,117.1100,78.223900,33863800,0,1,325.239997
2004-11-09,116.8800,78.070282,44658100,0,1,324.601237
2004-11-10,116.9700,78.130402,45265400,0,1,324.851187
2004-11-11,117.8600,78.724884,37863200,0,1,327.322911
2004-11-12,118.7900,79.346092,55583700,0,1,329.905724
2004-11-15,118.7300,79.541008,35297900,0.351,1,330.713894
2004-11-16,117.8800,78.971565,40028700,0,1,328.346280
2004-11-17,118.5800,79.440544,54494000,0,1,330.296080
2004-11-18,118.7400,79.547707,31854300,0,1,330.741748
2004-11-19,117.4200,78.663406,54276500,0,1,327.064983
2004-11-22,117.9800,79.038605,37560200,0,1,328.624823
2004-11-23,118.1600,79.159187,41968800,0,1,329.126200
2004-11-24,118.4400,79.346733,29724800,0,1,329.906120
2004-11-26,118.3500,79.286438,15487700,0,1,329.655431
2004-11-29,117.8100,78.924698,61460800,0,1,328.151300
2004-11-30,117.8900,78.978264,53685200,0,1,328.374134
2004-12-01,119.2300,79.875984,49898300,0,1,332.106608
2004-12-02,119.3300,79.943008,60163500,0,1,332.385151
2004-12-03,119.2500,79.889397,49067900,0,1,332.162317
2004-12-06,119.2100,79.862587,33030500,0,1,332.050900
2004-12-07,118.1000,79.118980,52047200,0,1,328.959074
2004-12-08,118.7900,79.581223,43895100,0,1,330.881020
2004-12-09,119.2100,79.862587,60922800,0,1,332.050900
2004-12-10,119.3300,79.943008,47828600,0,1,332.385151
2004-12-13,120.3700,80.639763,38541000,0,1,335.281996
2004-12-14,120.7900,80.921082,41500700,0,1,336.451876
2004-12-15,120.8800,80.981384,46699200,0,1,336.702565
2004-12-16,120.8100,80.934456,51641800,0,1,336.507585
2004-12-17,119.4400,80.394691,70761900,0.568,1,334.273671
2004-12-20,119.4700,80.414864,47187400,0,1,334.357631
2004-12-21,120.3900,81.034119,33094200,0,1,336.932412
2004-12-22,120.6800,81.229332,31500700,0,1,337.744028
2004-12-23,120.7700,81.289871,25646100,0,1,337.995908
2004-12-27,120.5200,81.121643,29944100,0,1,337.296240
2004-12-28,121.1800,81.565834,23422900,0,1,339.143365
2004-12-29,121.3600,81.686989,22650600,0,1,339.647126
2004-12-30,121.1300,81.532211,21076900,0,1,339.003431
2004-12-31,120.8700,81.357216,28648800,0,1,338.275776
2005-01-03,120.3000,80.973534,55748000,0,1,336.680531
2005-01-04,118.8300,79.984085,69167600,0,1,332.566480
2005-01-05,118.0100,79.432159,65667300,0,1,330.271567
2005-01-06,118.6100,79.835983,47814700,0,1,331.950771
2005-01-07,118.4400,79.721565,55847700,0,1,331.474997
2005-01-10,119.0000,80.098480,56563300,0,1,333.042255
2005-01-11,118.1800,79.546547,63099700,0,1,330.747341
2005-01-12,118.5700,79.809059,72720500,0,1,331.838825
2005-01-13,117.6200,79.169609,55537500,0,1,329.180084
2005-01-14,118.2400,79.586967,42032500,0,1,330.915262
2005-01-18,119.4700,80.414864,57391700,0,1,334.357631
2005-01-19,118.2200,79.573456,54378900,0,1,330.859288
2005-01-20,117.5000,79.088867,72049300,0,1,328.844243
2005-01-21,116.7800,78.604210,63160400,0,1,326.829197
2005-01-24,116.5500,78.449402,58441900,0,1,326.185502
2005-01-25,116.8800,78.671524,68245000,0,1,327.109065
2005-01-26,117.2300,78.907089,57195100,0,1,328.088601
2005-01-27,117.4300,79.041725,55878800,0,1,328.648336
2005-01-28,117.4300,79.041725,60738900,0,1,328.648336
2005-01-31,118.1600,79.533096,52532700,0,1,330.691368
2005-02-01,118.9100,80.037933,49841200,0,1,332.790374
2005-02-02,119.2700,80.280220,52468900,0,1,333.797897
2005-02-03,118.9600,80.071564,48837100,0,1,332.930308
2005-02-04,120.2300,80.926430,50024600,0,1,336.484624
2005-02-07,120.0700,80.818741,45412000,0,1,336.036836
2005-02-08,120.2100,80.912949,39263500,0,1,336.428651
2005-02-09,119.3100,80.307137,55279400,0,1,333.909844
2005-02-10,119.7400,80.596588,45858600,0,1,335.113274
2005-02-11,120.7700,81.289871,53133000,0,1,337.995908
2005-02-14,120.6800,81.229332,32432100,0,1,337.744028
2005-02-15,121.1300,81.532211,43852700,0,1,339.003431
2005-02-16,121.2100,81.586044,55523000,0,1,339.227325
2005-02-17,120.2300,80.926430,58124000,0,1,336.484624
2005-02-18,120.3900,81.034119,47723300,0,1,336.932412
2005-02-22,118.6000,79.829292,80697600,0,1,331.922785
2005-02-23,119.4500,80.401405,68292600,0,1,334.301658
2005-02-24,120.2400,80.933159,68563600,0,1,336.512611
2005-02-25,121.4300,81.734146,60899900,0,1,339.843033
2005-02-28,120.6300,81.195625,69381300,0,1,337.604094
2005-03-01,121.2300,81.599510,47294400,0,1,339.283298
2005-03-02,121.1700,81.559128,64226500,0,1,339.115378
2005-03-03,121.2200,81.592766,61230800,0,1,339.255312
2005-03-04,122.7300,82.609161,56168500,0,1,343.481310
2005-03-07,122.7900,82.649529,43442400,0,1,343.649231
2005-03-08,122.3300,82.339928,44362000,0,1,342.361840
2005-03-09,120.9700,81.424545,73263600,0,1,338.555643
2005-03-10,121.2400,81.606216,65149000,0,1,339.311285
2005-03-11,120.3900,81.034119,57976500,0,1,336.932412
2005-03-14,121.1400,81.538956,36336400,0,1,339.031418
2005-03-15,120.1400,80.865822,62438500,0,1,336.232743
2005-03-16,119.1200,80.179268,74874200,0,1,333.378095
2005-03-17,119.3600,80.340790,62584200,0,1,334.049777
2005-03-18,118.5400,80.102272,60232000,0.467,1,333.061845
2005-03-21,118.1000,79.804985,61244300,0,1,331.825577
2005-03-22,116.9000,78.994041,92472400,0,1,328.453937
2005-03-23,117.0000,79.061638,70817300,0,1,328.734907
2005-03-24,117.1400,79.156235,51932500,0,1,329.128265
2005-03-28,117.3100,79.271111,46765500,0,1,329.605914
2005-03-29,116.5300,78.744057,71160300,0,1,327.414348
2005-03-30,118.1800,79.859016,62002100,0,1,332.050353
2005-03-31,117.9600,79.710327,64575400,0,1,331.432219
2005-04-01,117.4300,79.352203,95255300,0,1,329.943078
2005-04-04,117.6300,79.487343,71581200,0,1,330.505018
2005-04-05,118.1900,79.865753,46853900,0,1,332.078450
2005-04-06,118.6000,80.142830,53268200,0,1,333.230427
2005-04-07,119.2400,80.575294,46734600,0,1,335.028635
2005-04-08,118.0000,79.737343,63772900,0,1,331.544607
2005-04-11,118.0900,79.798187,44945000,0,1,331.797480
2005-04-12,118.7000,80.210411,86144800,0,1,333.511397
2005-04-13,117.3000,79.264381,65949000,0,1,329.577817
2005-04-14,115.7700,78.230476,96119800,0,1,325.278976
2005-04-15,114.1500,77.135796,128677300,0,1,320.727262
2005-04-18,114.5000,77.372307,100035200,0,1,321.710657
2005-04-19,115.4100,77.987213,64930100,0,1,324.267484
2005-04-20,113.8000,76.899254,107735900,0,1,319.743867
2005-04-21,116.0100,78.392632,86952200,0,1,325.953304
2005-04-22,115.5700,78.095329,88845800,0,1,324.717036
2005-04-25,116.3300,78.608887,52284100,0,1,326.852408
2005-04-26,115.2000,77.845284,72626000,0,1,323.677447
2005-04-27,115.6500,78.149361,84131900,0,1,324.941812
2005-04-28,114.2000,77.169571,72481500,0,1,320.867747
2005-04-29,115.7500,78.216980,103993800,0,1,325.222782
2005-05-02,116.4000,78.656212,56026400,0,1,327.049087
2005-05-03,116.6000,78.791351,86000300,0,1,327.611027
2005-05-04,117.5000,79.399498,81055700,0,1,330.139757
2005-05-05,117.4600,79.372505,96906700,0,1,330.027369
2005-05-06,117.0900,79.122421,67415400,0,1,328.987780
2005-05-09,117.8200,79.615723,43750500,0,1,331.038861
2005-05-10,116.6000,78.791351,74613500,0,1,327.611027
2005-05-11,117.2400,79.223801,91647400,0,1,329.409235
2005-05-12,115.9500,78.352097,95086800,0,1,325.784722
2005-05-13,115.7200,78.196686,85267000,0,1,325.138491
2005-05-16,116.8000,78.926498,49207000,0,1,328.172967
2005-05-17,117.5800,79.453583,61071800,0,1,330.364533
2005-05-18,118.7900,80.271194,77944900,0,1,333.764270
2005-05-19,119.2900,80.609100,61768100,0,1,335.169120
2005-05-20,119.1200,80.494225,46345500,0,1,334.691471
2005-05-23,119.7800,80.940208,51047900,0,1,336.545873
2005-05-24,119.5000,80.750992,50654100,0,1,335.759157
2005-05-25,119.4100,80.690208,47608800,0,1,335.506284
2005-05-26,120.0500,81.122673,43256200,0,1,337.304492
2005-05-27,120.2500,81.257759,24596100,0,1,337.866432
2005-05-31,119.4800,80.737442,43377200,0,1,335.702963
2005-06-01,120.5000,81.426750,69611000,0,1,338.568857
2005-06-02,120.7600,81.602425,39704500,0,1,339.299379
2005-06-03,120.1500,81.190224,60999400,0,1,337.585462
2005-06-06,120.0400,81.115883,36046400,0,1,337.276395
2005-06-07,120.1300,81.176712,66501300,0,1,337.529268
2005-06-08,119.9100,81.028030,46881200,0,1,336.911134
2005-06-09,120.4800,81.413254,56653300,0,1,338.512663
2005-06-10,120.2000,81.224014,36465300,0,1,337.725947
2005-06-13,120.5800,81.480782,49383200,0,1,338.793633
2005-06-14,120.8600,81.670021,33857100,0,1,339.580349
2005-06-15,121.0900,81.825409,53195600,0,1,340.226580
2005-06-16,121.4000,82.034897,46564500,0,1,341.097587
2005-06-17,121.3600,82.338844,51529400,0.488,1,342.356333
2005-06-20,121.4000,82.365982,41019400,0,1,342.469173
2005-06-21,121.4700,82.413445,39879800,0,1,342.666643
2005-06-22,121.5700,82.481323,46310100,0,1,342.948743
2005-06-23,119.8600,81.321144,62185600,0,1,338.124836
2005-06-24,118.9800,80.724113,58572500,0,1,335.642357
2005-06-27,119.1500,80.839439,48183800,0,1,336.121927
2005-06-28,120.1500,81.517891,41174200,0,1,338.942925
2005-06-29,119.8300,81.300804,42316500,0,1,338.040206
2005-06-30,119.1800,80.859779,62288800,0,1,336.206557
2005-07-01,119.5300,81.097229,49737500,0,1,337.193906
2005-07-05,120.4900,81.748581,51549000,0,1,339.902065
2005-07-06,119.4800,81.063309,52363600,0,1,337.052857
2005-07-07,119.9500,81.382225,103268800,0,1,338.378726
2005-07-08,121.3200,82.311714,64491200,0,1,342.243493
2005-07-11,121.9400,82.732376,49688300,0,1,343.992512
2005-07-12,122.2600,82.949478,51871100,0,1,344.895231
2005-07-13,122.4300,83.064804,41182300,0,1,345.374801
2005-07-14,122.9100,83.390465,63638800,0,1,346.728880
2005-07-15,122.8400,83.342972,56075900,0,1,346.531410
2005-07-18,122.3500,83.010544,56598400,0,1,345.149121
2005-07-19,123.0200,83.465134,59165700,0,1,347.039190
2005-07-20,123.4400,83.750076,69477000,0,1,348.224009
2005-07-21,122.7200,83.261581,101110900,0,1,346.192890
2005-07-22,123.5400,83.817924,52607100,0,1,348.506109
2005-07-25,123.1900,83.580452,57301600,0,1,347.518760
2005-07-26,123.3400,83.682205,42758800,0,1,347.941909
2005-07-27,123.7900,83.987503,43181600,0,1,349.211358
2005-07-28,124.5700,84.516731,47880700,0,1,351.411737
2005-07-29,123.7400,83.953575,62358100,0,1,349.070309
2005-08-01,123.6500,83.892563,40418200,0,1,348.816419
2005-08-02,124.3900,84.394608,45147400,0,1,350.903957
2005-08-03,124.7200,84.618530,36837200,0,1,351.834887
2005-08-04,123.7200,83.939995,50855600,0,1,349.013889
2005-08-05,122.8800,83.370125,53595500,0,1,346.644250
2005-08-08,122.6500,83.214066,47616000,0,1,345.995421
2005-08-09,123.3900,83.716171,47170000,0,1,348.082959
2005-08-10,123.3300,83.675438,72863700,0,1,347.913699
2005-08-11,123.8200,84.007866,58570200,0,1,349.295988
2005-08-12,123.0600,83.492256,54776900,0,1,347.152030
2005-08-15,123.8200,84.007866,36208500,0,1,349.295988
2005-08-16,122.2100,82.915558,71942100,0,1,344.754181
2005-08-17,122.2000,82.908760,62275100,0,1,344.725971
2005-08-18,122.1900,82.902000,53388600,0,1,344.697761
2005-08-19,122.4700,83.091949,39842100,0,1,345.487641
2005-08-22,122.4700,83.091949,69912000,0,1,345.487641
2005-08-23,122.2400,82.935905,55168600,0,1,344.838811
2005-08-24,121.1500,82.196373,79104600,0,1,341.763923
2005-08-25,121.5900,82.494888,35631100,0,1,343.005163
2005-08-26,120.7600,81.931755,61956800,0,1,340.663734
2005-08-29,121.6900,82.562706,56179200,0,1,343.287262
2005-08-30,121.0500,82.128540,74160200,0,1,341.481824
2005-08-31,122.5800,83.166573,102945200,0,1,345.797951
2005-09-01,122.4900,83.105507,74578700,0,1,345.544061
2005-09-02,122.2700,82.956253,47653400,0,1,344.923441
2005-09-06,123.7000,83.926491,57251300,0,1,348.957469
2005-09-07,123.9100,84.068939,41749700,0,1,349.549878
2005-09-08,123.5000,83.790779,39068700,0,1,348.393269
2005-09-09,124.6000,84.537064,43093900,0,1,351.496367
2005-09-12,124.3500,84.367470,33017600,0,1,350.791117
2005-09-13,123.6600,83.899330,58427500,0,1,348.844629
2005-09-14,123.2100,83.594025,57694600,0,1,347.575180
2005-09-15,123.1500,83.553322,73156900,0,1,347.405920
2005-09-16,123.5000,84.147438,75424100,0.522,1,349.865830
2005-09-19,123.0900,83.868111,53355300,0,1,348.704332
2005-09-20,122.0500,83.159500,84480300,0,1,345.758094
2005-09-21,120.9100,82.382729,94469100,0,1,342.528563
2005-09-22,121.3400,82.675713,84597200,0,1,343.746719
2005-09-23,121.4400,82.743851,59368100,0,1,344.030011
2005-09-26,121.5800,82.839249,70415400,0,1,344.426620
2005-09-27,121.5500,82.818817,66150800,0,1,344.341633
2005-09-28,121.6700,82.900574,58620500,0,1,344.681583
2005-09-29,122.6600,83.575119,66607700,0,1,347.486176
2005-09-30,123.0400,83.834061,47824200,0,1,348.562686
2005-10-03,122.6000,83.534241,50994800,0,1,347.316201
2005-10-04,121.2200,82.593987,60776300,0,1,343.406769
2005-10-05,119.6300,81.510612,106052100,0,1,338.902423
2005-10-06,119.2000,81.217628,140941800,0,1,337.684267
2005-10-07,119.6100,81.496979,75661400,0,1,338.845765
2005-10-10,118.6000,80.808784,52677000,0,1,335.984514
2005-10-11,118.4300,80.692963,75629800,0,1,335.502917
2005-10-12,117.5000,80.059311,100510400,0,1,332.868300
2005-10-13,117.4300,80.011620,99052900,0,1,332.669995
2005-10-14,118.6700,80.856529,88651000,0,1,336.182818
2005-10-17,119.1100,81.156265,68109300,0,1,337.429304
2005-10-18,117.8200,80.277382,74996900,0,1,333.774835
2005-10-19,119.7800,81.612793,116563800,0,1,339.327361
2005-10-20,117.6700,80.175148,131966700,0,1,333.349897
2005-10-21,118.1300,80.488579,96579500,0,1,334.653041
2005-10-24,119.9600,81.735435,71308400,0,1,339.837287
2005-10-25,119.7200,81.571907,76594500,0,1,339.157386
2005-10-26,119.3700,81.333435,80855800,0,1,338.165863
2005-10-27,118.1000,80.468155,66623100,0,1,334.568053
2005-10-28,119.8000,81.626419,72322000,0,1,339.384020
2005-10-31,120.1300,81.851265,77698900,0,1,340.318884
2005-11-01,120.4900,82.096581,66365100,0,1,341.338736
2005-11-02,121.7500,82.955078,74012300,0,1,344.908217
2005-11-03,122.2700,83.309402,84897600,0,1,346.381336
2005-11-04,122.1100,83.200371,59156000,0,1,345.928069
2005-11-07,122.2300,83.282127,46765400,0,1,346.268019
2005-11-08,122.2300,83.282127,42152800,0,1,346.268019
2005-11-09,122.3900,83.391136,57666800,0,1,346.721287
2005-11-10,123.3400,84.038429,79048100,0,1,349.412563
2005-11-11,123.7600,84.324600,34867000,0,1,350.602390
2005-11-14,123.6900,84.276924,45092200,0,1,350.404085
2005-11-15,123.2400,83.970284,69592500,0,1,349.129270
2005-11-16,123.4900,84.140656,51133000,0,1,349.837501
2005-11-17,124.6400,84.924202,55717500,0,1,353.095361
2005-11-18,125.1300,85.258057,72437200,0,1,354.483492
2005-11-21,125.7600,85.687309,50021200,0,1,356.268233
2005-11-22,126.3000,86.055229,66438800,0,1,357.798011
2005-11-23,127.0300,86.552650,50854700,0,1,359.866044
2005-11-25,127.1300,86.620766,15270000,0,1,360.149336
2005-11-28,126.2300,86.007591,54498500,0,1,357.599706
2005-11-29,126.0900,85.912140,51738900,0,1,357.203097
2005-11-30,125.4100,85.448830,56007200,0,1,355.276710
2005-12-01,126.6900,86.320976,65468200,0,1,358.902850
2005-12-02,126.8500,86.430023,46699400,0,1,359.356118
2005-12-05,126.5800,86.246025,59273400,0,1,358.591229
2005-12-06,126.8200,86.409554,57935200,0,1,359.271130
2005-12-07,126.0800,85.905342,66816500,0,1,357.174768
2005-12-08,126.0000,85.850845,62608600,0,1,356.948134
2005-12-09,126.3300,86.075684,50744500,0,1,357.882998
2005-12-12,126.4500,86.157448,48389900,0,1,358.222949
2005-12-13,127.3100,86.743423,88630900,0,1,360.659262
2005-12-14,127.8100,87.084068,64375000,0,1,362.075723
2005-12-15,127.4400,86.832008,55900300,0,1,361.027542
2005-12-16,126.3600,86.552513,46238300,0.672,1,359.871709
2005-12-19,125.7100,86.107315,48733000,0,1,358.020518
2005-12-20,125.8300,86.189491,46603200,0,1,358.362276
2005-12-21,126.0300,86.326500,51806900,0,1,358.931874
2005-12-22,126.6900,86.778587,32247900,0,1,360.811545
2005-12-23,126.7600,86.826508,27977300,0,1,361.010905
2005-12-27,125.4700,85.942909,44499500,0,1,357.337001
2005-12-28,125.7500,86.134712,30764300,0,1,358.134437
2005-12-29,125.1900,85.751106,32788900,0,1,356.539564
2005-12-30,124.5100,85.285332,44645600,0,1,354.602932
2006-01-03,126.7000,86.785416,73256700,0,1,360.840025
2006-01-04,127.3000,87.196426,51899600,0,1,362.548818
2006-01-05,127.3800,87.251175,47307500,0,1,362.776657
2006-01-06,128.4400,87.977295,62885900,0,1,365.795524
2006-01-09,128.7700,88.203278,43527400,0,1,366.735360
2006-01-10,128.9000,88.292336,44960800,0,1,367.105598
2006-01-11,129.3100,88.573204,49598900,0,1,368.273273
2006-01-12,128.8000,88.223839,40509200,0,1,366.820799
2006-01-13,128.6800,88.141655,44856700,0,1,366.479041
2006-01-17,128.3300,87.901932,52066600,0,1,365.482245
2006-01-18,127.8200,87.552513,75067600,0,1,364.029771
2006-01-19,128.3100,87.888222,81530400,0,1,365.425285
2006-01-20,125.9700,86.285378,114957800,0,1,358.760994
2006-01-23,126.4200,86.593643,67017400,0,1,360.042589
2006-01-24,126.5500,86.682655,53008800,0,1,360.412827
2006-01-25,126.6600,86.757988,87747700,0,1,360.726106
2006-01-26,127.3600,87.237495,71294000,0,1,362.719697
2006-01-27,128.5400,88.045753,65771200,0,1,366.080322
2006-01-30,128.4400,87.977295,33709600,0,1,365.795524
2006-01-31,127.5000,87.333374,72937000,0,1,363.118415
2006-02-01,128.3900,87.943039,63561000,0,1,365.653124
2006-02-02,126.9000,86.922394,83626900,0,1,361.409623
2006-02-03,126.2700,86.490875,86040400,0,1,359.615391
2006-02-06,126.6000,86.716919,45511900,0,1,360.555227
2006-02-07,125.4800,85.949760,71208100,0,1,357.365480
2006-02-08,126.6200,86.730606,59422200,0,1,360.612186
2006-02-09,126.4100,86.586761,62023300,0,1,360.014109
2006-02-10,126.6400,86.744347,64508700,0,1,360.669146
2006-02-13,126.4100,86.586761,52308700,0,1,360.014109
2006-02-14,127.7500,87.504646,90964400,0,1,363.830412
2006-02-15,128.2000,87.812836,85471300,0,1,365.112007
2006-02-16,129.1600,88.470451,61017900,0,1,367.846075
2006-02-17,128.8100,88.230705,40342600,0,1,366.849279
2006-02-21,128.4900,88.011520,46456300,0,1,365.937923
2006-02-22,129.2700,88.545792,42326700,0,1,368.159353
2006-02-23,129.0800,88.415657,43423200,0,1,367.618236
2006-02-24,129.4100,88.641663,36777400,0,1,368.558072
2006-02-27,129.4600,88.675934,35858600,0,1,368.700471
2006-02-28,128.2300,87.833412,74394800,0,1,365.197446
2006-03-01,129.3700,88.614296,48641600,0,1,368.444152
2006-03-02,129.3600,88.607430,60642300,0,1,368.415672
2006-03-03,128.7600,88.196426,73402500,0,1,366.706880
2006-03-06,128.1700,87.792320,57478400,0,1,365.026567
2006-03-07,127.9700,87.655327,61780800,0,1,364.456969
2006-03-08,128.2400,87.840286,66692400,0,1,365.225926
2006-03-09,127.3800,87.251175,56313600,0,1,362.776657
2006-03-10,128.5900,88.080009,60490800,0,1,366.222722
2006-03-13,128.8300,88.244400,45479100,0,1,366.906239
2006-03-14,130.1800,89.169090,69877300,0,1,370.751022
2006-03-15,130.7600,89.566353,53398900,0,1,372.402855
2006-03-16,131.0300,89.751328,65526400,0,1,373.171811
2006-03-17,130.6200,89.826294,47286800,0.519,1,373.482242
2006-03-20,130.4100,89.681854,45538500,0,1,372.881788
2006-03-21,129.5900,89.117950,87102700,0,1,370.537159
2006-03-22,130.3800,89.661247,51605700,0,1,372.796009
2006-03-23,130.1100,89.475601,46704200,0,1,372.023997
2006-03-24,130.2100,89.544304,43209200,0,1,372.309928
2006-03-27,130.0200,89.413658,32523000,0,1,371.766660
2006-03-28,129.2200,88.863503,82079900,0,1,369.479217
2006-03-29,130.0300,89.420555,61505700,0,1,371.795253
2006-03-30,129.8000,89.262383,70571700,0,1,371.137613
2006-03-31,129.8300,89.282997,62925600,0,1,371.223392
2006-04-03,129.7300,89.214272,61624700,0,1,370.937462
2006-04-04,130.5600,89.785011,54809300,0,1,373.310684
2006-04-05,131.0100,90.094460,50607200,0,1,374.597371
2006-04-06,130.8700,89.998222,57906200,0,1,374.197068
2006-04-07,129.5400,89.083557,80180900,0,1,370.394194
2006-04-10,129.7400,89.221115,41496500,0,1,370.966055
2006-04-11,128.6400,88.464638,72799400,0,1,367.820821
2006-04-12,128.8800,88.629700,43033700,0,1,368.507054
2006-04-13,128.7100,88.512794,51051800,0,1,368.020972
2006-04-17,128.6600,88.478394,64167700,0,1,367.878007
2006-04-18,130.7000,89.881287,92531800,0,1,373.710986
2006-04-19,130.9500,90.053238,87269000,0,1,374.425812
2006-04-20,131.1300,90.176987,86005500,0,1,374.940487
2006-04-21,131.1500,90.190735,72342600,0,1,374.997673
2006-04-24,130.9100,90.025696,52546400,0,1,374.311440
2006-04-25,130.3700,89.654358,84359800,0,1,372.767416
2006-04-26,130.4000,89.674988,67262400,0,1,372.853195
2006-04-27,131.0300,90.108246,124478600,0,1,374.654557
2006-04-28,131.4700,90.410843,55854400,0,1,375.912650
2006-05-01,130.4000,89.674988,64990300,0,1,372.853195
2006-05-02,131.3800,90.348907,49063500,0,1,375.655313
2006-05-03,130.8900,90.011940,60821300,0,1,374.254254
2006-05-04,131.3600,90.335175,42921400,0,1,375.598127
2006-05-05,132.5200,91.132919,62588200,0,1,378.914919
2006-05-08,132.3600,91.022865,30016700,0,1,378.457430
2006-05-09,132.6200,91.201660,29864000,0,1,379.200849
2006-05-10,132.5500,91.153534,64378200,0,1,379.000698
2006-05-11,130.9500,90.053238,80626900,0,1,374.425812
2006-05-12,129.2400,88.877258,91726500,0,1,369.536403
2006-05-15,129.5000,89.056068,84029300,0,1,370.279822
2006-05-16,129.3100,88.925430,62137600,0,1,369.736554
2006-05-17,126.8500,87.233696,144789500,0,1,362.702667
2006-05-18,126.2100,86.793549,87906300,0,1,360.872713
2006-05-19,127.1000,87.405594,124309400,0,1,363.417493
2006-05-22,126.1300,86.738564,110852800,0,1,360.643969
2006-05-23,125.1700,86.078362,92006500,0,1,357.899037
2006-05-24,126.1700,86.766029,168405000,0,1,360.758341
2006-05-25,127.7300,87.838867,78977900,0,1,365.218855
2006-05-26,128.3800,88.285851,62989700,0,1,367.077402
2006-05-30,126.1000,86.717934,72419900,0,1,360.558190
2006-05-31,127.5100,87.687553,86926200,0,1,364.589808
2006-06-01,128.7300,88.526527,73721700,0,1,368.078158
2006-06-02,129.0000,88.712212,91702600,0,1,368.850170
2006-06-05,127.1200,87.419350,86105100,0,1,363.474679
2006-06-06,126.8100,87.206184,130498600,0,1,362.588295
2006-06-07,125.8600,86.552864,108599400,0,1,359.871957
2006-06-08,125.7500,86.477226,204957200,0,1,359.557433
2006-06-09,125.3500,86.202133,94972200,0,1,358.413712
2006-06-12,123.9900,85.266876,95815900,0,1,354.525059
2006-06-13,122.5500,84.276619,185688800,0,1,350.407662
2006-06-14,123.5000,84.929924,163566400,0,1,353.124000
2006-06-15,126.1200,86.731667,134057000,0,1,360.615376
2006-06-16,124.6500,86.099663,94253500,0.555,1,357.999113
2006-06-19,123.6700,85.422699,95804400,0,1,355.184519
2006-06-20,124.0900,85.712830,65494700,0,1,356.390773
2006-06-21,125.0100,86.348312,75008200,0,1,359.033045
2006-06-22,124.4600,85.968391,74566100,0,1,357.453426
2006-06-23,124.4400,85.954620,54107000,0,1,357.395986
2006-06-26,124.9900,86.334511,37899600,0,1,358.975605
2006-06-27,123.9100,85.588509,69780200,0,1,355.873807
2006-06-28,124.7500,86.168747,62368100,0,1,358.286316
2006-06-29,127.2700,87.909348,110634800,0,1,365.523844
2006-06-30,127.2800,87.916306,54227800,0,1,365.552564
2006-07-03,127.8000,88.275444,23914000,0,1,367.046022
2006-07-05,127.0700,87.771194,69653400,0,1,364.949437
2006-07-06,127.4400,88.026794,50100300,0,1,366.012089
2006-07-07,126.6100,87.453506,81626500,0,1,363.628301
2006-07-10,126.8500,87.619278,60964100,0,1,364.317589
2006-07-11,127.4100,88.006050,73640800,0,1,365.925928
2006-07-12,126.0500,87.066689,82561300,0,1,362.019961
2006-07-13,124.0000,85.650688,102405700,0,1,356.132290
2006-07-14,123.5200,85.319122,103242500,0,1,354.753714
2006-07-17,123.3400,85.194817,81159000,0,1,354.236748
2006-07-18,123.9700,85.629929,122771000,0,1,356.046129
2006-07-19,125.6900,86.818031,133565300,0,1,360.986029
2006-07-20,124.8300,86.223984,112259800,0,1,358.516079
2006-07-21,123.9500,85.616127,101560000,0,1,355.988689
2006-07-24,126.2100,87.177170,92884000,0,1,362.479487
2006-07-25,126.6600,87.487991,95480700,0,1,363.771902
2006-07-26,126.8300,87.605438,84525800,0,1,364.260148
2006-07-27,126.7100,87.522560,87257100,0,1,363.915504
2006-07-28,127.9800,88.399788,82137000,0,1,367.562988
2006-07-31,127.8500,88.309982,49593100,0,1,367.189624
2006-08-01,127.2200,87.874847,65225600,0,1,365.380242
2006-08-02,128.0800,88.468872,64770900,0,1,367.850192
2006-08-03,128.4200,88.703697,63693800,0,1,368.826683
2006-08-04,128.2000,88.551750,96294200,0,1,368.194836
2006-08-07,127.9000,88.344543,45377300,0,1,367.333225
2006-08-08,127.4100,88.006050,90901300,0,1,365.925928
2006-08-09,126.9800,87.709068,78910600,0,1,364.690953
2006-08-10,127.3700,87.978432,69322300,0,1,365.811047
2006-08-11,127.0100,87.729774,47482200,0,1,364.777115
2006-08-14,127.1100,87.798843,57839000,0,1,365.064318
2006-08-15,128.6300,88.848755,68143000,0,1,369.429811
2006-08-16,129.7000,89.587852,71737600,0,1,372.502888
2006-08-17,130.0300,89.815796,70992800,0,1,373.450659
2006-08-18,130.6900,90.271690,58288400,0,1,375.346202
2006-08-21,130.1300,89.884850,42133600,0,1,373.737862
2006-08-22,130.1200,89.877960,60839900,0,1,373.709142
2006-08-23,129.7600,89.629265,66592100,0,1,372.675210
2006-08-24,129.6500,89.553276,57983000,0,1,372.359286
2006-08-25,129.8100,89.663841,41756000,0,1,372.818811
2006-08-28,130.4300,90.092079,52681500,0,1,374.599473
2006-08-29,130.5800,90.195671,61817800,0,1,375.030278
2006-08-30,130.6600,90.250931,50052200,0,1,375.260041
2006-08-31,130.6400,90.237122,37510300,0,1,375.202600
2006-09-01,131.4200,90.775879,48794500,0,1,377.442787
2006-09-05,131.6700,90.948578,52348300,0,1,378.160796
2006-09-06,130.5100,90.147316,53795600,0,1,374.829236
2006-09-07,129.9100,89.732910,86269400,0,1,373.106015
2006-09-08,130.2800,89.988472,45096300,0,1,374.168668
2006-09-11,130.4100,90.078255,68496600,0,1,374.542032
2006-09-12,131.6900,90.962433,69875600,0,1,378.218236
2006-09-13,132.2200,91.328506,62898400,0,1,379.740415
2006-09-14,132.2300,91.335396,57805400,0,1,379.769135
2006-09-15,131.9600,91.549774,76703100,0.579,1,380.656594
2006-09-18,132.1400,91.674637,64154100,0,1,381.175828
2006-09-19,131.8100,91.445702,92089100,0,1,380.223898
2006-09-20,132.5100,91.931320,75204100,0,1,382.243144
2006-09-21,131.8700,91.487312,88932500,0,1,380.396977
2006-09-22,131.4700,91.209801,65966800,0,1,379.243122
2006-09-25,132.4800,91.910515,92299100,0,1,382.156605
2006-09-26,133.5800,92.673668,73962700,0,1,385.329704
2006-09-27,133.7400,92.784653,82432200,0,1,385.791246
2006-09-28,133.6900,92.749969,58597500,0,1,385.647014
2006-09-29,133.5800,92.673668,47966600,0,1,385.329704
2006-10-02,133.0800,92.326790,51687400,0,1,383.887386
2006-10-03,133.3600,92.521049,73108100,0,1,384.695085
2006-10-04,134.9200,93.603287,80890500,0,1,389.195117
2006-10-05,135.1800,93.783707,60505900,0,1,389.945122
2006-10-06,135.0100,93.665771,64983600,0,1,389.454734
2006-10-09,135.0900,93.721260,41176800,0,1,389.685505
2006-10-10,135.2700,93.846153,56403700,0,1,390.204740
2006-10-11,135.1100,93.735130,104071800,0,1,389.743198
2006-10-12,136.2800,94.546860,59158600,0,1,393.118222
2006-10-13,136.6300,94.789680,53944000,0,1,394.127845
2006-10-16,136.8400,94.935310,42273000,0,1,394.733619
2006-10-17,136.4100,94.637024,90500600,0,1,393.493225
2006-10-18,136.5900,94.761894,86848600,0,1,394.012459
2006-10-19,136.8100,94.914543,64063200,0,1,394.647079
2006-10-20,136.8400,94.935310,48094500,0,1,394.733619
2006-10-23,137.4700,95.372421,66219900,0,1,396.550939
2006-10-24,137.8800,95.656883,53234900,0,1,397.733640
2006-10-25,138.3500,95.982925,78105400,0,1,399.089419
2006-10-26,138.7800,96.281273,66843700,0,1,400.329813
2006-10-27,137.9100,95.677711,80238000,0,1,397.820179
2006-10-30,137.8100,95.608330,49717800,0,1,397.531716
2006-10-31,137.7900,95.594429,71274100,0,1,397.474023
2006-11-01,136.8600,94.949226,83005600,0,1,394.791311
2006-11-02,136.7800,94.893730,60693100,0,1,394.560540
2006-11-03,136.5400,94.727264,71346400,0,1,393.868228
2006-11-06,138.0800,95.795624,63303300,0,1,398.310567
2006-11-07,138.6100,96.163322,63318900,0,1,399.839425
2006-11-08,138.9100,96.371460,87517800,0,1,400.704815
2006-11-09,138.1800,95.864990,95916300,0,1,398.599031
2006-11-10,138.2400,95.906593,48991500,0,1,398.772109
2006-11-13,138.5800,96.142479,59398200,0,1,399.752886
2006-11-14,139.6200,96.864059,96704000,0,1,402.752907
2006-11-15,140.0200,97.141571,76509600,0,1,403.906762
2006-11-16,140.3800,97.391319,76728800,0,1,404.945231
2006-11-17,140.4200,97.419052,56353800,0,1,405.060616
2006-11-20,140.5000,97.474533,69174200,0,1,405.291387
2006-11-21,140.6400,97.571671,51367900,0,1,405.695236
2006-11-22,140.9200,97.765945,45505300,0,1,406.502934
2006-11-24,140.3500,97.370506,30998000,0,1,404.858692
2006-11-27,138.4200,96.031525,84545100,0,1,399.291344
2006-11-28,139.0200,96.447784,106652900,0,1,401.022125
2006-11-29,140.4700,97.453728,90034900,0,1,405.204848
2006-11-30,140.5300,97.495377,83994300,0,1,405.377926
2006-12-01,140.2200,97.280273,126080000,0,1,404.483689
2006-12-04,141.2900,98.022606,87813200,0,1,407.570250
2006-12-05,141.9000,98.445854,73374400,0,1,409.329878
2006-12-06,141.7800,98.362572,53253200,0,1,408.983721
2006-12-07,141.1600,97.932411,62857400,0,1,407.195247
2006-12-08,141.4200,98.112854,79625500,0,1,407.945252
2006-12-11,141.8300,98.397270,39779400,0,1,409.127953
2006-12-12,141.7200,98.320976,77451600,0,1,408.810643
2006-12-13,141.8700,98.425034,55520200,0,1,409.243339
2006-12-14,143.1200,99.292191,64755200,0,1,412.849134
2006-12-15,142.3400,99.301308,70857400,0.793,1,412.886634
2006-12-18,141.9500,99.029243,48954600,0,1,411.755358
2006-12-19,142.2200,99.217613,65023600,0,1,412.538549
2006-12-20,142.1400,99.161766,41469600,0,1,412.306493
2006-12-21,141.6200,98.799004,48698400,0,1,410.798125
2006-12-22,140.7500,98.192062,62069100,0,1,408.274510
2006-12-26,141.5800,98.771133,32696900,0,1,410.682097
2006-12-27,142.5100,99.419884,39727100,0,1,413.379754
2006-12-28,142.2100,99.210617,37288800,0,1,412.509542
2006-12-29,141.6200,98.799004,45461200,0,1,410.798125
2007-01-03,141.3700,98.624626,94807600,0,1,410.072948
2007-01-04,141.6700,98.833885,69620600,0,1,410.943160
2007-01-05,140.5400,98.045570,76645300,0,1,407.665362
2007-01-08,141.1900,98.499016,71655000,0,1,409.550821
2007-01-09,141.0700,98.415314,75680100,0,1,409.202736
2007-01-10,141.5400,98.743172,72428000,0,1,410.566069
2007-01-11,142.1600,99.175735,54476800,0,1,412.364507
2007-01-12,143.2400,99.929161,55370600,0,1,415.497270
2007-01-16,142.9600,99.733833,44871300,0,1,414.685072
2007-01-17,143.0200,99.775703,50241400,0,1,414.859115
2007-01-18,142.5400,99.440811,68177300,0,1,413.466776
2007-01-19,142.8200,99.636177,56973000,0,1,414.278974
2007-01-22,142.3800,99.329216,60253600,0,1,413.002662
2007-01-23,142.8000,99.622238,54064400,0,1,414.220959
2007-01-24,143.9500,100.424515,55834700,0,1,417.556772
2007-01-25,142.2600,99.245529,73583800,0,1,412.654578
2007-01-26,142.1300,99.154770,67255600,0,1,412.277486
2007-01-29,142.0500,99.099014,66114600,0,1,412.045429
2007-01-30,142.7900,99.615242,70407600,0,1,414.191952
2007-01-31,143.7500,100.284966,91868600,0,1,416.976631
2007-02-01,144.6100,100.884903,69312400,0,1,419.471239
2007-02-02,144.8100,101.024445,49607000,0,1,420.051380
2007-02-05,144.8500,101.052353,45705300,0,1,420.167409
2007-02-06,144.8900,101.080246,57081300,0,1,420.283437
2007-02-07,145.2100,101.303497,55669700,0,1,421.211663
2007-02-08,145.0200,101.170944,70641000,0,1,420.660529
2007-02-09,143.9400,100.417511,79084400,0,1,417.527765
2007-02-12,143.4500,100.075645,65657000,0,1,416.106419
2007-02-13,144.6600,100.919807,64081800,0,1,419.616274
2007-02-14,145.6100,101.582573,66039400,0,1,422.371946
2007-02-15,145.8000,101.715103,38715200,0,1,422.923080
2007-02-16,145.7300,101.666267,39841800,0,1,422.720031
2007-02-20,146.0400,101.882553,56911800,0,1,423.619250
2007-02-21,145.9800,101.840706,63971600,0,1,423.445208
2007-02-22,145.8700,101.763947,79067400,0,1,423.126130
2007-02-23,145.3000,101.366302,71966200,0,1,421.472727
2007-02-26,145.1700,101.275589,69192800,0,1,421.095635
2007-02-27,139.5000,97.320023,274466500,0,1,404.648626
2007-02-28,140.9300,98.317589,177536300,0,1,408.796637
2007-03-01,140.5100,98.024597,212828600,0,1,407.578340
2007-03-02,138.6700,96.740982,162574000,0,1,402.241039
2007-03-05,137.3500,95.820107,143750400,0,1,398.412106
2007-03-06,139.7000,97.459541,143333300,0,1,405.228768
2007-03-07,139.5600,97.361870,115144900,0,1,404.822669
2007-03-08,140.7400,98.185074,117891600,0,1,408.245503
2007-03-09,140.7800,98.212990,107765100,0,1,408.361531
2007-03-12,140.9900,98.359459,80366900,0,1,408.970680
2007-03-13,138.2500,96.447990,190605200,0,1,401.022743
2007-03-14,139.2800,97.166534,231853800,0,1,404.010471
2007-03-15,139.4700,97.299049,132435900,0,1,404.561605
2007-03-16,138.5300,97.026604,121531600,0.551,1,403.433230
2007-03-19,140.2000,98.196289,96161200,0,1,408.296678
2007-03-20,140.9700,98.735603,82147400,0,1,410.539107
2007-03-21,143.2900,100.360542,152368700,0,1,417.295514
2007-03-22,143.1800,100.283478,118942200,0,1,416.975167
2007-03-23,143.3900,100.430595,74416800,0,1,417.586738
2007-03-26,143.2000,100.297470,113787500,0,1,417.033412
2007-03-27,142.8600,100.059349,99864600,0,1,416.043249
2007-03-28,141.8200,99.330978,152907900,0,1,413.014514
2007-03-29,141.9700,99.435974,139432700,0,1,413.451351
2007-03-30,142.0000,99.457031,128194100,0,1,413.538718
2007-04-02,142.1600,99.569092,79416400,0,1,414.004678
2007-04-03,143.6900,100.640678,82417800,0,1,418.460412
2007-04-04,143.8500,100.752754,63995200,0,1,418.926371
2007-04-05,144.2400,101.025917,46822800,0,1,420.062146
2007-04-09,144.4400,101.165962,50967400,0,1,420.644595
2007-04-10,144.6100,101.285072,56620000,0,1,421.139677
2007-04-11,144.0200,100.871849,106365700,0,1,419.421452
2007-04-12,144.6600,101.320084,115534400,0,1,421.285289
2007-04-13,145.3200,101.782379,84287000,0,1,423.207370
2007-04-16,146.7000,102.748886,83064600,0,1,427.226268
2007-04-17,147.0900,103.022011,108424100,0,1,428.362043
2007-04-18,147.2700,103.148132,88345300,0,1,428.886247
2007-04-19,147.2300,103.120132,102947700,0,1,428.769757
2007-04-20,148.6200,104.093666,124114100,0,1,432.817777
2007-04-23,148.0600,103.701416,77270800,0,1,431.186920
2007-04-24,148.1200,103.743454,114471000,0,1,431.361655
2007-04-25,149.4800,104.696068,108418800,0,1,435.322307
2007-04-26,149.6500,104.815079,88741600,0,1,435.817389
2007-04-27,149.5300,104.731026,108191100,0,1,435.467920
2007-04-30,148.2900,103.862541,100874100,0,1,431.856736
2007-05-01,148.6700,104.128677,134342700,0,1,432.963389
2007-05-02,149.5400,104.738045,87129800,0,1,435.497042
2007-05-03,150.3500,105.305382,86569700,0,1,437.855960
2007-05-04,150.9200,105.704628,96409000,0,1,439.515939
2007-05-07,150.9500,105.725548,63461400,0,1,439.603307
2007-05-08,150.7500,105.585518,80584000,0,1,439.020858
2007-05-09,151.1600,105.872711,102070100,0,1,440.214878
2007-05-10,149.5800,104.766121,153617800,0,1,435.613532
2007-05-11,150.8600,105.662560,113408900,0,1,439.341205
2007-05-14,150.5300,105.431427,108027500,0,1,438.380164
2007-05-15,150.5700,105.459488,180673300,0,1,438.496654
2007-05-16,151.6000,106.180893,114166500,0,1,441.496266
2007-05-17,151.3000,105.970787,101132800,0,1,440.622592
2007-05-18,152.6200,106.895287,99182000,0,1,444.466755
2007-05-21,152.5400,106.839226,174664600,0,1,444.233775
2007-05-22,152.4200,106.755173,82148800,0,1,443.884306
2007-05-23,152.4400,106.769203,133786600,0,1,443.942551
2007-05-24,151.0600,105.802681,187593000,0,1,439.923654
2007-05-25,151.6900,106.243927,83309200,0,1,441.758368
2007-05-29,152.2400,106.629135,82020000,0,1,443.360102
2007-05-30,153.4800,107.497566,129013600,0,1,446.971285
2007-05-31,153.3200,107.385551,114866700,0,1,446.505326
2007-06-01,154.0800,107.917885,107771700,0,1,448.718632
2007-06-04,154.1000,107.931854,78008800,0,1,448.776877
2007-06-05,153.4900,107.504646,126917900,0,1,447.000408
2007-06-06,151.8400,106.348953,164096800,0,1,442.195204
2007-06-07,149.1000,104.429840,232414600,0,1,434.215654
2007-06-08,151.0400,105.788689,175886000,0,1,439.865409
2007-06-11,151.3000,105.970787,102015600,0,1,440.622592
2007-06-12,149.6500,104.815079,233898000,0,1,435.817389
2007-06-13,151.8900,106.383980,193208200,0,1,442.340817
2007-06-14,152.8600,107.063362,146396500,0,1,445.165694
2007-06-15,153.0700,107.672531,154030800,0.656,1,447.687697
2007-06-18,152.8900,107.545906,88537500,0,1,447.161247
2007-06-19,153.2700,107.813217,110851700,0,1,448.272642
2007-06-20,151.1400,106.314888,177119700,0,1,442.042978
2007-06-21,151.9800,106.905807,205262000,0,1,444.499747
2007-06-22,150.5500,105.899925,204964700,0,1,440.317390
2007-06-25,149.8300,105.393471,232014400,0,1,438.211588
2007-06-26,148.2900,104.310188,198445700,0,1,433.707511
2007-06-27,150.4000,105.794434,213638000,0,1,439.878681
2007-06-28,150.3800,105.780342,157705000,0,1,439.820186
2007-06-29,150.4300,105.815529,199701800,0,1,439.966423
2007-07-02,151.7900,106.772217,103357000,0,1,443.944049
2007-07-03,152.3400,107.159050,54048400,0,1,445.552648
2007-07-05,152.1800,107.046516,89279000,0,1,445.084692
2007-07-06,152.9800,107.609238,81109000,0,1,447.424472
2007-07-09,153.1000,107.693680,72348100,0,1,447.775439
2007-07-10,150.9200,106.160233,180362600,0,1,441.399538
2007-07-11,151.9900,106.912827,175607600,0,1,444.528994
2007-07-12,154.3900,108.601097,133882500,0,1,451.548335
2007-07-13,154.8500,108.924667,111794300,0,1,452.893708
2007-07-16,154.8300,108.910553,98378700,0,1,452.835214
2007-07-17,154.7500,108.854271,126201300,0,1,452.601236
2007-07-18,154.4700,108.657310,237887400,0,1,451.782313
2007-07-19,155.0700,109.079384,145212700,0,1,453.537148
2007-07-20,153.5000,107.975052,245502500,0,1,448.945329
2007-07-23,153.9700,108.305603,121183900,0,1,450.319950
2007-07-24,151.3000,106.427521,256732400,0,1,442.510934
2007-07-25,151.6100,106.645561,265214500,0,1,443.417599
2007-07-26,148.0200,104.120316,467592500,0,1,432.917835
2007-07-27,145.1100,102.073341,422987600,0,1,424.406884
2007-07-30,147.3800,103.670128,283017500,0,1,431.046011
2007-07-31,145.7200,102.502388,316976700,0,1,426.190967
2007-08-01,146.4300,103.001846,467670000,0,1,428.267522
2007-08-02,147.6000,103.824852,294758400,0,1,431.689450
2007-08-03,143.8000,101.151848,359398200,0,1,420.575494
2007-08-06,146.2100,102.847092,324980000,0,1,427.624082
2007-08-07,147.7700,103.944412,232568700,0,1,432.186653
2007-08-08,149.8300,105.393471,274930600,0,1,438.211588
2007-08-09,145.3900,102.270309,357622100,0,1,425.225807
2007-08-10,144.7100,101.791977,411018400,0,1,423.236994
2007-08-13,145.2300,102.157692,181917200,0,1,424.757851
2007-08-14,143.0100,100.596153,264134500,0,1,418.264961
2007-08-15,141.0400,99.210381,323834000,0,1,412.503252
2007-08-16,142.1000,99.956024,546743700,0,1,415.603461
2007-08-17,144.7100,101.791977,388218100,0,1,423.236994
2007-08-20,144.6400,101.742706,187320400,0,1,423.032263
2007-08-21,144.9300,101.946716,157066400,0,1,423.880434
2007-08-22,146.6500,103.156593,173156700,0,1,428.910961
2007-08-23,146.5200,103.065094,203915300,0,1,428.530747
2007-08-24,148.3300,104.338318,128901900,0,1,433.824500
2007-08-27,146.9500,103.367577,113024300,0,1,429.788379
2007-08-28,143.7200,101.095558,219790700,0,1,420.341516
2007-08-29,146.5400,103.079185,207654200,0,1,428.589241
2007-08-30,146.1500,102.804886,191817300,0,1,427.448599
2007-08-31,147.5900,103.817810,185477500,0,1,431.660203
2007-09-04,149.0800,104.865952,120062000,0,1,436.018044
2007-09-05,147.7900,103.958519,166261800,0,1,432.245148
2007-09-06,148.1300,104.197701,127878400,0,1,433.239555
2007-09-07,146.0700,102.748650,235447600,0,1,427.214621
2007-09-10,145.7900,102.551628,192305900,0,1,426.395697
2007-09-11,147.4900,103.747452,162081900,0,1,431.367730
2007-09-12,147.8700,104.014771,149554600,0,1,432.479126
2007-09-13,148.9100,104.746269,154079000,0,1,435.520840
2007-09-14,148.9000,104.739265,121911000,0,1,435.491593
2007-09-17,148.1000,104.176605,109870800,0,1,433.151813
2007-09-18,152.4600,107.243462,263759500,0,1,445.903615
2007-09-19,153.3600,107.876564,193779900,0,1,448.535868
2007-09-20,152.2800,107.116852,175186800,0,1,445.377164
2007-09-21,151.9700,107.405914,141457500,0.719,1,446.573377
2007-09-24,151.6900,107.208031,139450200,0,1,445.750580
2007-09-25,151.3900,106.995979,142289900,0,1,444.869011
2007-09-26,152.1900,107.561378,135547000,0,1,447.219861
2007-09-27,153.0900,108.197456,102713300,0,1,449.864567
2007-09-28,152.5800,107.837036,133372100,0,1,448.365900
2007-10-01,154.3000,109.052689,148162300,0,1,453.420228
2007-10-02,154.0900,108.904282,112978800,0,1,452.803130
2007-10-03,153.7800,108.685120,119055900,0,1,451.892176
2007-10-04,154.0200,108.854736,76864400,0,1,452.597431
2007-10-05,155.8500,110.148178,134579700,0,1,457.975000
2007-10-08,155.0200,109.561523,71280400,0,1,455.535993
2007-10-09,156.4800,110.593414,94054300,0,1,459.826295
2007-10-10,156.2200,110.409630,101711100,0,1,459.062269
2007-10-11,155.4700,109.879562,233529100,0,1,456.858347
2007-10-12,156.3300,110.487373,124546700,0,1,459.385511
2007-10-15,155.0100,109.554466,161151900,0,1,455.506608
2007-10-16,153.7800,108.685120,166525700,0,1,451.892176
2007-10-17,154.2500,109.017319,216687300,0,1,453.273300
2007-10-18,153.6900,108.621552,148367500,0,1,451.627705
2007-10-19,149.6700,105.780373,297169900,0,1,439.814683
2007-10-22,150.5400,106.395195,261989800,0,1,442.371232
2007-10-23,151.7600,107.257477,180085100,0,1,445.956279
2007-10-24,151.4800,107.059578,326694200,0,1,445.133481
2007-10-25,151.8400,107.314018,237374500,0,1,446.191364
2007-10-26,153.6200,108.572037,176484000,0,1,451.422006
2007-10-29,154.1300,108.932487,106841000,0,1,452.920673
2007-10-30,153.0600,108.176239,132981600,0,1,449.776410
2007-10-31,154.6500,109.299988,220954400,0,1,454.448725
2007-11-01,151.0300,106.741570,333040800,0,1,443.811128
2007-11-02,151.2000,106.861740,331228200,0,1,444.310684
2007-11-05,150.0500,106.048927,226841000,0,1,440.931337
2007-11-06,152.0700,107.476562,177800500,0,1,446.867233
2007-11-07,147.9100,104.536476,306639700,0,1,434.642812
2007-11-08,147.1600,104.006409,374509900,0,1,432.438890
2007-11-09,145.1400,102.578812,277745100,0,1,426.502994
2007-11-12,143.7000,101.561066,243087800,0,1,422.271463
2007-11-13,148.0800,104.656609,191117400,0,1,435.142368
2007-11-14,147.6700,104.366890,230558800,0,1,433.937557
2007-11-15,145.5400,102.861435,263111100,0,1,427.678419
2007-11-16,145.7900,103.038116,308770600,0,1,428.413059
2007-11-19,143.7600,101.603455,267746000,0,1,422.447777
2007-11-20,144.6400,102.225372,414767500,0,1,425.033712
2007-11-21,141.6800,100.133392,259012400,0,1,416.335567
2007-11-23,144.1300,101.864967,77688400,0,1,423.535045
2007-11-26,140.9500,99.617432,214232000,0,1,414.190416
2007-11-27,142.5700,100.762451,293897900,0,1,418.950887
2007-11-28,147.1300,103.985214,258596900,0,1,432.350734
2007-11-29,147.1800,104.020561,199409900,0,1,432.497662
2007-11-30,148.6600,105.066536,222908000,0,1,436.846734
2007-12-03,147.6800,104.373894,146430400,0,1,433.966943
2007-12-04,146.3600,103.440994,136533900,0,1,430.088040
2007-12-05,148.8100,105.172585,171130000,0,1,437.287519
2007-12-06,150.9400,106.677986,154457400,0,1,443.546657
2007-12-07,150.9100,106.656776,148980100,0,1,443.458501
2007-12-10,152.0800,107.483604,123914300,0,1,446.896619
2007-12-11,147.9100,104.536476,250346400,0,1,434.642812
2007-12-12,149.3700,105.568314,322435600,0,1,438.933114
2007-12-13,149.0600,105.349228,237551300,0,1,438.022160
2007-12-14,147.1700,104.013512,159152900,0,1,432.468276
2007-12-17,145.0700,102.529274,177269400,0,1,426.297294
2007-12-18,145.8800,103.101784,245569300,0,1,428.677530
2007-12-19,145.8800,103.101784,198917200,0,1,428.677530
2007-12-20,146.8000,103.751968,214813800,0,1,431.381008
2007-12-21,148.1300,105.247635,146084400,0.775,1,437.566682
2007-12-24,149.2300,106.029144,45601400,0,1,440.816013
2007-12-26,149.5500,106.256538,67093100,0,1,441.761273
2007-12-27,147.6700,104.920769,122981700,0,1,436.207871
2007-12-28,147.3000,104.657898,116398100,0,1,435.114915
2007-12-31,146.2100,103.883453,108126800,0,1,431.895123
2008-01-02,144.9300,102.974022,204935600,0,1,428.114084
2008-01-03,144.8600,102.924255,125133300,0,1,427.907308
2008-01-04,141.3100,100.401932,232330900,0,1,417.420832
2008-01-07,141.1900,100.316689,234991000,0,1,417.066360
2008-01-08,138.9100,98.696709,326365700,0,1,410.331384
2008-01-09,140.3700,99.734032,301824900,0,1,414.644132
2008-01-10,141.2900,100.387718,335701200,0,1,417.361754
2008-01-11,140.1500,99.577744,267076600,0,1,413.994265
2008-01-14,141.2800,100.380615,170365500,0,1,417.332214
2008-01-15,138.1700,98.170898,239940100,0,1,408.145470
2008-01-16,136.9800,97.325417,378802600,0,1,404.630285
2008-01-17,133.4300,94.803131,397892600,0,1,394.143809
2008-01-18,132.0600,93.829712,348561500,0,1,390.096915
2008-01-22,130.7200,92.877640,435923700,0,1,386.138640
2008-01-23,133.8600,95.108627,511913000,0,1,395.414002
2008-01-24,134.9900,95.911491,259949300,0,1,398.751951
2008-01-25,133.0400,94.526001,269603900,0,1,392.991774
2008-01-28,135.2400,96.089134,217934600,0,1,399.490435
2008-01-29,135.9100,96.565170,168968300,0,1,401.469573
2008-01-30,134.9100,95.854713,334939200,0,1,398.515636
2008-01-31,137.3700,97.602547,343680800,0,1,405.782321
2008-02-01,139.5800,99.172745,206843600,0,1,412.310521
2008-02-04,137.8200,97.922272,124694300,0,1,407.111592
2008-02-05,134.1300,95.300468,286882500,0,1,396.211565
2008-02-06,133.0500,94.533142,250792900,0,1,393.021313
2008-02-07,133.9300,95.158379,297368100,0,1,395.620777
2008-02-08,133.0700,94.547310,221643500,0,1,393.080392
2008-02-11,133.7500,95.030479,188576300,0,1,395.089069
2008-02-12,134.9900,95.911491,256654400,0,1,398.751951
2008-02-13,136.3700,96.892006,181967800,0,1,402.828384
2008-02-14,135.1700,96.039421,215207200,0,1,399.283659
2008-02-15,135.1400,96.018127,154110300,0,1,399.195041
2008-02-19,135.5200,96.288094,145190000,0,1,400.317537
2008-02-20,135.9200,96.572289,220085700,0,1,401.499112
2008-02-21,134.7900,95.769432,201051200,0,1,398.161163
2008-02-22,135.6200,96.359123,205491000,0,1,400.612931
2008-02-25,137.3300,97.574142,190107000,0,1,405.664163
2008-02-26,138.3600,98.305916,212420700,0,1,408.706718
2008-02-27,138.2200,98.206436,168395800,0,1,408.293167
2008-02-28,136.8700,97.247253,170831100,0,1,404.305352
2008-02-29,133.8200,95.080254,252715200,0,1,395.295844
2008-03-03,133.5000,94.852814,189483500,0,1,394.350585
2008-03-04,132.9900,94.490479,282513100,0,1,392.844077
2008-03-05,133.8300,95.087357,270681400,0,1,395.325384
2008-03-06,131.0600,93.119202,247911700,0,1,387.142978
2008-03-07,129.7100,92.160065,326434600,0,1,383.155163
2008-03-10,128.0000,90.945084,235683600,0,1,378.103931
2008-03-11,132.6000,94.213440,341440600,0,1,391.692041
2008-03-12,131.3600,93.332367,229161100,0,1,388.029159
2008-03-13,131.6500,93.538399,351504200,0,1,388.885801
2008-03-14,129.6100,92.088989,484687800,0,1,382.859770
2008-03-17,128.3000,91.158211,405311100,0,1,378.990112
2008-03-18,133.6300,94.945251,334416600,0,1,394.734596
2008-03-19,130.3200,92.593430,345971600,0,1,384.957065
2008-03-20,132.0800,94.308533,245320700,0.642,1,392.052422
2008-03-24,134.7200,96.193558,208977300,0,1,399.888721
2008-03-25,134.8500,96.286392,192947200,0,1,400.274599
2008-03-26,133.2000,95.108223,196934300,0,1,395.376912
2008-03-27,132.7800,94.808342,225153200,0,1,394.130228
2008-03-28,131.5100,93.901535,180896100,0,1,390.360493
2008-03-31,131.9700,94.229980,166692100,0,1,391.725909
2008-04-01,136.6100,97.543053,254547300,0,1,405.498799
2008-04-02,136.7000,97.607338,210910800,0,1,405.765945
2008-04-03,137.0400,97.850121,175884800,0,1,406.775165
2008-04-04,136.8900,97.743004,204446800,0,1,406.329921
2008-04-07,136.9600,97.792976,154245500,0,1,406.537702
2008-04-08,136.8200,97.693031,148937300,0,1,406.122141
2008-04-09,135.8300,96.986145,195610600,0,1,403.183528
2008-04-10,136.0200,97.121780,192967800,0,1,403.747504
2008-04-11,133.3800,95.236778,222973300,0,1,395.911205
2008-04-14,132.9300,94.915459,160522000,0,1,394.575472
2008-04-15,133.2400,95.136765,172389200,0,1,395.495644
2008-04-16,136.8500,97.714447,189268900,0,1,406.211189
2008-04-17,137.0500,97.857262,179665700,0,1,406.804848
2008-04-18,138.4800,98.878334,218530600,0,1,411.049510
2008-04-21,138.5500,98.928276,118587400,0,1,411.257291
2008-04-22,137.9400,98.492744,162166000,0,1,409.446631
2008-04-23,137.7200,98.335632,193309000,0,1,408.793606
2008-04-24,138.3200,98.764084,229381300,0,1,410.574583
2008-04-25,139.6000,99.678040,190788100,0,1,414.374001
2008-04-28,139.6300,99.699478,105610200,0,1,414.463050
2008-04-29,139.0800,99.306740,125514100,0,1,412.830488
2008-04-30,138.2600,98.721191,208395900,0,1,410.396486
2008-05-01,141.1200,100.763344,187279500,0,1,418.885810
2008-05-02,141.5100,101.041786,181585500,0,1,420.043445
2008-05-05,140.8300,100.556282,118504500,0,1,418.025004
2008-05-06,142.0500,101.427353,179339800,0,1,421.646324
2008-05-07,139.5200,99.620926,199267300,0,1,414.136537
2008-05-08,139.1600,99.363831,178321200,0,1,413.067951
2008-05-09,138.9000,99.178215,152588200,0,1,412.296194
2008-05-12,140.4600,100.292076,147865900,0,1,416.926735
2008-05-13,140.4800,100.306366,159132200,0,1,416.986101
2008-05-14,140.7700,100.513435,181910800,0,1,417.846906
2008-05-15,142.5300,101.770103,166927000,0,1,423.071106
2008-05-16,142.6600,101.862907,204236800,0,1,423.456984
2008-05-19,143.0500,102.141388,165664400,0,1,424.614619
2008-05-20,141.8900,101.313133,178552100,0,1,421.171397
2008-05-21,139.4900,99.599442,252724800,0,1,414.047489
2008-05-22,139.5100,99.613731,170820400,0,1,414.106854
2008-05-23,137.6400,98.278526,181376400,0,1,408.556143
2008-05-27,138.6600,99.006828,168322900,0,1,411.583804
2008-05-28,139.3000,99.463783,181288100,0,1,413.483512
2008-05-29,140.0000,99.963615,173927200,0,1,415.561319
2008-05-30,140.3500,100.213531,117362000,0,1,416.600222
2008-06-02,138.9000,99.178215,181069900,0,1,412.296194
2008-06-03,138.0900,98.599869,271965700,0,1,409.891875
2008-06-04,138.0200,98.549843,246637700,0,1,409.684095
2008-06-05,140.7800,100.520561,237867100,0,1,417.876589
2008-06-06,136.2900,97.314575,384276300,0,1,404.548944
2008-06-09,136.6200,97.550194,228263900,0,1,405.528482
2008-06-10,135.9400,97.064697,260234900,0,1,403.510041
2008-06-11,133.9400,95.636635,283890100,0,1,397.573451
2008-06-12,134.4500,96.000755,252791800,0,1,399.087281
2008-06-13,136.1500,97.214622,244726900,0,1,404.133383
2008-06-16,136.2300,97.271721,185832500,0,1,404.370846
2008-06-17,135.5700,96.800491,191707700,0,1,402.411772
2008-06-18,134.2500,95.857994,265893000,0,1,398.493622
2008-06-19,134.4200,95.979332,304204900,0,1,398.998232
2008-06-20,131.5800,94.421440,289275700,0.669,1,392.554063
2008-06-23,131.4500,94.328140,165096400,0,1,392.166223
2008-06-24,131.1900,94.141609,267300600,0,1,391.390543
2008-06-25,131.8100,94.586502,287853900,0,1,393.240243
2008-06-26,128.2300,92.017464,297775000,0,1,382.559717
2008-06-27,127.5300,91.515167,303423400,0,1,380.471346
2008-06-30,127.9800,91.838112,258842600,0,1,381.813870
2008-07-01,128.3800,92.125114,388622000,0,1,383.007225
2008-07-02,126.1800,90.546425,288064600,0,1,376.443774
2008-07-03,126.3100,90.639702,239352500,0,1,376.831614
2008-07-07,125.0200,89.713989,372427300,0,1,372.983045
2008-07-08,127.2400,91.307060,375973700,0,1,379.606164
2008-07-09,124.7900,89.548981,336729400,0,1,372.296866
2008-07-10,125.3000,89.914948,436475700,0,1,373.818393
2008-07-11,123.8400,88.867218,481124600,0,1,369.462648
2008-07-14,122.7200,88.063538,322720800,0,1,366.121255
2008-07-15,120.9900,86.822098,502502500,0,1,360.959995
2008-07-16,123.9600,88.953346,371642900,0,1,369.820654
2008-07-17,125.2000,89.843178,375490600,0,1,373.520054
2008-07-18,125.9800,90.402908,267030100,0,1,375.847096
2008-07-21,126.0500,90.453133,222863000,0,1,376.055933
2008-07-22,127.4800,91.479317,296904200,0,1,380.322177
2008-07-23,128.1700,91.974411,311698400,0,1,382.380714
2008-07-24,125.5100,90.065659,248634500,0,1,374.444904
2008-07-25,125.4800,90.044090,219131000,0,1,374.355403
2008-07-28,123.6400,88.723732,205201300,0,1,368.865971
2008-07-29,126.2800,90.618172,261505600,0,1,376.742112
2008-07-30,128.5300,92.232758,354710000,0,1,383.454733
2008-07-31,126.8300,91.012894,277402100,0,1,378.382975
2008-08-01,126.1600,90.532074,248690900,0,1,376.384106
2008-08-04,124.9900,89.692497,188239600,0,1,372.893543
2008-08-05,128.3600,92.110794,251577600,0,1,382.947557
2008-08-06,128.9300,92.519806,209555400,0,1,384.648088
2008-08-07,127.0100,91.142029,246312500,0,1,378.919985
2008-08-08,129.3700,92.835556,260811700,0,1,385.960778
2008-08-11,130.7100,93.797119,249425800,0,1,389.958517
2008-08-12,129.3500,92.821236,213200800,0,1,385.901110
2008-08-13,128.5700,92.261505,256393200,0,1,383.574069
2008-08-14,129.5400,92.957542,239555300,0,1,386.467954
2008-08-15,130.1700,93.409653,181000800,0,1,388.347488
2008-08-18,128.3900,92.132317,172275100,0,1,383.037059
2008-08-19,126.9900,91.127686,194673700,0,1,378.860317
2008-08-20,127.5800,91.551056,225498200,0,1,380.620515
2008-08-21,127.8000,91.708939,180609800,0,1,381.276861
2008-08-22,129.6500,93.036446,167715300,0,1,386.796127
2008-08-25,127.0200,91.149231,171936900,0,1,378.949819
2008-08-26,127.3900,91.414696,159117200,0,1,380.053672
2008-08-27,128.6300,92.304512,171032800,0,1,383.753072
2008-08-28,130.1900,93.424004,167537100,0,1,388.407156
2008-08-29,128.7900,92.419350,189195800,0,1,384.230414
2008-09-02,127.9900,91.845268,252364900,0,1,381.843704
2008-09-03,127.8800,91.766327,251947000,0,1,381.515532
2008-09-04,124.0300,89.003571,340042500,0,1,370.029492
2008-09-05,124.4200,89.283424,289503400,0,1,371.193012
2008-09-08,126.9900,91.127686,364075300,0,1,378.860317
2008-09-09,123.2200,88.422371,377326800,0,1,367.612948
2008-09-10,123.7200,88.781143,298916600,0,1,369.104642
2008-09-11,125.5100,90.065659,375369400,0,1,374.444904
2008-09-12,126.0900,90.481857,297851200,0,1,376.175269
2008-09-15,120.0900,86.176254,483607000,0,1,358.274947
2008-09-16,122.1000,87.618645,581744300,0,1,364.271555
2008-09-17,116.6100,83.679039,624095600,0,1,347.892760
2008-09-18,120.0700,86.161919,776114700,0,1,358.215279
2008-09-19,124.1200,89.583717,501087800,0.691,1,372.359517
2008-09-22,121.3100,87.555595,249966500,0,1,363.929528
2008-09-23,118.5500,85.563560,327470400,0,1,355.649538
2008-09-24,118.9300,85.837837,311818400,0,1,356.789537
2008-09-25,120.7900,87.180290,328253000,0,1,362.369530
2008-09-26,120.8500,87.223602,285917400,0,1,362.549530
2008-09-29,111.3800,80.388603,459562300,0,1,334.139566
2008-09-30,115.9900,83.715889,328154400,0,1,347.969548
2008-10-01,116.0600,83.766388,332783000,0,1,348.179548
2008-10-02,111.8500,80.727806,365337800,0,1,335.549565
2008-10-03,110.3400,79.637970,461798000,0,1,331.019570
2008-10-06,104.7200,75.581734,610637500,0,1,314.159592
2008-10-07,100.0300,72.196754,540012100,0,1,300.089611
2008-10-08,97.5100,70.377968,725414800,0,1,292.529620
2008-10-09,90.7000,65.462799,534485200,0,1,272.099647
2008-10-10,88.5000,63.874973,871026300,0,1,265.499655
2008-10-13,101.3500,73.149483,455584000,0,1,304.049605
2008-10-14,99.8500,72.066818,546268300,0,1,299.549611
2008-10-15,90.0200,64.972008,484627500,0,1,270.059650
2008-10-16,93.7700,67.678574,708811200,0,1,281.309635
2008-10-17,93.2100,67.274391,476649000,0,1,279.629637
2008-10-20,98.8100,71.316200,321294200,0,1,296.429615
2008-10-21,95.8600,69.187042,356502000,0,1,287.579627
2008-10-22,90.6400,65.419479,516168000,0,1,271.919647
2008-10-23,91.6900,66.177330,634666400,0,1,275.069643
2008-10-24,87.0400,62.821198,545812600,0,1,261.119661
2008-10-27,83.9500,60.590984,397288600,0,1,251.849673
2008-10-28,93.7600,67.671356,639939500,0,1,281.279635
2008-10-29,93.0800,67.180611,531270100,0,1,279.239638
2008-10-30,96.3000,69.504601,414582100,0,1,288.899625
2008-10-31,96.8300,69.887131,411394000,0,1,290.489623
2008-11-03,97.1100,70.089264,205419400,0,1,291.329622
2008-11-04,100.4100,72.471008,346793400,0,1,301.229609
2008-11-05,96.1900,69.425186,387844100,0,1,288.569626
2008-11-06,90.8600,65.578262,477721900,0,1,272.579646
2008-11-07,93.8600,67.743561,380391000,0,1,281.579635
2008-11-10,92.6300,66.855804,301773000,0,1,277.889639
2008-11-11,89.7700,64.791603,418498200,0,1,269.309651
2008-11-12,85.8200,61.940651,454330600,0,1,257.459666
2008-11-13,91.1700,65.802032,753141900,0,1,273.509645
2008-11-14,86.6200,62.518074,540352300,0,1,259.859663
2008-11-17,85.4700,61.688042,415254900,0,1,256.409667
2008-11-18,87.0800,62.850079,523811800,0,1,261.239661
2008-11-19,81.5000,58.822697,558327600,0,1,244.499683
2008-11-20,75.4500,54.456100,814180400,0,1,226.349706
2008-11-21,79.5200,57.393646,718536500,0,1,238.559690
2008-11-24,85.0300,61.370491,523305300,0,1,255.089669
2008-11-25,85.6600,61.825191,454112400,0,1,256.979667
2008-11-26,88.9700,64.214172,370134200,0,1,266.909654
2008-11-28,90.0900,65.022530,118308100,0,1,270.269649
2008-12-01,82.1100,59.262974,369927100,0,1,246.329680
2008-12-02,85.2700,61.543697,469508400,0,1,255.809668
2008-12-03,87.3200,63.023331,519863500,0,1,261.959660
2008-12-04,85.3000,61.565342,444173800,0,1,255.899668
2008-12-05,87.9300,63.463562,471905300,0,1,263.789658
2008-12-08,91.0000,65.679337,412859300,0,1,272.999646
2008-12-09,89.5000,64.596718,370790000,0,1,268.499652
2008-12-10,90.1100,65.036964,396187400,0,1,270.329649
2008-12-11,87.9400,63.470779,365061000,0,1,263.819658
2008-12-12,88.9900,64.228638,415060400,0,1,266.969654
2008-12-15,87.7500,63.333656,256694200,0,1,263.249658
2008-12-16,91.8800,66.314499,377699500,0,1,275.639642
2008-12-17,90.9900,65.672127,281819800,0,1,272.969646
2008-12-18,89.2900,64.445129,374673300,0,1,267.869652
2008-12-19,88.1900,64.167892,301451300,0.719,1,266.726654
2008-12-22,87.0600,63.345722,243759500,0,1,263.309020
2008-12-23,86.1600,62.690895,221625200,0,1,260.587011
2008-12-24,86.6600,63.054688,62061600,0,1,262.099238
2008-12-26,87.1600,63.418453,74767700,0,1,263.611466
2008-12-29,86.9100,63.236588,127795900,0,1,262.855352
2008-12-30,88.9700,64.735428,168256300,0,1,269.085728
2008-12-31,90.2400,65.659508,193987200,0,1,272.926786
2009-01-02,92.9600,67.638588,227566300,0,1,281.153302
2009-01-05,92.8500,67.558571,240349700,0,1,280.820612
2009-01-06,93.4700,68.009727,328260900,0,1,282.695774
2009-01-07,90.6700,65.972366,280899200,0,1,274.227301
2009-01-08,91.0400,66.241615,263834400,0,1,275.346350
2009-01-09,89.0900,64.822769,330953600,0,1,269.448663
2009-01-12,86.9500,63.265667,277858500,0,1,262.976330
2009-01-13,87.1100,63.382107,356432300,0,1,263.460243
2009-01-14,84.3700,61.388474,435491600,0,1,255.173237
2009-01-15,84.4000,61.410297,532647300,0,1,255.263971
2009-01-16,85.0600,61.890488,399237200,0,1,257.260111
2009-01-20,80.5700,58.623520,419855200,0,1,243.680310
2009-01-21,84.0500,61.155624,364360700,0,1,254.205412
2009-01-22,82.7500,60.209705,427940300,0,1,250.273621
2009-01-23,83.1100,60.471657,386800600,0,1,251.362424
2009-01-26,83.6800,60.886402,317978800,0,1,253.086363
2009-01-27,84.5300,61.504868,273789700,0,1,255.657150
2009-01-28,87.3900,63.585842,330007000,0,1,264.307090
2009-01-29,84.5500,61.519463,294392500,0,1,255.717639
2009-01-30,82.8300,60.267921,383383600,0,1,250.515577
2009-02-02,82.5800,60.086010,288233300,0,1,249.759463
2009-02-03,83.7400,60.930065,278385800,0,1,253.267831
2009-02-04,83.3300,60.631756,322989300,0,1,252.027804
2009-02-05,84.5700,61.533966,417679400,0,1,255.778128
2009-02-06,86.9800,63.287521,366101700,0,1,263.067064
2009-02-09,87.1000,63.374825,240075200,0,1,263.429998
2009-02-10,83.1100,60.471657,536212800,0,1,251.362424
2009-02-11,83.6000,60.828182,324442500,0,1,252.844407
2009-02-12,83.6600,60.871853,469302200,0,1,253.025874
2009-02-13,82.7600,60.217003,293998400,0,1,250.303865
2009-02-17,79.2200,57.641273,478910100,0,1,239.597296
2009-02-18,79.0300,57.503002,362964800,0,1,239.022649
2009-02-19,78.1800,56.884525,316867500,0,1,236.451863
2009-02-20,77.4200,56.331551,477176600,0,1,234.153277
2009-02-23,74.6500,54.316074,379641400,0,1,225.775538
2009-02-24,77.4800,56.375195,426260900,0,1,234.334745
2009-02-25,76.8700,55.931396,461985800,0,1,232.489827
2009-02-26,75.6200,55.021870,363353900,0,1,228.709259
2009-02-27,73.9300,53.792217,470510900,0,1,223.597931
2009-03-02,70.6000,51.369247,426452600,0,1,213.526497
2009-03-03,70.0700,50.983627,443761000,0,1,211.923536
2009-03-04,71.7300,52.191467,462753100,0,1,216.944131
2009-03-05,68.8000,50.059559,485549400,0,1,208.082479
2009-03-06,68.9200,50.146889,490470000,0,1,208.445413
2009-03-09,68.1100,49.557510,379905300,0,1,205.995605
2009-03-10,72.1700,52.511623,406227900,0,1,218.274891
2009-03-11,72.6400,52.853592,356648300,0,1,219.696384
2009-03-12,75.5000,54.934544,409702700,0,1,228.346325
2009-03-13,76.0900,55.363823,337474700,0,1,230.130753
2009-03-16,75.8600,55.196468,360644900,0,1,229.435128
2009-03-17,78.1800,56.884525,356814300,0,1,236.451863
2009-03-18,79.9300,58.157879,473273200,0,1,241.744659
2009-03-19,78.9400,57.437531,428520400,0,1,238.750449
2009-03-20,76.7100,56.214458,371078200,0.561,1,233.702634
2009-03-23,82.2200,60.252289,419933300,0,1,250.489252
2009-03-24,80.6000,59.065113,330271000,0,1,245.553804
2009-03-25,81.4500,59.688019,441775100,0,1,248.143391
2009-03-26,83.1100,60.904499,422025200,0,1,253.200703
2009-03-27,81.6100,59.805248,322332300,0,1,248.630843
2009-03-30,78.7900,57.738739,324108500,0,1,240.039506
2009-03-31,79.5200,58.273666,364238300,0,1,242.263505
2009-04-01,81.0600,59.402222,377018300,0,1,246.955227
2009-04-02,83.4300,61.139000,476230700,0,1,254.175606
2009-04-03,84.2600,61.747242,284646300,0,1,256.704262
2009-04-06,83.6000,61.263580,264866600,0,1,254.693523
2009-04-07,81.6500,59.834587,258947800,0,1,248.752706
2009-04-08,82.5300,60.479431,230402800,0,1,251.433690
2009-04-09,85.8100,62.883068,269653500,0,1,261.426450
2009-04-13,85.8300,62.897758,224847500,0,1,261.487382
2009-04-14,84.3500,61.813190,276598800,0,1,256.978453
2009-04-15,85.2500,62.472698,250726100,0,1,259.720369
2009-04-16,86.5000,63.388737,335202900,0,1,263.528586
2009-04-17,87.0800,63.813763,262649000,0,1,265.295598
2009-04-20,83.4300,61.139000,293690100,0,1,254.175606
2009-04-21,85.0600,62.333469,114090900,0,1,259.141520
2009-04-22,84.5400,61.952412,340395200,0,1,257.557302
2009-04-23,85.3700,62.560665,324903700,0,1,260.085958
2009-04-24,86.6600,63.505981,287703000,0,1,264.016038
2009-04-27,85.8400,62.905079,289581600,0,1,261.517847
2009-04-28,85.5700,62.707199,247926300,0,1,260.695273
2009-04-29,87.3900,64.040939,311505700,0,1,266.240036
2009-04-30,87.4200,64.062904,301419800,0,1,266.331433
2009-05-01,87.8900,64.407387,236110300,0,1,267.763323
2009-05-04,90.8800,66.598457,287120000,0,1,276.872577
2009-05-05,90.5700,66.371284,243036300,0,1,275.928139
2009-05-06,92.1400,67.521843,291941000,0,1,280.711259
2009-05-07,90.8600,66.583809,317728000,0,1,276.811645
2009-05-08,92.9800,68.137421,299081700,0,1,283.270380
2009-05-11,91.2400,66.862289,247923600,0,1,277.969343
2009-05-12,90.9700,66.664421,282431300,0,1,277.146768
2009-05-13,88.6800,64.986305,269619100,0,1,270.170116
2009-05-14,89.4400,65.543251,260098700,0,1,272.485511
2009-05-15,88.7100,65.008255,271502700,0,1,270.261513
2009-05-18,91.2300,66.854958,241447400,0,1,277.938877
2009-05-19,91.1200,66.774376,206102200,0,1,277.603754
2009-05-20,90.5100,66.327370,285722200,0,1,275.745345
2009-05-21,89.2100,65.374664,258988400,0,1,271.784799
2009-05-22,89.0200,65.235428,166811900,0,1,271.205950
2009-05-26,91.3000,66.906265,236318500,0,1,278.152137
2009-05-27,89.6700,65.711769,246015800,0,1,273.186223
2009-05-28,90.9200,66.627792,289095000,0,1,276.994440
2009-05-29,92.5300,67.807625,258641500,0,1,281.899423
2009-06-01,94.7700,69.449158,276246800,0,1,288.723747
2009-06-02,94.8500,69.507744,230874500,0,1,288.967472
2009-06-03,93.6500,68.628403,235310500,0,1,285.311585
2009-06-04,94.5300,69.273247,210102300,0,1,287.992569
2009-06-05,94.5500,69.287903,284257900,0,1,288.053500
2009-06-08,94.1600,69.002129,238565100,0,1,286.865337
2009-06-09,94.6400,69.353867,225125500,0,1,288.327692
2009-06-10,94.4000,69.178009,296100400,0,1,287.596514
2009-06-11,94.8200,69.485809,275414200,0,1,288.876075
2009-06-12,95.0800,69.676308,184361800,0,1,289.668184
2009-06-15,92.9000,68.078773,224190500,0,1,283.026655
2009-06-16,91.6400,67.155426,227319000,0,1,279.187972
2009-06-17,91.5500,67.089462,223445200,0,1,278.913781
2009-06-18,92.2200,67.580467,211725100,0,1,280.954985
2009-06-19,92.0400,67.829552,215655600,0.518,1,281.984727
2009-06-22,89.2800,65.795532,251913600,0,1,273.528861
2009-06-23,89.3500,65.847153,188309800,0,1,273.743322
2009-06-24,90.1200,66.414566,211577700,0,1,276.102385
2009-06-25,92.0800,67.858994,279411000,0,1,282.107275
2009-06-26,91.8400,67.682182,167579000,0,1,281.371983
2009-06-29,92.7000,68.315918,168481300,0,1,284.006781
2009-06-30,91.9500,67.763222,228888200,0,1,281.708992
2009-07-01,92.3300,68.043289,173041100,0,1,282.873205
2009-07-02,89.8100,66.186134,212309900,0,1,275.152632
2009-07-06,89.8000,66.178764,174499600,0,1,275.121995
2009-07-07,88.0600,64.896469,197088900,0,1,269.791124
2009-07-08,88.0000,64.852264,248050500,0,1,269.607300
2009-07-09,88.1700,64.977531,163777600,0,1,270.128133
2009-07-10,87.9600,64.822762,173520300,0,1,269.484752
2009-07-13,90.1000,66.399887,217413500,0,1,276.041111
2009-07-14,90.6100,66.775726,181487400,0,1,277.603608
2009-07-15,93.2600,68.728630,220877900,0,1,285.722464
2009-07-16,93.1100,68.618103,231174500,0,1,285.262906
2009-07-17,94.1300,69.369804,138561700,0,1,288.387900
2009-07-20,95.1300,70.106728,164179400,0,1,291.451619
2009-07-21,95.5700,70.431023,217718300,0,1,292.799656
2009-07-22,95.5500,70.416245,196068100,0,1,292.738381
2009-07-23,97.6600,71.971268,258795500,0,1,299.202829
2009-07-24,98.0600,72.266045,154003100,0,1,300.428317
2009-07-27,98.3500,72.479752,159259400,0,1,301.316795
2009-07-28,97.8900,72.140785,186685200,0,1,299.907485
2009-07-29,97.6500,71.963852,194399300,0,1,299.172192
2009-07-30,98.6700,72.715561,225575400,0,1,302.297186
2009-07-31,98.8100,72.818756,207358000,0,1,302.726106
2009-08-03,100.4400,74.020004,175776900,0,1,307.719969
2009-08-04,100.7000,74.211586,176714600,0,1,308.516536
2009-08-05,100.4100,73.997902,184726400,0,1,307.628057
2009-08-06,99.8900,73.614655,193203800,0,1,306.034923
2009-08-07,101.2000,74.580086,220640900,0,1,310.048396
2009-08-10,100.9900,74.425293,130898700,0,1,309.405015
2009-08-11,99.7300,73.496719,157301000,0,1,305.544728
2009-08-12,100.8000,74.285316,219052400,0,1,308.822908
2009-08-13,101.5700,74.852753,176449500,0,1,311.181972
2009-08-14,100.7900,74.277924,199616100,0,1,308.792271
2009-08-17,98.3100,72.450241,237667500,0,1,301.194247
2009-08-18,99.0900,73.025070,173461500,0,1,303.583948
2009-08-19,99.9600,73.666252,192812800,0,1,306.249384
2009-08-20,100.9900,74.425293,174131300,0,1,309.405015
2009-08-21,102.9700,75.884468,224605000,0,1,315.471179
2009-08-24,102.9600,75.877144,191279000,0,1,315.440542
2009-08-25,103.1600,76.024506,215310600,0,1,316.053285
2009-08-26,103.1700,76.031860,194620700,0,1,316.083923
2009-08-27,103.4000,76.201385,196230100,0,1,316.788578
2009-08-28,103.3800,76.186630,147024400,0,1,316.727304
2009-08-31,102.4600,75.508682,176051600,0,1,313.908682
2009-09-01,100.2000,73.843109,321276800,0,1,306.984676
2009-09-02,99.8200,73.563095,171805000,0,1,305.820463
2009-09-03,100.6500,74.174767,143572300,0,1,308.363350
2009-09-04,102.0600,75.213875,142687900,0,1,312.683194
2009-09-08,102.9400,75.862396,132909100,0,1,315.379267
2009-09-09,103.7300,76.444588,154612500,0,1,317.799605
2009-09-10,104.7900,77.225769,162902400,0,1,321.047148
2009-09-11,104.7700,77.211044,152360100,0,1,320.985874
2009-09-14,105.2800,77.586853,149593800,0,1,322.548370
2009-09-15,105.7200,77.911118,196795900,0,1,323.896407
2009-09-16,107.3200,79.090263,206406300,0,1,328.798358
2009-09-17,107.1600,78.972343,229170900,0,1,328.308163
2009-09-18,106.7200,79.022667,153799100,0.508,1,328.516496
2009-09-21,106.4500,78.822754,151892000,0,1,327.685354
2009-09-22,107.0700,79.281860,143126700,0,1,329.593902
2009-09-23,106.1800,78.622864,225947400,0,1,326.854212
2009-09-24,105.0100,77.756508,228636800,0,1,323.252598
2009-09-25,104.4500,77.341843,204059000,0,1,321.528748
2009-09-28,106.3200,78.726501,118285800,0,1,327.285174
2009-09-29,106.0000,78.489578,133733900,0,1,326.300117
2009-09-30,105.5900,78.185997,254383000,0,1,325.038013
2009-10-01,102.9700,76.245941,281840600,0,1,316.972859
2009-10-02,102.4900,75.890526,224748800,0,1,315.495274
2009-10-05,104.0200,77.023476,149875000,0,1,320.205078
2009-10-06,105.5100,78.126724,202491100,0,1,324.791749
2009-10-07,105.8000,78.341469,159200300,0,1,325.684457
2009-10-08,106.6100,78.941231,183305800,0,1,328.177882
2009-10-09,107.2600,79.422546,135008300,0,1,330.178779
2009-10-12,107.6800,79.733551,118031000,0,1,331.471667
2009-10-13,107.4600,79.570663,157692700,0,1,330.794440
2009-10-14,109.3100,80.940483,191421600,0,1,336.489300
2009-10-15,109.7100,81.236694,173873600,0,1,337.720622
2009-10-16,108.8900,80.629509,192069400,0,1,335.196413
2009-10-19,109.7900,81.295952,159530400,0,1,337.966886
2009-10-20,109.2100,80.866463,180921100,0,1,336.181470
2009-10-21,108.2300,80.140800,225379300,0,1,333.164733
2009-10-22,109.3300,80.955322,238444000,0,1,336.550866
2009-10-23,108.0800,80.029739,240033200,0,1,332.702988
2009-10-26,106.9100,79.163376,242028200,0,1,329.101373
2009-10-27,106.4200,78.800583,253266300,0,1,327.593005
2009-10-28,104.4100,77.312210,248821400,0,1,321.405616
2009-10-29,106.6500,78.970886,198110600,0,1,328.301014
2009-10-30,103.5600,76.682831,325608100,0,1,318.789058
2009-11-02,104.3200,77.245552,254222900,0,1,321.128568
2009-11-03,104.6500,77.489914,228362600,0,1,322.144408
2009-11-04,104.9200,77.689873,247996700,0,1,322.975550
2009-11-05,106.8500,79.118942,180015300,0,1,328.916675
2009-11-06,107.1300,79.326279,170954100,0,1,329.778600
2009-11-09,109.5700,81.133011,159495700,0,1,337.289659
2009-11-10,109.5900,81.147842,171899800,0,1,337.351225
2009-11-11,110.1500,81.562508,169466200,0,1,339.075075
2009-11-12,109.0300,80.733162,157144500,0,1,335.627376
2009-11-13,109.6200,81.170059,150963000,0,1,337.443574
2009-11-16,111.2100,82.347382,210922200,0,1,342.338076
2009-11-17,111.3400,82.443672,147134100,0,1,342.738255
2009-11-18,111.2700,82.391815,156486800,0,1,342.522774
2009-11-19,109.8200,81.318138,208734600,0,1,338.059235
2009-11-20,109.4300,81.029373,134196000,0,1,336.858697
2009-11-23,110.8200,82.058601,148010200,0,1,341.137538
2009-11-24,110.9900,82.184509,138420100,0,1,341.660849
2009-11-25,111.3800,82.473244,109564800,0,1,342.861388
2009-11-27,109.5700,81.133011,126001800,0,1,337.289659
2009-11-30,109.9400,81.406990,160874800,0,1,338.428631
2009-12-01,111.3000,82.414024,159613700,0,1,342.615123
2009-12-02,111.2500,82.377014,132315100,0,1,342.461208
2009-12-03,110.3800,81.732811,167324900,0,1,339.783085
2009-12-04,111.0100,82.199295,274907800,0,1,341.722416
2009-12-07,110.8400,82.073441,127973800,0,1,341.199104
2009-12-08,109.6100,81.162636,169863700,0,1,337.412791
2009-12-09,110.0200,81.466225,155063400,0,1,338.674896
2009-12-10,110.6400,81.925346,138014600,0,1,340.583443
2009-12-11,111.1100,82.273361,124854000,0,1,342.030246
2009-12-14,111.8700,82.836090,107141500,0,1,344.369756
2009-12-15,111.3500,82.451080,120408800,0,1,342.769039
2009-12-16,111.5200,82.576942,155358200,0,1,343.292350
2009-12-17,110.1800,81.584694,183390100,0,1,339.167424
2009-12-18,110.2100,82.046257,174591200,0.59,1,341.075972
2009-12-21,111.3300,82.880081,118039600,0,1,344.542128
2009-12-22,111.7300,83.177856,91707500,0,1,345.780041
2009-12-23,111.9500,83.341614,111783100,0,1,346.460893
2009-12-24,112.4800,83.736183,39677500,0,1,348.101128
2009-12-28,112.7200,83.914879,87508500,0,1,348.843876
2009-12-29,112.5600,83.795761,80572500,0,1,348.348711
2009-12-30,112.5200,83.765968,73138400,0,1,348.224919
2009-12-31,111.4400,82.961967,90637900,0,1,344.882554
2010-01-04,113.3300,84.368980,118944600,0,1,350.731693
2010-01-05,113.6300,84.592300,111579900,0,1,351.660128
2010-01-06,113.7100,84.651840,116074400,0,1,351.907710
2010-01-07,114.1900,85.009216,131091100,0,1,353.393206
2010-01-08,114.5700,85.292107,126402800,0,1,354.569223
2010-01-11,114.7300,85.411247,106375700,0,1,355.064388
2010-01-12,113.6600,84.614662,163333500,0,1,351.752971
2010-01-13,114.6200,85.329353,161822000,0,1,354.723962
2010-01-14,114.9300,85.560120,115718800,0,1,355.683345
2010-01-15,113.6400,84.599762,212283100,0,1,351.691076
2010-01-19,115.0600,85.656906,139172700,0,1,356.085667
2010-01-20,113.8900,84.785919,216490200,0,1,352.464771
2010-01-21,111.7000,83.155487,344859600,0,1,345.687198
2010-01-22,109.2100,81.301811,345942400,0,1,337.981189
2010-01-25,109.7700,81.718742,186937500,0,1,339.714268
2010-01-26,109.3100,81.376251,211168800,0,1,338.290668
2010-01-27,109.8300,81.763374,271863600,0,1,339.899955
2010-01-28,108.5700,80.825371,316104000,0,1,336.000529
2010-01-29,107.3900,79.946938,310677600,0,1,332.348685
2010-02-01,109.0600,81.190163,187865000,0,1,337.516972
2010-02-02,110.3800,82.172844,216327900,0,1,341.602085
2010-02-03,109.8300,81.763374,172730700,0,1,339.899955
2010-02-04,106.4400,79.239700,356715700,0,1,329.408642
2010-02-05,106.6600,79.403465,493585800,0,1,330.089494
2010-02-08,105.8900,78.830246,224166900,0,1,327.706512
2010-02-09,107.2200,79.820381,337820500,0,1,331.822572
2010-02-10,107.0100,79.664040,240511500,0,1,331.172668
2010-02-11,108.1300,80.497818,223591600,0,1,334.638824
2010-02-12,108.0400,80.430817,304622100,0,1,334.360294
2010-02-16,109.7400,81.696373,159317500,0,1,339.621424
2010-02-17,110.2600,82.083496,168845100,0,1,341.230711
2010-02-18,110.9100,82.567390,193708600,0,1,343.242320
2010-02-19,111.1400,82.738632,222684900,0,1,343.954120
2010-02-22,111.1600,82.753540,132346900,0,1,344.016015
2010-02-23,109.8100,81.748520,207497000,0,1,339.838059
2010-02-24,110.8200,82.500389,176350700,0,1,342.963789
2010-02-25,110.6700,82.388710,259634700,0,1,342.499572
2010-02-26,110.7400,82.440826,173589300,0,1,342.716207
2010-03-01,111.8900,83.296944,147709700,0,1,346.275206
2010-03-02,112.2000,83.527779,160992400,0,1,347.234589
2010-03-03,112.3000,83.602188,150785000,0,1,347.544067
2010-03-04,112.6400,83.855278,135770400,0,1,348.596293
2010-03-05,114.2500,85.053886,176118800,0,1,353.578893
2010-03-08,114.2700,85.068771,114631200,0,1,353.640789
2010-03-09,114.4600,85.210228,154556700,0,1,354.228797
2010-03-10,114.9700,85.589867,186088800,0,1,355.807136
2010-03-11,115.4500,85.947227,160791100,0,1,357.292632
2010-03-12,115.4600,85.954659,162074800,0,1,357.323580
2010-03-15,115.4900,85.976997,146816800,0,1,357.416423
2010-03-16,116.4100,86.661903,168673000,0,1,360.263623
2010-03-17,117.1000,87.175552,177468100,0,1,362.399023
2010-03-18,117.0400,87.130928,196509100,0,1,362.213336
2010-03-19,115.9700,86.689880,226641100,0.48,1,360.387414
2010-03-22,116.5900,87.153328,184477800,0,1,362.314121
2010-03-23,117.4100,87.766281,182941600,0,1,364.862346
2010-03-24,116.8400,87.340218,196072600,0,1,363.091019
2010-03-25,116.6500,87.198158,223396300,0,1,362.500577
2010-03-26,116.5800,87.145859,205808500,0,1,362.283045
2010-03-29,117.3200,87.699028,134513500,0,1,364.582663
2010-03-30,117.4000,87.758804,145772500,0,1,364.831270
2010-03-31,117.0000,87.459816,161078700,0,1,363.588234
2010-04-01,117.8000,88.057816,161215200,0,1,366.074307
2010-04-05,118.7600,88.775444,105847600,0,1,369.057595
2010-04-06,119.0400,88.984764,110384200,0,1,369.927721
2010-04-07,118.3600,88.476418,184576300,0,1,367.814559
2010-04-08,118.7700,88.782928,158704000,0,1,369.088671
2010-04-09,119.5500,89.365997,133006500,0,1,371.512593
2010-04-12,119.7400,89.508011,110279000,0,1,372.103035
2010-04-13,119.8300,89.575302,125043600,0,1,372.382718
2010-04-14,121.1900,90.591927,161609000,0,1,376.609043
2010-04-15,121.2900,90.666702,144615300,0,1,376.919802
2010-04-16,119.3600,89.223953,366786700,0,1,370.922150
2010-04-19,119.8100,89.560326,217947800,0,1,372.320567
2010-04-20,120.8800,90.360168,157708000,0,1,375.645690
2010-04-21,120.6600,90.195740,192910100,0,1,374.962020
2010-04-22,121.0200,90.464859,115360300,0,1,376.080753
2010-04-23,121.8100,91.055382,177335500,0,1,378.535750
2010-04-26,121.3500,90.711494,143457300,0,1,377.106258
2010-04-27,118.4800,88.566139,355853300,0,1,368.187470
2010-04-28,119.3800,89.238930,300674100,0,1,370.984302
2010-04-29,120.8600,90.345261,193775000,0,1,375.583538
2010-04-30,118.8100,88.812820,270000900,0,1,369.212975
2010-05-03,120.3500,89.963982,182747900,0,1,373.998666
2010-05-04,117.5200,87.848480,360353400,0,1,365.204181
2010-05-05,116.8200,87.325218,328973200,0,1,363.028867
2010-05-06,112.9400,84.424873,647356600,0,1,350.971411
2010-05-07,111.2600,83.169052,637558800,0,1,345.750657
2010-05-10,116.1600,86.831902,396159600,0,1,360.977857
2010-05-11,115.8300,86.585228,317849800,0,1,359.952351
2010-05-12,117.4500,87.796181,235607100,0,1,364.986650
2010-05-13,115.9900,86.704796,234452500,0,1,360.449566
2010-05-14,113.8900,85.135048,345601400,0,1,353.923623
2010-05-17,113.9500,85.179855,325739800,0,1,354.110079
2010-05-18,112.4000,84.021194,360556800,0,1,349.293312
2010-05-19,111.7600,83.542816,394742700,0,1,347.304453
2010-05-20,107.5400,80.388260,530418300,0,1,334.190416
2010-05-21,109.1100,81.561859,500909400,0,1,339.069335
2010-05-24,107.7100,80.515343,269823000,0,1,334.718706
2010-05-25,107.8200,80.597595,396505200,0,1,335.060542
2010-05-26,107.1700,80.111702,349719300,0,1,333.040607
2010-05-27,110.7600,82.795303,300870500,0,1,344.196861
2010-05-28,109.3700,81.756218,297933500,0,1,339.877309
2010-06-01,107.5300,80.380829,277909400,0,1,334.159340
2010-06-02,110.3300,82.473900,240243700,0,1,342.860597
2010-06-03,110.7100,82.757904,226618300,0,1,344.041482
2010-06-04,106.8200,79.850052,398475600,0,1,331.952950
2010-06-07,105.4900,78.855850,264609100,0,1,327.819853
2010-06-08,106.6200,79.700539,357774300,0,1,331.331431
2010-06-09,106.0500,79.274452,268023300,0,1,329.560104
2010-06-10,109.1500,81.591782,317890600,0,1,339.193639
2010-06-11,109.6800,81.987984,214128200,0,1,340.840662
2010-06-14,109.5100,81.860909,207196100,0,1,340.312372
2010-06-15,112.0000,83.722221,238268700,0,1,348.050275
2010-06-16,111.9600,83.692329,216374000,0,1,347.925971
2010-06-17,112.1400,83.826866,263185800,0,1,348.485338
2010-06-18,111.7300,83.917747,174006600,0.531,1,348.861356
2010-06-21,111.4100,83.677414,213140700,0,1,347.862201
2010-06-22,109.5700,82.295418,239355400,0,1,342.117057
2010-06-23,109.2300,82.040062,254639900,0,1,341.055455
2010-06-24,107.4200,80.680595,268523600,0,1,335.403982
2010-06-25,107.8700,81.018555,238726500,0,1,336.809044
2010-06-28,107.5300,80.763229,169218600,0,1,335.747442
2010-06-29,104.2100,78.269684,373649500,0,1,325.381204
2010-06-30,103.2200,77.526077,284101700,0,1,322.290067
2010-07-01,102.7600,77.180588,382924800,0,1,320.853781
2010-07-02,102.2000,76.759987,233385200,0,1,319.105259
2010-07-06,102.8700,77.263214,256935300,0,1,321.197241
2010-07-07,106.1100,79.696693,253769400,0,1,331.313690
2010-07-08,107.1600,80.485313,210842100,0,1,334.592168
2010-07-09,107.9600,81.086197,144999900,0,1,337.090057
2010-07-12,108.0300,81.138763,131283600,0,1,337.308622
2010-07-13,109.6600,82.362999,213025900,0,1,342.398070
2010-07-14,109.6500,82.355530,184426800,0,1,342.366846
2010-07-15,109.6800,82.378006,232337900,0,1,342.460517
2010-07-16,106.6600,80.109779,282693400,0,1,333.030988
2010-07-19,107.2900,80.582962,186709000,0,1,334.998075
2010-07-20,108.4800,81.476746,258162400,0,1,338.713684
2010-07-21,107.0700,80.417740,264527000,0,1,334.311156
2010-07-22,109.4600,82.212814,274781300,0,1,341.773598
2010-07-23,110.4100,82.926308,222020800,0,1,344.739840
2010-07-26,111.5600,83.790039,184445700,0,1,348.330555
2010-07-27,111.5500,83.782555,204855600,0,1,348.299332
2010-07-28,110.8300,83.241791,163056200,0,1,346.051232
2010-07-29,110.2900,82.836197,220149100,0,1,344.365157
2010-07-30,110.2700,82.821190,220070600,0,1,344.302710
2010-08-02,112.7600,84.691360,188263200,0,1,352.077388
2010-08-03,112.2200,84.285774,146657300,0,1,350.391313
2010-08-04,112.9700,84.849091,158171700,0,1,352.733084
2010-08-05,112.8500,84.758934,140473800,0,1,352.358400
2010-08-06,112.3900,84.413483,239728300,0,1,350.922115
2010-08-09,112.9900,84.864136,120800400,0,1,352.795531
2010-08-10,112.3800,84.405930,242916300,0,1,350.890891
2010-08-11,109.3000,82.092613,273406900,0,1,341.274020
2010-08-12,108.6300,81.589401,239542600,0,1,339.182038
2010-08-13,108.3100,81.349098,158698500,0,1,338.182883
2010-08-16,108.2600,81.311516,147895300,0,1,338.026765
2010-08-17,109.5900,82.310463,172270300,0,1,342.179505
2010-08-18,109.7900,82.460709,182922100,0,1,342.803977
2010-08-19,107.8800,81.026108,265847600,0,1,336.840268
2010-08-20,107.5300,80.763229,209714200,0,1,335.747442
2010-08-23,107.1200,80.455307,163490300,0,1,334.467274
2010-08-24,105.5300,79.261070,280677800,0,1,329.502720
2010-08-25,105.9400,79.569016,272234800,0,1,330.782888
2010-08-26,105.2300,79.035759,224439500,0,1,328.566012
2010-08-27,106.8600,80.260017,272649000,0,1,333.655460
2010-08-30,105.3100,79.095818,167238600,0,1,328.815801
2010-08-31,105.3100,79.095818,273933100,0,1,328.815801
2010-09-01,108.4600,81.461731,256828100,0,1,338.651237
2010-09-02,109.4700,82.220291,156112200,0,1,341.804821
2010-09-03,110.8900,83.286865,212197300,0,1,346.238574
2010-09-07,109.6400,82.348000,141973700,0,1,342.335623
2010-09-08,110.4100,82.926308,149924400,0,1,344.739840
2010-09-09,110.9200,83.309364,147017900,0,1,346.332244
2010-09-10,111.4800,83.729988,127819000,0,1,348.080766
2010-09-13,112.7200,84.661339,178503500,0,1,351.952494
2010-09-14,112.6500,84.608704,209823600,0,1,351.733928
2010-09-15,113.0800,84.931694,168608400,0,1,353.076543
2010-09-16,113.0500,84.909149,199962900,0,1,352.982873
2010-09-17,112.4900,84.940857,195836900,0.602,1,353.114012
2010-09-20,114.2100,86.239639,214555200,0,1,358.513213
2010-09-21,113.9800,86.065987,268389100,0,1,357.791226
2010-09-22,113.4200,85.643105,191322400,0,1,356.033347
2010-09-23,112.5000,84.948418,202354300,0,1,353.145402
2010-09-24,114.8200,86.700264,209671800,0,1,360.428045
2010-09-27,114.2700,86.284935,128761800,0,1,358.701557
2010-09-28,114.6700,86.586990,209207500,0,1,359.957185
2010-09-29,114.4700,86.435997,179665800,0,1,359.329371
2010-09-30,114.1300,86.179237,287106700,0,1,358.262087
2010-10-01,114.6100,86.541687,174638700,0,1,359.768841
2010-10-04,113.7500,85.892296,166153200,0,1,357.069240
2010-10-05,116.0400,87.621490,229634100,0,1,364.257711
2010-10-06,116.0300,87.613914,148626600,0,1,364.226320
2010-10-07,115.8900,87.508209,164860000,0,1,363.786851
2010-10-08,116.5400,87.999031,177760100,0,1,365.827246
2010-10-11,116.6500,88.082100,103098300,0,1,366.172544
2010-10-12,117.0100,88.353935,182210000,0,1,367.302609
2010-10-13,117.9200,89.041084,194347200,0,1,370.159163
2010-10-14,117.4600,88.693718,217764300,0,1,368.715191
2010-10-15,117.7000,88.874924,243705000,0,1,369.468568
2010-10-18,118.2800,89.312897,141204800,0,1,371.289228
2010-10-19,116.7300,88.142525,280604700,0,1,366.423670
2010-10-20,117.8700,89.003311,200051800,0,1,370.002210
2010-10-21,118.1300,89.199646,221585500,0,1,370.818368
2010-10-22,118.3500,89.365753,108212400,0,1,371.508963
2010-10-25,118.7000,89.630035,151145700,0,1,372.607638
2010-10-26,118.7200,89.645149,158982900,0,1,372.670419
2010-10-27,118.3800,89.388390,190024000,0,1,371.603135
2010-10-28,118.4000,89.403481,168576000,0,1,371.665917
2010-10-29,118.4900,89.471474,144305500,0,1,371.948433
2010-11-01,118.5300,89.501648,174074800,0,1,372.073996
2010-11-02,119.4700,90.211464,158345900,0,1,375.024722
2010-11-03,119.9500,90.573868,226702800,0,1,376.531476
2010-11-04,122.2600,92.318207,215039400,0,1,383.782728
2010-11-05,122.7200,92.665535,180654100,0,1,385.226700
2010-11-08,122.4900,92.491875,156107100,0,1,384.504714
2010-11-09,121.6100,91.827362,186621600,0,1,381.742332
2010-11-10,122.1000,92.197372,221387400,0,1,383.280477
2010-11-11,121.6400,91.849998,158017600,0,1,381.836504
2010-11-12,120.2000,90.762703,239068800,0,1,377.316243
2010-11-15,120.0300,90.634285,163940800,0,1,376.782601
2010-11-16,118.1600,89.222267,299566200,0,1,370.912540
2010-11-17,118.2200,89.267593,172308900,0,1,371.100884
2010-11-18,119.9600,90.581467,197723700,0,1,376.562866
2010-11-19,120.2900,90.830643,156852900,0,1,377.598760
2010-11-22,120.1900,90.755150,181361000,0,1,377.284853
2010-11-23,118.4500,89.441246,222309000,0,1,371.822870
2010-11-24,120.2000,90.762703,140046100,0,1,377.316243
2010-11-26,118.8000,89.705536,76007800,0,1,372.921545
2010-11-29,119.1600,89.977348,223642300,0,1,374.051610
2010-11-30,118.4900,89.471474,233930700,0,1,371.948433
2010-12-01,121.0100,91.374306,221037200,0,1,379.858890
2010-12-02,122.5600,92.544716,191213600,0,1,384.724449
2010-12-03,122.8900,92.793877,151288900,0,1,385.760342
2010-12-06,122.7600,92.695740,103050500,0,1,385.352263
2010-12-07,122.8300,92.748581,206581000,0,1,385.571998
2010-12-08,123.2800,93.088371,138019200,0,1,386.984580
2010-12-09,123.7600,93.450813,123705100,0,1,388.491333
2010-12-10,124.4800,93.994484,117571700,0,1,390.751464
2010-12-13,124.5600,94.054901,133812700,0,1,391.002590
2010-12-14,124.6700,94.137978,147249600,0,1,391.347887
2010-12-15,124.1000,93.707573,160823100,0,1,389.558617
2010-12-16,124.8200,94.251228,185035200,0,1,391.818748
2010-12-17,124.3000,94.352173,141075300,0.653,1,392.236244
2010-12-20,124.6000,94.579903,119085500,0,1,393.182912
2010-12-21,125.3900,95.179573,94965500,0,1,395.675806
2010-12-22,125.7800,95.475578,78878100,0,1,396.906475
2010-12-23,125.6000,95.338966,70053700,0,1,396.338474
2010-12-27,125.6500,95.376915,58126000,0,1,396.496252
2010-12-28,125.8300,95.513535,55309100,0,1,397.064253
2010-12-29,125.9200,95.581894,58033100,0,1,397.348253
2010-12-30,125.7200,95.430054,76616900,0,1,396.717141
2010-12-31,125.7500,95.452820,91218900,0,1,396.811808
2011-01-03,127.0500,96.439636,138725200,0,1,400.914037
2011-01-04,126.9800,96.386490,137409700,0,1,400.693148
2011-01-05,127.6400,96.887474,133975300,0,1,402.775818
2011-01-06,127.3900,96.697685,122519000,0,1,401.986928
2011-01-07,127.1400,96.507935,156034600,0,1,401.198038
2011-01-10,126.9800,96.386490,122401700,0,1,400.693148
2011-01-11,127.4300,96.728065,110287000,0,1,402.113150
2011-01-12,128.5800,97.600990,107929200,0,1,405.742046
2011-01-13,128.3700,97.441582,129048400,0,1,405.079378
2011-01-14,129.3000,98.147545,117677900,0,1,408.014050
2011-01-18,129.5200,98.314529,114401300,0,1,408.708273
2011-01-19,128.2500,97.350510,151958400,0,1,404.700710
2011-01-20,128.0800,97.221481,175745700,0,1,404.164265
2011-01-21,128.3700,97.441582,151462900,0,1,405.079378
2011-01-24,129.1000,97.995705,113715500,0,1,407.382937
2011-01-25,129.1700,98.048836,167552200,0,1,407.603827
2011-01-26,129.6700,98.428398,141281500,0,1,409.181607
2011-01-27,129.9900,98.671303,123302700,0,1,410.191387
2011-01-28,127.7200,96.948219,295637300,0,1,403.028263
2011-01-31,128.6800,97.676865,149249200,0,1,406.057602
2011-02-01,130.7400,99.240578,167194300,0,1,412.558058
2011-02-02,130.4900,99.050804,118323600,0,1,411.769167
2011-02-03,130.7800,99.270943,145886700,0,1,412.684280
2011-02-04,131.1500,99.551788,134634800,0,1,413.851838
2011-02-07,131.9700,100.174225,112439100,0,1,416.439398
2011-02-08,132.5700,100.629677,99072800,0,1,418.332734
2011-02-09,132.2700,100.401970,146436700,0,1,417.386066
2011-02-10,132.3200,100.439919,162708500,0,1,417.543844
2011-02-11,133.1100,101.039619,137710300,0,1,420.036737
2011-02-14,133.4300,101.282494,101690700,0,1,421.046517
2011-02-15,133.0100,100.963654,119575400,0,1,419.721181
2011-02-16,133.8500,101.601295,130183500,0,1,422.371853
2011-02-17,134.2500,101.904915,109810500,0,1,423.634077
2011-02-18,134.5300,102.117447,130002400,0,1,424.517634
2011-02-22,131.8300,100.067963,233116400,0,1,415.997619
2011-02-23,131.0200,99.453133,227584000,0,1,413.441615
2011-02-24,130.9300,99.384811,260431400,0,1,413.157614
2011-02-25,132.3300,100.447510,141686900,0,1,417.575400
2011-02-28,133.1500,101.069939,141585500,0,1,420.162960
2011-03-01,130.9300,99.384811,258565500,0,1,413.157614
2011-03-02,131.2100,99.597336,200277400,0,1,414.041171
2011-03-03,133.4700,101.312851,176480100,0,1,421.172739
2011-03-04,132.4700,100.553802,277202300,0,1,418.017178
2011-03-07,131.4300,99.764336,216790400,0,1,414.735395
2011-03-08,132.5800,100.637276,174615000,0,1,418.364290
2011-03-09,132.3900,100.493027,153806000,0,1,417.764733
2011-03-10,129.9400,98.633316,301291800,0,1,410.033609
2011-03-11,130.8400,99.316521,225621800,0,1,412.873614
2011-03-14,130.0500,98.716843,234974100,0,1,410.380720
2011-03-15,128.5600,97.585823,359585400,0,1,405.678934
2011-03-16,126.1800,95.779243,468670300,0,1,398.168699
2011-03-17,127.8500,97.046860,254303700,0,1,403.438486
2011-03-18,127.7600,97.399864,230435400,0.553,1,404.899511
2011-03-21,129.7400,98.909348,153992600,0,1,411.174566
2011-03-22,129.2900,98.566269,129538600,0,1,409.748417
2011-03-23,129.6600,98.848351,148603100,0,1,410.921028
2011-03-24,130.9000,99.793678,159129800,0,1,414.850861
2011-03-25,131.3000,100.098648,155642800,0,1,416.118549
2011-03-28,130.9800,99.854645,109762400,0,1,415.104398
2011-03-29,131.8600,100.525558,129798800,0,1,417.893312
2011-03-30,132.7700,101.219284,135835000,0,1,420.777302
2011-03-31,132.5900,101.082069,132537100,0,1,420.206842
2011-04-01,133.1500,101.508995,153850100,0,1,421.981605
2011-04-04,133.2600,101.592842,100768900,0,1,422.330219
2011-04-05,133.2400,101.577644,120791500,0,1,422.266835
2011-04-06,133.6600,101.897820,120411600,0,1,423.597907
2011-04-07,133.3200,101.638611,170731500,0,1,422.520372
2011-04-08,132.8600,101.287910,147945400,0,1,421.062531
2011-04-11,132.4600,100.982964,121385400,0,1,419.794843
2011-04-12,131.4700,100.228218,161187400,0,1,416.657316
2011-04-13,131.4600,100.220634,162059000,0,1,416.625624
2011-04-14,131.5600,100.296860,161220400,0,1,416.942546
2011-04-15,132.0400,100.662766,170006700,0,1,418.463771
2011-04-18,130.5600,99.534454,210759300,0,1,413.773326
2011-04-19,131.3100,100.106247,124258800,0,1,416.150241
2011-04-20,133.1000,101.470863,156133800,0,1,421.823144
2011-04-21,133.7800,101.989319,135935400,0,1,423.978214
2011-04-25,133.6400,101.882591,65757100,0,1,423.534523
2011-04-26,134.7900,102.759270,146600000,0,1,427.179125
2011-04-27,135.6700,103.430168,143031000,0,1,429.968039
2011-04-28,136.1100,103.765640,124791100,0,1,431.362495
2011-04-29,136.4300,104.009552,115094100,0,1,432.376646
2011-05-02,136.2200,103.849442,126278700,0,1,431.711110
2011-05-03,135.7300,103.475906,138375000,0,1,430.158192
2011-05-04,134.8300,102.789795,182678500,0,1,427.305894
2011-05-05,133.6100,101.859703,226900000,0,1,423.439446
2011-05-06,134.2000,102.309502,222787200,0,1,425.309286
2011-05-09,134.7200,102.705925,114104500,0,1,426.957280
2011-05-10,135.8700,103.582634,114806900,0,1,430.601883
2011-05-11,134.4400,102.492455,193564200,0,1,426.069899
2011-05-12,135.0800,102.980370,171550700,0,1,428.098199
2011-05-13,134.0400,102.187492,157444900,0,1,424.802211
2011-05-16,133.1900,101.539520,141675400,0,1,422.108374
2011-05-17,133.1700,101.524231,192686200,0,1,422.044989
2011-05-18,134.3600,102.431480,135217900,0,1,425.816361
2011-05-19,134.6800,102.675438,119489500,0,1,426.830511
2011-05-20,133.6100,101.859703,182594900,0,1,423.439446
2011-05-23,132.0600,100.678032,168700000,0,1,418.527156
2011-05-24,131.9500,100.594170,147199600,0,1,418.178541
2011-05-25,132.3900,100.929588,151050100,0,1,419.572998
2011-05-26,133.0000,101.394653,164850000,0,1,421.506222
2011-05-27,133.5100,101.783440,120921900,0,1,423.122524
2011-05-31,134.9000,102.843140,164731200,0,1,427.527740
2011-06-01,131.8700,100.533165,233094300,0,1,417.925004
2011-06-02,131.7300,100.426430,200466800,0,1,417.481313
2011-06-03,130.4200,99.427765,234690200,0,1,413.329635
2011-06-06,129.0400,98.375679,179951200,0,1,408.956112
2011-06-07,128.9600,98.314697,161660500,0,1,408.702574
2011-06-08,128.4200,97.903000,198696400,0,1,406.991196
2011-06-09,129.4000,98.650124,160964400,0,1,410.097031
2011-06-10,127.6000,97.277885,238629400,0,1,404.392436
2011-06-13,127.7000,97.354095,207599800,0,1,404.709358
2011-06-14,129.3200,98.589142,160570400,0,1,409.843494
2011-06-15,127.0200,96.835693,300958000,0,1,402.554288
2011-06-16,127.3000,97.049179,308032800,0,1,403.441670
2011-06-17,127.0500,97.338783,233284900,0.628,1,404.639635
2011-06-20,127.7000,97.836746,159479000,0,1,406.709810
2011-06-21,129.4500,99.177498,193157300,0,1,412.283359
2011-06-22,128.6700,98.579918,176703000,0,1,409.799148
2011-06-23,128.3000,98.296455,334286500,0,1,408.620741
2011-06-24,126.8100,97.154884,226129300,0,1,403.875262
2011-06-27,127.9400,98.020645,168904700,0,1,407.474182
2011-06-28,129.6100,99.300125,165556300,0,1,412.792940
2011-06-29,130.7200,100.150520,244295500,0,1,416.328163
2011-06-30,131.9700,101.108192,223322700,0,1,420.309269
2011-07-01,133.9200,102.602173,202385700,0,1,426.519795
2011-07-05,133.8100,102.517906,165936000,0,1,426.169457
2011-07-06,133.9700,102.640480,143331600,0,1,426.679039
2011-07-07,135.3600,103.705444,170464200,0,1,431.106029
2011-07-08,134.4000,102.969933,194100500,0,1,428.048539
2011-07-11,131.9700,101.108192,195918600,0,1,420.309269
2011-07-12,131.4000,100.671501,214675700,0,1,418.493884
2011-07-13,131.8400,101.008598,204062600,0,1,419.895234
2011-07-14,130.9300,100.311417,226111800,0,1,416.996988
2011-07-15,131.6900,100.893661,220012800,0,1,419.417501
2011-07-18,130.6100,100.066254,196872100,0,1,415.977825
2011-07-19,132.7300,101.690483,166554900,0,1,422.729781
2011-07-20,132.6500,101.629196,137145400,0,1,422.474991
2011-07-21,134.4900,103.038895,245246300,0,1,428.335179
2011-07-22,134.5800,103.107841,126019400,0,1,428.621819
2011-07-25,133.8300,102.533264,136653800,0,1,426.233155
2011-07-26,133.3300,102.150146,131278200,0,1,424.640712
2011-07-27,130.6000,100.058586,249020100,0,1,415.945976
2011-07-28,130.2200,99.767433,207939900,0,1,414.735720
2011-07-29,129.3300,99.085579,307038400,0,1,411.901173
2011-08-01,128.7800,98.664207,325790900,0,1,410.149486
2011-08-02,125.4900,96.143578,346653800,0,1,399.671214
2011-08-03,126.1700,96.664566,370830800,0,1,401.836936
2011-08-04,120.2600,92.136650,520721800,0,1,383.014266
2011-08-05,120.0800,91.998749,655619200,0,1,382.440987
2011-08-08,112.2600,86.007477,702263900,0,1,357.535186
2011-08-09,117.4800,90.006752,717828700,0,1,374.160286
2011-08-10,112.2900,86.030449,662607400,0,1,357.630733
2011-08-11,117.3300,89.891823,487979700,0,1,373.682553
2011-08-12,118.1200,90.497101,313731600,0,1,376.198612
2011-08-15,120.6200,92.412453,258810600,0,1,384.160824
2011-08-16,119.5900,91.623322,294095200,0,1,380.880393
2011-08-17,119.6700,91.684639,238201100,0,1,381.135184
2011-08-18,114.5100,87.731316,512956300,0,1,364.701177
2011-08-19,112.6400,86.298615,428281300,0,1,358.745442
2011-08-22,112.7300,86.367538,275090600,0,1,359.032082
2011-08-23,116.4400,89.209984,331136600,0,1,370.848005
2011-08-24,118.0800,90.466438,246869700,0,1,376.071217
2011-08-25,116.2800,89.087372,312365400,0,1,370.338424
2011-08-26,117.9700,90.382172,314495900,0,1,375.720879
2011-08-29,121.3600,92.979431,190977200,0,1,386.517639
2011-08-30,121.6800,93.224579,241315700,0,1,387.536803
2011-08-31,122.2200,93.638306,301828400,0,1,389.256640
2011-09-01,120.9400,92.657623,254585900,0,1,385.179988
2011-09-02,117.8500,90.290253,255517200,0,1,375.338693
2011-09-06,116.9900,89.631355,285130500,0,1,372.599692
2011-09-07,120.2900,92.159637,209803200,0,1,383.109812
2011-09-08,119.0400,91.201950,250568200,0,1,379.128706
2011-09-09,115.9200,88.811584,380195100,0,1,369.191865
2011-09-12,116.6700,89.386147,305793500,0,1,371.580529
2011-09-13,117.7400,90.205956,272514700,0,1,374.988356
2011-09-14,119.3700,91.454781,319389500,0,1,380.179718
2011-09-15,121.4300,93.033028,326777200,0,1,386.740581
2011-09-16,121.5200,93.583656,284528300,0.625,1,389.017774
2011-09-19,120.3100,92.651825,241517000,0,1,385.144243
2011-09-20,120.1700,92.544006,218932200,0,1,384.696066
2011-09-21,116.6300,89.817825,316251300,0,1,373.363586
2011-09-22,112.8600,86.914528,513911300,0,1,361.294816
2011-09-23,113.5400,87.438187,307242500,0,1,363.471676
2011-09-26,116.2400,89.517494,260673700,0,1,372.115093
2011-09-27,117.5400,90.518600,311753900,0,1,376.276738
2011-09-28,115.1400,88.670349,286696800,0,1,368.593701
2011-09-29,116.0500,89.371201,298108900,0,1,371.506852
2011-09-30,113.1500,87.137840,288392300,0,1,362.223182
2011-10-03,109.9300,84.658081,365136800,0,1,351.915108
2011-10-04,112.3400,86.514061,459177500,0,1,359.630157
2011-10-05,114.4200,88.115898,284108000,0,1,366.288790
2011-10-06,116.4900,89.709991,257800800,0,1,372.915409
2011-10-07,115.7100,89.109314,312657900,0,1,370.418422
2011-10-10,119.5800,92.089661,230666300,0,1,382.807319
2011-10-11,119.7000,92.182060,209088000,0,1,383.191471
2011-10-12,120.7500,92.990662,281544900,0,1,386.552800
2011-10-13,120.5100,92.805840,212538800,0,1,385.784496
2011-10-14,122.5700,94.392258,211397600,0,1,392.379103
2011-10-17,120.2300,92.590218,202311600,0,1,384.888142
2011-10-18,122.5800,94.399986,318857900,0,1,392.411115
2011-10-19,121.1300,93.283333,226601300,0,1,387.769281
2011-10-20,121.6600,93.691475,262075600,0,1,389.465951
2011-10-21,123.9700,95.470428,278999400,0,1,396.860874
2011-10-24,125.4900,96.640999,203215600,0,1,401.726798
2011-10-25,123.0500,94.761940,268596800,0,1,393.915710
2011-10-26,124.3000,95.724541,289053800,0,1,397.917292
2011-10-27,128.6300,99.059158,393220200,0,1,411.778771
2011-10-28,128.6000,99.036011,225906500,0,1,411.682733
2011-10-31,125.5000,96.648705,228146700,0,1,401.758810
2011-11-01,122.0000,93.953354,416565800,0,1,390.554381
2011-11-02,123.9900,95.485832,244717600,0,1,396.924900
2011-11-03,126.2500,97.226250,291174800,0,1,404.159759
2011-11-04,125.4800,96.633278,249401600,0,1,401.694785
2011-11-07,126.2600,97.233978,196617200,0,1,404.191772
2011-11-08,127.8800,98.481552,224426300,0,1,409.377822
2011-11-09,123.1600,94.846657,337982000,0,1,394.267849
2011-11-10,124.3200,95.739975,231866500,0,1,397.981317
2011-11-11,126.6600,97.542007,189924400,0,1,405.472278
2011-11-14,125.4600,96.617889,159258300,0,1,401.630760
2011-11-15,126.0800,97.095337,184709400,0,1,403.615544
2011-11-16,124.0800,95.555115,235782500,0,1,397.213014
2011-11-17,122.1100,94.038033,331219600,0,1,390.906521
2011-11-18,121.9800,93.937912,215580400,0,1,390.490356
2011-11-21,119.6600,92.151268,229611600,0,1,383.063420
2011-11-22,119.1900,91.789299,216494900,0,1,381.558826
2011-11-23,116.5600,89.763893,224329100,0,1,373.139498
2011-11-25,116.3400,89.594490,99557000,0,1,372.435219
2011-11-28,119.7100,92.189758,210686000,0,1,383.223484
2011-11-29,120.0500,92.451599,199241500,0,1,384.311914
2011-11-30,124.9900,96.255913,324439500,0,1,400.126165
2011-12-01,124.9700,96.240517,176954800,0,1,400.062140
2011-12-02,124.8600,96.155815,221109700,0,1,399.710001
2011-12-05,126.2200,97.203163,225263900,0,1,404.063722
2011-12-06,126.2600,97.233978,178842100,0,1,404.191772
2011-12-07,126.7300,97.595924,237802500,0,1,405.696367
2011-12-08,123.9500,95.455002,240862800,0,1,396.796849
2011-12-09,126.0500,97.072258,209111400,0,1,403.519506
2011-12-12,124.2100,95.655251,215826100,0,1,397.629178
2011-12-13,123.0500,94.761940,245159800,0,1,393.915710
2011-12-14,121.7400,93.753090,238618800,0,1,389.722052
2011-12-15,122.1800,94.091927,199109200,0,1,391.130609
2011-12-16,121.5900,94.231430,220481400,0.77,1,391.706837
2011-12-19,120.2900,93.223930,183903000,0,1,387.518837
2011-12-20,123.9300,96.044914,225418100,0,1,399.245237
2011-12-21,124.1700,96.230904,194230900,0,1,400.018406
2011-12-22,125.2700,97.083405,119465400,0,1,403.562098
2011-12-23,126.3900,97.951393,92187200,0,1,407.170221
2011-12-27,126.4900,98.028877,86075700,0,1,407.492374
2011-12-28,124.8300,96.742424,119107100,0,1,402.144621
2011-12-29,126.1200,97.742134,123507200,0,1,406.300405
2011-12-30,125.5000,97.261658,95599000,0,1,404.303052
2012-01-03,127.5000,98.811638,193697900,0,1,410.746128
2012-01-04,127.7000,98.966629,127186500,0,1,411.390436
2012-01-05,128.0400,99.230118,173895000,0,1,412.485759
2012-01-06,127.7100,98.974380,148050000,0,1,411.422651
2012-01-09,128.0200,99.214653,99530200,0,1,412.421328
2012-01-10,129.1300,100.074875,115282000,0,1,415.997235
2012-01-11,129.2000,100.129112,111540700,0,1,416.222743
2012-01-12,129.5100,100.369385,118983700,0,1,417.221420
2012-01-13,128.8400,99.850128,179836200,0,1,415.062989
2012-01-17,129.3400,100.237602,132209200,0,1,416.673759
2012-01-18,130.7700,101.345825,163395200,0,1,421.280558
2012-01-19,131.4600,101.880646,126328900,0,1,423.503420
2012-01-20,131.9500,102.260361,138230200,0,1,425.081973
2012-01-23,131.6100,101.996872,129295800,0,1,423.986650
2012-01-24,131.4600,101.880646,103083300,0,1,423.503420
2012-01-25,132.5600,102.733101,198613200,0,1,427.047112
2012-01-26,131.8800,102.206100,184880500,0,1,424.856466
2012-01-27,131.8200,102.159615,135259100,0,1,424.663173
2012-01-30,131.3700,101.810860,147311800,0,1,423.213481
2012-01-31,131.3200,101.772110,157212000,0,1,423.052404
2012-02-01,132.4700,102.663376,166234500,0,1,426.757173
2012-02-02,132.6800,102.826096,113090400,0,1,427.433696
2012-02-03,134.5400,104.267601,160598500,0,1,433.425757
2012-02-06,134.4500,104.197845,107694500,0,1,433.135819
2012-02-07,134.7900,104.461342,135528100,0,1,434.231142
2012-02-08,135.1900,104.771362,139361400,0,1,435.519757
2012-02-09,135.3600,104.903076,148602900,0,1,436.067419
2012-02-10,134.3600,104.128105,167907500,0,1,432.845881
2012-02-13,135.3600,104.903076,115841900,0,1,436.067419
2012-02-14,135.1900,104.771362,165329500,0,1,435.519757
2012-02-15,134.5600,104.283104,195195100,0,1,433.490188
2012-02-16,136.0500,105.437813,186567800,0,1,438.290280
2012-02-17,136.4100,105.716843,129869400,0,1,439.450034
2012-02-21,136.4700,105.763298,134042300,0,1,439.643326
2012-02-22,136.0300,105.422325,124455300,0,1,438.225849
2012-02-23,136.6300,105.887329,137704300,0,1,440.158772
2012-02-24,136.9300,106.119835,105539100,0,1,441.125234
2012-02-27,137.1600,106.298065,145728900,0,1,441.866188
2012-02-28,137.5600,106.608070,129355900,0,1,443.154803
2012-02-29,137.0200,106.189575,185934700,0,1,441.415172
2012-03-01,137.7300,106.739822,145023500,0,1,443.702465
2012-03-02,137.3100,106.414322,120638300,0,1,442.349418
2012-03-05,136.7500,105.980339,140765000,0,1,440.545357
2012-03-06,134.7500,104.430328,202129900,0,1,434.102281
2012-03-07,135.6900,105.158836,143692200,0,1,437.130526
2012-03-08,137.0400,106.205048,116968900,0,1,441.479603
2012-03-09,137.5700,106.615852,122836800,0,1,443.187018
2012-03-12,137.5800,106.623589,104003500,0,1,443.219234
2012-03-13,140.0600,108.545532,184090500,0,1,451.208649
2012-03-14,139.9100,108.429298,145163600,0,1,450.725418
2012-03-15,140.7200,109.057030,165118500,0,1,453.334864
2012-03-16,140.3000,109.208092,152893500,0.614,1,453.959842
2012-03-19,140.8500,109.636177,125291100,0,1,455.739443
2012-03-20,140.4400,109.317009,121729700,0,1,454.412831
2012-03-21,140.2100,109.138008,122388400,0,1,453.668635
2012-03-22,139.2000,108.351814,135216700,0,1,450.400642
2012-03-23,139.6500,108.702095,120521000,0,1,451.856678
2012-03-26,141.6100,110.227745,120164000,0,1,458.198527
2012-03-27,141.1700,109.885262,119868500,0,1,456.774846
2012-03-28,140.4700,109.340401,148562100,0,1,454.509901
2012-03-29,140.2300,109.153610,164963700,0,1,453.733348
2012-03-30,140.8100,109.605026,135486800,0,1,455.610017
2012-04-02,141.8400,110.406784,151741100,0,1,458.942723
2012-04-03,141.2600,109.955299,155806700,0,1,457.066054
2012-04-04,139.8600,108.865585,146896000,0,1,452.536162
2012-04-05,139.7900,108.811111,137439400,0,1,452.309668
2012-04-09,138.2200,107.588989,127555900,0,1,447.229718
2012-04-10,135.9000,105.783157,235360300,0,1,439.723040
2012-04-11,137.0000,106.639389,154133000,0,1,443.282241
2012-04-12,138.7900,108.032715,154321500,0,1,449.074031
2012-04-13,137.1400,106.748344,169246700,0,1,443.735230
2012-04-16,137.0500,106.678307,147825300,0,1,443.444023
2012-04-17,139.0800,108.258423,147877600,0,1,450.012365
2012-04-18,138.6100,107.892616,123884200,0,1,448.491616
2012-04-19,137.7200,107.199791,198666700,0,1,445.611899
2012-04-20,137.9500,107.378845,143199600,0,1,446.356096
2012-04-23,136.7900,106.475952,171844900,0,1,442.602757
2012-04-24,137.3100,106.880676,137484200,0,1,444.285288
2012-04-25,139.1900,108.344048,150252200,0,1,450.368285
2012-04-26,140.1600,109.099136,136291600,0,1,453.506853
2012-04-27,140.3900,109.278107,130725000,0,1,454.251050
2012-04-30,139.8700,108.873390,115092200,0,1,452.568519
2012-05-01,140.7400,109.550560,138832200,0,1,455.383523
2012-05-02,140.3200,109.223648,121081000,0,1,454.024555
2012-05-03,139.2500,108.390739,143759700,0,1,450.562424
2012-05-04,137.0000,106.639389,193927300,0,1,443.282241
2012-05-07,137.1000,106.717247,127765900,0,1,443.605805
2012-05-08,136.5500,106.289124,213377700,0,1,441.826204
2012-05-09,135.7400,105.658623,220752500,0,1,439.205339
2012-05-10,136.0200,105.876595,150600000,0,1,440.111317
2012-05-11,135.6100,105.557419,153032400,0,1,438.784706
2012-05-14,134.1100,104.389862,163910000,0,1,433.931251
2012-05-15,133.3400,103.790474,207629300,0,1,431.439810
2012-05-16,132.8300,103.393517,207265500,0,1,429.789635
2012-05-17,130.8600,101.860062,247992900,0,1,423.415431
2012-05-18,129.7400,100.988251,319615900,0,1,419.791518
2012-05-21,131.9700,102.724068,177861100,0,1,427.006988
2012-05-22,132.2000,102.903114,197531200,0,1,427.751184
2012-05-23,132.2700,102.957596,204958400,0,1,427.977679
2012-05-24,132.5300,103.159958,167357600,0,1,428.818944
2012-05-25,132.1000,102.825272,135465600,0,1,427.427621
2012-05-29,133.7000,104.070694,152883500,0,1,432.604639
2012-05-30,131.7600,102.560608,162370400,0,1,426.327504
2012-05-31,131.4700,102.334892,196186000,0,1,425.389169
2012-06-01,128.1600,99.758438,253240900,0,1,414.679212
2012-06-04,128.1000,99.711731,202545800,0,1,414.485073
2012-06-05,129.0700,100.466736,164149400,0,1,417.623641
2012-06-06,131.9700,102.724068,184202800,0,1,427.006988
2012-06-07,132.0500,102.786362,184772700,0,1,427.265839
2012-06-08,133.1000,103.603661,143915400,0,1,430.663257
2012-06-11,131.4100,102.288155,169756100,0,1,425.195031
2012-06-12,132.9200,103.463562,181931800,0,1,430.080843
2012-06-13,132.0700,102.801941,172223900,0,1,427.330552
2012-06-14,133.4700,103.891663,230615500,0,1,431.860443
2012-06-15,134.1400,104.954216,169444500,0.688,1,436.254438
2012-06-18,134.4000,105.157631,131360900,0,1,437.100018
2012-06-19,135.7000,106.174767,137382600,0,1,441.327920
2012-06-20,135.4800,106.002647,206451800,0,1,440.612429
2012-06-21,132.4400,103.624077,205272200,0,1,430.725643
2012-06-22,133.4600,104.422157,130029200,0,1,434.042920
2012-06-25,131.3200,102.747772,146375700,0,1,427.083143
2012-06-26,131.9800,103.264145,141634000,0,1,429.229616
2012-06-27,133.1700,104.195221,108088000,0,1,433.099772
2012-06-28,132.7900,103.897942,169242100,0,1,431.863924
2012-06-29,136.1000,106.487747,212250900,0,1,442.628813
2012-07-02,136.5100,106.808502,129524500,0,1,443.962228
2012-07-03,137.4100,107.512749,80450000,0,1,446.889237
2012-07-05,136.7900,107.027596,126177500,0,1,444.872853
2012-07-06,135.4900,106.010429,151192100,0,1,440.644951
2012-07-09,135.3200,105.877449,103780500,0,1,440.092072
2012-07-10,134.1400,104.954216,167884800,0,1,436.254438
2012-07-11,134.1600,104.969841,141733400,0,1,436.319482
2012-07-12,133.5100,104.461273,143583200,0,1,434.205531
2012-07-13,135.7500,106.213905,129642600,0,1,441.490532
2012-07-16,135.4300,105.963539,97525200,0,1,440.449817
2012-07-17,136.3600,106.691147,138860300,0,1,443.474393
2012-07-18,137.3700,107.481400,113349700,0,1,446.759148
2012-07-19,137.7300,107.763069,129847300,0,1,447.929952
2012-07-20,136.4700,106.777237,142904500,0,1,443.832139
2012-07-23,135.0900,105.697502,145210900,0,1,439.344058
2012-07-24,133.9300,104.789871,173301200,0,1,435.571469
2012-07-25,133.9600,104.813370,129122300,0,1,435.669036
2012-07-26,136.1700,106.542511,156526500,0,1,442.856469
2012-07-27,138.6800,108.506401,236768900,0,1,451.019572
2012-07-30,138.6800,108.506401,106782000,0,1,451.019572
2012-07-31,137.7100,107.747429,120575900,0,1,447.864907
2012-08-01,137.5900,107.653526,138293800,0,1,447.474639
2012-08-02,136.6400,106.910248,199556600,0,1,444.385018
2012-08-03,139.3500,109.030624,157825000,0,1,453.198568
2012-08-06,139.6200,109.241844,86326200,0,1,454.076671
2012-08-07,140.3200,109.789581,109545100,0,1,456.353233
2012-08-08,140.4900,109.922554,89754700,0,1,456.906113
2012-08-09,140.6100,110.016449,90291700,0,1,457.296381
2012-08-10,140.8400,110.196365,99792700,0,1,458.044394
2012-08-13,140.7700,110.141640,79426900,0,1,457.816738
2012-08-14,140.7900,110.157295,102379400,0,1,457.881782
2012-08-15,140.9500,110.282494,71085900,0,1,458.402140
2012-08-16,141.9900,111.096191,112014200,0,1,461.784461
2012-08-17,142.1800,111.244858,90813700,0,1,462.402385
2012-08-20,142.1900,111.252686,78255700,0,1,462.434908
2012-08-21,141.7600,110.916252,105581100,0,1,461.036448
2012-08-22,141.8200,110.963203,133243500,0,1,461.231582
2012-08-23,140.6600,110.055595,111466400,0,1,457.458992
2012-08-24,141.5100,110.720634,99481200,0,1,460.223390
2012-08-27,141.5400,110.744141,68785900,0,1,460.320957
2012-08-28,141.4000,110.634544,75689600,0,1,459.865644
2012-08-29,141.5100,110.720634,65421300,0,1,460.223390
2012-08-30,140.4900,109.922554,96589900,0,1,456.906113
2012-08-31,141.1600,110.446808,151970400,0,1,459.085108
2012-09-04,141.0300,110.345070,120226200,0,1,458.662318
2012-09-05,140.9100,110.251190,100660300,0,1,458.272050
2012-09-06,143.7700,112.488914,158272500,0,1,467.573435
2012-09-07,144.3300,112.927063,107272100,0,1,469.394685
2012-09-10,143.5100,112.285500,86458500,0,1,466.727854
2012-09-11,143.9100,112.598480,88760000,0,1,468.028747
2012-09-12,144.3900,112.974007,87640900,0,1,469.589819
2012-09-13,146.5900,114.695366,225470200,0,1,476.744730
2012-09-14,147.2400,115.203926,169777000,0,1,478.858681
2012-09-17,146.7400,114.812721,119427800,0,1,477.232565
2012-09-18,146.6200,114.718842,98326600,0,1,476.842297
2012-09-19,146.7000,114.781433,128318300,0,1,477.102475
2012-09-20,146.7100,114.789253,154009800,0,1,477.134998
2012-09-21,145.8700,114.741272,108737500,0.779,1,476.936611
2012-09-24,145.6500,114.568237,95682000,0,1,476.217299
2012-09-25,144.1000,113.348969,133165200,0,1,471.149419
2012-09-26,143.2900,112.711815,146502200,0,1,468.501042
2012-09-27,144.6400,113.773773,111830300,0,1,472.915003
2012-09-28,143.9700,113.246742,150696100,0,1,470.724371
2012-10-01,144.3500,113.545639,135911200,0,1,471.966819
2012-10-02,144.5000,113.663628,113422200,0,1,472.457259
2012-10-03,145.0900,114.127769,121283100,0,1,474.386323
2012-10-04,146.1300,114.945763,124311600,0,1,477.786707
2012-10-05,146.1400,114.953674,124842100,0,1,477.819403
2012-10-08,145.6400,114.560341,78415400,0,1,476.184603
2012-10-09,144.2000,113.427628,148872900,0,1,471.476379
2012-10-10,143.2800,112.703995,124247500,0,1,468.468346
2012-10-11,143.3600,112.766869,123601500,0,1,468.729914
2012-10-12,142.8900,112.397202,124181900,0,1,467.193202
2012-10-15,144.0800,113.333290,107689100,0,1,471.084027
2012-10-16,145.5400,114.481606,108815500,0,1,475.857643
2012-10-17,146.2000,115.000832,128834100,0,1,478.015580
2012-10-18,145.8200,114.701920,148108500,0,1,476.773131
2012-10-19,143.3900,112.790512,185645200,0,1,468.828002
2012-10-22,143.4100,112.806259,125578600,0,1,468.893394
2012-10-23,141.4200,111.240852,192056300,0,1,462.386890
2012-10-24,141.0200,110.926270,120179400,0,1,461.079049
2012-10-25,141.4300,111.248764,134457400,0,1,462.419586
2012-10-26,141.3500,111.185860,146023500,0,1,462.158018
2012-10-31,141.3500,111.185860,103438500,0,1,462.158018
2012-11-01,142.8300,112.350014,100995600,0,1,466.997026
2012-11-02,141.5600,111.351036,137702200,0,1,462.844634
2012-11-05,141.8500,111.579124,98378500,0,1,463.792818
2012-11-06,142.9600,112.452263,107068100,0,1,467.422074
2012-11-07,139.7200,109.903664,264304500,0,1,456.828569
2012-11-08,138.0400,108.582184,181517300,0,1,451.335640
2012-11-09,138.1600,108.676567,201055300,0,1,451.727992
2012-11-12,138.2700,108.763107,97677500,0,1,452.087648
2012-11-13,137.7900,108.385536,123018300,0,1,450.518240
2012-11-14,135.9300,106.922455,191505000,0,1,444.436783
2012-11-15,135.7000,106.741562,178128400,0,1,443.684775
2012-11-16,136.3700,107.268555,239483900,0,1,445.875408
2012-11-19,139.1300,109.439583,151495800,0,1,454.899505
2012-11-20,139.1900,109.486824,119807400,0,1,455.095681
2012-11-21,139.4500,109.691292,81710800,0,1,455.945777
2012-11-23,141.3500,111.185860,65409200,0,1,462.158018
2012-11-26,141.0500,110.949867,100124400,0,1,461.177137
2012-11-27,140.3300,110.383492,128646200,0,1,458.823025
2012-11-28,141.4600,111.272362,177086500,0,1,462.517674
2012-11-29,142.1200,111.791550,151085900,0,1,464.675610
2012-11-30,142.1500,111.815071,136568300,0,1,464.773698
2012-12-03,141.4500,111.264465,124656300,0,1,462.484978
2012-12-04,141.2500,111.107201,127512200,0,1,461.831057
2012-12-05,141.5000,111.303818,147300500,0,1,462.648458
2012-12-06,141.9800,111.681381,103220600,0,1,464.217866
2012-12-07,142.4100,112.019600,108726400,0,1,465.623794
2012-12-10,142.4700,112.066849,98840700,0,1,465.819970
2012-12-11,143.4400,112.829834,152570400,0,1,468.991482
2012-12-12,143.5100,112.884888,145880100,0,1,469.220354
2012-12-13,142.6300,112.192688,135715000,0,1,466.343106
2012-12-14,142.1000,111.775810,137701700,0,1,464.610218
2012-12-17,143.7700,113.089401,143238200,0,1,470.070451
2012-12-18,145.3700,114.347969,177762800,0,1,475.301811
2012-12-19,144.2900,113.498482,150895400,0,1,471.770643
2012-12-20,145.1200,114.151321,168487000,0,1,474.484411
2012-12-21,142.7900,113.115135,245883800,1.022,1,470.207774
2012-12-24,142.3500,112.766594,53874600,0,1,468.758853
2012-12-26,141.7500,112.291275,106947700,0,1,466.783052
2012-12-27,141.5600,112.140762,167920600,0,1,466.157381
2012-12-28,140.0300,110.928741,148806700,0,1,461.119088
2012-12-31,142.4100,112.814148,243935200,0,1,468.956433
2013-01-02,146.0600,115.705559,192059000,0,1,480.975891
2013-01-03,145.7300,115.444138,144761800,0,1,479.889200
2013-01-04,146.3700,115.951111,116817700,0,1,481.996721
2013-01-07,145.9700,115.634277,110002500,0,1,480.679520
2013-01-08,145.5500,115.301544,121265100,0,1,479.296460
2013-01-09,145.9200,115.594696,90745600,0,1,480.514870
2013-01-10,147.0800,116.513588,130735400,0,1,484.334753
2013-01-11,147.0700,116.505684,113917300,0,1,484.301823
2013-01-14,146.9700,116.426453,89567200,0,1,483.972523
2013-01-15,147.0700,116.505684,93172600,0,1,484.301823
2013-01-16,147.0500,116.489822,104849500,0,1,484.235963
2013-01-17,148.0000,117.242409,133833500,0,1,487.364315
2013-01-18,148.3300,117.503807,169906000,0,1,488.451006
2013-01-22,149.1300,118.137581,111797300,0,1,491.085407
2013-01-23,149.3700,118.327705,104596100,0,1,491.875728
2013-01-24,149.4100,118.359383,146426400,0,1,492.007448
2013-01-25,150.2500,119.024818,147211600,0,1,494.773570
2013-01-28,150.0700,118.882217,113357700,0,1,494.180829
2013-01-29,150.6600,119.349609,105694400,0,1,496.123700
2013-01-30,150.0700,118.882217,137447700,0,1,494.180829
2013-01-31,149.7000,118.589127,108975800,0,1,492.962418
2013-02-01,151.2400,119.809074,131173000,0,1,498.033642
2013-02-04,149.5400,118.462341,159073600,0,1,492.435538
2013-02-05,151.0500,119.658516,113912400,0,1,497.407971
2013-02-06,151.1600,119.745712,138762800,0,1,497.770202
2013-02-07,150.9600,119.587257,162490000,0,1,497.111601
2013-02-08,151.8000,120.252701,103133700,0,1,499.877723
2013-02-11,151.7700,120.228920,73775000,0,1,499.778933
2013-02-12,152.0200,120.426994,65392700,0,1,500.602183
2013-02-13,152.1500,120.529991,82322600,0,1,501.030274
2013-02-14,152.2900,120.640831,80834300,0,1,501.491294
2013-02-15,152.1100,120.498299,215226500,0,1,500.898554
2013-02-19,153.2500,121.401352,95105400,0,1,504.652576
2013-02-20,151.3400,119.888275,160574800,0,1,498.362942
2013-02-21,150.4200,119.159447,183257000,0,1,495.333380
2013-02-22,151.8900,120.323982,106356600,0,1,500.174093
2013-02-25,149.0000,118.034554,245824800,0,1,490.657317
2013-02-26,150.0200,118.842621,186596200,0,1,494.016179
2013-02-27,151.9100,120.339806,150781900,0,1,500.239953
2013-02-28,151.6100,120.102150,126866000,0,1,499.252052
2013-03-01,152.1100,120.498299,170634800,0,1,500.898554
2013-03-04,152.9200,121.139915,99010200,0,1,503.565885
2013-03-05,154.2900,122.225166,121431900,0,1,508.077298
2013-03-06,154.5000,122.391563,94469900,0,1,508.768829
2013-03-07,154.7800,122.613388,86101400,0,1,509.690869
2013-03-08,155.4400,123.136169,123477800,0,1,511.864251
2013-03-11,156.0300,123.603592,83746800,0,1,513.807122
2013-03-12,155.6800,123.326324,105755800,0,1,512.654571
2013-03-13,155.9000,123.500580,92550900,0,1,513.379032
2013-03-14,156.7300,124.158081,126329900,0,1,516.112223
2013-03-15,155.8300,123.994194,138601100,0.694,1,515.433865
2013-03-18,154.9700,123.309914,126704300,0,1,512.589271
2013-03-19,154.6100,123.023468,167567300,0,1,511.398510
2013-03-20,155.6900,123.882828,113759300,0,1,514.970791
2013-03-21,154.3600,122.824554,128605000,0,1,510.571593
2013-03-22,155.6000,123.811172,111163600,0,1,514.673101
2013-03-25,154.9500,123.294029,151322300,0,1,512.523117
2013-03-26,156.1900,124.280640,86856600,0,1,516.624625
2013-03-27,156.1900,124.280640,99950600,0,1,516.624625
2013-03-28,156.6700,124.662605,102932800,0,1,518.212306
2013-04-01,156.0500,124.169250,99194100,0,1,516.161552
2013-04-02,156.8200,124.781944,101504300,0,1,518.708456
2013-04-03,155.2300,123.516800,154167400,0,1,513.449264
2013-04-04,155.8600,124.018066,131885000,0,1,515.533095
2013-04-05,155.1600,123.461121,159666000,0,1,513.217728
2013-04-08,156.2100,124.296570,86571200,0,1,516.690779
2013-04-09,156.7500,124.726189,101922200,0,1,518.476919
2013-04-10,158.6700,126.253937,135711100,0,1,524.827641
2013-04-11,159.1900,126.667725,110142500,0,1,526.547629
2013-04-12,158.8000,126.357422,116359900,0,1,525.257638
2013-04-15,155.1200,123.429260,217259000,0,1,513.085421
2013-04-16,157.4100,125.251396,147507800,0,1,520.659980
2013-04-17,155.1100,123.421272,226834800,0,1,513.052344
2013-04-18,154.1400,122.649513,167583200,0,1,509.843906
2013-04-19,155.4800,123.715729,149687600,0,1,514.276181
2013-04-22,156.1700,124.264763,106553500,0,1,516.558472
2013-04-23,157.7800,125.545799,166141300,0,1,521.883817
2013-04-24,157.8800,125.625351,96781200,0,1,522.214584
2013-04-25,158.5200,126.134605,131060600,0,1,524.331491
2013-04-26,158.2400,125.911835,95918800,0,1,523.405344
2013-04-29,159.3000,126.755310,88572800,0,1,526.911472
2013-04-30,159.6800,127.057610,116010700,0,1,528.168386
2013-05-01,158.2800,125.943619,138874200,0,1,523.537651
2013-05-02,159.7500,127.113350,96407600,0,1,528.399923
2013-05-03,161.3700,128.402374,144202300,0,1,533.758344
2013-05-06,161.7800,128.728668,66882100,0,1,535.114488
2013-05-07,162.6000,129.381104,90359200,0,1,537.826776
2013-05-08,163.3400,129.969955,97419200,0,1,540.274450
2013-05-09,162.8800,129.603882,106738600,0,1,538.752923
2013-05-10,163.4100,130.025604,103203000,0,1,540.505986
2013-05-13,163.5400,130.129105,81843200,0,1,540.935983
2013-05-14,165.2300,131.473831,119000900,0,1,546.525942
2013-05-15,166.1200,132.181946,120718500,0,1,549.469766
2013-05-16,165.3400,131.561264,109913600,0,1,546.889785
2013-05-17,166.9400,132.834381,129801000,0,1,552.182054
2013-05-20,166.9300,132.826477,85071200,0,1,552.148977
2013-05-21,167.1700,133.017502,95804200,0,1,552.942817
2013-05-22,165.9300,132.030792,244031800,0,1,548.841309
2013-05-23,165.4500,131.648865,211064400,0,1,547.253629
2013-05-24,165.3100,131.537415,151573900,0,1,546.790555
2013-05-28,166.3000,132.325211,143679800,0,1,550.065146
2013-05-29,165.2200,131.465851,160363400,0,1,546.492865
2013-05-30,165.8300,131.951172,107793800,0,1,548.510542
2013-05-31,163.4500,130.057495,176850100,0,1,540.638293
2013-06-03,164.3500,130.773575,168390700,0,1,543.615194
2013-06-04,163.5600,130.144943,157631500,0,1,541.002137
2013-06-05,161.2700,128.322815,211737800,0,1,533.427577
2013-06-06,162.7300,129.484604,200225500,0,1,538.256772
2013-06-07,164.8000,131.131668,188337800,0,1,545.103645
2013-06-10,164.8000,131.131668,105667100,0,1,545.103645
2013-06-11,163.1000,129.778915,159505400,0,1,539.480609
2013-06-12,161.7500,128.704773,177361500,0,1,535.015258
2013-06-13,164.2100,130.662170,163587800,0,1,543.152121
2013-06-14,163.1800,129.842590,141197500,0,1,539.745223
2013-06-17,164.4400,130.845184,136295600,0,1,543.912884
2013-06-18,165.7400,131.879593,114695600,0,1,548.212852
2013-06-19,163.4500,130.057495,206149500,0,1,540.638293
2013-06-20,159.4000,126.834839,321255900,0,1,527.242239
2013-06-21,159.0700,127.242043,271956800,0.839,1,528.925842
2013-06-24,157.0600,125.634125,222329000,0,1,522.242363
2013-06-25,158.5700,126.842110,162262200,0,1,527.263285
2013-06-26,160.1400,128.097946,134848000,0,1,532.483713
2013-06-27,161.0800,128.849777,129483700,0,1,535.609320
2013-06-28,160.4200,128.321899,160402900,0,1,533.414745
2013-07-01,161.3600,129.073807,131954800,0,1,536.540352
2013-07-02,161.2100,128.953857,154863700,0,1,536.041585
2013-07-03,161.2800,129.009827,75216400,0,1,536.274343
2013-07-05,163.0200,130.401657,122416900,0,1,542.060041
2013-07-08,163.9500,131.145523,108092500,0,1,545.152397
2013-07-09,165.1300,132.089523,119298000,0,1,549.076031
2013-07-10,165.1900,132.137497,121410100,0,1,549.275538
2013-07-11,167.4400,133.937286,135592200,0,1,556.757044
2013-07-12,167.5100,133.993210,104212700,0,1,556.989802
2013-07-15,168.1500,134.505188,69450600,0,1,559.117874
2013-07-16,167.5200,134.001297,88702100,0,1,557.023053
2013-07-17,167.9500,134.345184,92873900,0,1,558.452852
2013-07-18,168.8700,135.081131,103620100,0,1,561.511956
2013-07-19,169.1700,135.321060,103831700,0,1,562.509490
2013-07-22,169.5000,135.585129,79428600,0,1,563.606778
2013-07-23,169.1400,135.297104,80829700,0,1,562.409737
2013-07-24,168.5200,134.801193,112914000,0,1,560.348166
2013-07-25,168.9300,135.129181,111088600,0,1,561.711463
2013-07-26,169.1100,135.273148,107814600,0,1,562.309984
2013-07-29,168.5900,134.857147,79695000,0,1,560.580924
2013-07-30,168.5900,134.857147,85209600,0,1,560.580924
2013-07-31,168.7100,134.953186,142388700,0,1,560.979938
2013-08-01,170.6600,136.513016,110438400,0,1,567.463910
2013-08-02,170.9500,136.744995,91116700,0,1,568.428193
2013-08-05,170.7000,136.544968,54072700,0,1,567.596914
2013-08-06,169.7300,135.769104,87495000,0,1,564.371554
2013-08-07,169.1800,135.329117,84854700,0,1,562.542742
2013-08-08,169.8000,135.825043,102181300,0,1,564.604312
2013-08-09,169.3100,135.433075,91757700,0,1,562.975006
2013-08-12,169.1100,135.273148,68593300,0,1,562.309984
2013-08-13,169.6100,135.673126,80806000,0,1,563.972540
2013-08-14,168.7400,134.977173,79829200,0,1,561.079691
2013-08-15,166.3800,133.089371,152931800,0,1,553.232423
2013-08-16,165.8300,132.649445,130868200,0,1,551.403611
2013-08-19,164.7700,131.801514,96437600,0,1,547.878990
2013-08-20,165.5800,132.449417,89294400,0,1,550.572332
2013-08-21,164.5600,131.633499,159530500,0,1,547.180716
2013-08-22,166.0600,132.833389,101471400,0,1,552.168387
2013-08-23,166.6200,133.281342,90888900,0,1,554.030450
2013-08-26,166.0000,132.785400,89702100,0,1,551.968880
2013-08-27,163.3300,130.649628,158619400,0,1,543.090826
2013-08-28,163.9100,131.113586,108113000,0,1,545.019392
2013-08-29,164.1700,131.321503,119200500,0,1,545.883922
2013-08-30,163.6500,130.905594,134928900,0,1,544.154863
2013-09-03,164.3900,131.497528,142375100,0,1,546.615447
2013-09-04,165.7500,132.585464,97389400,0,1,551.137601
2013-09-05,165.9600,132.753387,63090500,0,1,551.835875
2013-09-06,166.0400,132.817383,159756500,0,1,552.101884
2013-09-09,167.6300,134.089264,87559300,0,1,557.388815
2013-09-10,168.8700,135.081131,105847200,0,1,561.511956
2013-09-11,169.4000,135.505066,94545900,0,1,563.274267
2013-09-12,168.9500,135.145157,83209000,0,1,561.777965
2013-09-13,169.3300,135.449142,72727800,0,1,563.041509
2013-09-16,170.3100,136.232971,106299200,0,1,566.300120
2013-09-17,171.0700,136.840958,82523300,0,1,568.827206
2013-09-18,173.0500,138.424774,203460600,0,1,575.410932
2013-09-19,172.7600,138.192871,146616900,0,1,574.446649
2013-09-20,170.7200,137.226654,132867100,0.838,1,570.449862
2013-09-23,169.9300,136.591614,104616500,0,1,567.810128
2013-09-24,169.5300,136.270081,106333100,0,1,566.473554
2013-09-25,169.0400,135.876221,117306500,0,1,564.836250
2013-09-26,169.6900,136.398697,77146900,0,1,567.008183
2013-09-27,168.9100,135.771744,99141800,0,1,564.401864
2013-09-30,168.0100,135.048355,143937000,0,1,561.394572
2013-10-01,169.3400,136.117371,127160000,0,1,565.838681
2013-10-02,169.1800,135.988739,113350000,0,1,565.304051
2013-10-03,167.6200,134.734848,176698000,0,1,560.091412
2013-10-04,168.8900,135.755676,96878000,0,1,564.335035
2013-10-07,167.4300,134.582123,96295000,0,1,559.456539
2013-10-08,165.4800,133.014648,178015000,0,1,552.940740
2013-10-09,165.6000,133.111099,168973000,0,1,553.341712
2013-10-10,169.1700,135.980682,195955000,0,1,565.270637
2013-10-11,170.2600,136.856857,105040000,0,1,568.912802
2013-10-14,170.9400,137.403488,112106000,0,1,571.184978
2013-10-15,169.7000,136.406769,155485000,0,1,567.041598
2013-10-16,172.0700,138.311798,161676000,0,1,574.960800
2013-10-17,173.2200,139.236145,129389000,0,1,578.803451
2013-10-18,174.3900,140.176620,138316000,0,1,582.712930
2013-10-21,174.4000,140.184647,104104000,0,1,582.746344
2013-10-22,175.4100,140.996536,126663000,0,1,586.121194
2013-10-23,174.5700,140.321304,105484000,0,1,583.314389
2013-10-24,175.1500,140.787491,70350000,0,1,585.252421
2013-10-25,175.9500,141.430527,93625000,0,1,587.925569
2013-10-28,176.2300,141.655624,84979000,0,1,588.861171
2013-10-29,177.1700,142.411224,87401000,0,1,592.002121
2013-10-30,176.2900,141.703796,140002000,0,1,589.061658
2013-10-31,175.7900,141.301971,133795000,0,1,587.390940
2013-11-01,176.2100,141.639572,142805000,0,1,588.794343
2013-11-04,176.8300,142.137939,85677000,0,1,590.866033
2013-11-05,176.2700,141.687790,85825000,0,1,588.994829
2013-11-06,177.1700,142.411224,87348000,0,1,592.002121
2013-11-07,174.9300,140.610672,157000000,0,1,584.517305
2013-11-08,177.2900,142.507660,136713000,0,1,592.403093
2013-11-11,177.3200,142.531815,62614000,0,1,592.503336
2013-11-12,176.9600,142.242416,83990000,0,1,591.300419
2013-11-13,178.3800,143.383850,103844000,0,1,596.045258
2013-11-14,179.2700,144.099213,103435000,0,1,599.019135
2013-11-15,180.0500,144.726242,102818000,0,1,601.625455
2013-11-18,179.4200,144.219803,104796000,0,1,599.520351
2013-11-19,179.0300,143.906296,93891000,0,1,598.217191
2013-11-20,178.4700,143.456131,124909000,0,1,596.345987
2013-11-21,179.9100,144.613708,92841000,0,1,601.157654
2013-11-22,180.8100,145.337082,81296000,0,1,604.164946
2013-11-25,180.6300,145.192322,79486000,0,1,603.563487
2013-11-26,180.6800,145.232590,86994000,0,1,603.730559
2013-11-27,181.1200,145.586258,58800000,0,1,605.200791
2013-11-29,181.0000,145.489838,55870900,0,1,604.799819
2013-12-02,180.5300,145.112015,99726000,0,1,603.229344
2013-12-03,179.7500,144.485062,116563000,0,1,600.623024
2013-12-04,179.7300,144.468933,123033000,0,1,600.556196
2013-12-05,178.9400,143.834000,106934000,0,1,597.916461
2013-12-06,180.9400,145.441528,127728000,0,1,604.599332
2013-12-09,181.4000,145.811310,70124000,0,1,606.136393
2013-12-10,180.7500,145.288803,80976000,0,1,603.964460
2013-12-11,178.7200,143.657089,130591000,0,1,597.181346
2013-12-12,178.1300,143.182922,115565000,0,1,595.209899
2013-12-13,178.1100,143.166809,107808000,0,1,595.143070
2013-12-16,179.2200,144.059036,96195000,0,1,598.852063
2013-12-17,178.6500,143.600891,89886000,0,1,596.947445
2013-12-18,181.7000,146.052475,234906000,0,1,607.138823
2013-12-19,181.4900,145.883667,136531200,0,1,606.437122
2013-12-20,181.5600,146.732285,197087000,0.98,1,609.945629
2013-12-23,182.5300,147.516174,85598000,0,1,613.204316
2013-12-24,182.9300,147.839447,45368800,0,1,614.548105
2013-12-26,183.8600,148.591080,63365000,0,1,617.672413
2013-12-27,183.8500,148.583008,61814000,0,1,617.638819
2013-12-30,183.8200,148.558746,56857000,0,1,617.538035
2013-12-31,184.6900,149.261856,86119900,0,1,620.460775
2014-01-02,182.9200,147.831390,119636900,0,1,614.514510
2014-01-03,182.8900,147.807190,81390600,0,1,614.413726
2014-01-06,182.3600,147.378784,108028200,0,1,612.633206
2014-01-07,183.4800,148.283951,86144200,0,1,616.395814
2014-01-08,183.5200,148.316284,96582300,0,1,616.530193
2014-01-09,183.6400,148.413300,90683400,0,1,616.933330
2014-01-10,184.1400,148.817307,102026400,0,1,618.613065
2014-01-13,181.6900,146.837357,149892000,0,1,610.382360
2014-01-14,183.6700,148.437531,105016100,0,1,617.034114
2014-01-15,184.6600,149.237625,98525800,0,1,620.359991
2014-01-16,184.4200,149.043671,72290600,0,1,619.553717
2014-01-17,183.6400,148.413300,107848700,0,1,616.933330
2014-01-21,184.1800,148.849731,88621200,0,1,618.747444
2014-01-22,184.3000,148.946655,61270900,0,1,619.150581
2014-01-23,182.7900,147.726303,132496900,0,1,614.077779
2014-01-24,178.8900,144.574402,208677100,0,1,600.975840
2014-01-27,178.0100,143.863205,180843100,0,1,598.019506
2014-01-28,179.0700,144.719894,110463200,0,1,601.580545
2014-01-29,177.3500,143.329834,216597300,0,1,595.802255
2014-01-30,179.2300,144.849197,118938100,0,1,602.118061
2014-01-31,178.1800,144.000595,194677900,0,1,598.590616
2014-02-03,174.1700,140.759811,254837100,0,1,585.119135
2014-02-04,175.3900,141.745789,165012400,0,1,589.217691
2014-02-05,175.1700,141.568024,164230500,0,1,588.478607
2014-02-06,177.4800,143.434906,132877600,0,1,596.238986
2014-02-07,179.6800,145.212860,170787200,0,1,603.629823
2014-02-10,180.0100,145.479568,92218800,0,1,604.738448
2014-02-11,181.9800,147.071732,117814100,0,1,611.356607
2014-02-12,182.0700,147.144470,94717700,0,1,611.658960
2014-02-13,183.0100,147.904114,100542200,0,1,614.816863
2014-02-14,184.0200,148.720383,96498400,0,1,618.209929
2014-02-18,184.2400,148.898193,80460900,0,1,618.949013
2014-02-19,183.0200,147.912186,126524300,0,1,614.850457
2014-02-20,184.1000,148.785004,104998100,0,1,618.478687
2014-02-21,183.8900,148.615280,118116400,0,1,617.773198
2014-02-24,184.9100,149.439606,114063900,0,1,621.199858
2014-02-25,184.8400,149.383102,117085000,0,1,620.964695
2014-02-26,184.8500,149.391174,98677200,0,1,620.998290
2014-02-27,185.8200,150.175095,93880800,0,1,624.256977
2014-02-28,186.2900,150.554901,150842000,0,1,625.835929
2014-03-03,184.9800,149.496262,167748500,0,1,621.435021
2014-03-04,187.5800,151.597427,167545900,0,1,630.169647
2014-03-05,187.7500,151.734848,88376900,0,1,630.740757
2014-03-06,188.1800,152.082352,82516500,0,1,632.185330
2014-03-07,188.2600,152.146988,114513500,0,1,632.454088
2014-03-10,188.1600,152.066177,74939200,0,1,632.118140
2014-03-11,187.2300,151.314606,99009100,0,1,628.993832
2014-03-12,187.2800,151.355011,104824400,0,1,629.161806
2014-03-13,185.1800,149.657806,155014300,0,1,622.106916
2014-03-14,184.6600,149.237625,153919600,0,1,620.359991
2014-03-17,186.3300,150.587265,98359500,0,1,625.970308
2014-03-18,187.6600,151.662140,101804600,0,1,630.438405
2014-03-19,186.6600,150.853897,176267300,0,1,627.078933
2014-03-20,187.7500,151.734848,117241000,0,1,630.740757
2014-03-21,186.2000,151.146362,163128000,0.825,1,628.305140
2014-03-24,185.4300,150.521332,121411000,0,1,625.706886
2014-03-25,186.3100,151.235687,103852000,0,1,628.676320
2014-03-26,184.9700,150.147980,119843000,0,1,624.154682
2014-03-27,184.5800,149.831329,142383000,0,1,622.838683
2014-03-28,185.4900,150.569962,101642000,0,1,625.909347
2014-03-31,187.0100,151.803925,99745000,0,1,631.038369
2014-04-01,188.2500,152.810425,89193000,0,1,635.222571
2014-04-02,188.8800,153.321823,78774000,0,1,637.348415
2014-04-03,188.6300,153.118881,77435000,0,1,636.504826
2014-04-04,186.4000,151.308716,169381000,0,1,628.980012
2014-04-07,184.3400,149.636536,140803000,0,1,622.028838
2014-04-08,185.1000,150.253418,112660000,0,1,624.593348
2014-04-09,187.0900,151.868790,100254000,0,1,631.308317
2014-04-10,183.1600,148.678711,172959000,0,1,618.047097
2014-04-11,181.5100,147.339264,167251000,0,1,612.479409
2014-04-14,182.9400,148.500076,132382000,0,1,617.304739
2014-04-15,184.2000,149.522858,157093000,0,1,621.556428
2014-04-16,186.1300,151.089523,105197000,0,1,628.068935
2014-04-17,186.3900,151.300598,105255000,0,1,628.946268
2014-04-21,187.0400,151.828217,68329000,0,1,631.139600
2014-04-22,187.8900,152.518204,85790000,0,1,634.007803
2014-04-23,187.4500,152.161011,73869000,0,1,632.523086
2014-04-24,187.8300,152.469482,88170000,0,1,633.805341
2014-04-25,186.2900,151.219360,100380000,0,1,628.608832
2014-04-28,186.8800,151.698349,135121000,0,1,630.599703
2014-04-29,187.7500,152.404556,84098000,0,1,633.535393
2014-04-30,188.3100,152.859131,101508000,0,1,635.425032
2014-05-01,188.3300,152.875366,93019000,0,1,635.492519
2014-05-02,188.0600,152.656204,98122000,0,1,634.581443
2014-05-05,188.4200,152.948425,75883000,0,1,635.796211
2014-05-06,186.7800,151.617203,85454000,0,1,630.262267
2014-05-07,187.8800,152.510040,106500000,0,1,633.974059
2014-05-08,187.6800,152.347763,93618000,0,1,633.299188
2014-05-09,187.9600,152.575027,83679000,0,1,634.244007
2014-05-12,189.7900,154.060532,86940000,0,1,640.419079
2014-05-13,189.9600,154.198517,66454000,0,1,640.992720
2014-05-14,189.0600,153.467957,72367000,0,1,637.955799
2014-05-15,187.4000,152.120483,154956000,0,1,632.354368
2014-05-16,188.0500,152.648026,97458000,0,1,634.547700
2014-05-19,188.7400,153.208206,63839000,0,1,636.876005
2014-05-20,187.5500,152.242203,111644000,0,1,632.860521
2014-05-21,189.1300,153.524780,89093000,0,1,638.192004
2014-05-22,189.5900,153.898117,61549000,0,1,639.744208
2014-05-23,190.3500,154.515091,61092800,0,1,642.308719
2014-05-27,191.5200,155.464874,72010000,0,1,646.256716
2014-05-28,191.3800,155.351120,66723000,0,1,645.784306
2014-05-29,192.3700,156.154800,64377000,0,1,649.124919
2014-05-30,192.6800,156.406418,76316000,0,1,650.170969
2014-06-02,192.9000,156.585022,64656000,0,1,650.913328
2014-06-03,192.8000,156.503845,65047000,0,1,650.575892
2014-06-04,193.1900,156.820450,55529000,0,1,651.891891
2014-06-05,194.4500,157.843292,92103000,0,1,656.143580
2014-06-06,195.3800,158.598160,78696000,0,1,659.281731
2014-06-09,195.5800,158.760483,65119000,0,1,659.956602
2014-06-10,195.6000,158.776733,57129000,0,1,660.024089
2014-06-11,194.9200,158.224716,68772000,0,1,657.729527
2014-06-12,193.5400,157.104492,106350000,0,1,653.072916
2014-06-13,194.1300,157.583481,82017000,0,1,655.063786
2014-06-16,194.2900,157.713364,87424000,0,1,655.603683
2014-06-17,194.8300,158.151733,84834000,0,1,657.425835
2014-06-18,196.2600,159.312500,105267000,0,1,662.251165
2014-06-19,196.4800,159.491058,85929000,0,1,662.993523
2014-06-20,195.9400,159.814911,100587000,0.937,1,664.333142
2014-06-23,195.8800,159.765900,70611000,0,1,664.129713
2014-06-24,194.7000,158.803452,96237000,0,1,660.128931
2014-06-25,195.5800,159.521194,82782000,0,1,663.112565
2014-06-26,195.4400,159.407013,84312000,0,1,662.637896
2014-06-27,195.8200,159.716934,71445100,0,1,663.926283
2014-06-30,195.7200,159.635406,70201200,0,1,663.587234
2014-07-01,197.0300,160.703873,90470000,0,1,668.028780
2014-07-02,197.2300,160.867020,52475000,0,1,668.706878
2014-07-03,198.2000,161.658173,52938800,0,1,671.995656
2014-07-07,197.5100,161.095352,61696000,0,1,669.656216
2014-07-08,196.2400,160.059586,108143000,0,1,665.350290
2014-07-09,197.1200,160.777267,72992000,0,1,668.333924
2014-07-10,196.3400,160.141144,99040000,0,1,665.689340
2014-07-11,196.6100,160.361343,64243000,0,1,666.604773
2014-07-14,197.6000,161.168823,58658000,0,1,669.961360
2014-07-15,197.2300,160.867020,111307000,0,1,668.706878
2014-07-16,197.9600,161.462448,79986400,0,1,671.181938
2014-07-17,195.7100,159.627289,145398000,0,1,663.553329
2014-07-18,197.7100,161.258499,124330000,0,1,670.334315
2014-07-21,197.3400,160.956772,67592000,0,1,669.079832
2014-07-22,198.2000,161.658173,67678000,0,1,671.995656
2014-07-23,198.6400,162.017090,65612000,0,1,673.487473
2014-07-24,198.6500,162.025192,56888000,0,1,673.521378
2014-07-25,197.7200,161.266678,76837000,0,1,670.368219
2014-07-28,197.8000,161.331940,69259000,0,1,670.639459
2014-07-29,196.9500,160.638641,80466000,0,1,667.757540
2014-07-30,196.9800,160.663086,104222000,0,1,667.859255
2014-07-31,193.0900,157.490341,183479000,0,1,654.670238
2014-08-01,192.5000,157.009079,189261000,0,1,652.669848
2014-08-04,193.8900,158.142853,91340000,0,1,657.382632
2014-08-05,192.0100,156.609436,152690000,0,1,651.008506
2014-08-06,192.0700,156.658386,94818000,0,1,651.211936
2014-08-07,191.0300,155.810089,135733000,0,1,647.685823
2014-08-08,193.2400,157.612671,117014000,0,1,655.178812
2014-08-11,193.8000,158.069382,74544000,0,1,657.077488
2014-08-12,193.5300,157.849167,73632000,0,1,656.162055
2014-08-13,194.8400,158.917648,69047000,0,1,660.603600
2014-08-14,195.7600,159.668045,57371000,0,1,663.722854
2014-08-15,195.7200,159.635406,139951000,0,1,663.587234
2014-08-18,197.3600,160.973053,75424000,0,1,669.147642
2014-08-19,198.3900,161.813187,59135000,0,1,672.639850
2014-08-20,198.9200,162.245453,72763000,0,1,674.436811
2014-08-21,199.5000,162.718506,67791000,0,1,676.403297
2014-08-22,199.1900,162.465622,76107000,0,1,675.352244
2014-08-25,200.2000,163.289459,63855000,0,1,678.776641
2014-08-26,200.3300,163.395477,47298000,0,1,679.217405
2014-08-27,200.2500,163.330246,47874000,0,1,678.946166
2014-08-28,200.1400,163.240479,58330000,0,1,678.573212
2014-08-29,200.7100,163.705444,65907000,0,1,680.505793
2014-09-02,200.6100,163.623840,72426000,0,1,680.166743
2014-09-03,200.5000,163.534164,57462000,0,1,679.793789
2014-09-04,200.2100,163.297623,85236000,0,1,678.810546
2014-09-05,201.1100,164.031616,102177000,0,1,681.861990
2014-09-08,200.5900,163.607529,64146000,0,1,680.098934
2014-09-09,199.3200,162.571716,88591000,0,1,675.793008
2014-09-10,200.0700,163.183411,67251000,0,1,678.335877
2014-09-11,200.3000,163.371033,66774400,0,1,679.115691
2014-09-12,199.1300,162.416763,117409300,0,1,675.148814
2014-09-15,198.9800,162.294373,76401000,0,1,674.640240
2014-09-16,200.4800,163.517868,116201000,0,1,679.725979
2014-09-17,200.7500,163.737991,151266000,0,1,680.641412
2014-09-18,201.8200,164.610733,94990000,0,1,684.269240
2014-09-19,200.7000,164.462448,121649000,0.939,1,683.655560
2014-09-22,199.1500,163.192276,125553000,0,1,678.375709
2014-09-23,198.0100,162.258118,111393000,0,1,674.492464
2014-09-24,199.5600,163.528305,107276000,0,1,679.772315
2014-09-25,196.3400,160.889694,150300000,0,1,668.803850
2014-09-26,197.9000,162.167999,103547000,0,1,674.117765
2014-09-29,197.5400,161.872971,95112000,0,1,672.891477
2014-09-30,197.0200,161.446899,131302000,0,1,671.120172
2014-10-01,194.3500,159.258987,177798000,0,1,662.025203
2014-10-02,194.3800,159.283508,157285000,0,1,662.127393
2014-10-03,196.5200,161.037170,121569000,0,1,669.416994
2014-10-06,196.2900,160.848724,104778000,0,1,668.633532
2014-10-07,193.2600,158.365784,147913000,0,1,658.312275
2014-10-08,196.6400,161.135574,186461000,0,1,669.825757
2014-10-09,192.7400,157.939713,210705000,0,1,656.540970
2014-10-10,190.5400,156.136871,221909000,0,1,649.046988
2014-10-13,187.4100,153.572083,230939000,0,1,638.385095
2014-10-14,187.7000,153.809647,215847000,0,1,639.372938
2014-10-15,186.4300,152.768997,380715000,0,1,635.046867
2014-10-16,186.2700,152.637924,270391000,0,1,634.501850
2014-10-17,188.4700,154.440628,214625000,0,1,641.995832
2014-10-20,190.3000,155.940216,130011000,0,1,648.229463
2014-10-21,194.0700,159.029510,154949000,0,1,661.071423
2014-10-22,192.6900,157.898666,151822000,0,1,656.370652
2014-10-23,194.9300,159.734253,154944000,0,1,664.000889
2014-10-24,196.4300,160.963440,117927000,0,1,669.110422
2014-10-27,196.1600,160.742142,82954000,0,1,668.190706
2014-10-28,198.4100,162.585922,106736000,0,1,675.855006
2014-10-29,198.1100,162.340134,142557000,0,1,674.833100
2014-10-30,199.3800,163.380814,113330000,0,1,679.159171
2014-10-31,201.6600,165.249191,146903000,0,1,686.925662
2014-11-03,201.7700,165.339264,93600000,0,1,687.300361
2014-11-04,201.0700,164.765625,93343000,0,1,684.915912
2014-11-05,202.3400,165.806335,91709000,0,1,689.241984
2014-11-06,203.1500,166.470062,107089000,0,1,692.001132
2014-11-07,203.3400,166.625778,89540000,0,1,692.648339
2014-11-10,203.9800,167.150253,66319000,0,1,694.828407
2014-11-11,204.1800,167.314133,54499400,0,1,695.509678
2014-11-12,203.9600,167.133881,90120300,0,1,694.760280
2014-11-13,204.1900,167.322281,85357900,0,1,695.543741
2014-11-14,204.2400,167.363235,80417500,0,1,695.714059
2014-11-17,204.3700,167.469849,80441000,0,1,696.156885
2014-11-18,205.5500,168.436676,76068100,0,1,700.176385
2014-11-19,205.2200,168.166321,82373000,0,1,699.052288
2014-11-20,205.5800,168.461334,72840300,0,1,700.278576
2014-11-21,206.6800,169.362717,142327300,0,1,704.025567
2014-11-24,207.2600,169.838028,65880800,0,1,706.001253
2014-11-25,207.1100,169.715057,79108300,0,1,705.490300
2014-11-26,207.6400,170.149475,62167800,0,1,707.295668
2014-11-28,207.2000,169.788773,57890100,0,1,705.796872
2014-12-01,205.7600,168.608871,103968400,0,1,700.891720
2014-12-02,207.0900,169.698746,74507200,0,1,705.422172
2014-12-03,207.8900,170.354233,68952000,0,1,708.147257
2014-12-04,207.6600,170.165802,91316600,0,1,707.363795
2014-12-05,208.0000,170.444427,91025500,0,1,708.521956
2014-12-08,206.6100,169.305344,108588200,0,1,703.787122
2014-12-09,206.4700,169.190689,125180100,0,1,703.310232
2014-12-10,203.1600,166.478271,159856400,0,1,692.035195
2014-12-11,204.1900,167.322281,159012800,0,1,695.543741
2014-12-12,200.8900,164.618149,202330200,0,1,684.302768
2014-12-15,199.5100,163.487289,189965800,0,1,679.601997
2014-12-16,197.9100,162.176224,259543800,0,1,674.151828
2014-12-17,201.7900,165.355667,253910100,0,1,687.368488
2014-12-18,206.7800,169.444672,257633900,0,1,704.366202
2014-12-19,206.5200,170.165665,245084600,1.135,1,707.346763
2014-12-22,207.4700,170.948456,148318900,0,1,710.600586
2014-12-23,207.7500,171.179169,122167900,0,1,711.559607
2014-12-24,207.7700,171.195633,42963400,0,1,711.628109
2014-12-26,208.4400,171.747696,57326700,0,1,713.922910
2014-12-29,208.7200,171.978363,79643900,0,1,714.881931
2014-12-30,207.6000,171.055481,73540800,0,1,711.045846
2014-12-31,205.5400,169.358170,130333800,0,1,703.990189
2015-01-02,205.4300,169.267502,121465900,0,1,703.613430
2015-01-05,201.7200,166.210571,169632600,0,1,690.906397
2015-01-06,199.8200,164.645081,209151400,0,1,684.398752
2015-01-07,202.3100,166.696732,125346700,0,1,692.927192
2015-01-08,205.9000,169.654816,147217800,0,1,705.223216
2015-01-09,204.2500,168.295273,158567300,0,1,699.571840
2015-01-12,202.6500,166.976868,144396100,0,1,694.091718
2015-01-13,202.0800,166.507263,214553300,0,1,692.139424
2015-01-14,200.8600,165.502045,192991100,0,1,687.960831
2015-01-15,199.0200,163.985886,176613900,0,1,681.658691
2015-01-16,201.6300,166.136429,211879600,0,1,690.598140
2015-01-20,202.0600,166.490784,130991100,0,1,692.070923
2015-01-21,203.0800,167.331192,122942700,0,1,695.564501
2015-01-22,206.1000,169.819626,174356000,0,1,705.908231
2015-01-23,204.9700,168.888489,117516800,0,1,702.037895
2015-01-26,205.4500,169.283966,92009700,0,1,703.681932
2015-01-27,202.7400,167.051056,134044600,0,1,694.399975
2015-01-28,200.1400,164.908752,168514300,0,1,685.494776
2015-01-29,201.9900,166.432999,173585400,0,1,691.831168
2015-01-30,199.4500,164.340271,197729700,0,1,683.131474
2015-02-02,201.9200,166.375397,163107000,0,1,691.591412
2015-02-03,204.8400,168.781418,124212900,0,1,701.592635
2015-02-04,204.0600,168.138672,134306700,0,1,698.921076
2015-02-05,206.1200,169.836044,97953200,0,1,705.976733
2015-02-06,205.5500,169.366440,125672000,0,1,704.024439
2015-02-09,204.6300,168.608383,87219000,0,1,700.873369
2015-02-10,206.8100,170.404694,96164200,0,1,708.340035
2015-02-11,206.9300,170.503433,91087800,0,1,708.751045
2015-02-12,208.9200,172.143158,97545900,0,1,715.566947
2015-02-13,209.7800,172.851791,93670400,0,1,718.512512
2015-02-17,210.1100,173.123672,76968200,0,1,719.642787
2015-02-18,210.1300,173.140167,80652900,0,1,719.711289
2015-02-19,209.9800,173.016602,91462500,0,1,719.197527
2015-02-20,211.2400,174.054779,140896400,0,1,723.513124
2015-02-23,211.2100,174.030106,74411100,0,1,723.410371
2015-02-24,211.8100,174.524475,72472300,0,1,725.465417
2015-02-25,211.6300,174.376144,73061700,0,1,724.848903
2015-02-26,211.3800,174.170151,72697900,0,1,723.992634
2015-02-27,210.6600,173.576920,108076000,0,1,721.526579
2015-03-02,211.9900,174.672775,87491400,0,1,726.081931
2015-03-03,211.1200,173.955887,110325800,0,1,723.102114
2015-03-04,210.2300,173.222580,114497200,0,1,720.053797
2015-03-05,210.4600,173.412094,76873000,0,1,720.841564
2015-03-06,207.5000,170.973190,188128000,0,1,710.703338
2015-03-09,208.3600,171.681778,89818900,0,1,713.648904
2015-03-10,204.9800,168.896729,157121300,0,1,702.072146
2015-03-11,204.5000,168.501205,110145700,0,1,700.428109
2015-03-12,207.1000,170.643585,93993500,0,1,709.333308
2015-03-13,205.8300,169.597153,162410900,0,1,704.983461
2015-03-16,208.5800,171.863022,136099200,0,1,714.402421
2015-03-17,207.9600,171.352158,94510400,0,1,712.278873
2015-03-18,210.4600,173.412094,228808500,0,1,720.841564
2015-03-19,209.5000,172.621094,117917300,0,1,717.553491
2015-03-20,210.4100,174.144806,177715100,0.931,1,723.859056
2015-03-23,210.0000,173.805420,71784500,0,1,722.448562
2015-03-24,208.8200,172.828827,77805300,0,1,718.389089
2015-03-25,205.7600,170.296204,159521700,0,1,707.861981
2015-03-26,205.2700,169.890686,153067200,0,1,706.176268
2015-03-27,205.7400,170.279648,118939000,0,1,707.793176
2015-03-30,208.2500,172.357025,96180400,0,1,716.428157
2015-03-31,206.4300,170.850708,126768700,0,1,710.166936
2015-04-01,205.7000,170.246552,137303600,0,1,707.655567
2015-04-02,206.4400,170.859024,86900900,0,1,710.201338
2015-04-06,207.8300,172.009430,114368200,0,1,714.983260
2015-04-07,207.2800,171.554230,81236300,0,1,713.091133
2015-04-08,207.9800,172.133530,89351900,0,1,715.499294
2015-04-09,208.9000,172.894989,85548900,0,1,718.664307
2015-04-10,210.0400,173.838531,72722900,0,1,722.586171
2015-04-13,209.0900,173.052292,74436600,0,1,719.317951
2015-04-14,209.4900,173.383270,75099900,0,1,720.694044
2015-04-15,210.4300,174.161301,99529300,0,1,723.927861
2015-04-16,210.3700,174.111694,68934900,0,1,723.721447
2015-04-17,207.9500,172.108734,191113200,0,1,715.396087
2015-04-20,209.8500,173.681351,92189500,0,1,721.932527
2015-04-21,209.6000,173.474380,72559800,0,1,721.072469
2015-04-22,210.6300,174.326859,78264600,0,1,724.615907
2015-04-23,211.1600,174.765518,102585900,0,1,726.439230
2015-04-24,211.6500,175.171051,61327400,0,1,728.124943
2015-04-27,210.7700,174.442719,79358100,0,1,725.097540
2015-04-28,211.4400,174.997253,86863500,0,1,727.402495
2015-04-29,210.5700,174.277191,125684900,0,1,724.409493
2015-04-30,208.4600,172.530899,161304900,0,1,717.150605
2015-05-01,210.7200,174.401352,103399700,0,1,724.925528
2015-05-04,211.3200,174.897919,70927200,0,1,726.989667
2015-05-05,208.9000,172.894989,113326200,0,1,718.664307
2015-05-06,208.0400,172.183243,135060200,0,1,715.705708
2015-05-07,208.8700,172.870239,88244900,0,1,718.561100
2015-05-08,211.6200,175.146240,155877300,0,1,728.021736
2015-05-11,210.6100,174.310303,75708100,0,1,724.547103
2015-05-12,209.9800,173.788925,119727600,0,1,722.379757
2015-05-13,210.0200,173.822021,94667900,0,1,722.517366
2015-05-14,212.2100,175.634583,95934000,0,1,730.051473
2015-05-15,212.4400,175.824890,76510100,0,1,730.842726
2015-05-18,213.1000,176.371155,74549700,0,1,733.113278
2015-05-19,213.0300,176.313171,72114600,0,1,732.872462
2015-05-20,212.8800,176.189041,76857500,0,1,732.356428
2015-05-21,213.5000,176.702209,64764600,0,1,734.489371
2015-05-22,212.9900,176.280075,57433500,0,1,732.734853
2015-05-26,210.7000,174.384781,124308600,0,1,724.856723
2015-05-27,212.7000,176.040085,93214000,0,1,731.737186
2015-05-28,212.4600,175.841476,74974600,0,1,730.911530
2015-05-29,211.1400,174.748947,124919600,0,1,726.370425
2015-06-01,211.5700,175.104858,93338800,0,1,727.849725
2015-06-02,211.3600,174.931046,91531000,0,1,727.127276
2015-06-03,211.9200,175.394547,87820900,0,1,729.053806
2015-06-04,210.1300,173.913010,151882800,0,1,722.895792
2015-06-05,209.7700,173.615097,121704700,0,1,721.657308
2015-06-08,208.4800,172.547394,89063300,0,1,717.219410
2015-06-09,208.4500,172.522583,105034700,0,1,717.116203
2015-06-10,210.9500,174.591705,134551300,0,1,725.716781
2015-06-11,211.6300,175.154510,73876400,0,1,728.056138
2015-06-12,210.0100,173.813736,135382400,0,1,722.482964
2015-06-15,209.1100,173.068832,124384200,0,1,719.386756
2015-06-16,210.2500,174.012360,85308200,0,1,723.308619
2015-06-17,210.5900,174.293686,126708600,0,1,724.478298
2015-06-18,212.7800,176.106277,165867900,0,1,732.012404
2015-06-19,210.8100,175.324539,130478700,1.03,1,728.778587
2015-06-22,211.8900,176.222702,70696000,0,1,732.512190
2015-06-23,212.0400,176.347488,68476800,0,1,733.030746
2015-06-24,210.5000,175.066772,92307300,0,1,727.706905
2015-06-25,209.8600,174.534393,97107400,0,1,725.494399
2015-06-26,209.8200,174.501190,104174800,0,1,725.356117
2015-06-29,205.4200,170.841843,202621300,0,1,710.145142
2015-06-30,205.8500,171.199463,182925100,0,1,711.631669
2015-07-01,207.5000,172.571716,135979900,0,1,717.335785
2015-07-02,207.3100,172.413696,104373700,0,1,716.678947
2015-07-06,206.7200,171.923035,117975400,0,1,714.639294
2015-07-07,208.0200,173.004166,173820200,0,1,719.133446
2015-07-08,204.5300,170.101654,164020100,0,1,707.068376
2015-07-09,204.9000,170.409302,144113100,0,1,708.347481
2015-07-10,207.4800,172.555130,129456900,0,1,717.266644
2015-07-13,209.7700,174.459579,106069400,0,1,725.183265
2015-07-14,210.6800,175.216400,81709600,0,1,728.329172
2015-07-15,210.6100,175.158157,97914100,0,1,728.087179
2015-07-16,212.3000,176.563721,106683300,0,1,733.929576
2015-07-17,212.4800,176.713379,89030000,0,1,734.551844
2015-07-20,212.5900,176.804840,70446800,0,1,734.932118
2015-07-21,211.7500,176.106308,77965000,0,1,732.028205
2015-07-22,211.3700,175.790298,88667900,0,1,730.714529
2015-07-23,210.1800,174.800522,90509100,0,1,726.600652
2015-07-24,208.0000,172.987488,117755000,0,1,719.064305
2015-07-27,206.7900,171.981186,132361100,0,1,714.881287
2015-07-28,209.3300,174.093628,123544800,0,1,723.662168
2015-07-29,210.7700,175.291245,105791300,0,1,728.640305
2015-07-30,210.8200,175.332809,91304400,0,1,728.813157
2015-07-31,210.5000,175.066772,103266900,0,1,727.706905
2015-08-03,209.7900,174.476227,113965700,0,1,725.252406
2015-08-04,209.3800,174.135239,81820800,0,1,723.835020
2015-08-05,210.0700,174.709106,85786800,0,1,726.220377
2015-08-06,208.3500,173.278625,116030800,0,1,720.274269
2015-08-07,207.9500,172.945938,117858000,0,1,718.891453
2015-08-10,210.5700,175.124924,80270700,0,1,727.948897
2015-08-11,208.6700,173.544724,126081400,0,1,721.380522
2015-08-12,208.9200,173.752655,172123700,0,1,722.244782
2015-08-13,208.6600,173.536438,89383300,0,1,721.345951
2015-08-14,209.4200,174.168427,72786500,0,1,723.973302
2015-08-17,210.5900,175.141525,79072600,0,1,728.018038
2015-08-18,209.9800,174.634186,71692700,0,1,725.909244
2015-08-19,208.3200,173.253662,172946000,0,1,720.170558
2015-08-20,203.9700,169.635849,194327900,0,1,705.132434
2015-08-21,197.8300,164.529465,346588500,0,1,683.906209
2015-08-24,189.5000,157.601593,507244300,0,1,655.109066
2015-08-25,187.2700,155.747009,369833100,0,1,647.399867
2015-08-26,194.4600,161.726685,339257000,0,1,672.255984
2015-08-27,199.2700,165.727066,274143900,0,1,688.884346
2015-08-28,199.2800,165.735352,160414400,0,1,688.918917
2015-08-31,197.6700,164.396347,163298800,0,1,683.353082
2015-09-01,191.7700,159.489487,256000400,0,1,662.956547
2015-09-02,195.4100,162.516785,160269300,0,1,675.540172
2015-09-03,195.5500,162.633255,152087800,0,1,676.024158
2015-09-04,192.5900,160.171494,207081000,0,1,665.791320
2015-09-08,197.4300,164.196777,116025700,0,1,682.523393
2015-09-09,194.7900,162.001129,149347700,0,1,673.396807
2015-09-10,195.8500,162.882736,158611100,0,1,677.061270
2015-09-11,196.7400,163.623001,119691200,0,1,680.138035
2015-09-14,196.0100,163.015778,79452000,0,1,677.614396
2015-09-15,198.4600,165.053391,113806200,0,1,686.084144
2015-09-16,200.1800,166.483841,99581600,0,1,692.030253
2015-09-17,199.7300,166.109634,276046600,0,1,690.474585
2015-09-18,195.4500,163.395096,223657500,1.033,1,679.249576
2015-09-21,196.4600,164.239471,105726200,0,1,682.759640
2015-09-22,193.9100,162.107681,153890900,0,1,673.897597
2015-09-23,193.6000,161.848526,92790600,0,1,672.820250
2015-09-24,192.9000,161.263306,159378800,0,1,670.387532
2015-09-25,192.8500,161.221512,155054800,0,1,670.213767
2015-09-28,188.0100,157.175278,178515900,0,1,653.393261
2015-09-29,188.1200,157.267258,159045600,0,1,653.775545
2015-09-30,191.6300,160.201645,163452000,0,1,665.973887
2015-10-01,192.1300,160.619614,131079000,0,1,667.711543
2015-10-02,195.0000,163.018951,211003300,0,1,677.685686
2015-10-05,198.4700,165.919846,126320800,0,1,689.745016
2015-10-06,197.7900,165.351303,110274500,0,1,687.381804
2015-10-07,199.4100,166.705643,124307300,0,1,693.011808
2015-10-08,201.2100,168.210434,153055200,0,1,699.267369
2015-10-09,201.3300,168.310745,107069200,0,1,699.684406
2015-10-12,201.5200,168.469666,56395600,0,1,700.344715
2015-10-13,200.2500,167.407883,88038700,0,1,695.931070
2015-10-14,199.2900,166.605347,99106200,0,1,692.594771
2015-10-15,202.3500,169.163498,134142200,0,1,703.229223
2015-10-16,203.2700,169.932617,114580100,0,1,706.426510
2015-10-19,203.3700,170.016174,76523900,0,1,706.774041
2015-10-20,203.1100,169.798843,78448500,0,1,705.870460
2015-10-21,201.8500,168.745483,102038000,0,1,701.491568
2015-10-22,205.2600,171.596237,174911700,0,1,713.342379
2015-10-23,207.5100,173.477234,144442300,0,1,721.161829
2015-10-26,207.0000,173.050827,69033000,0,1,719.389420
2015-10-27,206.6000,172.716431,77905800,0,1,717.999296
2015-10-28,208.9500,174.681061,135906700,0,1,726.166277
2015-10-29,208.8300,174.580719,90525500,0,1,725.749240
2015-10-30,207.9300,173.828339,131076900,0,1,722.621460
2015-11-02,210.3900,175.884857,86270800,0,1,731.170725
2015-11-03,211.0000,176.394836,95246100,0,1,733.290665
2015-11-04,210.3600,175.859787,96224500,0,1,731.066466
2015-11-05,210.1500,175.684235,78408700,0,1,730.336651
2015-11-06,210.0400,175.592316,110471500,0,1,729.954367
2015-11-09,208.0800,173.953690,131008700,0,1,723.142757
2015-11-10,208.5600,174.354996,75874600,0,1,724.810906
2015-11-11,207.7400,173.669479,67846000,0,1,721.961151
2015-11-12,204.8400,171.245132,121315200,0,1,711.882748
2015-11-13,202.5400,169.322342,153577100,0,1,703.889532
2015-11-16,205.6200,171.897171,117645200,0,1,714.593491
2015-11-17,205.4700,171.771759,121123700,0,1,714.072194
2015-11-18,208.7300,174.497116,121342500,0,1,725.401709
2015-11-19,208.5500,174.346634,88220500,0,1,724.776153
2015-11-20,209.3100,174.982025,94011500,0,1,727.417389
2015-11-23,209.0700,174.781342,64931200,0,1,726.583315
2015-11-24,209.3500,175.015442,98874400,0,1,727.556402
2015-11-25,209.3200,174.990387,51980100,0,1,727.452142
2015-11-27,209.5600,175.191010,37317800,0,1,728.286217
2015-11-30,208.6900,174.463669,112822700,0,1,725.262696
2015-12-01,210.6800,176.127304,97858400,0,1,732.178566
2015-12-02,208.5300,174.329910,108441300,0,1,724.706647
2015-12-03,205.6100,171.888809,166224200,0,1,714.558738
2015-12-04,209.6200,175.241180,192913900,0,1,728.494736
2015-12-07,208.3500,174.179489,102027100,0,1,724.081091
2015-12-08,206.9500,173.009064,103372400,0,1,719.215655
2015-12-09,205.3400,171.663116,162401500,0,1,713.620404
2015-12-10,205.8700,172.106171,116128900,0,1,715.462319
2015-12-11,201.8800,168.770554,211173300,0,1,701.595827
2015-12-14,202.9000,169.623322,182385200,0,1,705.140644
2015-12-15,205.0300,171.403961,154069600,0,1,712.543057
2015-12-16,208.0300,173.911911,197017000,0,1,722.968991
2015-12-17,204.8600,171.261826,173092500,0,1,711.952254
2015-12-18,200.0200,168.210800,251393500,1.212,1,699.343825
2015-12-21,201.6700,169.598389,99094300,0,1,705.112835
2015-12-22,203.5000,171.137390,111026200,0,1,711.511191
2015-12-23,206.0200,173.256622,110987200,0,1,720.322042
2015-12-24,205.6800,172.970612,48539600,0,1,719.133277
2015-12-28,205.2100,172.575378,65899900,0,1,717.489983
2015-12-29,207.4000,174.417130,92640700,0,1,725.147032
2015-12-30,205.9300,173.180939,63317700,0,1,720.007369
2015-12-31,203.8700,171.448486,114877900,0,1,712.804848
2016-01-04,201.0200,169.051773,222353500,0,1,702.840195
2016-01-05,201.3600,169.337662,110845800,0,1,704.028961
2016-01-06,198.8200,167.201660,152112600,0,1,695.148182
2016-01-07,194.0500,163.190231,213436100,0,1,678.470500
2016-01-08,191.9200,161.398941,209817200,0,1,671.023233
2016-01-11,192.1100,161.558746,187941300,0,1,671.687543
2016-01-12,193.6600,162.862213,172330500,0,1,677.106915
2016-01-13,188.8300,158.800323,221168900,0,1,660.219451
2016-01-14,191.9300,161.407333,240795600,0,1,671.058196
2016-01-15,187.8100,157.942566,324846400,0,1,656.653154
2016-01-19,188.0600,158.152786,195244400,0,1,657.527246
2016-01-20,185.6500,156.126038,286547800,0,1,649.100996
2016-01-21,186.6900,157.000641,195772900,0,1,652.737220
2016-01-22,190.5200,160.221558,168319600,0,1,666.128315
2016-01-25,187.6400,157.799652,130371700,0,1,656.058771
2016-01-26,190.2000,159.952438,141036800,0,1,665.009477
2016-01-27,188.1300,158.211609,185681700,0,1,657.771992
2016-01-28,189.1100,159.035797,143798800,0,1,661.198434
2016-01-29,193.7200,162.912674,210529300,0,1,677.316698
2016-02-01,193.6500,162.853821,136061600,0,1,677.071952
2016-02-02,190.1600,159.918808,182564900,0,1,664.869622
2016-02-03,191.3000,160.877548,205054900,0,1,668.855483
2016-02-04,191.6000,161.129852,139531800,0,1,669.904394
2016-02-05,187.9500,158.060242,180788300,0,1,657.142646
2016-02-08,185.4200,155.932632,191526700,0,1,648.296831
2016-02-09,185.4300,155.941040,184513100,0,1,648.331795
2016-02-10,185.2700,155.806488,148214100,0,1,647.772375
2016-02-11,182.8600,153.779770,219058900,0,1,639.346125
2016-02-12,186.6300,156.950241,127632400,0,1,652.527438
2016-02-16,189.7800,159.599228,120250700,0,1,663.541002
2016-02-17,192.8800,162.206268,136009500,0,1,674.379747
2016-02-18,192.0900,161.541946,102343000,0,1,671.617615
2016-02-19,192.0000,161.466202,114793000,0,1,671.302942
2016-02-22,194.7800,163.804077,103640300,0,1,681.022849
2016-02-23,192.3200,161.735321,111455300,0,1,672.421780
2016-02-24,193.2000,162.475372,150812200,0,1,675.498585
2016-02-25,195.5400,164.443253,110728300,0,1,683.680090
2016-02-26,195.0900,164.064865,129833700,0,1,682.106724
2016-02-29,193.5600,162.778122,125918100,0,1,676.757278
2016-03-01,198.1100,166.604568,141799700,0,1,692.665760
2016-03-02,199.0000,167.352997,102415000,0,1,695.777529
2016-03-03,199.7800,168.008942,95172200,0,1,698.504697
2016-03-04,200.4300,168.555603,129293600,0,1,700.777337
2016-03-07,200.5900,168.690109,100219000,0,1,701.336756
2016-03-08,198.4000,166.848434,123974900,0,1,693.679707
2016-03-09,199.3800,167.672562,94801200,0,1,697.106149
2016-03-10,199.5400,167.807129,156838700,0,1,697.665568
2016-03-11,202.7600,170.515015,137964500,0,1,708.923878
2016-03-14,202.5000,170.296387,73612000,0,1,708.014822
2016-03-15,202.1700,170.018875,93169100,0,1,706.861020
2016-03-16,203.3400,171.002808,129303200,0,1,710.951772
2016-03-17,204.6300,172.087677,134278500,0,1,715.462089
2016-03-18,204.3800,172.763916,138372400,1.05,1,718.259184
2016-03-21,204.6700,173.009064,72926700,0,1,719.278341
2016-03-22,204.5600,172.916092,97471900,0,1,718.891764
2016-03-23,203.2100,171.774887,81052500,0,1,714.147416
2016-03-24,203.1200,171.698822,84360900,0,1,713.831126
2016-03-28,203.2400,171.800262,62408200,0,1,714.252846
2016-03-29,205.1200,173.389450,92922900,0,1,720.859790
2016-03-30,206.0200,174.150208,86365300,0,1,724.022689
2016-03-31,205.5200,173.727554,94584100,0,1,722.265523
2016-04-01,206.9200,174.910995,114423500,0,1,727.185588
2016-04-04,206.2500,174.344620,63497000,0,1,724.830985
2016-04-05,204.1900,172.603317,99662200,0,1,717.591461
2016-04-06,206.4200,174.488266,91839800,0,1,725.428422
2016-04-07,203.9500,172.400375,113859000,0,1,716.748022
2016-04-08,204.5000,172.865341,95040600,0,1,718.680904
2016-04-11,204.0200,172.459579,83757500,0,1,716.994025
2016-04-12,205.9200,174.065674,115350600,0,1,723.671256
2016-04-13,208.0000,175.823929,96336400,0,1,730.981066
2016-04-14,208.0100,175.832352,65212900,0,1,731.016210
2016-04-15,207.7800,175.637909,75761600,0,1,730.207913
2016-04-18,209.2400,176.872116,82531000,0,1,735.338838
2016-04-19,209.9000,177.430038,88316100,0,1,737.658297
2016-04-20,210.1000,177.599075,81100300,0,1,738.361164
2016-04-21,208.9700,176.643845,85695000,0,1,734.389968
2016-04-22,208.9700,176.643845,99251700,0,1,734.389968
2016-04-25,208.6100,176.339523,66166500,0,1,733.124809
2016-04-26,208.9200,176.601578,75864200,0,1,734.214252
2016-04-27,209.3500,176.965073,77329400,0,1,735.725415
2016-04-28,207.4500,175.359009,97216200,0,1,729.048184
2016-04-29,206.3300,174.412277,142424100,0,1,725.112132
2016-05-02,207.9700,175.798508,62188000,0,1,730.875636
2016-05-03,206.1600,174.268570,106422100,0,1,724.514695
2016-05-04,205.0100,173.296463,92243800,0,1,720.473214
2016-05-05,204.9700,173.262634,67619200,0,1,720.332640
2016-05-06,205.7200,173.896622,89315000,0,1,722.968389
2016-05-09,205.8900,174.040283,74374900,0,1,723.565826
2016-05-10,208.4500,176.204254,77472200,0,1,732.562516
2016-05-11,206.5000,174.555939,81727000,0,1,725.709568
2016-05-12,206.5600,174.606644,89586300,0,1,725.920428
2016-05-13,204.7600,173.085098,96474600,0,1,719.594631
2016-05-16,206.7800,174.792664,77486800,0,1,726.693581
2016-05-17,204.8500,173.161270,114924900,0,1,719.910920
2016-05-18,204.9100,173.211975,120062100,0,1,720.121780
2016-05-19,204.2000,172.611755,115430500,0,1,717.626605
2016-05-20,205.4900,173.702194,104990400,0,1,722.160093
2016-05-23,205.2100,173.465515,58682600,0,1,721.176080
2016-05-24,207.8700,175.714020,93537800,0,1,730.524203
2016-05-25,209.2800,176.905930,76621400,0,1,735.479411
2016-05-26,209.3400,176.956604,55280700,0,1,735.690271
2016-05-27,210.2400,177.717361,64211200,0,1,738.853170
2016-05-31,209.8400,177.379288,109879400,0,1,737.447437
2016-06-01,210.2700,177.742752,69936200,0,1,738.958600
2016-06-02,210.9100,178.283768,63044700,0,1,741.207773
2016-06-03,210.2800,177.751221,101757100,0,1,738.993743
2016-06-06,211.3500,178.655731,64887000,0,1,742.754079
2016-06-07,211.6800,178.934662,60974800,0,1,743.913808
2016-06-08,212.3700,179.517899,66170900,0,1,746.338697
2016-06-09,212.0800,179.272827,73786900,0,1,745.319541
2016-06-10,210.0700,177.573730,113829200,0,1,738.255734
2016-06-13,208.4500,176.204254,117751200,0,1,732.562516
2016-06-14,208.0400,175.857727,125059300,0,1,731.121640
2016-06-15,207.7500,175.612564,109124500,0,1,730.102483
2016-06-16,208.3700,176.136673,149533100,0,1,732.281369
2016-06-17,206.5200,175.480759,117055700,1.078,1,729.568305
2016-06-20,207.8500,176.610886,82789600,0,1,734.266764
2016-06-21,208.4400,177.112152,72461700,0,1,736.351043
2016-06-22,208.1000,176.823227,95560500,0,1,735.149933
2016-06-23,210.8100,179.125931,102731400,0,1,744.723486
2016-06-24,203.2400,172.693695,333444400,0,1,717.981127
2016-06-27,199.6000,169.600800,230775800,0,1,705.122185
2016-06-28,203.2000,172.659744,159382400,0,1,717.839820
2016-06-29,206.6600,175.599686,137328600,0,1,730.062880
2016-06-30,209.4800,177.995804,165021900,0,1,740.025027
2016-07-01,209.9200,178.369751,106055300,0,1,741.579404
2016-07-05,208.4100,177.086655,109803700,0,1,736.245063
2016-07-06,209.6600,178.148804,96021500,0,1,740.660908
2016-07-07,209.5300,178.038284,85593800,0,1,740.201660
2016-07-08,212.6500,180.689407,133971000,0,1,751.223610
2016-07-11,213.4000,181.326660,73633900,0,1,753.873118
2016-07-12,214.9500,182.643738,101275600,0,1,759.348766
2016-07-13,214.9200,182.618210,87324100,0,1,759.242786
2016-07-14,216.1200,183.637894,91230900,0,1,763.481997
2016-07-15,215.8300,183.391434,107155400,0,1,762.457521
2016-07-18,216.4100,183.884323,58725900,0,1,764.506473
2016-07-19,216.1900,183.697327,54345700,0,1,763.729284
2016-07-20,217.0900,184.462051,58159500,0,1,766.908693
2016-07-21,216.2700,183.765305,67777300,0,1,764.011899
2016-07-22,217.2400,184.589554,62787500,0,1,767.438595
2016-07-25,216.6500,184.088196,55873100,0,1,765.354316
2016-07-26,216.7500,184.173187,70080500,0,1,765.707583
2016-07-27,216.5200,183.977768,84083900,0,1,764.895068
2016-07-28,216.7700,184.190155,65035700,0,1,765.778237
2016-07-29,217.1200,184.487564,79519400,0,1,767.014673
2016-08-01,216.9400,184.334686,73311400,0,1,766.378792
2016-08-02,215.5500,183.153534,92295500,0,1,761.468372
2016-08-03,216.1800,183.688873,53993600,0,1,763.693958
2016-08-04,216.4100,183.884323,46585500,0,1,764.506473
2016-08-05,218.1800,185.388260,71892200,0,1,770.759310
2016-08-08,218.0500,185.277832,39906500,0,1,770.300062
2016-08-09,218.1800,185.388260,51251700,0,1,770.759310
2016-08-10,217.6400,184.929443,57941100,0,1,768.851665
2016-08-11,218.6500,185.787613,72504300,0,1,772.419668
2016-08-12,218.4600,185.626175,61313500,0,1,771.748460
2016-08-15,219.0900,186.161484,49813500,0,1,773.974046
2016-08-16,217.9600,185.201355,53213600,0,1,769.982121
2016-08-17,218.3700,185.549652,75134300,0,1,771.430519
2016-08-18,218.8600,185.966064,52989300,0,1,773.161530
2016-08-19,218.5400,185.694138,75443000,0,1,772.031074
2016-08-22,218.5300,185.685623,61368800,0,1,771.995747
2016-08-23,218.9700,186.059525,53399200,0,1,773.550125
2016-08-24,217.8500,185.107849,71728900,0,1,769.593527
2016-08-25,217.7000,184.980377,69224800,0,1,769.063626
2016-08-26,217.2900,184.632019,122506300,0,1,767.615228
2016-08-29,218.3600,185.541183,70502200,0,1,771.395192
2016-08-30,218.0000,185.235352,58114500,0,1,770.123429
2016-08-31,217.3800,184.708511,85269500,0,1,767.933169
2016-09-01,217.3900,184.716995,97844200,0,1,767.968496
2016-09-02,218.3700,185.549652,79293900,0,1,771.430519
2016-09-06,219.0300,186.110535,56702100,0,1,773.762085
2016-09-07,219.0100,186.093506,76554900,0,1,773.691432
2016-09-08,218.5100,185.668655,74102900,0,1,771.925093
2016-09-09,213.2800,181.224686,221589100,0,1,753.449197
2016-09-12,216.3400,183.824768,168110900,0,1,764.259186
2016-09-13,213.2300,181.182220,182828800,0,1,753.272563
2016-09-14,213.1500,181.114243,134185500,0,1,752.989949
2016-09-15,215.2800,182.924103,134427900,0,1,760.514549
2016-09-16,213.3700,182.217010,155236400,1.082,1,757.589493
2016-09-19,213.4100,182.251190,80250500,0,1,757.731517
2016-09-20,213.4200,182.259705,69665300,0,1,757.767023
2016-09-21,215.8200,184.309265,110284400,0,1,766.288440
2016-09-22,217.1800,185.470718,76678700,0,1,771.117243
2016-09-23,215.9900,184.454498,73630900,0,1,766.892040
2016-09-26,214.2400,182.959976,89827300,0,1,760.678507
2016-09-27,215.5700,184.095810,78494800,0,1,765.400792
2016-09-28,216.6400,185.009552,87411000,0,1,769.199924
2016-09-29,214.6800,183.335724,128070600,0,1,762.240767
2016-09-30,216.3000,184.719208,117202900,0,1,767.992723
2016-10-03,215.7800,184.275116,83512100,0,1,766.146416
2016-10-04,214.6800,183.335724,119948100,0,1,762.240767
2016-10-05,215.6300,184.147034,72816000,0,1,765.613828
2016-10-06,215.7800,184.275116,62927400,0,1,766.146416
2016-10-07,215.0400,183.643127,89788300,0,1,763.518979
2016-10-10,216.1600,184.599609,51855000,0,1,767.495641
2016-10-11,213.4300,182.268250,130367400,0,1,757.802529
2016-10-12,213.7100,182.507401,73866100,0,1,758.796694
2016-10-13,213.0100,181.909531,101357000,0,1,756.311281
2016-10-14,213.1200,182.003479,93346200,0,1,756.701845
2016-10-17,212.3800,181.371521,58275700,0,1,754.074409
2016-10-18,213.7100,182.507401,76869700,0,1,758.796694
2016-10-19,214.2800,182.994125,66519200,0,1,760.820530
2016-10-20,213.8800,182.652542,73639800,0,1,759.400294
2016-10-21,213.9800,182.737991,89089100,0,1,759.755353
2016-10-24,214.8900,183.515091,60146600,0,1,762.986391
2016-10-25,214.1700,182.900223,66542300,0,1,760.429965
2016-10-26,213.7400,182.532974,75705500,0,1,758.903212
2016-10-27,213.1700,182.046204,77220200,0,1,756.879375
2016-10-28,212.5400,181.508179,140623200,0,1,754.642503
2016-10-31,212.5500,181.516769,61272500,0,1,754.678009
2016-11-01,211.0100,180.201569,122781800,0,1,749.210100
2016-11-02,209.7400,179.117081,103330800,0,1,744.700850
2016-11-03,208.7800,178.297150,88939300,0,1,741.292283
2016-11-04,208.5500,178.100769,109122100,0,1,740.475647
2016-11-07,213.1500,182.029114,109794900,0,1,756.808363
2016-11-08,214.1100,182.848953,106772100,0,1,760.216930
2016-11-09,216.3800,184.787537,258429000,0,1,768.276770
2016-11-10,216.9200,185.248749,172113300,0,1,770.194089
2016-11-11,216.4200,184.821671,100552700,0,1,768.418794
2016-11-14,216.5900,184.966858,94580000,0,1,769.022394
2016-11-15,218.2800,186.410110,91652600,0,1,775.022892
2016-11-16,217.8700,186.059937,65617700,0,1,773.567150
2016-11-17,218.9900,187.016495,69797200,0,1,777.543812
2016-11-18,218.5000,186.598007,86265800,0,1,775.804022
2016-11-21,220.1500,188.007080,72402600,0,1,781.662497
2016-11-22,220.5800,188.374298,67429000,0,1,783.189251
2016-11-23,220.7000,188.476761,56620200,0,1,783.615321
2016-11-25,221.5200,189.177094,37872300,0,1,786.526806
2016-11-28,220.4800,188.288849,76572500,0,1,782.834191
2016-11-29,220.9100,188.656143,69886700,0,1,784.360945
2016-11-30,220.3800,188.203522,113291800,0,1,782.479132
2016-12-01,219.5700,187.511795,79040500,0,1,779.603154
2016-12-02,219.6800,187.605682,74840300,0,1,779.993719
2016-12-05,221.0000,188.733002,67837800,0,1,784.680499
2016-12-06,221.7000,189.330811,59877400,0,1,787.165912
2016-12-07,224.6000,191.807388,110738100,0,1,797.462624
2016-12-08,225.1500,192.277039,99714400,0,1,799.415449
2016-12-09,226.5100,193.438461,88005800,0,1,804.244252
2016-12-12,226.2500,193.216492,102016100,0,1,803.321099
2016-12-13,227.7600,194.506012,110477500,0,1,808.682490
2016-12-14,225.8800,192.900497,142501800,0,1,802.007380
2016-12-15,226.8100,193.694687,124972600,0,1,805.309429
2016-12-16,225.0400,193.315872,156420200,1.329,1,803.743619
2016-12-19,225.5300,193.736816,90341100,0,1,805.493683
2016-12-20,226.4000,194.484177,89838800,0,1,808.600939
2016-12-21,225.7700,193.942993,67909000,0,1,806.350857
2016-12-22,225.3800,193.607941,56219100,0,1,804.957949
2016-12-23,225.7100,193.891373,36697800,0,1,806.136563
2016-12-27,226.2700,194.372467,42672500,0,1,808.136636
2016-12-28,224.4000,192.766098,64095000,0,1,801.457821
2016-12-29,224.3500,192.723145,48696100,0,1,801.279243
2016-12-30,223.5300,192.018753,108998300,0,1,798.350565
2017-01-03,225.2400,193.487686,91366500,0,1,804.457931
2017-01-04,226.5800,194.638748,78744400,0,1,809.243820
2017-01-05,226.4000,194.484177,78379000,0,1,808.600939
2017-01-06,227.2100,195.179977,71559900,0,1,811.493902
2017-01-09,226.4600,194.535690,46939700,0,1,808.815233
2017-01-10,226.4600,194.535690,63771900,0,1,808.815233
2017-01-11,227.1000,195.085495,74650000,0,1,811.101030
2017-01-12,226.5300,194.595856,72113200,0,1,809.065242
2017-01-13,227.0500,195.042526,62717900,0,1,810.922452
2017-01-17,226.2500,194.355316,61240800,0,1,808.065205
2017-01-18,226.7500,194.784836,54793300,0,1,809.850985
2017-01-19,225.9100,194.063248,66608800,0,1,806.850875
2017-01-20,226.7400,194.776230,129168600,0,1,809.815269
2017-01-23,226.1500,194.269424,75061600,0,1,807.708049
2017-01-24,227.6000,195.514969,95555300,0,1,812.886810
2017-01-25,229.5700,197.207291,84437700,0,1,819.922781
2017-01-26,229.3300,197.001129,59970700,0,1,819.065607
2017-01-27,228.9700,196.691833,59711100,0,1,817.779845
2017-01-30,227.5500,195.472031,79737300,0,1,812.708232
2017-01-31,227.5300,195.454849,75880800,0,1,812.636801
2017-02-01,227.6200,195.532135,79117700,0,1,812.958241
2017-02-02,227.7700,195.661041,69657600,0,1,813.493975
2017-02-03,229.3400,197.009705,80563200,0,1,819.101322
2017-02-06,228.9300,196.657455,57790100,0,1,817.636983
2017-02-07,228.9400,196.666092,57931200,0,1,817.672699
2017-02-08,229.2400,196.923798,51566200,0,1,818.744166
2017-02-09,230.6000,198.092041,65955200,0,1,823.601486
2017-02-10,231.5100,198.873810,66015900,0,1,826.851605
2017-02-13,232.7700,199.956146,55182100,0,1,831.351769
2017-02-14,233.7000,200.755081,71109000,0,1,834.673319
2017-02-15,234.9200,201.803040,86785800,0,1,839.030621
2017-02-16,234.7200,201.631287,84722400,0,1,838.316309
2017-02-17,235.0900,201.949097,77204100,0,1,839.637786
2017-02-21,236.4900,203.151718,88946100,0,1,844.637969
2017-02-22,236.2800,202.971390,62115200,0,1,843.887941
2017-02-23,236.4400,203.108780,74615900,0,1,844.459391
2017-02-24,236.7400,203.366516,82381600,0,1,845.530858
2017-02-27,237.1100,203.684341,56515400,0,1,846.852335
2017-02-28,236.4700,203.134537,96961900,0,1,844.566537
2017-03-01,239.7800,205.977966,149158200,0,1,856.388397
2017-03-02,238.2700,204.680832,70246000,0,1,850.995343
2017-03-03,238.4200,204.809647,81974300,0,1,851.531077
2017-03-06,237.7100,204.199753,55391500,0,1,848.995270
2017-03-07,237.0000,203.589859,65103700,0,1,846.459464
2017-03-08,236.5600,203.211868,78168800,0,1,844.887978
2017-03-09,236.8600,203.469589,90683900,0,1,845.959445
2017-03-10,237.6900,204.182587,81991700,0,1,848.923839
2017-03-13,237.8100,204.285568,57256800,0,1,849.352426
2017-03-14,236.9000,203.503952,59880800,0,1,846.102308
2017-03-15,238.9500,205.264969,96081800,0,1,853.424003
2017-03-16,238.4800,204.861237,78344000,0,1,851.745371
2017-03-17,237.0300,204.501434,89002100,1.033,1,850.256031
2017-03-20,236.7700,204.277145,52537000,0,1,849.323378
2017-03-21,233.7300,201.654373,131809300,0,1,838.418521
2017-03-22,234.2800,202.128830,97569200,0,1,840.391439
2017-03-23,234.0300,201.913132,100410300,0,1,839.494658
2017-03-24,233.8600,201.766495,112504900,0,1,838.884847
2017-03-27,233.6200,201.559418,87454500,0,1,838.023937
2017-03-28,235.3200,203.026077,93483900,0,1,844.122048
2017-03-29,235.5400,203.215942,61950400,0,1,844.911216
2017-03-30,236.2900,203.863007,56737900,0,1,847.601559
2017-03-31,235.7400,203.388504,73733100,0,1,845.628641
2017-04-03,235.3300,203.034760,85546500,0,1,844.157920
2017-04-04,235.4800,203.164108,56466200,0,1,844.695988
2017-04-05,234.7800,202.560242,108800600,0,1,842.185001
2017-04-06,235.4400,203.129623,69135800,0,1,844.552503
2017-04-07,235.2000,202.922562,74412300,0,1,843.691594
2017-04-10,235.3400,203.043381,67615300,0,1,844.193791
2017-04-11,235.0600,202.801788,88045300,0,1,843.189396
2017-04-12,234.0300,201.913132,81864400,0,1,839.494658
2017-04-13,232.5100,200.601715,92880400,0,1,834.042230
2017-04-17,234.5700,202.379044,68405400,0,1,841.431705
2017-04-18,233.8700,201.775070,83225800,0,1,838.920718
2017-04-19,233.4400,201.404083,68699900,0,1,837.378255
2017-04-20,235.3400,203.043381,92572200,0,1,844.193791
2017-04-21,234.5900,202.396271,110389800,0,1,841.503448
2017-04-24,237.1700,204.622284,119209900,0,1,850.758228
2017-04-25,238.5500,205.812866,76698300,0,1,855.708459
2017-04-26,238.4000,205.683426,84702500,0,1,855.170391
2017-04-27,238.6000,205.856018,57410300,0,1,855.887816
2017-04-28,238.0800,205.407333,63532800,0,1,854.022511
2017-05-01,238.6800,205.924973,66882500,0,1,856.174785
2017-05-02,238.7700,206.002670,57375700,0,1,856.497627
2017-05-03,238.4800,205.752457,73137700,0,1,855.457361
2017-05-04,238.7600,205.994095,61462700,0,1,856.461755
2017-05-05,239.7000,206.804962,62001300,0,1,859.833652
2017-05-08,239.6600,206.770508,48385700,0,1,859.690167
2017-05-09,239.4400,206.580734,51363200,0,1,858.901000
2017-05-10,239.8700,206.951645,54293800,0,1,860.443463
2017-05-11,239.3800,206.528992,62358300,0,1,858.685772
2017-05-12,238.9800,206.183868,53912700,0,1,857.250923
2017-05-15,240.3000,207.322662,61918900,0,1,861.985927
2017-05-16,240.0800,207.132904,51241800,0,1,861.196759
2017-05-17,235.8200,203.457504,172174100,0,1,845.915610
2017-05-18,236.7700,204.277145,107047700,0,1,849.323378
2017-05-19,238.3100,205.605759,115011400,0,1,854.847550
2017-05-22,239.5200,206.649765,61010600,0,1,859.187970
2017-05-23,240.0500,207.106995,48341700,0,1,861.089146
2017-05-24,240.6100,207.590088,46927700,0,1,863.097935
2017-05-25,241.7600,208.582291,64071700,0,1,867.223128
2017-05-26,241.7100,208.539169,46629900,0,1,867.043772
2017-05-30,241.5000,208.358017,35201900,0,1,866.290476
2017-05-31,241.4400,208.306274,91796000,0,1,866.075248
2017-06-01,243.3600,209.962753,68962000,0,1,872.962526
2017-06-02,244.1700,210.661575,88666100,0,1,875.868097
2017-06-05,243.9900,210.506317,44698800,0,1,875.222415
2017-06-06,243.2100,209.833313,50375400,0,1,872.424458
2017-06-07,243.6600,210.221573,54144300,0,1,874.038664
2017-06-08,243.7800,210.325119,65950700,0,1,874.469119
2017-06-09,243.4100,210.005875,132256400,0,1,873.141883
2017-06-12,243.3600,209.962753,86108100,0,1,872.962526
2017-06-13,244.5500,210.989456,60067000,0,1,877.231204
2017-06-14,244.2400,210.721985,78602300,0,1,876.119196
2017-06-15,243.7700,210.316513,66464900,0,1,874.433247
2017-06-16,242.6400,210.362427,84553100,1.183,1,874.623365
2017-06-19,244.6600,212.113754,65123800,0,1,881.904684
2017-06-20,243.0100,210.683212,56906400,0,1,875.957072
2017-06-21,242.9500,210.631195,55977600,0,1,875.740795
2017-06-22,242.8400,210.535858,44148100,0,1,875.344288
2017-06-23,243.1300,210.787247,66986800,0,1,876.389625
2017-06-26,243.2900,210.925964,56700500,0,1,876.966363
2017-06-27,241.3300,209.226730,82247700,0,1,869.901321
2017-06-28,243.4900,211.099426,70042600,0,1,877.687286
2017-06-29,241.3500,209.244034,106949700,0,1,869.973414
2017-06-30,241.8000,209.634186,86820700,0,1,871.595490
2017-07-03,242.2100,209.989670,39153800,0,1,873.073381
2017-07-05,242.7700,210.475128,54427600,0,1,875.091965
2017-07-06,240.5500,208.550461,65400800,0,1,867.089723
2017-07-07,242.1100,209.902939,57972300,0,1,872.712920
2017-07-10,242.3700,210.128311,36663300,0,1,873.650119
2017-07-11,242.1900,209.972290,50354600,0,1,873.001289
2017-07-12,244.0100,211.550156,59610400,0,1,879.561685
2017-07-13,244.4200,211.905685,39471600,0,1,881.039576
2017-07-14,245.5600,212.894028,60262700,0,1,885.148836
2017-07-17,245.5300,212.868027,33531900,0,1,885.040697
2017-07-18,245.6600,212.980698,42742500,0,1,885.509297
2017-07-19,246.9900,214.133774,51034300,0,1,890.303433
2017-07-20,247.1000,214.229172,47135200,0,1,890.699940
2017-07-21,246.8800,214.038422,82340800,0,1,889.906925
2017-07-24,246.8200,213.986389,46622300,0,1,889.690648
2017-07-25,247.4200,214.506638,54915600,0,1,891.853416
2017-07-26,247.4300,214.515228,47575400,0,1,891.889462
2017-07-27,247.2000,214.315781,70766600,0,1,891.060401
2017-07-28,246.9100,214.064438,50088400,0,1,890.015064
2017-07-31,246.7700,213.943008,65838700,0,1,889.510418
2017-08-01,247.3200,214.419922,55050400,0,1,891.492955
2017-08-02,247.4400,214.523926,47211200,0,1,891.925509
2017-08-03,246.9600,214.107803,40856000,0,1,890.195294
2017-08-04,247.4100,214.497879,60191800,0,1,891.817370
2017-08-07,247.8700,214.896698,31995000,0,1,893.475492
2017-08-08,247.2600,214.367844,61719400,0,1,891.276678
2017-08-09,247.2500,214.359192,62632600,0,1,891.240632
2017-08-10,243.7600,211.333435,120479500,0,1,878.660532
2017-08-11,244.1200,211.645538,74869900,0,1,879.958192
2017-08-14,246.5400,213.743652,73291900,0,1,888.681357
2017-08-15,246.5100,213.717682,55242700,0,1,888.573218
2017-08-16,246.9400,214.090408,56715500,0,1,890.123202
2017-08-17,243.0900,210.752533,128490400,0,1,876.245441
2017-08-18,242.7100,210.423126,136748000,0,1,874.875688
2017-08-21,242.9000,210.587830,65469700,0,1,875.560564
2017-08-22,245.4400,212.789993,63140100,0,1,884.716282
2017-08-23,244.5600,212.027008,50203800,0,1,881.544222
2017-08-24,243.9900,211.532837,50741700,0,1,879.489593
2017-08-25,244.5600,212.027008,64445900,0,1,881.544222
2017-08-28,244.5700,212.035721,40565600,0,1,881.580268
2017-08-29,244.8500,212.278442,51135700,0,1,882.589560
2017-08-30,246.0100,213.284149,62030800,0,1,886.770912
2017-08-31,247.4900,214.567276,103803900,0,1,892.105739
2017-09-01,247.8400,214.870697,62007000,0,1,893.367354
2017-09-05,246.0600,213.327530,91398800,0,1,886.951142
2017-09-06,246.9000,214.055771,57916900,0,1,889.979017
2017-09-07,246.8700,214.029739,58034700,0,1,889.870879
2017-09-08,246.5800,213.778336,63832800,0,1,888.825541
2017-09-11,249.2100,216.058456,71364800,0,1,898.305674
2017-09-12,250.0500,216.786728,56896000,0,1,901.333549
2017-09-13,250.1700,216.890732,59228000,0,1,901.766103
2017-09-14,250.0900,216.821365,95446300,0,1,901.477734
2017-09-15,249.1900,217.113281,95432400,1.235,1,902.685279
2017-09-18,249.7200,217.575058,46235200,0,1,904.605192
2017-09-19,249.9700,217.792892,47108100,0,1,905.510812
2017-09-20,250.0600,217.871292,59574100,0,1,905.836835
2017-09-21,249.3900,217.287552,48211400,0,1,903.409775
2017-09-22,249.4400,217.331100,51214000,0,1,903.590899
2017-09-25,248.9300,216.886780,57064400,0,1,901.743435
2017-09-26,249.0800,217.017426,54082000,0,1,902.286807
2017-09-27,250.0500,217.862579,81001400,0,1,905.800610
2017-09-28,250.3500,218.123978,44778800,0,1,906.887354
2017-09-29,251.2300,218.890671,85578000,0,1,910.075134
2017-10-02,252.3200,219.840408,59023000,0,1,914.023635
2017-10-03,252.8600,220.310898,66810200,0,1,915.979773
2017-10-04,253.1600,220.572281,55953600,0,1,917.066517
2017-10-05,254.6600,221.879166,63522800,0,1,922.500234
2017-10-06,254.3700,221.626480,80646000,0,1,921.449715
2017-10-09,253.9500,221.260513,35803100,0,1,919.928274
2017-10-10,254.6200,221.844269,43057400,0,1,922.355334
2017-10-11,255.0200,222.192825,47674300,0,1,923.804326
2017-10-12,254.6400,221.861725,47065100,0,1,922.427784
2017-10-13,254.9500,222.131805,54800400,0,1,923.550752
2017-10-16,255.2900,222.428024,38221700,0,1,924.782395
2017-10-17,255.4700,222.584869,31561000,0,1,925.434441
2017-10-18,255.7200,222.802734,40888300,0,1,926.340060
2017-10-19,255.7900,222.863663,61903800,0,1,926.593634
2017-10-20,257.1100,224.013733,89176400,0,1,931.375305
2017-10-23,256.1100,223.142487,63915300,0,1,927.752827
2017-10-24,256.5600,223.534576,66935900,0,1,929.382942
2017-10-25,255.2900,222.428024,103715300,0,1,924.782395
2017-10-26,255.6200,222.715591,69798000,0,1,925.977812
2017-10-27,257.7100,224.536514,85562500,0,1,933.548791
2017-10-30,256.7500,223.700150,54285700,0,1,930.071212
2017-10-31,257.1500,224.048615,60304800,0,1,931.520204
2017-11-01,257.4900,224.344849,54202700,0,1,932.751846
2017-11-02,257.5900,224.432053,56449500,0,1,933.114094
2017-11-03,258.4500,225.181244,59589700,0,1,936.229425
2017-11-06,258.8500,225.529800,49652600,0,1,937.678416
2017-11-07,258.6700,225.372971,57502200,0,1,937.026370
2017-11-08,259.1100,225.756332,50469600,0,1,938.620260
2017-11-09,258.1700,224.937378,95085500,0,1,935.215131
2017-11-10,258.0900,224.867584,59984700,0,1,934.925333
2017-11-13,258.3300,225.076736,50228600,0,1,935.794728
2017-11-14,257.7300,224.553940,61315200,0,1,933.621241
2017-11-15,256.4400,223.430054,80811500,0,1,928.948244
2017-11-16,258.6200,225.329422,67777000,0,1,936.845246
2017-11-17,257.8600,224.667236,75756800,0,1,934.092163
2017-11-20,258.3000,225.050568,48075500,0,1,935.686053
2017-11-21,259.9900,226.523071,69176800,0,1,941.808041
2017-11-22,259.7600,226.322708,45033400,0,1,940.974871
2017-11-24,260.3600,226.845444,27856500,0,1,943.148358
2017-11-27,260.2300,226.732162,52274900,0,1,942.677436
2017-11-28,262.8700,229.032272,98971700,0,1,952.240777
2017-11-29,262.7100,228.892899,77512100,0,1,951.661181
2017-11-30,265.0100,230.896927,127894400,0,1,959.992880
2017-12-01,264.4600,230.417664,164390900,0,1,958.000517
2017-12-04,264.1400,230.138916,94040600,0,1,956.841324
2017-12-05,263.1900,229.311127,77994500,0,1,953.399970
2017-12-06,263.2400,229.354736,75898600,0,1,953.581094
2017-12-07,264.0700,230.077911,77218600,0,1,956.587751
2017-12-08,265.5100,231.332520,76563900,0,1,961.804119
2017-12-11,266.3100,232.029495,83077500,0,1,964.702102
2017-12-12,266.7800,232.439026,85195800,0,1,966.404666
2017-12-13,266.7500,232.412827,102905400,0,1,966.295992
2017-12-14,265.6600,231.463165,100666700,0,1,962.347491
2017-12-15,266.5100,233.390671,144610300,1.351,1,970.320565
2017-12-18,268.2000,234.870712,83653600,0,1,976.473586
2017-12-19,267.1700,233.968658,82382900,0,1,972.723520
2017-12-20,267.0300,233.846054,76751500,0,1,972.213802
2017-12-21,267.5800,234.327713,67032300,0,1,974.216265
2017-12-22,267.5100,234.266434,78720900,0,1,973.961406
2017-12-26,267.1900,233.986130,45244400,0,1,972.796337
2017-12-27,267.3200,234.100006,57751000,0,1,973.269646
2017-12-28,267.8700,234.581680,45116100,0,1,975.272109
2017-12-29,266.8600,233.697159,96007400,0,1,971.594859
2018-01-02,268.7700,235.369812,86655700,0,1,978.548866
2018-01-03,270.4700,236.858582,90070400,0,1,984.738296
2018-01-04,271.6100,237.856857,80636400,0,1,988.888855
2018-01-05,273.4200,239.441956,83524000,0,1,995.478777
2018-01-08,273.9200,239.879868,57319200,0,1,997.299198
2018-01-09,274.5400,240.422836,57254000,0,1,999.556519
2018-01-10,274.1200,240.055038,69574300,0,1,998.027366
2018-01-11,276.1200,241.806442,62361500,0,1,1005.309048
2018-01-12,277.9200,243.382690,90816100,0,1,1011.862562
2018-01-16,276.9700,242.550797,106555100,0,1,1008.403763
2018-01-17,279.6100,244.862686,113258800,0,1,1018.015583
2018-01-18,279.1400,244.451202,100728000,0,1,1016.304388
2018-01-19,280.4100,245.563400,140920100,0,1,1020.928256
2018-01-22,282.6900,247.559967,91322400,0,1,1029.229374
2018-01-23,283.2900,248.085419,97084700,0,1,1031.413879
2018-01-24,283.1800,247.989014,134816100,0,1,1031.013386
2018-01-25,283.3000,248.094177,84587300,0,1,1031.450287
2018-01-26,286.5800,250.966568,107743100,0,1,1043.392246
2018-01-29,284.6800,249.302826,90118300,0,1,1036.474648
2018-01-30,281.7600,246.745514,131796400,0,1,1025.843392
2018-01-31,281.9000,246.868134,108364800,0,1,1026.353110
2018-02-01,281.5800,246.587891,90102500,0,1,1025.188040
2018-02-02,275.4500,241.219742,173174800,0,1,1002.869684
2018-02-05,263.9300,231.131317,294681800,0,1,960.927195
2018-02-06,269.1300,235.685059,355026800,0,1,979.859569
2018-02-07,267.6700,234.406494,167376100,0,1,974.543941
2018-02-08,257.6300,225.614212,246449500,0,1,937.989896
2018-02-09,261.5000,229.003311,283565300,0,1,952.079951
2018-02-12,265.3400,232.366104,143736000,0,1,966.060781
2018-02-13,266.0000,232.944046,81223600,0,1,968.463736
2018-02-14,269.5900,236.087921,120735700,0,1,981.534356
2018-02-15,273.0300,239.100449,111200300,0,1,994.058849
2018-02-16,273.1100,239.170456,160420100,0,1,994.350116
2018-02-20,271.4000,237.673019,86369700,0,1,988.124278
2018-02-21,270.0500,236.490784,98883700,0,1,983.209142
2018-02-22,270.4000,236.797226,110511300,0,1,984.483437
2018-02-23,274.7100,240.571671,92766400,0,1,1000.175462
2018-02-26,277.9000,243.365189,86491400,0,1,1011.789745
2018-02-27,274.4300,240.326492,99099200,0,1,999.156027
2018-02-28,271.6500,237.891922,121907800,0,1,989.034488
2018-03-01,267.7000,234.432755,176855100,0,1,974.653166
2018-03-02,269.0800,235.641266,139083200,0,1,979.677527
2018-03-05,272.1900,238.364807,97307400,0,1,991.000542
2018-03-06,272.8800,238.969162,79213200,0,1,993.512723
2018-03-07,272.7800,238.881516,87063500,0,1,993.148639
2018-03-08,274.1000,240.037445,66901200,0,1,997.954549
2018-03-09,278.8700,244.214676,113625300,0,1,1015.321361
2018-03-12,278.5200,243.908127,71924800,0,1,1014.047067
2018-03-13,276.7200,242.331833,91968900,0,1,1007.493553
2018-03-14,275.3000,241.088272,105895100,0,1,1002.323558
2018-03-15,275.0000,240.825638,83433000,0,1,1001.231306
2018-03-16,274.2000,241.086761,100343700,1.097,1,1002.312636
2018-03-19,270.4900,237.824799,109208400,0,1,988.751075
2018-03-20,270.9500,238.229187,59757300,0,1,990.432563
2018-03-21,270.4300,237.772079,78709600,0,1,988.531751
2018-03-22,263.6700,231.828384,148785900,0,1,963.821199
2018-03-23,258.0500,226.887054,183534800,0,1,943.277811
2018-03-26,265.1100,233.094452,141956100,0,1,969.084985
2018-03-27,260.6000,229.129181,129941400,0,1,952.599099
2018-03-28,259.8300,228.452133,146452300,0,1,949.784435
2018-03-29,263.1500,231.371201,111601600,0,1,961.920387
2018-04-02,257.4700,226.377121,186286300,0,1,941.157674
2018-04-03,260.7700,229.278610,119956900,0,1,953.220518
2018-04-04,263.5600,231.731689,123715300,0,1,963.419104
2018-04-05,265.6400,233.560532,82652600,0,1,971.022351
2018-04-06,259.7200,228.355423,179521200,0,1,949.382340
2018-04-09,261.0000,229.480789,105442900,0,1,954.061262
2018-04-10,265.1500,233.129684,103529000,0,1,969.231201
2018-04-11,263.7600,231.907516,91140200,0,1,964.150185
2018-04-12,265.9300,233.815430,68890500,0,1,972.082419
2018-04-13,265.1500,233.129684,85079200,0,1,969.231201
2018-04-16,267.3300,235.046387,63405300,0,1,977.199989
2018-04-17,270.1900,237.561050,64682000,0,1,987.654453
2018-04-18,270.3900,237.736862,57303900,0,1,988.385535
2018-04-19,268.8900,236.418015,77655900,0,1,982.902424
2018-04-20,266.6100,234.413345,99953100,0,1,974.568096
2018-04-23,266.5700,234.378174,65558000,0,1,974.421879
2018-04-24,262.9800,231.221756,112885500,0,1,961.298968
2018-04-25,263.6300,231.793243,103840900,0,1,963.674982
2018-04-26,266.3100,234.149567,67731900,0,1,973.471473
2018-04-27,266.5600,234.369385,57053600,0,1,974.385325
2018-04-30,264.5100,232.566971,82182300,0,1,966.891741
2018-05-01,264.9800,232.980209,74203400,0,1,968.609782
2018-05-02,263.2000,231.415146,86368900,0,1,962.103157
2018-05-03,262.6200,230.905151,136311500,0,1,959.983021
2018-05-04,266.0200,233.894592,91222100,0,1,972.411405
2018-05-07,266.9200,234.685913,55304900,0,1,975.701272
2018-05-08,266.9200,234.685913,67499200,0,1,975.701272
2018-05-09,269.5000,236.954315,59666100,0,1,985.132222
2018-05-10,272.0200,239.169998,72063900,0,1,994.343848
2018-05-11,272.8500,239.899689,59871500,0,1,997.377836
2018-05-14,272.9800,240.014130,54790600,0,1,997.853039
2018-05-15,271.1000,238.361023,87036100,0,1,990.980874
2018-05-16,272.2400,239.363464,53942600,0,1,995.148038
2018-05-17,272.0100,239.161224,56536400,0,1,994.307294
2018-05-18,271.3300,238.563324,64368000,0,1,991.821617
2018-05-21,273.3700,240.356964,58025900,0,1,999.278648
2018-05-22,272.6100,239.688751,52966400,0,1,996.500538
2018-05-23,273.3600,240.348175,64694200,0,1,999.242094
2018-05-24,272.8000,239.855759,76043800,0,1,997.195066
2018-05-25,272.1500,239.284286,56374800,0,1,994.819051
2018-05-29,269.0200,236.532303,115908600,0,1,983.377627
2018-05-30,272.6100,239.688751,69678400,0,1,996.500538
2018-05-31,270.9400,238.220444,93519900,0,1,990.396009
2018-06-01,273.6000,240.559250,71258400,0,1,1000.119391
2018-06-04,274.9000,241.702271,45385200,0,1,1004.871421
2018-06-05,275.1000,241.878159,51135000,0,1,1005.602502
2018-06-06,277.4000,243.900314,62732200,0,1,1014.009939
2018-06-07,277.3700,243.873932,72969400,0,1,1013.900276
2018-06-08,278.1900,244.594833,72139700,0,1,1016.897710
2018-06-11,278.5600,244.920227,58892500,0,1,1018.250211
2018-06-12,278.9200,245.236832,72329000,0,1,1019.566157
2018-06-13,278.0300,244.454285,79070600,0,1,1016.312845
2018-06-14,278.7300,245.069717,77097600,0,1,1018.871630
2018-06-15,277.1300,244.757050,120041600,1.246,1,1017.577616
2018-06-18,276.5600,244.253616,52917600,0,1,1015.484666
2018-06-19,275.5000,243.317444,97531500,0,1,1011.592513
2018-06-20,275.9700,243.732574,53785500,0,1,1013.318279
2018-06-21,274.2400,242.204651,71061400,0,1,1006.965992
2018-06-22,274.7400,242.646225,54898500,0,1,1008.801913
2018-06-25,271.0000,239.343033,137854200,0,1,995.069224
2018-06-26,271.6000,239.873062,68547400,0,1,997.272329
2018-06-27,269.3500,237.885849,105110700,0,1,989.010684
2018-06-28,270.8900,239.246048,76650500,0,1,994.665321
2018-06-29,271.2800,239.590378,97592500,0,1,996.097339
2018-07-02,271.8600,240.102646,63554800,0,1,998.227008
2018-07-03,270.9000,239.254807,42187100,0,1,994.702039
2018-07-05,273.1100,241.206589,56925900,0,1,1002.816810
2018-07-06,275.4200,243.246811,66493700,0,1,1011.298766
2018-07-09,277.9000,245.437103,50550400,0,1,1020.404934
2018-07-10,278.9000,246.320297,51966800,0,1,1024.076777
2018-07-11,276.8600,244.518539,77054700,0,1,1016.586219
2018-07-12,279.3700,246.735413,60124700,0,1,1025.802542
2018-07-13,279.5900,246.929749,48216000,0,1,1026.610348
2018-07-16,279.3400,246.708908,48201000,0,1,1025.692387
2018-07-17,280.4700,247.706879,52315500,0,1,1029.841569
2018-07-18,281.0600,248.227982,44593500,0,1,1032.007956
2018-07-19,280.0000,247.291779,61412100,0,1,1028.115803
2018-07-20,279.6800,247.009186,82337700,0,1,1026.940813
2018-07-23,280.2000,247.468475,47047600,0,1,1028.850171
2018-07-24,281.6100,248.713654,68026900,0,1,1034.027469
2018-07-25,284.0100,250.833359,78882900,0,1,1042.839890
2018-07-26,283.3400,250.241638,57919500,0,1,1040.379756
2018-07-27,281.4200,248.545990,76768700,0,1,1033.329819
2018-07-30,279.9500,247.247620,63742500,0,1,1027.932211
2018-07-31,281.3300,248.466461,68570500,0,1,1032.999353
2018-08-01,280.8600,248.051331,53853300,0,1,1031.273587
2018-08-02,282.3900,249.402634,63426400,0,1,1036.891506
2018-08-03,283.6000,250.471191,53935400,0,1,1041.334435
2018-08-06,284.6400,251.389786,39400900,0,1,1045.153151
2018-08-07,285.5800,252.219925,43196600,0,1,1048.604682
2018-08-08,285.4600,252.113922,42114600,0,1,1048.164061
2018-08-09,285.0700,251.769547,35717000,0,1,1046.732043
2018-08-10,283.1600,250.082642,77076000,0,1,1039.718824
2018-08-13,282.1000,249.146500,65732900,0,1,1035.826671
2018-08-14,283.9000,250.736176,43842000,0,1,1042.435987
2018-08-15,281.7800,248.863892,102925400,0,1,1034.651682
2018-08-16,284.0600,250.877502,69967900,0,1,1043.023482
2018-08-17,285.0600,251.760742,65618500,0,1,1046.695324
2018-08-20,285.6700,252.299530,39807500,0,1,1048.935148
2018-08-21,286.3400,252.891220,67272000,0,1,1051.395282
2018-08-22,286.1700,252.741119,44993300,0,1,1050.771069
2018-08-23,285.7900,252.405472,49204900,0,1,1049.375769
2018-08-24,287.5100,253.924454,57487400,0,1,1055.691337
2018-08-27,289.7800,255.929382,57072400,0,1,1064.026419
2018-08-28,289.9200,256.052979,46943500,0,1,1064.540477
2018-08-29,291.4800,257.430756,61485500,0,1,1070.268551
2018-08-30,290.3000,256.388580,61229500,0,1,1065.935777
2018-08-31,290.3100,256.397461,66140800,0,1,1065.972496
2018-09-04,289.8100,255.955826,57594400,0,1,1064.136574
2018-09-05,289.0300,255.266922,72452400,0,1,1061.272538
2018-09-06,288.1600,254.498642,65909900,0,1,1058.078035
2018-09-07,287.6000,254.003922,73524800,0,1,1056.021803
2018-09-10,288.1000,254.445557,50210900,0,1,1057.857724
2018-09-11,289.0500,255.284637,50530500,0,1,1061.345974
2018-09-12,289.1200,255.346481,59810800,0,1,1061.603003
2018-09-13,290.8300,256.856659,51034200,0,1,1067.881853
2018-09-14,290.8800,256.900848,55079900,0,1,1068.065446
2018-09-17,289.3400,255.540726,68244000,0,1,1062.410809
2018-09-18,290.9100,256.927307,61930400,0,1,1068.175601
2018-09-19,291.2200,257.201080,49080600,0,1,1069.313872
2018-09-20,293.5800,259.285370,100360600,0,1,1077.979419
2018-09-21,291.9900,259.048523,105479700,1.323,1,1076.999038
2018-09-24,291.0200,258.187988,53409600,0,1,1073.421213
2018-09-25,290.7500,257.948517,44370000,0,1,1072.425323
2018-09-26,289.8800,257.176666,79739700,0,1,1069.216346
2018-09-27,290.6900,257.895233,59249500,0,1,1072.204015
2018-09-28,290.7200,257.921844,70091400,0,1,1072.314669
2018-10-01,291.7300,258.817871,62078900,0,1,1076.040033
2018-10-02,291.5600,258.667084,47258200,0,1,1075.412991
2018-10-03,291.7200,258.808960,64694600,0,1,1076.003148
2018-10-04,289.4400,256.786285,111545900,0,1,1067.593416
2018-10-05,287.8200,255.348999,105951700,0,1,1061.618079
2018-10-08,287.8200,255.348999,87742200,0,1,1061.618079
2018-10-09,287.4000,254.976318,74339000,0,1,1060.068918
2018-10-10,278.3000,246.903061,214731000,0,1,1026.503757
2018-10-11,272.1700,241.464584,274840500,0,1,1003.893380
2018-10-12,275.9500,244.818130,183186500,0,1,1017.835831
2018-10-15,274.4000,243.442993,102263700,0,1,1012.118689
2018-10-16,280.4000,248.766113,118255800,0,1,1034.249564
2018-10-17,280.4500,248.810486,110626000,0,1,1034.433988
2018-10-18,276.4000,245.217361,134557500,0,1,1019.495647
2018-10-19,276.2500,245.084259,139901600,0,1,1018.942375
2018-10-22,275.0100,243.984268,82415800,0,1,1014.368661
2018-10-23,273.6100,242.742096,146352700,0,1,1009.204790
2018-10-24,265.3200,235.387405,177806700,0,1,978.627298
2018-10-25,270.0800,239.610413,138061500,0,1,996.184459
2018-10-26,265.3300,235.396255,201574600,0,1,978.664182
2018-10-29,263.8600,234.092148,160749100,0,1,973.242118
2018-10-30,267.7700,237.560944,157116000,0,1,987.664072
2018-10-31,270.6300,240.098373,128296300,0,1,998.213122
2018-11-01,273.5100,242.653397,99495000,0,1,1008.835942
2018-11-02,271.8900,241.216202,122634100,0,1,1002.860606
2018-11-05,273.3900,242.546967,65622500,0,1,1008.393325
2018-11-06,275.1200,244.081787,60085900,0,1,1014.774394
2018-11-07,281.0100,249.307297,102752100,0,1,1036.499536
2018-11-08,280.5000,248.854797,65584900,0,1,1034.618412
2018-11-09,277.7600,246.424118,98812600,0,1,1024.511979
2018-11-12,272.5700,241.819489,99673600,0,1,1005.368772
2018-11-13,272.0600,241.367004,98176600,0,1,1003.487647
2018-11-14,270.2000,239.716843,125335900,0,1,996.627076
2018-11-15,273.0200,242.218643,135101400,0,1,1007.028587
2018-11-16,273.7300,242.848557,126668000,0,1,1009.647408
2018-11-19,269.1000,238.741013,103061700,0,1,992.569749
2018-11-20,264.1200,234.322800,136021300,0,1,974.201123
2018-11-21,265.0200,235.121216,75563700,0,1,977.520754
2018-11-23,263.2500,233.550888,42807900,0,1,970.992146
2018-11-26,267.5000,237.321426,79981400,0,1,986.668182
2018-11-27,268.4000,238.119873,75502400,0,1,989.987814
2018-11-28,274.5800,243.602737,127629600,0,1,1012.782615
2018-11-29,273.9800,243.070435,82346400,0,1,1010.569527
2018-11-30,275.6500,244.552048,98204200,0,1,1016.729288
2018-12-03,279.3000,247.790207,103176300,0,1,1030.192237
2018-12-04,270.2500,239.761200,177986000,0,1,996.811500
2018-12-06,269.8400,239.397522,204185400,0,1,995.299224
2018-12-07,263.5700,233.834854,161018900,0,1,972.172459
2018-12-10,264.0700,234.278488,151445900,0,1,974.016699
2018-12-11,264.1300,234.331680,121504400,0,1,974.238007
2018-12-12,265.4600,235.511627,97976700,0,1,979.143685
2018-12-13,265.3700,235.431702,96662700,0,1,978.811722
2018-12-14,260.4700,231.084579,116961100,0,1,960.738174
2018-12-17,255.3600,226.551071,165492300,0,1,941.890045
2018-12-18,255.0800,226.302628,134515100,0,1,940.857271
2018-12-19,251.2600,222.913635,214992800,0,1,926.767280
2018-12-20,247.1700,219.285065,252053400,0,1,911.681400
2018-12-21,240.7000,214.791977,255345600,1.435,1,893.109908
2018-12-24,234.3400,209.116531,147311600,0,1,869.511324
2018-12-26,246.1800,219.682144,218485400,0,1,913.443278
2018-12-27,248.0700,221.368744,186267300,0,1,920.456065
2018-12-28,247.7500,221.083115,153100200,0,1,919.268715
2018-12-31,249.9200,223.019562,144299400,0,1,927.320433
2019-01-02,250.1800,223.251602,126925200,0,1,928.285155
2019-01-03,244.2100,217.924164,144140700,0,1,906.133654
2019-01-04,252.3900,225.223679,142628800,0,1,936.485291
2019-01-07,254.3800,226.999542,103139100,0,1,943.869125
2019-01-08,256.7700,229.132233,102512600,0,1,952.737146
2019-01-09,257.9700,230.203094,95006600,0,1,957.189709
2019-01-10,258.8800,231.015167,96823900,0,1,960.566236
2019-01-11,258.9800,231.104401,73858100,0,1,960.937282
2019-01-14,257.4000,229.694443,70908200,0,1,955.074741
2019-01-15,260.3500,232.326920,85208300,0,1,966.020625
2019-01-16,260.9800,232.889130,77636700,0,1,968.358221
2019-01-17,262.9600,234.655975,96118400,0,1,975.704949
2019-01-18,266.4600,237.779297,127900300,0,1,988.691591
2019-01-22,262.8600,234.566711,115531200,0,1,975.333903
2019-01-23,263.4100,235.057541,86030300,0,1,977.374661
2019-01-24,263.5500,235.182465,59204100,0,1,977.894126
2019-01-25,265.7800,237.172455,96883400,0,1,986.168472
2019-01-28,263.7600,235.369919,85613700,0,1,978.673325
2019-01-29,263.4100,235.057541,66136300,0,1,977.374661
2019-01-30,267.5800,238.778732,92473700,0,1,992.847317
2019-01-31,269.9300,240.875763,104012100,0,1,1001.566919
2019-02-01,270.0600,240.991791,85782500,0,1,1002.049280
2019-02-04,271.9600,242.687225,60744800,0,1,1009.099171
2019-02-05,273.1000,243.704575,79552800,0,1,1013.329106
2019-02-06,272.7400,243.383316,58347800,0,1,1011.993337
2019-02-07,270.1400,241.063171,95482000,0,1,1002.346117
2019-02-08,270.4700,241.357666,75788900,0,1,1003.570572
2019-02-11,270.6200,241.491531,68021400,0,1,1004.127143
2019-02-12,274.1000,244.596893,72270200,0,1,1017.039575
2019-02-13,274.9900,245.391098,65277200,0,1,1020.341892
2019-02-14,274.3800,244.846802,83234400,0,1,1018.078506
2019-02-15,277.3700,247.514938,97088700,0,1,1029.172809
2019-02-19,277.8500,247.943253,59120800,0,1,1030.953834
2019-02-20,278.4100,248.443054,76610800,0,1,1033.031697
2019-02-21,277.4200,247.559586,64214700,0,1,1029.358332
2019-02-22,279.1400,249.094452,78114600,0,1,1035.740339
2019-02-25,279.5200,249.433517,69030700,0,1,1037.150317
2019-02-26,279.3200,249.255035,56844100,0,1,1036.408224
2019-02-27,279.2000,249.148056,56921600,0,1,1035.962967
2019-02-28,278.6800,248.683945,69268300,0,1,1034.033523
2019-03-01,280.4200,250.236771,78880500,0,1,1040.489740
2019-03-04,279.4000,249.326523,106494600,0,1,1036.705061
2019-03-05,279.0200,248.987381,59114600,0,1,1035.295083
2019-03-06,277.3300,247.479248,75039800,0,1,1029.024390
2019-03-07,275.0100,245.409058,94885100,0,1,1020.416102
2019-03-08,274.4600,244.918182,85795800,0,1,1018.375344
2019-03-11,278.4400,248.469727,65098900,0,1,1033.143011
2019-03-12,279.4900,249.406738,79667500,0,1,1037.039003
2019-03-13,281.3400,251.057755,80639200,0,1,1043.903371
2019-03-14,281.1600,250.897003,67518400,0,1,1043.235487
2019-03-15,281.3100,252.136597,81309000,1.233,1,1048.367065
2019-03-18,282.3300,253.050766,62199800,0,1,1052.168332
2019-03-19,282.4000,253.113556,90268100,0,1,1052.429204
2019-03-20,281.5500,252.351700,84609200,0,1,1049.261481
2019-03-21,284.7300,255.201981,79550400,0,1,1061.112490
2019-03-22,279.2500,250.290283,122659300,0,1,1040.689997
2019-03-25,279.0400,250.102081,85575200,0,1,1039.907383
2019-03-26,281.1200,251.966354,68125900,0,1,1047.658986
2019-03-27,279.6500,250.648788,72224700,0,1,1042.180690
2019-03-28,280.7100,251.598846,56238500,0,1,1046.131026
2019-03-29,282.4800,253.185272,82186800,0,1,1052.727342
2019-04-01,285.8300,256.187866,77617900,0,1,1065.211895
2019-04-02,285.9700,256.313293,40070400,0,1,1065.733638
2019-04-03,286.4200,256.716675,68243200,0,1,1067.410668
2019-04-04,287.1800,257.397827,48997500,0,1,1070.242984
2019-04-05,288.5700,258.643707,58621700,0,1,1075.423142
2019-04-08,288.7900,258.840912,53566300,0,1,1076.243023
2019-04-09,287.3100,257.514374,66142300,0,1,1070.727459
2019-04-10,288.2900,258.392731,52601500,0,1,1074.379657
2019-04-11,288.2100,258.320984,55093100,0,1,1074.081518
2019-04-12,290.1600,260.068756,69727800,0,1,1081.348646
2019-04-15,289.9700,259.898499,49596700,0,1,1080.640567
2019-04-16,290.1600,260.068756,52153200,0,1,1081.348646
2019-04-17,289.4500,259.432434,58268300,0,1,1078.702666
2019-04-18,290.0200,259.943298,68708500,0,1,1080.826904
2019-04-22,290.2700,260.167358,40160100,0,1,1081.758587
2019-04-23,292.8800,262.506653,52246600,0,1,1091.485358
2019-04-24,292.2300,261.924103,50392900,0,1,1089.062982
2019-04-25,292.0500,261.762787,57770900,0,1,1088.392170
2019-04-26,293.4100,262.981750,50916400,0,1,1093.460526
2019-04-29,293.8700,263.393982,57197700,0,1,1095.174823
2019-04-30,294.0200,263.528534,81111700,0,1,1095.733833
2019-05-01,291.8100,261.547638,71671900,0,1,1087.497755
2019-05-02,291.1800,260.982941,65030200,0,1,1085.149913
2019-05-03,294.0300,263.537445,56543700,0,1,1095.771100
2019-05-06,292.8200,262.452972,107198100,0,1,1091.261754
2019-05-07,287.9300,258.070007,144729900,0,1,1073.038033
2019-05-08,287.5300,257.711487,91568300,0,1,1071.547340
2019-05-09,286.6600,256.931763,103471100,0,1,1068.305083
2019-05-10,288.1000,258.222412,112429300,0,1,1073.671578
2019-05-13,280.8600,251.733261,127290500,0,1,1046.690036
2019-05-14,283.4000,254.009750,77003200,0,1,1056.155936
2019-05-15,285.0600,255.497757,73956400,0,1,1062.342312
2019-05-16,287.7000,257.863861,76749600,0,1,1072.180885
2019-05-17,285.8400,256.196747,100353000,0,1,1065.249163
2019-05-20,283.9500,254.502792,62877600,0,1,1058.205639
2019-05-21,286.5100,256.797272,46847100,0,1,1067.746073
2019-05-22,285.6300,256.008545,49482500,0,1,1064.466549
2019-05-23,282.1400,252.880524,98733800,0,1,1051.460253
2019-05-24,282.7800,253.454147,55268100,0,1,1053.845362
2019-05-28,280.1500,251.096848,70029400,0,1,1044.044056
2019-05-29,278.2700,249.411835,104972900,0,1,1037.037799
2019-05-30,279.0300,250.093063,62523800,0,1,1039.870116
2019-05-31,275.2700,246.722977,86862800,0,1,1025.857602
2019-06-03,274.5700,246.095627,96428000,0,1,1023.248890
2019-06-04,280.5300,251.437500,77231900,0,1,1045.460214
2019-06-05,282.9600,253.615479,71169700,0,1,1054.516174
2019-06-06,284.8000,255.264740,69430400,0,1,1061.373361
2019-06-07,287.6500,257.819153,74272200,0,1,1071.994548
2019-06-10,288.9700,259.002167,60799100,0,1,1076.913835
2019-06-11,288.9000,258.939484,58641300,0,1,1076.652964
2019-06-12,288.3900,258.482391,47096300,0,1,1074.752330
2019-06-13,289.5800,259.548950,48945200,0,1,1079.187142
2019-06-14,289.2600,259.262115,52324700,0,1,1077.994587
2019-06-17,289.3700,259.360718,39205700,0,1,1078.404528
2019-06-18,292.4000,262.076538,85434800,0,1,1089.696527
2019-06-19,293.0600,262.667999,78674400,0,1,1092.156170
2019-06-20,295.8600,265.177673,116570000,0,1,1102.591021
2019-06-21,294.0000,264.792206,83309500,1.432,1,1100.995979
2019-06-24,293.6400,264.467957,47582700,0,1,1099.647821
2019-06-25,290.7600,261.874084,82028700,0,1,1088.862554
2019-06-26,290.4700,261.612823,51584900,0,1,1087.776538
2019-06-27,291.5000,262.540558,40355200,0,1,1091.633768
2019-06-28,293.0000,263.891510,59350900,0,1,1097.251095
2019-07-01,295.6600,266.287231,78705600,0,1,1107.212487
2019-07-02,296.4300,266.980713,61504500,0,1,1110.096048
2019-07-03,298.8000,269.115295,40898900,0,1,1118.971424
2019-07-05,298.4600,268.809113,51677300,0,1,1117.698163
2019-07-08,296.8200,267.331940,45841800,0,1,1111.556553
2019-07-09,297.1900,267.665283,41101300,0,1,1112.942160
2019-07-10,298.6100,268.944183,58448500,0,1,1118.259896
2019-07-11,299.3100,269.574646,50826100,0,1,1120.881315
2019-07-12,300.6500,270.781525,40326000,0,1,1125.899460
2019-07-15,300.7500,270.871613,33900000,0,1,1126.273948
2019-07-16,299.7800,269.997986,36650100,0,1,1122.641410
2019-07-17,297.7400,268.160645,36036300,0,1,1115.001846
2019-07-18,298.8300,269.142365,51392600,0,1,1119.083770
2019-07-19,297.1700,267.647247,58678600,0,1,1112.867262
2019-07-22,297.9000,268.304779,43638100,0,1,1115.601028
2019-07-23,300.0300,270.223175,44564500,0,1,1123.577631
2019-07-24,301.4400,271.492981,47213200,0,1,1128.857918
2019-07-25,300.0000,270.196136,55394100,0,1,1123.465285
2019-07-26,302.0100,272.006378,45084100,0,1,1130.992502
2019-07-29,301.4600,271.511108,38126500,0,1,1128.932816
2019-07-30,300.7200,270.844604,45849000,0,1,1126.161601
2019-07-31,297.4300,267.881439,104245200,0,1,1113.840932
2019-08-01,294.8400,265.548767,142646600,0,1,1104.141682
2019-08-02,292.6200,263.549286,116749700,0,1,1095.828039
2019-08-05,283.8200,255.623566,178745400,0,1,1062.873057
2019-08-06,287.8000,259.208191,120711700,0,1,1077.777697
2019-08-07,287.9700,259.361328,140572300,0,1,1078.414327
2019-08-08,293.6200,264.449951,87713900,0,1,1099.572923
2019-08-09,291.6200,262.648712,93730000,0,1,1092.083154
2019-08-12,288.0700,259.451324,65527600,0,1,1078.788815
2019-08-13,292.5500,263.486298,94299800,0,1,1095.565897
2019-08-14,283.9000,255.695572,135622100,0,1,1063.172648
2019-08-15,284.6500,256.371033,99556600,0,1,1065.981311
2019-08-16,288.8500,260.153839,83018300,0,1,1081.709825
2019-08-19,292.3300,263.288086,53571800,0,1,1094.742022
2019-08-20,290.0900,261.270691,51596400,0,1,1086.353482
2019-08-21,292.4500,263.396179,49524700,0,1,1095.191408
2019-08-22,292.3600,263.315063,51666400,0,1,1094.854369
2019-08-23,284.8500,256.551270,149161500,0,1,1066.730288
2019-08-26,288.0000,259.388245,72423800,0,1,1078.526673
2019-08-27,286.8700,258.370544,66668900,0,1,1074.294954
2019-08-28,288.8900,260.189880,59696700,0,1,1081.859620
2019-08-29,292.5800,263.513214,57899400,0,1,1095.678243
2019-08-30,292.4500,263.396179,62901200,0,1,1095.191408
2019-09-03,290.7400,261.856018,69101400,0,1,1088.787656
2019-09-04,294.0400,264.828247,46887300,0,1,1101.145774
2019-09-05,297.8200,268.232727,83258100,0,1,1115.301437
2019-09-06,298.0500,268.439850,49584300,0,1,1116.162760
2019-09-09,298.2000,268.574951,51260300,0,1,1116.724493
2019-09-10,298.1300,268.511932,57947100,0,1,1116.462351
2019-09-11,300.2500,270.421295,68821100,0,1,1124.401506
2019-09-12,301.2900,271.358002,72908700,0,1,1128.296186
2019-09-13,301.0900,271.177795,62104800,0,1,1127.547209
2019-09-16,300.1600,270.340210,58191200,0,1,1124.064466
2019-09-17,300.9200,271.024750,41475500,0,1,1126.910578
2019-09-18,301.1000,271.186859,73375800,0,1,1127.584657
2019-09-19,301.0800,271.168793,76560500,0,1,1127.509760
2019-09-20,298.2800,269.887573,89565000,1.384,1,1122.207004
2019-09-23,298.2100,269.824280,43476800,0,1,1121.943645
2019-09-24,295.8700,267.706970,94869400,0,1,1113.139956
2019-09-25,297.6200,269.290466,71854000,0,1,1119.723912
2019-09-26,297.0000,268.729431,56179700,0,1,1117.391310
2019-09-27,295.4000,267.281677,84746600,0,1,1111.371694
2019-09-30,296.7700,268.521271,51662400,0,1,1116.525991
2019-10-01,293.2400,265.327362,88242400,0,1,1103.245212
2019-10-02,288.0600,260.640381,122539500,0,1,1083.756703
2019-10-03,290.4200,262.775787,85278800,0,1,1092.635638
2019-10-04,294.3500,266.331635,65091200,0,1,1107.421321
2019-10-07,293.0800,265.182587,59610500,0,1,1102.643250
2019-10-08,288.5300,261.065704,95708100,0,1,1085.524966
2019-10-09,291.2700,263.544800,62359400,0,1,1095.833559
2019-10-10,293.2400,265.327362,55296300,0,1,1103.245212
2019-10-11,296.2800,268.077942,98720400,0,1,1114.682483
2019-10-14,295.9500,267.779388,40394800,0,1,1113.440937
2019-10-15,298.8800,270.430481,46754500,0,1,1124.464360
2019-10-16,298.4000,269.996185,48928200,0,1,1122.658475
2019-10-17,299.2800,270.792450,45736600,0,1,1125.969264
2019-10-18,297.9700,269.607178,64304000,0,1,1121.040703
2019-10-21,299.9900,271.434814,39048600,0,1,1128.640469
2019-10-22,299.0100,270.548096,48594700,0,1,1124.953454
2019-10-23,299.8800,271.335236,34352200,0,1,1128.226620
2019-10-24,300.3700,271.778656,35453100,0,1,1130.070128
2019-10-25,301.6000,272.891541,45205400,0,1,1134.697708
2019-10-28,303.3000,274.429840,42147000,0,1,1141.093550
2019-10-29,303.2100,274.348328,44284900,0,1,1140.754947
2019-10-30,304.1400,275.189789,49643900,0,1,1144.253849
2019-10-31,303.3300,274.456879,69053800,0,1,1141.206418
2019-11-01,306.1400,276.999481,71141500,0,1,1151.778370
2019-11-04,307.3700,278.112366,60606900,0,1,1156.405950
2019-11-05,307.0300,277.804749,42933200,0,1,1155.126781
2019-11-06,307.1000,277.867981,46487100,0,1,1155.390140
2019-11-07,308.1800,278.845306,54272300,0,1,1159.453381
2019-11-08,308.9400,279.532928,49032100,0,1,1162.312699
2019-11-11,308.3500,278.999023,35797300,0,1,1160.092965
2019-11-12,309.0000,279.587219,46484600,0,1,1162.538434
2019-11-13,309.1000,279.677734,53917700,0,1,1162.914660
2019-11-14,309.5500,280.084839,51219900,0,1,1164.607677
2019-11-15,311.7900,282.111664,62023600,0,1,1173.035140
2019-11-18,312.0200,282.319733,49228000,0,1,1173.900460
2019-11-19,311.9300,282.238281,67804700,0,1,1173.561857
2019-11-20,310.7700,281.188782,79406200,0,1,1169.197635
2019-11-21,310.2700,280.736298,54664700,0,1,1167.316505
2019-11-22,310.9600,281.360657,44850200,0,1,1169.912464
2019-11-25,313.3700,283.541229,48647200,0,1,1178.979512
2019-11-26,314.0800,284.183655,37569000,0,1,1181.650716
2019-11-27,315.4800,285.450378,44444600,0,1,1186.917881
2019-11-29,314.3100,284.391754,36592700,0,1,1182.516036
2019-12-02,311.6400,281.975891,75767800,0,1,1172.470801
2019-12-03,309.5500,280.084839,73941700,0,1,1164.607677
2019-12-04,311.4600,281.812988,49080000,0,1,1171.793594
2019-12-05,312.0200,282.319733,40709000,0,1,1173.900460
2019-12-06,314.8700,284.898499,48927000,0,1,1184.622902
2019-12-09,313.8800,284.002655,34838500,0,1,1180.898264
2019-12-10,313.5300,283.685974,52649800,0,1,1179.581473
2019-12-11,314.4200,284.491302,53429100,0,1,1182.929885
2019-12-12,317.1300,286.943237,96389600,0,1,1193.125610
2019-12-13,317.3200,287.115204,81503900,0,1,1193.840440
2019-12-16,319.5000,289.087769,82749700,0,1,1202.042167
2019-12-17,319.5700,289.151031,61097700,0,1,1202.305526
2019-12-18,319.5900,289.169220,48133000,0,1,1202.380771
2019-12-19,320.9000,290.354462,85310500,0,1,1207.309332
2019-12-20,320.7300,291.627472,147142100,1.57,1,1212.576496
2019-12-23,321.2200,292.073029,52990000,0,1,1214.429028
2019-12-24,321.2300,292.082123,20270000,0,1,1214.466835
2019-12-26,322.9400,293.636932,30911200,0,1,1220.931792
2019-12-27,322.8600,293.564117,42528800,0,1,1220.629338
2019-12-30,321.0800,291.945618,49729100,0,1,1213.899733
2019-12-31,321.8600,292.654816,57077300,0,1,1216.848661
2020-01-02,324.8700,295.391724,59151200,0,1,1228.228498
2020-01-03,322.4100,293.154968,77709700,0,1,1218.928033
2020-01-06,323.6400,294.273407,55653900,0,1,1223.578266
2020-01-07,322.7300,293.446045,40496400,0,1,1220.137850
2020-01-08,324.4500,295.009918,68296000,0,1,1226.640614
2020-01-09,326.6500,297.010284,48473300,0,1,1234.958103
2020-01-10,325.7100,296.155487,53029300,0,1,1231.404267
2020-01-13,327.9500,298.192383,47086800,0,1,1239.872983
2020-01-14,327.4500,297.737701,62832800,0,1,1237.982645
2020-01-15,328.1900,298.410553,72056600,0,1,1240.780346
2020-01-16,330.9200,300.892822,54050300,0,1,1251.101594
2020-01-17,331.9500,301.829315,95846000,0,1,1254.995691
2020-01-21,331.3000,301.238281,77742400,0,1,1252.538251
2020-01-22,331.3400,301.274628,48914900,0,1,1252.689478
2020-01-23,331.7200,301.620270,51963000,0,1,1254.126135
2020-01-24,328.7700,298.937927,87578400,0,1,1242.973138
2020-01-27,323.5000,294.146118,84062500,0,1,1223.048971
2020-01-28,326.8900,297.228485,63834000,0,1,1235.865466
2020-01-29,326.6200,296.983002,53888900,0,1,1234.844683
2020-01-30,327.6800,297.946808,75491800,0,1,1238.852201
2020-01-31,321.7300,292.536682,113845600,0,1,1216.357173
2020-02-03,324.1200,294.709839,69083000,0,1,1225.392991
2020-02-04,329.0600,299.201538,62573200,0,1,1244.069535
2020-02-05,332.8600,302.656769,65951100,0,1,1258.436107
2020-02-06,333.9800,303.675110,50359700,0,1,1262.670465
2020-02-07,332.2000,302.056641,64139400,0,1,1255.940860
2020-02-10,334.6800,304.311615,42070000,0,1,1265.316939
2020-02-11,335.2600,304.839050,54864500,0,1,1267.509731
2020-02-12,337.4200,306.803070,43992700,0,1,1275.675993
2020-02-13,337.0600,306.475677,54501900,0,1,1274.314950
2020-02-14,337.6000,306.966614,64582200,0,1,1276.356515
2020-02-18,336.7300,306.175568,57226200,0,1,1273.067326
2020-02-19,338.3400,307.639465,48814700,0,1,1279.154216
2020-02-20,336.9500,306.375671,74163400,0,1,1273.899075
2020-02-21,333.4800,303.220581,113788200,0,1,1260.780126
2020-02-24,322.4200,293.164032,161088400,0,1,1218.965840
2020-02-25,312.6500,284.280579,218913200,0,1,1182.028627
2020-02-26,311.5000,283.234924,194773800,0,1,1177.680849
2020-02-27,297.5100,270.514404,284353500,0,1,1124.789179
2020-02-28,296.2600,269.377808,384975800,0,1,1120.063333
2020-03-02,309.0900,281.043610,238703600,0,1,1168.569417
2020-03-03,300.2400,272.996613,300139100,0,1,1135.110427
2020-03-04,312.8600,284.471466,176613400,0,1,1182.822569
2020-03-05,302.4600,275.015198,186366800,0,1,1143.503530
2020-03-06,297.4600,270.468903,228667200,0,1,1124.600145
2020-03-09,274.2300,249.346771,309417300,0,1,1036.775021
2020-03-10,288.4200,262.249146,276444100,0,1,1090.422826
2020-03-11,274.3600,249.464966,255316300,0,1,1037.266509
2020-03-12,248.1100,225.596878,392220700,0,1,938.023741
2020-03-13,269.3200,244.882248,329566100,0,1,1018.211898
2020-03-16,239.8500,218.086349,297240000,0,1,906.795350
2020-03-17,252.8000,229.861252,262070500,0,1,955.755116
2020-03-18,240.0000,218.222748,327597100,0,1,907.362452
2020-03-19,240.5100,218.686478,289322000,0,1,909.290597
2020-03-20,228.8000,209.262360,347158800,1.406,1,870.334502
2020-03-23,222.9500,203.911880,326025200,0,1,848.081631
2020-03-24,243.1500,222.387009,235494500,0,1,924.920604
2020-03-25,246.7900,225.716141,299430300,0,1,938.766835
2020-03-26,261.2000,238.895645,257632800,0,1,993.581171
2020-03-27,253.4200,231.780014,224341200,0,1,963.986755
2020-03-30,261.6500,239.307236,171369500,0,1,995.292930
2020-03-31,257.7500,235.740250,194881100,0,1,980.457683
2020-04-01,246.1500,225.130798,189554600,0,1,936.332333
2020-04-02,251.8300,230.325775,177660400,0,1,957.938539
2020-04-03,248.1900,226.996582,135561200,0,1,944.092308
2020-04-06,264.8600,242.243149,188061200,0,1,1007.503480
2020-04-07,265.1300,242.490128,201427200,0,1,1008.530536
2020-04-08,274.0300,250.630081,153774500,0,1,1042.385331
2020-04-09,278.2000,254.444046,189999200,0,1,1058.247633
2020-04-13,275.6600,252.120895,114839100,0,1,1048.585703
2020-04-14,283.7900,259.556702,134143400,0,1,1079.511488
2020-04-15,277.7600,254.041626,121775000,0,1,1056.573913
2020-04-16,279.1000,255.267136,131798300,0,1,1061.671152
2020-04-17,286.6400,262.163300,146684800,0,1,1090.352630
2020-04-20,281.5900,257.544464,100109300,0,1,1071.142887
2020-04-21,273.0400,249.724701,126385700,0,1,1038.619460
2020-04-22,279.1000,255.267136,92951600,0,1,1061.671152
2020-04-23,279.0800,255.248871,104709700,0,1,1061.595074
2020-04-24,282.9700,258.806702,85063200,0,1,1076.392282
2020-04-27,287.0500,262.538330,77896600,0,1,1091.912233
2020-04-28,285.7300,261.330963,105270000,0,1,1086.891072
2020-04-29,293.2100,268.172241,118745600,0,1,1115.344315
2020-04-30,290.4800,265.675415,122901700,0,1,1104.959642
2020-05-01,282.7900,258.642029,125180000,0,1,1075.707578
2020-05-04,283.5700,259.355469,80873200,0,1,1078.674628
2020-05-05,286.1900,261.751740,79569900,0,1,1088.640871
2020-05-06,284.2500,259.977417,73632600,0,1,1081.261286
2020-05-07,287.6800,263.114532,75250400,0,1,1094.308696
2020-05-08,292.4400,267.467926,76452400,0,1,1112.415305
2020-05-11,292.5000,267.522919,79514200,0,1,1112.643540
2020-05-12,286.6700,262.190674,95870800,0,1,1090.466747
2020-05-13,281.6000,257.553619,144721100,0,1,1071.180926
2020-05-14,284.9700,260.636017,121977900,0,1,1084.000101
2020-05-15,286.2800,261.833984,111146300,0,1,1088.983222
2020-05-18,295.0000,269.809357,119703800,0,1,1122.153314
2020-05-19,291.9700,267.038086,95189300,0,1,1110.627468
2020-05-20,296.9300,271.574615,85861700,0,1,1129.494859
2020-05-21,294.8800,269.699677,78293900,0,1,1121.696844
2020-05-22,295.4400,270.211823,63958200,0,1,1123.827034
2020-05-26,299.0800,273.540955,88951400,0,1,1137.673264
2020-05-27,303.5300,277.611084,104817400,0,1,1154.600662
2020-05-28,302.9700,277.098877,90405200,0,1,1152.470473
2020-05-29,304.3200,278.333588,119090800,0,1,1157.605750
2020-06-01,305.5500,279.458527,55758300,0,1,1162.284559
2020-06-02,308.0800,281.772461,74267200,0,1,1171.908450
2020-06-03,312.1800,285.522369,92567600,0,1,1187.504479
2020-06-04,311.3600,284.772400,75794400,0,1,1184.385274
2020-06-05,319.3400,292.071014,150524700,0,1,1214.740472
2020-06-08,323.2000,295.601318,73641200,0,1,1229.423562
2020-06-09,320.7900,293.397156,77479200,0,1,1220.256141
2020-06-10,319.0000,291.759949,95000800,0,1,1213.447142
2020-06-11,300.6100,274.940277,209243600,0,1,1143.493246
2020-06-12,304.2100,278.233032,194678900,0,1,1157.187320
2020-06-15,307.0500,280.830414,135782700,0,1,1167.990423
2020-06-16,312.9600,286.235748,137627500,0,1,1190.471529
2020-06-17,311.6600,285.046814,83398900,0,1,1185.526446
2020-06-18,311.7800,285.156555,80828700,0,1,1185.982916
2020-06-19,308.6400,283.526855,135549600,1.366,1,1179.234780
2020-06-22,310.6200,285.345825,74649400,0,1,1186.799855
2020-06-23,312.0500,286.659424,68471200,0,1,1192.263521
2020-06-24,304.0900,279.347168,132813500,0,1,1161.850390
2020-06-25,307.3500,282.341827,89468000,0,1,1174.306019
2020-06-26,300.0500,275.635895,127961000,0,1,1146.414579
2020-06-29,304.4600,279.687012,79773300,0,1,1163.264065
2020-06-30,308.3600,283.269653,113394800,0,1,1178.164971
2020-07-01,310.5200,285.253967,72396500,0,1,1186.417781
2020-07-02,312.2300,286.824829,69344200,0,1,1192.951255
2020-07-06,317.0500,291.252594,61713800,0,1,1211.367247
2020-07-07,313.7800,288.248657,82910000,0,1,1198.873410
2020-07-08,316.1800,290.453339,54638600,0,1,1208.043198
2020-07-09,314.3800,288.799805,83354200,0,1,1201.165857
2020-07-10,317.5900,291.748657,57550400,0,1,1213.430449
2020-07-13,314.8400,289.222443,102997500,0,1,1202.923400
2020-07-14,318.9200,292.970428,93657000,0,1,1218.512040
2020-07-15,321.8500,295.662018,87196500,0,1,1229.706823
2020-07-16,320.7900,294.688202,54622500,0,1,1225.656834
2020-07-17,321.7200,295.542542,62774900,0,1,1229.210126
2020-07-20,324.3200,297.931061,56308800,0,1,1239.144064
2020-07-21,325.0100,298.564911,57292200,0,1,1241.780378
2020-07-22,326.8600,300.264313,57792900,0,1,1248.848757
2020-07-23,322.9600,296.681702,75738000,0,1,1233.947850
2020-07-24,320.8800,294.770996,73766600,0,1,1226.000701
2020-07-27,323.2200,296.920532,48293000,0,1,1234.941244
2020-07-28,321.1700,295.037354,57495000,0,1,1227.108717
2020-07-29,325.1200,298.665955,48454200,0,1,1242.200660
2020-07-30,323.9600,297.600342,61861700,0,1,1237.768596
2020-07-31,326.5200,299.952026,84986800,0,1,1247.549703
2020-08-03,328.7900,302.037354,53077900,0,1,1256.222795
2020-08-04,330.0600,303.204071,41917900,0,1,1261.075141
2020-08-05,332.1100,305.087189,42697700,0,1,1268.907668
2020-08-06,334.3300,307.126526,43679400,0,1,1277.389723
2020-08-07,334.5700,307.347076,57308300,0,1,1278.306702
2020-08-10,335.5700,308.265717,44282100,0,1,1282.127447
2020-08-11,332.8000,305.721008,69601100,0,1,1271.543983
2020-08-12,337.4400,309.983490,53774400,0,1,1289.272240
2020-08-13,336.8300,309.423096,41816100,0,1,1286.941586
2020-08-14,336.8400,309.432343,47260400,0,1,1286.979793
2020-08-17,337.9100,310.415314,35481000,0,1,1291.067990
2020-08-18,338.6400,311.085876,38733900,0,1,1293.857134
2020-08-19,337.2300,309.790588,68054200,0,1,1288.469884
2020-08-20,338.2800,310.755157,42207800,0,1,1292.481666
2020-08-21,339.4800,311.857544,55106600,0,1,1297.066560
2020-08-24,342.9200,315.017578,48588700,0,1,1310.209923
2020-08-25,344.1200,316.120026,38463400,0,1,1314.794818
2020-08-26,347.5700,319.289276,50790200,0,1,1327.976388
2020-08-27,348.3300,319.987427,58034100,0,1,1330.880155
2020-08-28,350.5800,322.054352,48588900,0,1,1339.476831
2020-08-31,349.3100,320.887726,66099200,0,1,1334.624485
2020-09-01,352.6000,323.910004,54908700,0,1,1347.194736
2020-09-02,357.7000,328.594971,69540000,0,1,1366.680537
2020-09-03,345.3900,317.286743,148011100,0,1,1319.647164
2020-09-04,342.5700,314.696136,139156300,0,1,1308.872663
2020-09-08,333.2100,306.097656,114465300,0,1,1273.110488
2020-09-09,339.7900,312.142365,91462300,0,1,1298.250991
2020-09-10,333.8900,306.722443,90569500,0,1,1275.708595
2020-09-11,334.0600,306.878540,84680200,0,1,1276.358122
2020-09-14,338.4600,310.920563,65605700,0,1,1293.169400
2020-09-15,340.1700,312.491455,52920900,0,1,1299.702874
2020-09-16,338.8200,311.251251,82096000,0,1,1294.544868
2020-09-17,335.8400,308.513702,91523300,0,1,1283.159048
2020-09-18,330.6500,304.961884,105877900,1.339,1,1268.445358
2020-09-21,326.9700,301.567810,99450800,0,1,1254.328077
2020-09-22,330.3000,304.639069,63612100,0,1,1267.102682
2020-09-23,322.6400,297.574188,93112200,0,1,1237.717255
2020-09-24,323.5000,298.367310,76681300,0,1,1241.016402
2020-09-25,328.7300,303.191132,71069400,0,1,1261.079820
2020-09-28,334.1900,308.226929,64584600,0,1,1282.025569
2020-09-29,332.3700,306.548248,51304000,0,1,1275.043653
2020-09-30,334.8900,308.872528,104081100,0,1,1284.710921
2020-10-01,337.0400,310.855408,88698700,0,1,1292.958789
2020-10-02,333.8400,307.904083,89431100,0,1,1280.682893
2020-10-05,339.7600,313.364136,45713100,0,1,1303.393301
2020-10-06,334.9300,308.909332,90128900,0,1,1284.864370
2020-10-07,340.7600,314.286438,56999600,0,1,1307.229519
2020-10-08,343.7800,317.071838,45242500,0,1,1318.814896
2020-10-09,346.8500,319.903320,59528600,0,1,1330.592084
2020-10-12,352.4300,325.049835,80388500,0,1,1351.998178
2020-10-13,350.1300,322.928528,73255500,0,1,1343.174878
2020-10-14,347.9300,320.899414,57727900,0,1,1334.735199
2020-10-15,347.5000,320.502838,60357700,0,1,1333.085625
2020-10-16,347.2900,320.309143,89501900,0,1,1332.280020
2020-10-19,342.0100,315.439331,68425600,0,1,1312.024791
2020-10-20,343.3800,316.702911,60051900,0,1,1317.280409
2020-10-21,342.7300,316.103455,63575000,0,1,1314.786867
2020-10-22,344.6100,317.837372,55399300,0,1,1321.998956
2020-10-23,345.7800,318.916443,49143900,0,1,1326.487331
2020-10-26,339.3900,313.022949,91473000,0,1,1301.973900
2020-10-27,338.2200,311.943787,65994100,0,1,1297.485526
2020-10-28,326.6600,301.281860,127094300,0,1,1253.138850
2020-10-29,329.9800,304.343964,90597700,0,1,1265.875093
2020-10-30,326.5400,301.171204,120287300,0,1,1252.678504
2020-11-02,330.2000,304.546844,86068300,0,1,1266.719060
2020-11-03,336.0300,309.923828,93294200,0,1,1289.084209
2020-11-04,343.5400,316.850494,126959700,0,1,1317.894204
2020-11-05,350.2400,323.029968,82039700,0,1,1343.596862
2020-11-06,350.1600,322.956268,74973000,0,1,1343.289964
2020-11-09,354.5600,327.014313,172304200,0,1,1360.169322
2020-11-10,354.0400,326.534729,85552000,0,1,1358.174489
2020-11-11,356.6700,328.960388,58649000,0,1,1368.263741
2020-11-12,353.2100,325.769226,67546200,0,1,1354.990428
2020-11-13,358.1000,330.279297,62892200,0,1,1373.749532
2020-11-16,362.5700,334.402039,74541100,0,1,1390.897425
2020-11-17,360.6200,332.603455,66111000,0,1,1383.416801
2020-11-18,356.2800,328.600677,70591300,0,1,1366.767616
2020-11-19,357.7800,329.984131,59940900,0,1,1372.521943
2020-11-20,355.3300,327.724579,70417300,0,1,1363.123209
2020-11-23,357.4600,329.688965,63230600,0,1,1371.294353
2020-11-24,363.2200,335.001526,62415900,0,1,1393.390966
2020-11-25,362.6600,334.485016,45330900,0,1,1391.242685
2020-11-27,363.6700,335.416504,28514100,0,1,1395.117264
2020-11-30,362.0600,333.931671,83872700,0,1,1388.940954
2020-12-01,366.0200,337.583954,74231400,0,1,1404.132376
2020-12-02,366.7900,338.294189,45927000,0,1,1407.086263
2020-12-03,366.6900,338.201904,62882000,0,1,1406.702642
2020-12-04,369.8500,341.116425,50749900,0,1,1418.825089
2020-12-07,369.0900,340.415527,48944300,0,1,1415.909564
2020-12-08,370.1700,341.411652,42458900,0,1,1420.052679
2020-12-09,366.8500,338.349487,74098300,0,1,1407.316436
2020-12-10,366.7300,338.238831,57735400,0,1,1406.856090
2020-12-11,366.3000,337.842285,57698600,0,1,1405.206517
2020-12-14,364.6600,336.329590,69216200,0,1,1398.915120
2020-12-15,369.5900,340.876709,63865300,0,1,1417.827673
2020-12-16,370.1700,341.411652,58420500,0,1,1420.052679
2020-12-17,372.2400,343.320801,64119500,0,1,1427.993649
2020-12-18,369.1800,341.949890,136542300,1.58,1,1422.316047
2020-12-21,367.8600,340.727295,96386700,0,1,1417.230568
2020-12-22,367.2400,340.153046,47949000,0,1,1414.841934
2020-12-23,367.5700,340.458649,46201400,0,1,1416.113304
2020-12-24,369.0000,341.783142,26457900,0,1,1421.622573
2020-12-28,372.1700,344.719421,39000400,0,1,1433.835428
2020-12-29,371.4600,344.061737,53680500,0,1,1431.100057
2020-12-30,371.9900,344.552673,49455300,0,1,1433.141954
2020-12-31,373.8800,346.303284,78520700,0,1,1440.423435
2021-01-04,368.7900,341.588715,110210800,0,1,1420.813519
2021-01-05,371.3300,343.941315,66426200,0,1,1430.599214
2021-01-06,373.5500,345.997620,107997700,0,1,1439.152065
2021-01-07,379.1000,351.138214,68766800,0,1,1460.534193
2021-01-08,381.2600,353.138916,71677200,0,1,1468.855887
2021-01-11,378.6900,350.758514,51034700,0,1,1458.954613
2021-01-12,378.7700,350.832611,52547700,0,1,1459.262824
2021-01-13,379.7900,351.777344,45303600,0,1,1463.192512
2021-01-14,378.4600,350.545502,49989100,0,1,1458.068507
2021-01-15,375.7000,347.989044,107160000,0,1,1447.435232
2021-01-19,378.6500,350.721527,51233300,0,1,1458.800507
2021-01-20,383.8900,355.575012,61836100,0,1,1478.988318
2021-01-21,384.2400,355.899170,47840100,0,1,1480.336741
2021-01-22,382.8800,354.639435,52860500,0,1,1475.097156
2021-01-25,384.3900,356.038086,70402000,0,1,1480.914636
2021-01-26,383.7900,355.482330,42665300,0,1,1478.603055
2021-01-27,374.4100,346.794159,123351100,0,1,1442.465332
2021-01-28,377.6300,349.776672,94198100,0,1,1454.870819
2021-01-29,370.0700,342.774292,126765100,0,1,1425.744893
2021-02-01,376.2300,348.479919,75817600,0,1,1449.477129
2021-02-02,381.5500,353.407471,64450700,0,1,1469.973151
2021-02-03,381.8500,353.685364,52427100,0,1,1471.128942
2021-02-04,386.1900,357.705231,47142600,0,1,1487.849381
2021-02-05,387.7100,359.113159,48669800,0,1,1493.705387
2021-02-08,390.5100,361.706635,38365200,0,1,1504.492767
2021-02-09,390.2500,361.465820,35551100,0,1,1503.491082
2021-02-10,390.0800,361.308380,59154400,0,1,1502.836133
2021-02-11,390.7100,361.891907,42913300,0,1,1505.263294
2021-02-12,392.6400,363.679535,50593300,0,1,1512.698881
2021-02-16,392.3000,363.364624,50972400,0,1,1511.388985
2021-02-17,392.3900,363.448029,52290600,0,1,1511.735722
2021-02-18,390.7200,361.901215,59712800,0,1,1505.301820
2021-02-19,390.0300,361.262024,83241000,0,1,1502.643502
2021-02-22,387.0300,358.483307,67414200,0,1,1491.085595
2021-02-23,387.5000,358.918640,107284100,0,1,1492.896333
2021-02-24,391.7700,362.873749,72433900,0,1,1509.347088
2021-02-25,382.3300,354.129974,146670500,0,1,1472.978207
2021-02-26,380.3600,352.305328,152701600,0,1,1465.388514
2021-03-01,389.5800,360.845276,105348800,0,1,1500.909816
2021-03-02,386.5400,358.029510,79595300,0,1,1489.197803
2021-03-03,381.4200,353.287109,119940200,0,1,1469.472308
2021-03-04,376.7000,348.915283,183433000,0,1,1451.287868
2021-03-05,383.6300,355.334167,152039600,0,1,1477.986633
2021-03-08,381.7200,353.565033,123149200,0,1,1470.628099
2021-03-09,387.1700,358.613007,113633600,0,1,1491.624964
2021-03-10,389.5800,360.845276,109899400,0,1,1500.909816
2021-03-11,393.5300,364.503937,86245000,0,1,1516.127727
2021-03-12,394.0600,364.994812,64653600,0,1,1518.169624
2021-03-15,396.4100,367.171509,73427200,0,1,1527.223317
2021-03-16,395.9100,366.708374,73722500,0,1,1525.297000
2021-03-17,397.2600,367.958832,97959300,0,1,1530.498058
2021-03-18,391.4800,362.605103,115349100,0,1,1508.229823
2021-03-19,389.4800,361.934174,113624500,1.278,1,1505.448220
2021-03-22,392.5900,364.824249,73778600,0,1,1517.469233
2021-03-23,389.5000,361.952759,90686600,0,1,1505.525526
2021-03-24,387.5200,360.112823,97588600,0,1,1497.872277
2021-03-25,389.7000,362.138611,116128600,0,1,1506.298581
2021-03-26,395.9800,367.974426,114409100,0,1,1530.572523
2021-03-29,395.7800,367.788605,108107600,0,1,1529.799468
2021-03-30,394.7300,366.812927,76262200,0,1,1525.740927
2021-03-31,396.3300,368.299683,112734200,0,1,1531.925370
2021-04-01,400.6100,372.276978,99682900,0,1,1548.468757
2021-04-05,406.3600,377.620300,91684800,0,1,1570.694102
2021-04-06,406.1200,377.397339,62021000,0,1,1569.766435
2021-04-07,406.5900,377.834106,55836300,0,1,1571.583116
2021-04-08,408.5200,379.627594,57863100,0,1,1579.043101
2021-04-09,411.4900,382.387573,61104600,0,1,1590.522975
2021-04-12,411.6400,382.526947,56704900,0,1,1591.102766
2021-04-13,412.8600,383.660675,56551000,0,1,1595.818405
2021-04-14,411.4500,382.350403,61659900,0,1,1590.368364
2021-04-15,415.8700,386.457642,60229800,0,1,1607.452890
2021-04-16,417.2600,387.749512,82037300,0,1,1612.825625
2021-04-19,415.2100,385.844391,78498500,0,1,1604.901807
2021-04-20,412.1700,383.019440,81851800,0,1,1593.151363
2021-04-21,416.0700,386.643646,66793000,0,1,1608.225945
2021-04-22,412.2700,383.112366,97582800,0,1,1593.537891
2021-04-23,416.7400,387.266235,73209200,0,1,1610.815681
2021-04-26,417.6100,388.074738,52182400,0,1,1614.178472
2021-04-27,417.5200,387.990997,51303100,0,1,1613.830597
2021-04-28,417.4000,387.879578,51238900,0,1,1613.366764
2021-04-29,420.0600,390.351440,78544300,0,1,1623.648402
2021-04-30,417.3000,387.786591,85527000,0,1,1612.980236
2021-05-03,418.2000,388.623016,68128300,0,1,1616.458986
2021-05-04,415.6200,386.225433,101591200,0,1,1606.486570
2021-05-05,415.7500,386.346252,60162200,0,1,1606.989056
2021-05-06,419.0700,389.431488,74321400,0,1,1619.821777
2021-05-07,422.1200,392.265747,67733800,0,1,1631.610873
2021-05-10,417.9400,388.381378,81852400,0,1,1615.454014
2021-05-11,414.2100,384.915131,116888000,0,1,1601.036529
2021-05-12,405.4100,376.737610,134811000,0,1,1567.022089
2021-05-13,410.2800,381.263062,106394000,0,1,1585.845989
2021-05-14,416.5800,387.117493,82201600,0,1,1610.197237
2021-05-17,415.5200,386.132446,65129200,0,1,1606.100043
2021-05-18,411.9400,382.805634,59810200,0,1,1592.262350
2021-05-19,410.8600,381.802094,106467100,0,1,1588.087850
2021-05-20,415.2800,385.909576,78022200,0,1,1605.172376
2021-05-21,414.9400,385.593597,76578700,0,1,1603.858182
2021-05-24,419.1700,389.524414,51376700,0,1,1620.208305
2021-05-25,418.2400,388.660126,57451400,0,1,1616.613597
2021-05-26,419.0700,389.431488,43088600,0,1,1619.821777
2021-05-27,419.2900,389.635925,56707700,0,1,1620.672138
2021-05-28,420.0400,390.332794,58520200,0,1,1623.571096
2021-06-01,419.6700,389.989044,54216600,0,1,1622.140944
2021-06-02,420.3300,390.602356,49097100,0,1,1624.692027
2021-06-03,418.7700,389.152649,58138800,0,1,1618.662194
2021-06-04,422.6000,392.711792,55938800,0,1,1633.466206
2021-06-07,422.1900,392.330719,51555000,0,1,1631.881442
2021-06-08,422.2800,392.414398,47134300,0,1,1632.229317
2021-06-09,421.6500,391.828949,48436300,0,1,1629.794193
2021-06-10,423.6100,393.650330,51020100,0,1,1637.370136
2021-06-11,424.3100,394.300842,45570800,0,1,1640.075830
2021-06-14,425.2600,395.183685,42358500,0,1,1643.747844
2021-06-15,424.4800,394.458832,51508500,0,1,1640.732928
2021-06-16,422.1100,392.256409,80386100,0,1,1631.572220
2021-06-17,421.9700,392.126404,90949700,0,1,1631.031081
2021-06-18,414.9200,386.836395,118676300,1.376,1,1609.099498
2021-06-21,420.8600,392.374390,72822000,0,1,1632.135387
2021-06-22,423.1100,394.472015,57700300,0,1,1640.861102
2021-06-23,422.6000,393.996613,49445400,0,1,1638.883273
2021-06-24,425.1000,396.327332,45110300,0,1,1648.578513
2021-06-25,426.6100,397.735168,58129500,0,1,1654.434437
2021-06-28,427.4700,398.536957,53159600,0,1,1657.769600
2021-06-29,427.7000,398.751343,35970500,0,1,1658.661562
2021-06-30,428.0600,399.087036,64827900,0,1,1660.057676
2021-07-01,430.4300,401.296570,53441000,0,1,1669.248763
2021-07-02,433.7200,404.363892,57697700,0,1,1682.007698
2021-07-06,432.9300,403.627502,68710400,0,1,1678.944003
2021-07-07,434.4600,405.053802,63549500,0,1,1684.877489
2021-07-08,430.9200,401.753448,97595200,0,1,1671.149030
2021-07-09,435.5200,406.042053,76238600,0,1,1688.988271
2021-07-12,437.0800,407.496490,52889600,0,1,1695.038100
2021-07-13,435.5900,406.107361,52911300,0,1,1689.259737
2021-07-14,436.2400,406.713440,64130400,0,1,1691.780500
2021-07-15,434.7500,405.324249,55126400,0,1,1686.002137
2021-07-16,431.3400,402.145050,75874700,0,1,1672.777830
2021-07-19,424.9700,396.206146,147987000,0,1,1648.074360
2021-07-20,431.0600,401.883972,99608200,0,1,1671.691964
2021-07-21,434.5500,405.137817,64724400,0,1,1685.226518
2021-07-22,435.4600,405.986053,47878500,0,1,1688.755585
2021-07-23,439.9400,410.162933,63766600,0,1,1706.129454
2021-07-26,441.0200,411.169800,43719200,0,1,1710.317797
2021-07-27,439.0100,409.295868,67397100,0,1,1702.522825
2021-07-28,438.8300,409.128052,52472400,0,1,1701.824768
2021-07-29,440.6500,410.824890,47435300,0,1,1708.882902
2021-07-30,438.5100,408.829712,68951200,0,1,1700.583777
2021-08-02,437.5900,407.972015,58783300,0,1,1697.015929
2021-08-03,441.1500,411.291046,58053900,0,1,1710.821950
2021-08-04,438.9800,409.267914,46732200,0,1,1702.406482
2021-08-05,441.7600,411.859802,38969700,0,1,1713.187588
2021-08-06,442.4900,412.540283,46930000,0,1,1716.018598
2021-08-09,442.1300,412.204681,41222600,0,1,1714.622484
2021-08-10,442.6800,412.717377,43339300,0,1,1716.755436
2021-08-11,443.7800,413.743011,44034300,0,1,1721.021342
2021-08-12,445.1100,414.982971,38909400,0,1,1726.179209
2021-08-13,445.9200,415.738190,39470300,0,1,1729.320467
2021-08-16,446.9700,416.717163,73740000,0,1,1733.392467
2021-08-17,444.0400,413.985443,92673900,0,1,1722.029647
2021-08-18,439.1800,409.454346,89351900,0,1,1703.182101
2021-08-19,439.8600,410.088348,92812200,0,1,1705.819206
2021-08-20,443.3600,413.351440,72008700,0,1,1719.392542
2021-08-23,447.2600,416.987549,54973000,0,1,1734.517115
2021-08-24,447.9700,417.649384,38744700,0,1,1737.270563
2021-08-25,448.9100,418.525879,40529700,0,1,1740.915973
2021-08-26,446.2600,416.055145,57829600,0,1,1730.639019
2021-08-27,450.2500,419.775055,77235100,0,1,1746.112621
2021-08-30,452.2300,421.621155,48357400,0,1,1753.791251
2021-08-31,451.5600,420.996429,59300200,0,1,1751.192927
2021-09-01,451.8000,421.220154,48721400,0,1,1752.123670
2021-09-02,453.1900,422.516113,42501000,0,1,1757.514223
2021-09-03,453.0800,422.413574,47170500,0,1,1757.087632
2021-09-07,451.4600,420.903229,51671500,0,1,1750.805117
2021-09-08,450.9100,420.390381,56181900,0,1,1748.672165
2021-09-09,448.9800,418.590973,57970400,0,1,1741.187440
2021-09-10,445.4400,415.290649,89948200,0,1,1727.458981
2021-09-13,446.5800,416.353485,83738600,0,1,1731.880010
2021-09-14,444.1700,414.106598,78197100,0,1,1722.533799
2021-09-15,447.8800,417.565552,78792200,0,1,1736.921534
2021-09-16,447.1700,416.903534,77786700,0,1,1734.168086
2021-09-17,441.4000,412.842499,118425000,1.428,1,1717.329395
2021-09-20,434.0400,405.958710,166445500,0,1,1688.694269
2021-09-21,433.6300,405.575165,92526100,0,1,1687.099106
2021-09-22,437.8600,409.531525,102350100,0,1,1703.556522
2021-09-23,443.1800,414.507294,76396000,0,1,1724.254737
2021-09-24,443.9100,415.190094,62094800,0,1,1727.094906
2021-09-27,442.6400,414.002289,61371100,0,1,1722.153791
2021-09-28,433.7200,405.659363,130436300,0,1,1687.449264
2021-09-29,434.4500,406.342255,82329200,0,1,1690.289432
2021-09-30,429.1400,401.375702,140506000,0,1,1669.630123
2021-10-01,434.2400,406.145691,129240100,0,1,1689.472398
2021-10-04,428.6400,400.908020,128570000,0,1,1667.684802
2021-10-05,433.1000,405.079529,90682500,0,1,1685.037066
2021-10-06,434.9000,406.763031,113032200,0,1,1692.040221
2021-10-07,438.6600,410.279755,72437500,0,1,1706.669035
2021-10-08,437.8600,409.531525,74557400,0,1,1703.556522
2021-10-11,434.6900,406.566559,65233300,0,1,1691.223187
2021-10-12,433.6200,405.565887,71181200,0,1,1687.060200
2021-10-13,435.1800,407.024933,72974000,0,1,1693.129601
2021-10-14,442.5000,413.871368,70236800,0,1,1721.609101
2021-10-15,445.8700,417.023346,66260200,0,1,1734.720564
2021-10-18,447.1900,418.257935,62213200,0,1,1739.856212
2021-10-19,450.6400,421.484680,46996800,0,1,1753.278927
2021-10-20,452.4100,423.140167,49571600,0,1,1760.165363
2021-10-21,453.5900,424.243805,41305400,0,1,1764.756321
2021-10-22,453.1200,423.804260,58845100,0,1,1762.927719
2021-10-25,455.5500,426.077026,45214500,0,1,1772.381979
2021-10-26,455.9600,426.460510,56075100,0,1,1773.977143
2021-10-27,453.9400,424.571228,72438000,0,1,1766.118046
2021-10-28,458.3200,428.667816,51437900,0,1,1783.159058
2021-10-29,459.2500,429.537659,70162400,0,1,1786.777355
2021-11-01,460.0400,430.276520,48433600,0,1,1789.850962
2021-11-02,461.9000,432.016205,48908400,0,1,1797.087556
2021-11-03,464.7200,434.653717,52509800,0,1,1808.059167
2021-11-04,466.9100,436.702026,52847100,0,1,1816.579673
2021-11-05,468.5300,438.217285,66390600,0,1,1822.882513
2021-11-08,468.9300,438.591370,50405200,0,1,1824.438770
2021-11-09,467.3800,437.141602,51149100,0,1,1818.408275
2021-11-10,463.6200,433.624969,69429700,0,1,1803.779461
2021-11-11,463.7700,433.765167,34848500,0,1,1804.363057
2021-11-12,467.2700,437.038727,53466700,0,1,1817.980304
2021-11-15,467.4300,437.188416,46980500,0,1,1818.602807
2021-11-16,469.2800,438.918793,48857500,0,1,1825.800495
2021-11-17,468.1400,437.852417,47858300,0,1,1821.365163
2021-11-18,469.7300,439.339661,50625600,0,1,1827.551283
2021-11-19,468.8900,438.554047,57315600,0,1,1824.283144
2021-11-22,467.5700,437.319366,72762000,0,1,1819.147497
2021-11-23,468.1900,437.899200,73206500,0,1,1821.559695
2021-11-24,469.4400,439.068420,61858800,0,1,1826.422997
2021-11-26,458.9700,429.275757,112669600,0,1,1785.687975
2021-11-29,464.6000,434.541626,86268800,0,1,1807.592290
2021-11-30,455.5600,426.086365,148559600,0,1,1772.420886
2021-12-01,450.5000,421.353760,131939200,0,1,1752.734237
2021-12-02,457.4000,427.807281,127637800,0,1,1779.579667
2021-12-03,453.4200,424.084900,137331600,0,1,1764.094912
2021-12-06,458.7900,429.107452,98977500,0,1,1784.987660
2021-12-07,468.2800,437.983429,95484700,0,1,1821.909852
2021-12-08,469.5200,439.143188,72238800,0,1,1826.734249
2021-12-09,466.3500,436.178314,61272600,0,1,1814.400913
2021-12-10,470.7400,440.284271,77159800,0,1,1831.480832
2021-12-13,466.5700,436.384064,87724700,0,1,1815.256855
2021-12-14,463.3600,433.381683,97264100,0,1,1802.767894
2021-12-15,470.6000,440.153290,116899300,0,1,1830.936142
2021-12-16,466.4500,436.271820,116568600,0,1,1814.789978
2021-12-17,459.8700,431.628632,135511600,1.633,1,1795.542971
2021-12-20,454.9800,427.038910,107134800,0,1,1776.450173
2021-12-21,463.0600,434.622742,69806300,0,1,1807.998192
2021-12-22,467.6900,438.968384,58890200,0,1,1826.075831
2021-12-23,470.6000,441.699677,56439700,0,1,1837.437803
2021-12-27,477.2600,447.950684,56808600,0,1,1863.441491
2021-12-28,476.8700,447.584656,47274600,0,1,1861.918753
2021-12-29,477.4800,448.157227,54503000,0,1,1864.300472
2021-12-30,476.1600,446.918243,55329000,0,1,1859.146588
2021-12-31,474.9600,445.791931,65237400,0,1,1854.461238
2022-01-03,477.7100,448.372955,72668200,0,1,1865.198497
2022-01-04,477.5500,448.222870,71178700,0,1,1864.573784
2022-01-05,468.3800,439.615997,104538900,0,1,1828.769907
2022-01-06,467.9400,439.203033,86858900,0,1,1827.051945
2022-01-07,466.0900,437.466614,85111600,0,1,1819.828698
2022-01-10,465.5100,436.922241,119362000,0,1,1817.564113
2022-01-11,469.7500,440.901886,74303100,0,1,1834.119014
2022-01-12,471.0200,442.093842,67605400,0,1,1839.077675
2022-01-13,464.5300,436.002441,91173100,0,1,1813.737744
2022-01-14,464.7200,436.180786,95890900,0,1,1814.479591
2022-01-18,456.4900,428.456177,109709100,0,1,1782.345904
2022-01-19,451.7500,424.007324,109357600,0,1,1763.838775
2022-01-20,446.7500,419.314301,122379700,0,1,1744.316486
2022-01-21,437.9800,411.082916,202271200,0,1,1710.074392
2022-01-24,439.8400,412.828735,251783900,0,1,1717.336683
2022-01-25,434.4700,407.788513,167997300,0,1,1696.369745
2022-01-26,433.3800,406.765411,186391100,0,1,1692.113886
2022-01-27,431.2400,404.756897,149878300,0,1,1683.758347
2022-01-28,441.9500,414.809174,164457400,0,1,1725.575089
2022-01-31,449.9100,422.280273,152251400,0,1,1756.654573
2022-02-01,452.9500,425.133667,123155400,0,1,1768.524124
2022-02-02,457.3500,429.263367,117361000,0,1,1785.703738
2022-02-03,446.6000,419.173523,118024400,0,1,1743.730817
2022-02-04,448.7000,421.144684,118454400,0,1,1751.930179
2022-02-07,447.2600,419.792999,84472900,0,1,1746.307760
2022-02-08,450.9400,423.247009,81012000,0,1,1760.676164
2022-02-09,457.5400,429.441772,92589900,0,1,1786.445585
2022-02-10,449.3200,421.726593,140103700,0,1,1754.350942
2022-02-11,440.4600,413.410645,153214600,0,1,1719.757447
2022-02-14,439.0200,412.059052,123006300,0,1,1714.135028
2022-02-15,446.1000,418.704224,88482700,0,1,1741.778589
2022-02-16,446.6000,419.173523,84863600,0,1,1743.730817
2022-02-17,437.0600,410.219482,102259100,0,1,1706.482291
2022-02-18,434.2300,407.563263,132642900,0,1,1695.432675
2022-02-22,429.5700,403.189484,124391800,0,1,1677.237903
2022-02-23,421.9500,396.037384,132578000,0,1,1647.485935
2022-02-24,428.3000,401.997406,213942900,0,1,1672.279241
2022-02-25,437.7500,410.867065,121804500,0,1,1709.176367
2022-02-28,436.6300,409.815887,145615000,0,1,1704.803374
2022-03-01,429.9800,403.574219,137785900,0,1,1678.838730
2022-03-02,437.8900,410.998505,117726500,0,1,1709.722991
2022-03-03,435.7100,408.952362,105501700,0,1,1701.211273
2022-03-04,432.1700,405.629761,113978200,0,1,1687.389493
2022-03-07,419.4300,393.672119,137896600,0,1,1637.646701
2022-03-08,416.2500,390.687469,164772700,0,1,1625.230526
2022-03-09,427.4100,401.162079,116990800,0,1,1668.804274
2022-03-10,425.4800,399.350586,93972700,0,1,1661.268670
2022-03-11,420.0700,394.272827,95636300,0,1,1640.145554
2022-03-14,417.0000,391.391357,95729200,0,1,1628.158869
2022-03-15,426.1700,399.998138,106219100,0,1,1663.962746
2022-03-16,435.6200,408.867859,144954800,0,1,1700.859872
2022-03-17,441.0700,413.983185,102676900,0,1,1722.139166
2022-03-18,444.5200,418.517487,106345500,1.366,1,1740.943035
2022-03-21,444.3900,418.395050,88349800,0,1,1740.433895
2022-03-22,449.5900,423.290924,74650400,0,1,1760.799467
2022-03-23,443.8000,417.839569,79426100,0,1,1738.123186
2022-03-24,450.4900,424.138153,64736900,0,1,1764.324277
2022-03-25,452.6900,426.209534,77101300,0,1,1772.940480
2022-03-28,455.9100,429.241150,68529800,0,1,1785.551469
2022-03-29,461.5500,434.551331,86581500,0,1,1807.640281
2022-03-30,458.7000,431.867981,79666900,0,1,1796.478381
2022-03-31,451.6400,425.220947,121699900,0,1,1768.828202
2022-04-01,452.9200,426.426147,89048800,0,1,1773.841265
2022-04-04,456.8000,430.079132,59601000,0,1,1789.037115
2022-04-05,451.0300,424.646606,74214500,0,1,1766.439163
2022-04-06,446.5200,420.400513,106898000,0,1,1748.775947
2022-04-07,448.7700,422.518829,78097200,0,1,1757.587973
2022-04-08,447.5700,421.389008,79272700,0,1,1752.888226
2022-04-11,439.9200,414.186523,89770500,0,1,1722.927337
2022-04-12,438.2900,412.651917,84363600,0,1,1716.543514
2022-04-13,443.3100,417.378296,74070400,0,1,1736.204123
2022-04-14,437.7900,412.181122,97869500,0,1,1714.585286
2022-04-18,437.9700,412.350616,66002500,0,1,1715.290248
2022-04-19,445.0400,419.006989,77821000,0,1,1742.979592
2022-04-20,444.7100,418.696289,65224400,0,1,1741.687161
2022-04-21,438.0600,412.435364,85417300,0,1,1715.642729
2022-04-22,426.0400,401.118439,132471800,0,1,1668.566927
2022-04-25,428.5100,403.444031,119647700,0,1,1678.240574
2022-04-26,416.1000,391.759918,103996300,0,1,1629.637354
2022-04-27,417.2700,392.861389,122030000,0,1,1634.219608
2022-04-28,427.8100,402.784912,105449100,0,1,1675.499054
2022-04-29,412.0000,387.899719,145491100,0,1,1613.579885
2022-05-02,414.4800,390.234680,158312500,0,1,1623.292696
2022-05-03,416.3800,392.023499,100028200,0,1,1630.733962
2022-05-04,429.0600,403.961823,144247900,0,1,1680.394624
2022-05-05,413.8100,389.603851,172929100,0,1,1620.668670
2022-05-06,411.3400,387.278412,151770800,0,1,1610.995024
2022-05-09,398.1700,374.878754,155586100,0,1,1559.415298
2022-05-10,399.0900,375.744934,132497200,0,1,1563.018437
2022-05-11,392.7500,369.775726,142361000,0,1,1538.188106
2022-05-12,392.3400,369.389771,125090800,0,1,1536.582359
2022-05-13,401.7200,378.221130,104174400,0,1,1573.318717
2022-05-16,400.0900,376.686462,78622400,0,1,1566.934893
2022-05-17,408.3200,384.434998,83029700,0,1,1599.167326
2022-05-18,391.8600,368.937744,117674500,0,1,1534.702460
2022-05-19,389.4600,366.678162,98510700,0,1,1525.302966
2022-05-20,389.6300,366.838226,131432200,0,1,1525.968763
2022-05-23,396.9200,373.701843,76414900,0,1,1554.519728
2022-05-24,393.8900,370.849091,91448800,0,1,1542.652866
2022-05-25,397.3700,374.125488,91472900,0,1,1556.282133
2022-05-26,405.3100,381.601044,82168300,0,1,1587.378794
2022-05-27,415.2600,390.969086,84768700,0,1,1626.347531
2022-05-31,412.9300,388.775391,95937000,0,1,1617.222189
2022-06-01,409.5900,385.630768,86585800,0,1,1604.141226
2022-06-02,417.3900,392.974518,79609600,0,1,1634.689583
2022-06-03,410.5400,386.525146,71874300,0,1,1607.861859
2022-06-06,411.7900,387.701996,57508900,0,1,1612.757429
2022-06-07,415.7400,391.420898,59272400,0,1,1628.227430
2022-06-08,411.2200,387.165314,64350000,0,1,1610.525049
2022-06-09,401.4400,377.957458,86289800,0,1,1572.222109
2022-06-10,389.8000,366.998383,132893900,0,1,1526.634561
2022-06-13,375.0000,353.064087,170004900,0,1,1468.671011
2022-06-14,373.8700,352.000153,104011800,0,1,1464.245416
2022-06-15,379.2000,357.018402,125666800,0,1,1485.120127
2022-06-16,366.6500,345.202515,134473300,0,1,1435.968604
2022-06-17,365.8600,345.946716,111113900,1.577,1,1439.050854
2022-06-21,375.0700,354.655487,76811900,0,1,1475.276893
2022-06-22,374.3900,354.012451,90059400,0,1,1472.602223
2022-06-23,378.0600,357.482697,79292100,0,1,1487.037572
2022-06-24,390.0800,368.848419,98050300,0,1,1534.316288
2022-06-27,388.5900,367.439484,66009600,0,1,1528.455616
2022-06-28,380.6500,359.931641,86548900,0,1,1497.224916
2022-06-29,380.3400,359.638580,65676000,0,1,1496.005581
2022-06-30,377.2500,356.716766,112508300,0,1,1483.851568
2022-07-01,381.2400,360.489532,74839700,0,1,1499.545585
2022-07-05,381.9600,361.170349,81438000,0,1,1502.377588
2022-07-06,383.2500,362.390198,70426200,0,1,1507.451593
2022-07-07,388.9900,367.817749,64525900,0,1,1530.028951
2022-07-08,388.6700,367.515137,72397800,0,1,1528.770283
2022-07-11,384.2300,363.316833,58366900,0,1,1511.306264
2022-07-12,380.8300,360.101929,62219200,0,1,1497.932917
2022-07-13,378.8300,358.210785,84224600,0,1,1490.066242
2022-07-14,377.9100,357.340790,89704800,0,1,1486.447571
2022-07-15,385.1300,364.167908,79060400,0,1,1514.846268
2022-07-18,381.9500,361.160889,63203600,0,1,1502.338255
2022-07-19,392.2700,370.919250,78506000,0,1,1542.930298
2022-07-20,394.7700,373.283142,71843800,0,1,1552.763641
2022-07-21,398.7900,377.084381,64903900,0,1,1568.575658
2022-07-22,395.0900,373.585785,72197300,0,1,1554.022309
2022-07-25,395.5700,374.039612,53631500,0,1,1555.910311
2022-07-26,390.8900,369.614319,52946400,0,1,1537.502292
2022-07-27,401.0400,379.211853,82342100,0,1,1577.425667
2022-07-28,406.0700,383.968109,73966600,0,1,1597.210355
2022-07-29,411.9900,389.565918,87003700,0,1,1620.495713
2022-08-01,410.7700,388.412262,69997500,0,1,1615.697041
2022-08-02,408.0600,385.849823,63435400,0,1,1605.037697
2022-08-03,414.4500,391.891998,67820600,0,1,1630.171723
2022-08-04,414.1700,391.627228,45656600,0,1,1629.070389
2022-08-05,413.4700,390.965302,56814900,0,1,1626.317052
2022-08-08,412.9900,390.511475,53886100,0,1,1624.429050
2022-08-09,411.3500,388.960724,44931800,0,1,1617.978377
2022-08-10,419.9900,397.130463,68665700,0,1,1651.962413
2022-08-11,419.9900,397.130463,59489700,0,1,1651.962413
2022-08-12,427.1000,403.853455,61694500,0,1,1679.928442
2022-08-15,428.8600,405.517639,54048300,0,1,1686.851116
2022-08-16,429.7000,406.312012,59289000,0,1,1690.155120
2022-08-17,426.6500,403.427948,63563400,0,1,1678.158441
2022-08-18,427.8900,404.600494,49023200,0,1,1683.035779
2022-08-19,422.1400,399.163452,68016900,0,1,1660.419088
2022-08-22,413.3500,390.851837,77695600,0,1,1625.845052
2022-08-23,412.3500,389.906342,49105200,0,1,1621.911714
2022-08-24,413.6700,391.154449,49177800,0,1,1627.103720
2022-08-25,419.5100,396.676514,50942300,0,1,1650.074411
2022-08-26,405.3100,383.249420,103087000,0,1,1594.221018
2022-08-29,402.6300,380.715363,65370800,0,1,1583.679674
2022-08-30,398.2100,376.535950,85652400,0,1,1566.294322
2022-08-31,395.1800,373.670807,76029700,0,1,1554.376310
2022-09-01,396.4200,374.843353,78740100,0,1,1559.253648
2022-09-02,392.2400,370.890839,99632100,0,1,1542.812297
2022-09-06,390.7600,369.491364,76637400,0,1,1536.990958
2022-09-07,397.7800,376.129272,70964200,0,1,1564.602987
2022-09-08,400.3800,378.587830,80821700,0,1,1574.829665
2022-09-09,406.6000,384.469269,76706900,0,1,1599.295024
2022-09-12,410.9700,388.601410,69256300,0,1,1616.483709
2022-09-13,393.1000,371.704071,122947100,0,1,1546.194968
2022-09-14,394.6000,373.122437,85023700,0,1,1552.094974
2022-09-15,390.1200,368.886200,87633800,0,1,1534.473622
2022-09-16,385.5600,366.071991,103084800,1.596,1,1522.815210
2022-09-19,388.5500,368.910919,73278500,0,1,1534.624571
2022-09-20,384.0900,364.676392,77274900,0,1,1517.009269
2022-09-21,377.3900,358.315033,106746600,0,1,1490.546820
2022-09-22,374.2200,355.305237,89472600,0,1,1478.026527
2022-09-23,367.9500,349.352142,122346900,0,1,1453.262414
2022-09-26,364.3100,345.896179,92581200,0,1,1438.885800
2022-09-27,363.3800,345.013123,108294100,0,1,1435.212654
2022-09-28,370.5300,351.801758,110802200,0,1,1463.452432
2022-09-29,362.7900,344.453003,112952300,0,1,1432.882379
2022-09-30,357.1800,339.126556,153711200,0,1,1410.725014
2022-10-03,366.6100,348.079895,89756500,0,1,1447.969924
2022-10-04,377.9700,358.865723,103602800,0,1,1492.837599
2022-10-05,377.0900,358.030151,88065700,0,1,1489.361934
2022-10-06,373.2000,354.336823,82333500,0,1,1473.997915
2022-10-07,362.7900,344.453003,107789500,0,1,1432.882379
2022-10-10,360.0200,341.822968,76042800,0,1,1421.941933
2022-10-11,357.7400,339.658203,92482800,0,1,1412.936801
2022-10-12,356.5600,338.537811,76991800,0,1,1408.276251
2022-10-13,365.9700,347.472198,147254500,0,1,1445.442168
2022-10-14,357.6300,339.553833,123737000,0,1,1412.502343
2022-10-17,366.8200,348.279236,93168200,0,1,1448.799344
2022-10-18,371.1300,352.371460,97162900,0,1,1465.822203
2022-10-19,368.5000,349.874359,79746900,0,1,1455.434705
2022-10-20,365.4100,346.940521,88283100,0,1,1443.230381
2022-10-21,374.2900,355.371704,131038400,0,1,1478.303000
2022-10-24,378.8700,359.720245,85436900,0,1,1496.392257
2022-10-25,384.9200,365.464447,78846300,0,1,1520.287453
2022-10-26,382.0200,362.711060,104087300,0,1,1508.833557
2022-10-27,379.9800,360.774109,81971800,0,1,1500.776334
2022-10-28,389.0200,369.357178,100302000,0,1,1536.480892
2022-10-31,386.2100,366.689209,96631300,0,1,1525.382462
2022-11-01,384.5200,365.084686,85407600,0,1,1518.707606
2022-11-02,374.8700,355.922333,126990400,0,1,1480.593780
2022-11-03,371.0100,352.257477,87100100,0,1,1465.348249
2022-11-04,376.3500,357.327606,103505200,0,1,1486.439216
2022-11-07,379.9500,360.745636,68286900,0,1,1500.657846
2022-11-08,382.0000,362.691986,84641100,0,1,1508.754565
2022-11-09,374.1300,355.219788,78495500,0,1,1477.671061
2022-11-10,394.6900,374.740570,141455800,0,1,1558.875234
2022-11-11,398.5100,378.367554,93839900,0,1,1573.962779
2022-11-14,395.1200,375.148895,71903500,0,1,1560.573570
2022-11-15,398.4900,378.348541,93194500,0,1,1573.883787
2022-11-16,395.4500,375.462128,68508500,0,1,1561.876944
2022-11-17,394.2400,374.313293,74496300,0,1,1557.097905
2022-11-18,396.0300,376.012909,92922500,0,1,1564.167724
2022-11-21,394.5900,374.645660,51243200,0,1,1558.480272
2022-11-22,399.9000,379.687286,60429000,0,1,1579.452750
2022-11-23,402.4200,382.079895,68261600,0,1,1589.405791
2022-11-25,402.3300,381.994446,30545400,0,1,1589.050325
2022-11-28,395.9100,375.898895,67881600,0,1,1563.693769
2022-11-29,395.2300,375.253326,52310000,0,1,1561.008028
2022-11-30,407.6800,387.074036,144566700,0,1,1610.180788
2022-12-01,407.3800,386.789185,76398200,0,1,1608.995902
2022-12-02,406.9100,386.342987,85342700,0,1,1607.139581
2022-12-05,399.5900,379.392914,77289800,0,1,1578.228368
2022-12-06,393.8300,373.924042,77972200,0,1,1555.478561
2022-12-07,393.1600,373.287964,65927900,0,1,1552.832316
2022-12-08,396.2400,376.212189,60737900,0,1,1564.997144
2022-12-09,393.2800,373.401825,81447700,0,1,1553.306271
2022-12-12,398.9500,378.785309,75405800,0,1,1575.700612
2022-12-13,401.9700,381.652618,123782500,0,1,1587.628462
2022-12-14,399.4000,379.212494,108111300,0,1,1577.477941
2022-12-15,389.6300,369.936310,117705900,0,1,1538.890160
2022-12-16,383.2700,365.568787,119858000,1.781,1,1520.804853
2022-12-19,380.0200,362.468933,79878100,0,1,1507.908943
2022-12-20,380.5400,362.964935,74427200,0,1,1509.972288
2022-12-21,386.2300,368.392090,78167400,0,1,1532.550052
2022-12-22,380.7200,363.136627,100120900,0,1,1510.686523
2022-12-23,382.9100,365.225403,59857300,0,1,1519.376383
2022-12-27,381.4000,363.785187,51638200,0,1,1513.384745
2022-12-28,376.6600,359.264099,70911500,0,1,1494.576555
2022-12-29,383.4400,365.730957,66970900,0,1,1521.479409
2022-12-30,382.4300,364.767578,84022200,0,1,1517.471756
2023-01-03,380.8200,363.231964,74850700,0,1,1511.083321
2023-01-04,383.7600,366.036224,85934100,0,1,1522.749160
2023-01-05,379.3800,361.858521,76970500,0,1,1505.369440
2023-01-06,388.0800,370.156708,104189600,0,1,1539.890802
2023-01-09,387.8600,369.946869,73978100,0,1,1539.017848
2023-01-10,390.5800,372.541199,65358100,0,1,1549.810733
2023-01-11,395.5200,377.253052,68881100,0,1,1569.412518
2023-01-12,396.9600,378.626556,90157700,0,1,1575.126398
2023-01-13,398.5000,380.095398,63903900,0,1,1581.237076
2023-01-17,397.7700,379.399170,62677300,0,1,1578.340456
2023-01-18,391.4900,373.409210,99632300,0,1,1553.421588
2023-01-19,388.6400,370.690826,86958900,0,1,1542.112866
2023-01-20,395.8800,377.596436,91806400,0,1,1570.840988
2023-01-23,400.6300,382.127075,84178800,0,1,1589.688858
2023-01-24,400.2000,381.716980,59524900,0,1,1587.982629
2023-01-25,400.3500,381.860016,84800300,0,1,1588.577825
2023-01-26,404.7500,386.056824,72287400,0,1,1606.036905
2023-01-27,405.6800,386.943817,68346200,0,1,1609.727119
2023-01-30,400.5900,382.088867,74202000,0,1,1589.530139
2023-01-31,406.4800,387.706909,86811800,0,1,1612.901497
2023-02-01,410.8000,391.827393,101459200,0,1,1630.043139
2023-02-02,416.7800,397.531158,101654500,0,1,1653.771615
2023-02-03,412.3500,393.305786,94736800,0,1,1636.193496
2023-02-06,409.8300,390.902222,60295300,0,1,1626.194205
2023-02-07,415.1900,396.014557,90990700,0,1,1647.462538
2023-02-08,410.6500,391.684326,76227500,0,1,1629.447943
2023-02-09,407.0900,388.288696,78694900,0,1,1615.321960
2023-02-10,408.0400,389.194855,70769700,0,1,1619.091534
2023-02-13,412.8300,393.763580,64913500,0,1,1638.098123
2023-02-14,412.6400,393.582428,88389300,0,1,1637.344208
2023-02-15,413.9800,394.860474,61555700,0,1,1642.661292
2023-02-16,408.2800,389.423676,76431500,0,1,1620.043848
2023-02-17,407.2600,388.450897,89257800,0,1,1615.996516
2023-02-21,399.0900,380.658234,82655900,0,1,1583.578180
2023-02-22,398.5400,380.133636,83742300,0,1,1581.395795
2023-02-23,400.6600,382.155670,96242400,0,1,1589.807897
2023-02-24,396.3800,378.073334,108194400,0,1,1572.824974
2023-02-27,397.7300,379.361023,80444700,0,1,1578.181737
2023-02-28,396.2600,377.958893,96438600,0,1,1572.348817
2023-03-01,394.7400,376.509033,99706800,0,1,1566.317499
2023-03-02,397.8100,379.437286,85127800,0,1,1578.499175
2023-03-03,404.1900,385.522705,90120000,0,1,1603.814840
2023-03-06,404.4700,385.789764,72795900,0,1,1604.925872
2023-03-07,398.2700,379.876099,108310600,0,1,1580.324442
2023-03-08,398.9200,380.496063,74746600,0,1,1582.903624
2023-03-09,391.5600,373.475952,111945300,0,1,1553.699346
2023-03-10,385.9100,368.086945,189253000,0,1,1531.280301
2023-03-13,385.3600,367.562256,157790000,0,1,1529.097916
2023-03-14,391.7300,373.638092,149752400,0,1,1554.373902
2023-03-15,389.2800,371.301270,172996900,0,1,1544.652369
2023-03-16,396.1100,377.815796,143254200,0,1,1571.753621
2023-03-17,389.9900,373.398102,140553400,1.506,1,1553.445396
2023-03-20,393.7400,376.988556,93055800,0,1,1568.382754
2023-03-21,398.9100,381.938599,91524200,0,1,1588.976391
2023-03-22,392.1100,375.427917,111746600,0,1,1561.889982
2023-03-23,393.1700,376.442841,119351300,0,1,1566.112276
2023-03-24,395.7500,378.913086,107682400,0,1,1576.389178
2023-03-27,396.4900,379.621613,74010400,0,1,1579.336816
2023-03-28,395.6000,378.769440,62871700,0,1,1575.791683
2023-03-29,401.3500,384.274811,77497900,0,1,1598.695632
2023-03-30,403.7000,386.524780,69840000,0,1,1608.056377
2023-03-31,409.3900,391.972809,112062600,0,1,1630.721328
2023-04-03,410.9500,393.466370,67391100,0,1,1636.935269
2023-04-04,408.6700,391.283447,66601500,0,1,1627.853355
2023-04-05,407.6000,390.258972,65200200,0,1,1623.591229
2023-04-06,409.1900,391.781311,63743300,0,1,1629.924669
2023-04-10,409.6100,392.183472,63681000,0,1,1631.597653
2023-04-11,409.7200,392.288757,59297900,0,1,1632.035815
2023-04-12,408.0500,390.689697,86420400,0,1,1625.383712
2023-04-13,413.4700,395.879181,85814800,0,1,1646.973173
2023-04-14,412.4600,394.912140,78161500,0,1,1642.950045
2023-04-17,413.9400,396.329254,66436400,0,1,1648.845322
2023-04-18,414.2100,396.587677,63560000,0,1,1649.920812
2023-04-19,414.1400,396.520691,55227300,0,1,1649.641981
2023-04-20,411.8800,394.356812,75840400,0,1,1640.639734
2023-04-21,412.2000,394.663177,73457400,0,1,1641.914388
2023-04-24,412.6300,395.074921,64332100,0,1,1643.627205
2023-04-25,406.0800,388.803528,97766700,0,1,1617.536620
2023-04-26,404.3600,387.156708,80447000,0,1,1610.685352
2023-04-27,412.4100,394.864319,92968400,0,1,1642.750880
2023-04-28,415.9300,398.234497,89433100,0,1,1656.772080
2023-05-01,415.5100,397.832397,62122300,0,1,1655.099096
2023-05-02,410.8400,393.361115,103998500,0,1,1636.497106
2023-05-03,408.0200,390.661041,91531800,0,1,1625.264213
2023-05-04,405.1300,387.893982,94901900,0,1,1613.752489
2023-05-05,412.6300,395.074921,87891800,0,1,1643.627205
2023-05-08,412.7400,395.180237,50046800,0,1,1644.065368
2023-05-09,410.9300,393.447266,49220100,0,1,1636.855603
2023-05-10,412.8500,395.285492,96142900,0,1,1644.503530
2023-05-11,412.1300,394.596191,70157100,0,1,1641.635557
2023-05-12,411.5900,394.079193,70481500,0,1,1639.484578
2023-05-15,413.0100,395.438751,54289400,0,1,1645.140857
2023-05-16,410.2500,392.796143,57705500,0,1,1634.146962
2023-05-17,415.2300,397.564240,87287000,0,1,1653.983773
2023-05-18,419.2300,401.394196,97177200,0,1,1669.916955
2023-05-19,418.6200,400.810059,103793300,0,1,1667.487145
2023-05-22,418.7900,400.972900,60745400,0,1,1668.164305
2023-05-23,414.0900,396.472870,86383500,0,1,1649.442817
2023-05-24,411.0900,393.600464,89213700,0,1,1637.492930
2023-05-25,414.6500,397.009003,90961600,0,1,1651.673462
2023-05-26,420.0200,402.150482,93830000,0,1,1673.063759
2023-05-30,420.1800,402.303680,72216000,0,1,1673.701086
2023-05-31,417.8500,400.072906,110811800,0,1,1664.420007
2023-06-01,421.8200,403.873901,88865000,0,1,1680.233690
2023-06-02,427.9200,409.714447,91426200,0,1,1704.531793
2023-06-05,427.1000,408.929321,65460200,0,1,1701.265490
2023-06-06,428.0300,409.819733,64022200,0,1,1704.969955
2023-06-07,426.5500,408.402679,85373300,0,1,1699.074678
2023-06-08,429.1300,410.873016,61952800,0,1,1709.351580
2023-06-09,429.9000,411.610229,85742800,0,1,1712.418718
2023-06-12,433.8000,415.344238,76104300,0,1,1727.953570
2023-06-13,436.6600,418.082611,95899700,0,1,1739.345795
2023-06-14,437.1800,418.580444,100612100,0,1,1741.417109
2023-06-15,442.6000,423.769867,110303100,0,1,1763.006570
2023-06-16,439.4600,422.326416,114165800,1.638,1,1757.023660
2023-06-20,437.1800,420.135315,76160400,0,1,1747.907896
2023-06-21,434.9400,417.982635,76982300,0,1,1738.952057
2023-06-22,436.5100,419.491394,70637200,0,1,1745.229140
2023-06-23,433.2100,416.320099,92074500,0,1,1732.035270
2023-06-26,431.4400,414.619141,72823600,0,1,1724.958558
2023-06-27,436.1700,419.164703,72813700,0,1,1743.869772
2023-06-28,436.3900,419.376129,75636000,0,1,1744.749363
2023-06-29,438.1100,421.029053,67882300,0,1,1751.626168
2023-06-30,443.2800,425.997437,104964000,0,1,1772.296564
2023-07-03,443.7900,426.487640,32793400,0,1,1774.335617
2023-07-05,443.1300,425.853363,58418400,0,1,1771.696843
2023-07-06,439.6600,422.518707,80658300,0,1,1757.823289
2023-07-07,438.5500,421.451935,86134200,0,1,1753.385351
2023-07-10,439.6600,422.518707,62443500,0,1,1757.823289
2023-07-11,442.4600,425.209473,64463800,0,1,1769.018087
2023-07-12,446.0200,428.630646,91924500,0,1,1783.251474
2023-07-13,449.5600,432.032684,72425200,0,1,1797.404899
2023-07-14,449.2800,431.763611,69815800,0,1,1796.285419
2023-07-17,450.8400,433.262756,52680200,0,1,1802.522521
2023-07-18,454.1900,436.482178,80668200,0,1,1815.916298
2023-07-19,455.2000,437.452759,65891700,0,1,1819.954422
2023-07-20,452.1800,434.550507,70591600,0,1,1807.880032
2023-07-21,452.1800,434.550507,71275600,0,1,1807.880032
2023-07-24,454.2000,436.491791,54023400,0,1,1815.956279
2023-07-25,455.4400,437.683380,55191200,0,1,1820.913976
2023-07-26,455.5100,437.750671,71052900,0,1,1821.193846
2023-07-27,452.4900,434.848419,92194400,0,1,1809.119456
2023-07-28,456.9200,439.105713,80011800,0,1,1826.831227
2023-07-31,457.7900,439.941803,62040400,0,1,1830.309611
2023-08-01,456.4800,438.682892,55291500,0,1,1825.072044
2023-08-02,450.1300,432.580444,93933400,0,1,1799.683840
2023-08-03,448.8400,431.340759,64276100,0,1,1794.526236
2023-08-04,446.8100,429.389862,100128900,0,1,1786.410007
2023-08-07,450.7100,433.137787,58357500,0,1,1802.002762
2023-08-08,448.7500,431.254181,71361300,0,1,1794.166403
2023-08-09,445.7500,428.371185,78789600,0,1,1782.171976
2023-08-10,445.9100,428.524963,93005500,0,1,1782.811679
2023-08-11,445.6500,428.275116,68690900,0,1,1781.772162
2023-08-14,448.1100,430.639160,47867400,0,1,1791.607592
2023-08-15,442.8900,425.622711,75707500,0,1,1770.737289
2023-08-16,439.6400,422.499420,80107200,0,1,1757.743326
2023-08-17,436.2900,419.279999,95711300,0,1,1744.349549
2023-08-18,436.5000,419.481781,98852000,0,1,1745.189159
2023-08-21,439.3400,422.211121,68719000,0,1,1756.543883
2023-08-22,438.1500,421.067474,64994200,0,1,1751.786094
2023-08-23,443.0300,425.757202,68441000,0,1,1771.297029
2023-08-24,436.8900,419.856628,88517300,0,1,1746.748434
2023-08-25,439.9700,422.816559,102325100,0,1,1759.062713
2023-08-28,442.7600,425.497803,61595400,0,1,1770.217530
2023-08-29,449.1600,431.648254,83081900,0,1,1795.805642
2023-08-30,451.0100,433.426117,69053900,0,1,1803.202205
2023-08-31,450.3500,432.791870,66084600,0,1,1800.563431
2023-09-01,451.1900,433.599060,58944100,0,1,1803.921871
2023-09-05,449.2400,431.725098,55166200,0,1,1796.125493
2023-09-06,446.2200,428.822876,70758500,0,1,1784.051103
2023-09-07,444.8500,427.506317,70355400,0,1,1778.573648
2023-09-08,445.5200,428.150116,61659700,0,1,1781.252403
2023-09-11,448.4500,430.965973,60180100,0,1,1792.966960
2023-09-12,445.9900,428.601776,67565400,0,1,1783.131530
2023-09-13,446.5100,429.101562,60199300,0,1,1785.210564
2023-09-14,450.3600,432.801422,83430800,0,1,1800.603412
2023-09-15,443.3700,427.586975,111848900,1.583,1,1778.985456
2023-09-18,443.6300,427.837677,55752200,0,1,1780.028685
2023-09-19,442.7100,426.950409,66514600,0,1,1776.337261
2023-09-20,438.6400,423.025299,82562600,0,1,1760.006723
2023-09-21,431.3900,416.033386,104095800,0,1,1730.916697
2023-09-22,430.4200,415.097961,100829700,0,1,1727.024653
2023-09-25,432.2300,416.843506,70874500,0,1,1734.287128
2023-09-26,425.8800,410.719513,96168400,0,1,1708.808278
2023-09-27,426.0500,410.883484,104705800,0,1,1709.490389
2023-09-28,428.5200,413.265533,92258300,0,1,1719.401060
2023-09-29,427.4800,412.262634,115111300,0,1,1715.228146
2023-10-02,427.3100,412.098602,83798600,0,1,1714.546035
2023-10-03,421.5900,406.582245,103760600,0,1,1691.595008
2023-10-04,424.6600,409.542999,87453000,0,1,1703.913129
2023-10-05,424.5000,409.388702,70142700,0,1,1703.271142
2023-10-06,429.5400,414.249268,113273300,0,1,1723.493725
2023-10-09,432.2900,416.901367,80374400,0,1,1734.527873
2023-10-10,434.5400,419.071289,78607300,0,1,1743.555812
2023-10-11,436.3200,420.787872,62451700,0,1,1750.697915
2023-10-12,433.6600,418.222595,81154200,0,1,1740.024885
2023-10-13,431.5000,416.139465,95143100,0,1,1731.358063
2023-10-16,436.0400,420.517853,75433200,0,1,1749.574438
2023-10-17,436.0200,420.498535,75324700,0,1,1749.494189
2023-10-18,430.2100,414.895325,93559800,0,1,1726.182045
2023-10-19,426.4300,411.249939,121323000,0,1,1711.015107
2023-10-20,421.1900,406.196503,123919900,0,1,1689.990041
2023-10-23,420.4600,405.492523,92035100,0,1,1687.060976
2023-10-24,423.6300,408.549622,78564200,0,1,1699.780339
2023-10-25,417.5500,402.686066,94223200,0,1,1675.384842
2023-10-26,412.5500,397.864014,115156800,0,1,1655.322755
2023-10-27,410.6800,396.060638,107367700,0,1,1647.819535
2023-10-30,415.5900,400.795837,86562700,0,1,1667.520504
2023-10-31,418.2000,403.312958,79665200,0,1,1677.992913
2023-11-01,422.6600,407.614197,98068100,0,1,1695.888294
2023-11-02,430.7600,415.425812,94938900,0,1,1728.388874
2023-11-03,434.6900,419.215912,100167800,0,1,1744.157674
2023-11-06,435.6900,420.180359,67831700,0,1,1748.170092
2023-11-07,436.9300,421.376160,64256100,0,1,1753.145489
2023-11-08,437.2500,421.684753,61746000,0,1,1754.429463
2023-11-09,433.8400,418.396240,83174400,0,1,1740.747120
2023-11-10,440.6100,424.925140,89462200,0,1,1767.911185
2023-11-13,440.1900,424.520142,52236100,0,1,1766.225969
2023-11-14,448.7300,432.756134,97176900,0,1,1800.492013
2023-11-15,449.6800,433.672302,77327600,0,1,1804.303810
2023-11-16,450.2300,434.202698,66665800,0,1,1806.510639
2023-11-17,450.7900,434.742828,83133200,0,1,1808.757593
2023-11-20,454.2600,438.089325,69936200,0,1,1822.680681
2023-11-21,453.2700,437.134521,49244600,0,1,1818.708388
2023-11-22,455.0200,438.822205,59394900,0,1,1825.730118
2023-11-24,455.3000,439.092255,29737400,0,1,1826.853595
2023-11-27,454.4800,438.301483,50506000,0,1,1823.563413
2023-11-28,454.9300,438.735382,62115000,0,1,1825.369000
2023-11-29,454.6100,438.426788,63146000,0,1,1824.085027
2023-11-30,456.4000,440.153107,79752700,0,1,1831.267254
2023-12-01,459.1000,442.756958,89183400,0,1,1842.100781
2023-12-04,456.6900,440.432770,72430900,0,1,1832.430855
2023-12-05,456.6000,440.345978,69793500,0,1,1832.069737
2023-12-06,454.7600,438.571533,69124700,0,1,1824.686889
2023-12-07,458.2300,441.917938,66995400,0,1,1838.609978
2023-12-08,460.2000,443.817810,83194400,0,1,1846.514440
2023-12-11,461.9900,445.544067,65002200,0,1,1853.696667
2023-12-12,464.1000,447.579010,68327600,0,1,1862.162867
2023-12-13,470.5000,453.751129,93278000,0,1,1887.842338
2023-12-14,472.0100,455.207428,119026000,0,1,1893.901088
2023-12-15,469.3300,454.458008,141553700,1.906,1,1890.795477
2023-12-18,471.9700,457.014343,70375300,0,1,1901.431277
2023-12-19,474.8400,459.793335,55761800,0,1,1912.993681
2023-12-20,468.2600,453.421844,102921000,0,1,1886.484755
2023-12-21,472.7000,457.721130,86667500,0,1,1904.372237
2023-12-22,473.6500,458.640991,67160400,0,1,1908.199513
2023-12-26,475.6500,460.577667,55387000,0,1,1916.256938
2023-12-27,476.5100,461.410461,68000300,0,1,1919.721630
2023-12-28,476.6900,461.584778,77158100,0,1,1920.446798
2023-12-29,475.3100,460.248383,122283100,0,1,1914.887176
2024-01-02,472.6500,457.672699,123623700,0,1,1904.170801
2024-01-03,468.7900,453.935028,103585900,0,1,1888.619972
2024-01-04,467.2800,452.472839,84232200,0,1,1882.536617
2024-01-05,467.9200,453.092682,86118900,0,1,1885.114993
2024-01-08,474.6000,459.560944,74879100,0,1,1912.026790
2024-01-09,473.8800,458.863739,65931400,0,1,1909.126117
2024-01-10,476.5600,461.458801,67310600,0,1,1919.923066
2024-01-11,476.3500,461.255463,77940700,0,1,1919.077036
2024-01-12,476.6800,461.575073,58026400,0,1,1920.406511
2024-01-16,474.9300,459.880432,85014900,0,1,1913.356265
2024-01-17,472.2900,457.324158,68843900,0,1,1902.720465
2024-01-18,476.4900,461.391022,91856200,0,1,1919.641056
2024-01-19,482.4300,467.142853,110834500,0,1,1943.571606
2024-01-22,483.4500,468.130524,75844900,0,1,1947.680893
2024-01-23,484.8600,469.495758,49945300,0,1,1953.361377
2024-01-24,485.3900,470.009033,81765000,0,1,1955.496594
2024-01-25,488.0300,472.565338,72525000,0,1,1966.132394
2024-01-26,487.4100,471.965027,76641600,0,1,1963.634593
2024-01-29,491.2700,475.702667,61322800,0,1,1979.185422
2024-01-30,490.8900,475.334717,58618400,0,1,1977.654511
2024-01-31,482.8800,467.578583,126011100,0,1,1945.384527
2024-02-01,489.2000,473.698334,91891600,0,1,1970.845987
2024-02-02,494.3500,478.685089,99228200,0,1,1991.593855
2024-02-05,492.5500,476.942078,75757100,0,1,1984.342173
2024-02-06,493.9800,478.326843,55918600,0,1,1990.103232
2024-02-07,498.1000,482.316315,70556500,0,1,2006.701526
2024-02-08,498.3200,482.529388,52343600,0,1,2007.587842
2024-02-09,501.2000,485.318054,63979400,0,1,2019.190533
2024-02-12,500.9800,485.105011,56502300,0,1,2018.304217
2024-02-13,494.0800,478.423645,113099200,0,1,1990.506103
2024-02-14,498.5700,482.771393,68387800,0,1,2008.595020
2024-02-15,502.0100,486.102386,61683000,0,1,2022.453790
2024-02-16,499.5100,483.681610,75532900,0,1,2012.382010
2024-02-20,496.7600,481.018799,71736700,0,1,2001.303051
2024-02-21,497.2100,481.454468,59293400,0,1,2003.115972
2024-02-22,507.5000,491.418335,76402500,0,1,2044.571420
2024-02-23,507.8500,491.757324,61321800,0,1,2045.981469
2024-02-26,505.9900,489.956238,50386700,0,1,2038.488065
2024-02-27,506.9300,490.866425,48854500,0,1,2042.275054
2024-02-28,506.2600,490.217682,56506600,0,1,2039.575817
2024-02-29,508.0800,491.979980,83924800,0,1,2046.908073
2024-03-01,512.8500,496.598846,76844800,0,1,2066.125030
2024-03-04,512.3000,496.066254,49799300,0,1,2063.909238
2024-03-05,507.1800,491.108551,72855600,0,1,2043.282232
2024-03-06,509.7500,493.597076,68382400,0,1,2053.636022
2024-03-07,514.8100,498.496796,58652100,0,1,2074.021306
2024-03-08,511.7200,495.504700,86532500,0,1,2061.572585
2024-03-11,511.2800,495.078613,62557200,0,1,2059.799952
2024-03-12,516.7800,500.404358,73114400,0,1,2081.957869
2024-03-13,515.9700,499.619995,55104100,0,1,2078.694612
2024-03-14,514.9500,498.632324,110171800,0,1,2074.585325
2024-03-15,509.8300,495.208374,107646300,1.595,1,2060.384115
2024-03-18,512.8600,498.151489,88893300,0,1,2072.629302
2024-03-19,515.7100,500.919861,60755300,0,1,2084.147053
2024-03-20,520.4800,505.552979,69594600,0,1,2103.424130
2024-03-21,522.2000,507.223663,60256100,0,1,2110.375194
2024-03-22,521.2100,506.262054,79070800,0,1,2106.374291
2024-03-25,519.7700,504.863373,48512100,0,1,2100.554796
2024-03-26,518.8100,503.930847,65463700,0,1,2096.675132
2024-03-27,523.1700,508.165955,82999800,0,1,2114.295270
2024-03-28,523.0700,508.068695,96294900,0,1,2113.891138
2024-04-01,522.1600,507.184814,62477500,0,1,2110.213541
2024-04-02,518.8400,503.960083,74230300,0,1,2096.796372
2024-04-03,519.4100,504.513672,59155800,0,1,2099.099922
2024-04-04,513.0700,498.355530,96858100,0,1,2073.477979
2024-04-05,518.4300,503.561768,74546500,0,1,2095.139432
2024-04-08,518.7200,503.843445,48401800,0,1,2096.311414
2024-04-09,519.3200,504.426239,68049200,0,1,2098.736204
2024-04-10,514.1200,499.375366,82652800,0,1,2077.721361
2024-04-11,518.0000,503.144135,70099000,0,1,2093.401666
2024-04-12,510.8500,496.199158,92561100,0,1,2064.506257
2024-04-15,504.4500,489.982788,92101400,0,1,2038.641835
2024-04-16,503.5300,489.089111,73484000,0,1,2034.923825
2024-04-17,500.5500,486.194550,75910300,0,1,2022.880703
2024-04-18,499.5200,485.194122,74548100,0,1,2018.718148
2024-04-19,495.1600,480.959167,102212600,0,1,2001.098010
2024-04-22,499.7200,485.388367,67961000,0,1,2019.526411
2024-04-23,505.6500,491.148315,64633600,0,1,2043.491414
2024-04-24,505.4100,490.915192,55928100,0,1,2042.521499
2024-04-25,503.4900,489.050262,69122400,0,1,2034.762172
2024-04-26,508.2600,493.683441,64306100,0,1,2054.039249
2024-04-29,510.0600,495.431824,46415400,0,1,2061.313618
2024-04-30,501.9800,487.583588,77483600,0,1,2028.659785
2024-05-01,500.3500,486.000275,80242800,0,1,2022.072440
2024-05-02,505.0300,490.546082,62550200,0,1,2040.985799
2024-05-03,511.2900,496.626556,72756700,0,1,2066.284436
2024-05-06,516.5700,501.755157,47264700,0,1,2087.622585
2024-05-07,517.1400,502.308807,52561300,0,1,2089.926135
2024-05-08,517.1900,502.357300,42047200,0,1,2090.128201
2024-05-09,520.1700,505.251892,43643700,0,1,2102.171322
2024-05-10,520.8400,505.902740,52233200,0,1,2104.879004
2024-05-13,520.9100,505.970612,36716400,0,1,2105.161896
2024-05-14,523.3000,508.292023,57535900,0,1,2114.820641
2024-05-15,529.7800,514.586365,59504900,0,1,2141.008368
2024-05-16,528.6900,513.527527,50244800,0,1,2136.603334
2024-05-17,529.4500,514.265747,59187600,0,1,2139.674734
2024-05-20,530.0600,514.858276,37764200,0,1,2142.139937
2024-05-21,531.3600,516.120972,33437000,0,1,2147.393648
2024-05-22,529.8300,514.634766,48390000,0,1,2141.210434
2024-05-23,525.9600,510.875824,57211200,0,1,2125.570542
2024-05-24,529.4400,514.256104,41291100,0,1,2139.634321
2024-05-28,529.8100,514.615356,36269600,0,1,2141.129608
2024-05-29,526.1000,511.011810,45190300,0,1,2126.136326
2024-05-30,522.6100,507.621918,46377600,0,1,2112.032133
2024-05-31,527.3700,512.245300,90785800,0,1,2131.268797
2024-06-03,527.8000,512.663025,46835700,0,1,2133.006563
2024-06-04,528.3900,513.236145,34632700,0,1,2135.390939
2024-06-05,534.6700,519.335999,47610400,0,1,2160.770404
2024-06-06,534.6600,519.326294,30808500,0,1,2160.729990
2024-06-07,534.0100,518.695007,43224500,0,1,2158.103135
2024-06-10,535.6600,520.297607,35686100,0,1,2164.771306
2024-06-11,536.9500,521.550598,36383400,0,1,2169.984604
2024-06-12,541.3600,525.834167,63251300,0,1,2187.806807
2024-06-13,542.4500,526.892944,44760900,0,1,2192.211842
2024-06-14,542.7800,527.213562,40089900,0,1,2193.545476
2024-06-17,547.1000,531.409607,55839500,0,1,2211.003961
2024-06-18,548.4900,532.759644,41376400,0,1,2216.621390
2024-06-20,547.0000,531.312500,70328200,0,1,2210.599829
2024-06-21,544.5100,530.600098,64338600,1.759,1,2207.645627
2024-06-24,542.7400,528.875366,45528700,0,1,2200.469390
2024-06-25,544.8300,530.911987,37936200,0,1,2208.943026
2024-06-26,545.5100,531.574646,38550600,0,1,2211.699998
2024-06-27,546.3700,532.412598,35041500,0,1,2215.186758
2024-06-28,544.2200,530.317444,76144500,0,1,2206.469860
2024-07-01,545.3400,531.408997,40297800,0,1,2211.010755
2024-07-02,549.0100,534.985107,40434800,0,1,2225.890297
2024-07-03,551.4600,537.372559,32789900,0,1,2235.823507
2024-07-05,554.6400,540.471252,41488400,0,1,2248.716407
2024-07-08,555.2800,541.095093,36110500,0,1,2251.311204
2024-07-09,555.8200,541.621155,27289700,0,1,2253.500565
2024-07-10,561.3200,546.980652,38701200,0,1,2275.799606
2024-07-11,556.4800,542.264404,53054200,0,1,2256.176450
2024-07-12,559.9900,545.684631,53084400,0,1,2270.407293
2024-07-15,561.5300,547.185364,40584300,0,1,2276.651024
2024-07-16,564.8600,550.430115,36475300,0,1,2290.152080
2024-07-17,556.9400,542.712585,57119000,0,1,2258.041461
2024-07-18,552.6600,538.541809,56270400,0,1,2240.688752
2024-07-19,548.9900,534.965576,65509100,0,1,2225.809210
2024-07-22,554.6500,540.481079,43346700,0,1,2248.756951
2024-07-23,553.7800,539.633240,34439600,0,1,2245.229648
2024-07-24,541.2300,527.403870,74515300,0,1,2194.347290
2024-07-25,538.4100,524.655884,61158300,0,1,2182.913963
2024-07-26,544.4400,530.531982,53763800,0,1,2207.361821
2024-07-29,544.7600,530.843750,39515800,0,1,2208.659220
2024-07-30,542.0000,528.154114,46853600,0,1,2197.469156
2024-07-31,550.8100,536.739197,65663400,0,1,2233.188165
2024-08-01,543.0100,529.138550,76428700,0,1,2201.564071
2024-08-02,532.9000,519.286560,82789100,0,1,2160.574378
2024-08-05,517.3800,504.163208,146267400,0,1,2097.650538
2024-08-06,522.1500,508.811401,84826300,0,1,2116.989889
2024-08-07,518.6600,505.410492,70698300,0,1,2102.840133
2024-08-08,530.6500,517.094177,63276600,0,1,2151.452043
2024-08-09,532.9900,519.374390,45619600,0,1,2160.939272
2024-08-12,533.2700,519.647217,42542100,0,1,2162.074496
2024-08-13,542.0400,528.193054,52333100,0,1,2197.631331
2024-08-14,543.7500,529.859558,42446900,0,1,2204.564305
2024-08-15,553.0700,538.941528,60846800,0,1,2242.351044
2024-08-16,554.3100,540.149780,44430700,0,1,2247.378464
2024-08-19,559.6100,545.314331,39121800,0,1,2268.866631
2024-08-20,558.7000,544.427673,33732300,0,1,2265.177154
2024-08-21,560.6200,546.298462,41514600,0,1,2272.961546
2024-08-22,556.2200,542.010925,56121500,0,1,2255.122313
2024-08-23,562.1300,547.770020,50639400,0,1,2279.083647
2024-08-26,560.7900,546.464111,35788600,0,1,2273.650789
2024-08-27,561.5600,547.214600,32693900,0,1,2276.772655
2024-08-28,558.3000,544.037842,41066000,0,1,2263.555405
2024-08-29,558.3500,544.086609,38715200,0,1,2263.758124
2024-08-30,563.6800,549.280334,62700100,0,1,2285.367922
2024-09-03,552.0800,537.976685,60600100,0,1,2238.337217
2024-09-04,550.9500,536.875610,47224900,0,1,2233.755777
2024-09-05,549.6100,535.569702,44264300,0,1,2228.322920
2024-09-06,540.3600,526.556152,68493800,0,1,2190.819987
2024-09-09,546.4100,532.451538,40445800,0,1,2215.348932
2024-09-10,548.7900,534.770691,36394600,0,1,2224.998336
2024-09-11,554.4200,540.256897,75248600,0,1,2247.824445
2024-09-12,559.0900,544.807678,51819600,0,1,2266.758358
2024-09-13,562.0100,547.652954,39310500,0,1,2278.597122
2024-09-16,562.8400,548.461914,36656100,0,1,2281.962250
2024-09-17,563.0700,548.685913,49321000,0,1,2282.894756
2024-09-18,561.4000,547.058655,59044900,0,1,2276.123956
2024-09-19,570.9800,556.393921,75315500,0,1,2314.964831
2024-09-20,568.2500,555.432068,77503100,1.746,1,2310.975330
2024-09-23,569.6700,556.820068,44116900,0,1,2316.750227
2024-09-24,571.3000,558.413269,46805700,0,1,2323.379157
2024-09-25,570.0400,557.181763,38428600,0,1,2318.254953
2024-09-26,572.3000,559.390747,48336000,0,1,2327.445986
2024-09-27,571.4700,558.579468,42100900,0,1,2324.070518
2024-09-30,573.7600,560.817749,63557400,0,1,2333.383555
2024-10-01,568.6200,555.793701,72668800,0,1,2312.480057
2024-10-02,568.8600,556.028320,38097800,0,1,2313.456096
2024-10-03,567.8200,555.011719,40846500,0,1,2309.226594
2024-10-04,572.9800,560.055359,42939100,0,1,2330.211429
2024-10-07,567.8000,554.992188,49964700,0,1,2309.145257
2024-10-08,573.1700,560.241089,37398700,0,1,2330.984127
2024-10-09,577.1400,564.121582,37912200,0,1,2347.129436
2024-10-10,576.1300,563.134399,44138100,0,1,2343.021939
2024-10-11,579.5800,566.506531,42268000,0,1,2357.052498
2024-10-14,584.3200,571.139709,36217200,0,1,2376.329265
2024-10-15,579.7800,566.702087,54203600,0,1,2357.865863
2024-10-16,582.3000,569.165161,30725400,0,1,2368.114271
2024-10-17,582.3500,569.214111,34393700,0,1,2368.317613
2024-10-18,584.5900,571.403625,37416800,0,1,2377.427309
2024-10-21,583.6300,570.465210,36439000,0,1,2373.523153
2024-10-22,583.3200,570.162170,34183800,0,1,2372.262437
2024-10-23,577.9900,564.952393,49314600,0,1,2350.586240
2024-10-24,579.2400,566.174133,34979900,0,1,2355.669776
2024-10-25,579.0400,565.978699,47268200,0,1,2354.856410
2024-10-28,580.8300,567.728333,30174700,0,1,2362.136033
2024-10-29,581.7700,568.647217,42899700,0,1,2365.958852
2024-10-30,580.0100,566.926880,41435800,0,1,2358.801234
2024-10-31,568.6400,555.813293,60182500,0,1,2312.561393
2024-11-01,571.0400,558.159180,45667500,0,1,2322.321782
2024-11-04,569.8100,556.956970,38217000,0,1,2317.319583
2024-11-05,576.7000,563.691467,39478300,0,1,2345.340031
2024-11-06,591.0400,577.707947,68182000,0,1,2403.658353
2024-11-07,595.6100,582.174988,47233200,0,1,2422.243760
2024-11-08,598.1900,584.696777,46444900,0,1,2432.736177
2024-11-11,598.7600,585.253906,37586800,0,1,2435.054270
2024-11-12,596.9000,583.435913,43006100,0,1,2427.489968
2024-11-13,597.1900,583.719299,47388600,0,1,2428.669349
2024-11-14,593.3500,579.965942,38904100,0,1,2413.052727
2024-11-15,585.7500,572.537354,75988800,0,1,2382.144830
2024-11-18,588.1500,574.883301,37001700,0,1,2391.905218
2024-11-19,590.3000,576.984619,49412000,0,1,2400.648900
2024-11-20,590.5000,577.180237,50032600,0,1,2401.462266
2024-11-21,593.6700,580.278625,46750300,0,1,2414.354112
2024-11-22,595.5100,582.077148,38226400,0,1,2421.837077
2024-11-25,597.5300,584.051697,42441400,0,1,2430.052070
2024-11-26,600.6500,587.101257,45621300,0,1,2442.740575
2024-11-27,598.8300,585.322327,34000200,0,1,2435.338948
2024-11-29,602.5500,588.958374,30177400,0,1,2450.467550
2024-12-02,603.6300,590.014038,31746000,0,1,2454.859725
2024-12-03,603.9100,590.287659,26906600,0,1,2455.998437
2024-12-04,607.6600,593.953003,42787600,0,1,2471.249044
2024-12-05,606.6600,592.975586,28762200,0,1,2467.182215
2024-12-06,607.8100,594.099792,31241500,0,1,2471.859068
2024-12-09,604.6800,591.040405,34742700,0,1,2459.129895
2024-12-10,602.8000,589.202698,37234500,0,1,2451.484257
2024-12-11,607.4600,593.757629,28677700,0,1,2470.435678
2024-12-12,604.3300,590.698242,31543800,0,1,2457.706505
2024-12-13,604.2100,590.580933,35904700,0,1,2457.218485
2024-12-16,606.7900,593.102844,43695200,0,1,2467.710903
2024-12-17,604.2900,590.659119,55773500,0,1,2457.543831
2024-12-18,586.2800,573.055481,108248700,0,1,2384.300249
2024-12-19,586.1000,572.879456,85919500,0,1,2383.568220
2024-12-20,591.1500,579.760315,125716700,1.966,1,2412.101089
2024-12-23,594.6900,583.232056,57635800,0,1,2426.545541
2024-12-24,601.3000,589.714722,33160100,0,1,2453.516679
2024-12-26,601.3400,589.753967,41219100,0,1,2453.679893
2024-12-27,595.0100,583.545898,64969300,0,1,2427.851254
2024-12-30,588.2200,576.886719,56578800,0,1,2400.145653
2024-12-31,586.0800,574.788086,57052700,0,1,2391.413696
2025-01-02,584.6400,573.375671,50204000,0,1,2385.537987
2025-01-03,591.9500,580.544861,37888500,0,1,2415.365372
2025-01-06,595.3600,583.889282,47679400,0,1,2429.279378
2025-01-07,588.6300,577.288879,60393100,0,1,2401.818598
2025-01-08,589.4900,578.132324,47304700,0,1,2405.327702
2025-01-10,580.4900,569.305603,73105000,0,1,2368.604519
2025-01-13,581.3900,570.188354,47910100,0,1,2372.276837
2025-01-14,582.1900,570.972961,48420600,0,1,2375.541120
2025-01-15,592.7800,581.358887,56900200,0,1,2418.752066
2025-01-16,591.6400,580.240845,43319700,0,1,2414.100462
2025-01-17,597.5800,586.066467,58070600,0,1,2438.337763
2025-01-21,603.0500,591.430908,42532900,0,1,2460.657298
2025-01-22,606.4400,594.755676,48196000,0,1,2474.489697
2025-01-23,609.7500,598.001892,41152100,0,1,2487.995668
2025-01-24,607.9700,596.256165,34604700,0,1,2480.732638
2025-01-27,599.3700,587.821899,70361100,0,1,2445.641597
2025-01-28,604.5200,592.872681,44433300,0,1,2466.655418
2025-01-29,601.8100,590.214905,37177400,0,1,2455.597660
2025-01-30,605.0400,593.382568,39281300,0,1,2468.777202
2025-01-31,601.8200,590.224670,66566900,0,1,2455.638463
2025-02-03,597.7700,586.252808,65857200,0,1,2439.113031
2025-02-04,601.7800,590.185486,33457800,0,1,2455.475249
2025-02-05,604.2200,592.578430,30653100,0,1,2465.431312
2025-02-06,606.3200,594.638062,35771500,0,1,2474.000055
2025-02-07,600.7700,589.195007,50788500,0,1,2451.354092
2025-02-10,604.8500,593.196289,26048700,0,1,2468.001935
2025-02-11,605.3100,593.647400,30056700,0,1,2469.878897
2025-02-12,603.3600,591.735046,45076100,0,1,2461.922208
2025-02-13,609.7300,597.982239,40921300,0,1,2487.914061
2025-02-14,609.7000,597.952881,26910400,0,1,2487.791650
2025-02-18,611.4900,599.708374,26749000,0,1,2495.095483
2025-02-19,612.9300,601.120667,31011100,0,1,2500.971193
2025-02-20,610.3800,598.619812,36554000,0,1,2490.566291
2025-02-21,599.9400,588.380920,76519800,0,1,2447.967398
2025-02-24,597.2100,585.703491,50737200,0,1,2436.828033
2025-02-25,594.2400,582.790710,58266500,0,1,2424.709382
2025-02-26,594.5400,583.084961,43321600,0,1,2425.933488
2025-02-27,585.0500,573.777710,74196700,0,1,2387.210932
2025-02-28,594.1800,582.731934,88744100,0,1,2424.464561
2025-03-03,583.7700,572.522522,74249200,0,1,2381.988079
2025-03-04,576.8600,565.745605,109648200,0,1,2353.792835
2025-03-05,583.0600,571.826172,71230500,0,1,2379.091028
2025-03-06,572.7100,561.675598,80094900,0,1,2336.859367
2025-03-07,575.9200,564.823669,81158800,0,1,2349.957302
2025-03-10,560.5800,549.779297,99326600,0,1,2287.364677
2025-03-11,555.9200,545.208984,88102100,0,1,2268.350228
2025-03-12,558.8700,548.102173,69588200,0,1,2280.387272
2025-03-13,551.4200,540.795776,74079400,0,1,2249.988637
2025-03-14,562.8100,551.966309,62660300,0,1,2296.463865
2025-03-17,567.1500,556.222717,49008700,0,1,2314.172600
2025-03-18,561.0200,550.210815,66041400,0,1,2289.160032
2025-03-19,567.1300,556.203064,66556000,0,1,2314.090993
2025-03-20,565.4900,554.594666,62958200,0,1,2307.399213
2025-03-21,563.9800,554.777588,83763000,1.696,1,2308.158159
2025-03-24,574.0800,564.712830,58766800,0,1,2349.493663
2025-03-25,575.4600,566.070312,38355700,0,1,2355.141484
2025-03-26,568.5900,559.312439,51848300,0,1,2327.025156
2025-03-27,567.0800,557.827148,42164200,0,1,2320.845294
2025-03-28,555.6600,546.593445,71662700,0,1,2274.107526
2025-03-31,559.3900,550.262573,95328200,0,1,2289.373014
2025-04-01,560.9700,551.816711,54609600,0,1,2295.839360
2025-04-02,564.5200,555.308838,76014500,0,1,2310.368176
2025-04-03,536.7000,527.942749,125986000,0,1,2196.511373
2025-04-04,505.2800,497.035461,217965100,0,1,2067.921122
2025-04-07,504.3800,496.150146,256611400,0,1,2064.237761
2025-04-08,496.4800,488.379028,165816600,0,1,2031.906030
2025-04-09,548.6200,539.668213,241867300,0,1,2245.295452
2025-04-10,524.5800,516.020447,162331200,0,1,2146.908768
2025-04-11,533.9400,525.227783,97866300,0,1,2185.215730
2025-04-14,539.1200,530.323303,68034000,0,1,2206.415523
2025-04-15,537.6100,528.837830,56892900,0,1,2200.235661
2025-04-16,525.6600,517.082886,83484800,0,1,2151.328802
2025-04-17,526.4100,517.820618,79868100,0,1,2154.398270
2025-04-21,513.8800,505.495148,69368100,0,1,2103.117690
2025-04-22,527.2500,518.646851,75948100,0,1,2157.836075
2025-04-23,535.4200,526.683655,90590700,0,1,2191.272814
2025-04-24,546.6900,537.769775,64150400,0,1,2237.396688
2025-04-25,550.6400,541.655273,61119600,0,1,2253.562553
2025-04-28,550.8500,541.861877,47613800,0,1,2254.422004
2025-04-29,554.3200,545.275269,47775100,0,1,2268.623410
2025-04-30,554.5400,545.491638,93101500,0,1,2269.523787
2025-05-01,558.4700,549.357544,63186100,0,1,2285.607800
2025-05-02,566.7600,557.512268,60717300,0,1,2319.535654
2025-05-05,563.5100,554.315308,38659200,0,1,2306.234626
2025-05-06,558.8000,549.682068,48264700,0,1,2286.958366
2025-05-07,561.1500,551.993835,55588000,0,1,2296.576033
2025-05-08,565.0600,555.840027,65130800,0,1,2312.578193
2025-05-09,564.3400,555.131775,37603400,0,1,2309.631504
2025-05-12,582.9900,573.477539,78993600,0,1,2385.958944
2025-05-13,586.8400,577.264648,67947200,0,1,2401.715547
2025-05-14,587.5900,578.002502,66283500,0,1,2404.785015
2025-05-15,590.4600,580.825562,71268100,0,1,2416.530846
2025-05-16,594.2000,584.504639,76052100,0,1,2431.837260
2025-05-19,594.8500,585.143982,68168500,0,1,2434.497466
2025-05-20,592.8500,583.176636,60614500,0,1,2426.312218
2025-05-21,582.8600,573.349548,95197700,0,1,2385.426903
2025-05-22,583.0900,573.575867,70860400,0,1,2386.368206
2025-05-23,579.1100,569.660767,76029000,0,1,2370.079562
2025-05-27,591.1500,581.504333,72588500,0,1,2419.354757
2025-05-28,587.7300,578.140137,68445500,0,1,2405.357982
2025-05-29,590.0500,580.422241,69973300,0,1,2414.852870
2025-05-30,589.3900,579.773010,90601200,0,1,2412.151738
2025-06-02,592.7100,583.038879,61630500,0,1,2425.739250
2025-06-03,596.0900,586.363770,63606200,0,1,2439.572320
2025-06-04,595.9300,586.206360,57314200,0,1,2438.917500
2025-06-05,593.0500,583.373352,92278700,0,1,2427.130743
2025-06-06,599.1400,589.363953,66588700,0,1,2452.054824
2025-06-09,599.6800,589.895081,53016400,0,1,2454.264841
2025-06-10,603.0800,593.239685,66247000,0,1,2468.179763
2025-06-11,601.3600,591.547668,73658200,0,1,2461.140449
2025-06-12,603.7500,593.898804,64129000,0,1,2470.921821
2025-06-13,597.0000,587.258911,89506000,0,1,2443.296608
2025-06-16,602.6800,592.846191,79984100,0,1,2466.542713
2025-06-17,597.5300,587.780212,82209400,0,1,2445.465699
2025-06-18,597.4400,587.691650,76605000,0,1,2445.097363
2025-06-20,594.2800,586.311462,94051400,1.761,1,2439.371781
2025-06-23,600.1500,592.102722,87426000,0,1,2463.466673
2025-06-24,606.7800,598.643860,67735300,0,1,2490.681176
2025-06-25,607.1200,598.979309,62114800,0,1,2492.076792
2025-06-26,611.8700,603.665588,78548400,0,1,2511.574362
2025-06-27,614.9100,606.664795,86258400,0,1,2524.052807
2025-06-30,617.8500,609.565369,92502500,0,1,2536.120777
2025-07-01,617.6500,609.368103,70030100,0,1,2535.299826
2025-07-02,620.4500,612.130615,66510400,0,1,2546.793131
2025-07-03,625.3400,616.955017,51065800,0,1,2566.865366
2025-07-07,620.6800,612.357483,74814500,0,1,2547.737224
2025-07-08,620.3400,612.022034,59024600,0,1,2546.341608
2025-07-09,624.0600,615.692139,66113300,0,1,2561.611284
2025-07-10,625.8200,617.428528,57529000,0,1,2568.835647
2025-07-11,623.6200,615.258057,63670200,0,1,2559.805193
2025-07-14,624.8100,616.432068,51898500,0,1,2564.689848
2025-07-15,622.1400,613.797852,74317300,0,1,2553.730161
2025-07-16,624.2200,615.849976,88987500,0,1,2562.268044
2025-07-17,628.0400,619.618713,68885700,0,1,2577.948195
2025-07-18,627.5800,619.164917,65621600,0,1,2576.060010
2025-07-21,628.7700,620.338928,63375000,0,1,2580.944664
2025-07-22,628.8600,620.427734,60046300,0,1,2581.314092
2025-07-23,634.2100,625.706055,70511000,0,1,2603.274513
2025-07-24,634.4200,625.913208,71307100,0,1,2604.136511
2025-07-25,637.1000,628.557251,56865400,0,1,2615.137245
2025-07-28,636.9400,628.399475,54917100,0,1,2614.480485
2025-07-29,635.2600,626.742004,60556300,0,1,2607.584502
2025-07-30,634.4600,625.952698,80418900,0,1,2604.300701
2025-07-31,632.0800,623.604553,103385200,0,1,2594.531392
2025-08-01,621.7200,613.383484,140103600,0,1,2552.006165
2025-08-04,631.1700,622.706726,73218000,0,1,2590.796068
2025-08-05,627.9700,619.549683,68051400,0,1,2577.660863
2025-08-06,632.7800,624.295227,64357500,0,1,2597.404718
2025-08-07,632.2500,623.772278,74205800,0,1,2595.229200
2025-08-08,637.1800,628.636169,64051600,0,1,2615.465625
2025-08-11,635.9200,627.393066,58742300,0,1,2610.293638
2025-08-12,642.6900,634.072266,64730800,0,1,2638.082806
2025-08-13,644.8900,636.242859,60092800,0,1,2647.113260
2025-08-14,644.9500,636.301941,59327500,0,1,2647.359545
2025-08-15,643.4400,634.812256,68592500,0,1,2641.161370
2025-08-18,643.3000,634.674133,43804900,0,1,2640.586705
2025-08-19,639.8100,631.230896,69750700,0,1,2626.261122
2025-08-20,638.1100,629.553711,88890300,0,1,2619.283044
2025-08-21,635.5500,627.028076,54805800,0,1,2608.774880
2025-08-22,645.3100,636.657166,84083200,0,1,2648.837256
2025-08-25,642.4700,633.855286,51274300,0,1,2637.179761
2025-08-26,645.1600,636.509216,51581600,0,1,2648.221543
2025-08-27,646.6300,637.959473,48341100,0,1,2654.255528
2025-08-28,648.9200,640.218811,61519500,0,1,2663.655409
2025-08-29,645.0500,636.400635,74522200,0,1,2647.770020
2025-09-02,640.2700,631.684814,81983500,0,1,2628.149307
2025-09-03,643.7400,635.108215,70820900,0,1,2642.392796
2025-09-04,649.1200,640.416199,65219200,0,1,2664.476359
2025-09-05,647.2400,638.561279,85178900,0,1,2656.759426
2025-09-08,648.8300,640.130066,63133100,0,1,2663.285981
2025-09-09,650.3300,641.609863,66133900,0,1,2669.443109
2025-09-10,652.2100,643.464661,78034500,0,1,2677.160042
2025-09-11,657.6300,648.811951,69934400,0,1,2699.407795
2025-09-12,657.4100,648.594849,72780100,0,1,2698.504750
2025-09-15,660.9100,652.048035,63772400,0,1,2712.871381
2025-09-16,660.0000,651.150146,61169000,0,1,2709.136057
2025-09-17,659.1800,650.341248,101952200,0,1,2705.770160
2025-09-18,662.2600,653.379883,90459200,0,1,2718.412795
2025-09-19,663.7000,656.616028,97945600,1.831,1,2731.839438
2025-09-22,666.8400,659.722534,69452200,0,1,2744.763915
2025-09-23,663.2100,656.131287,81708900,0,1,2729.822561
2025-09-24,661.1000,654.043640,68082200,0,1,2721.137641
2025-09-25,658.0500,651.026306,89622100,0,1,2708.583610
2025-09-26,661.8200,654.756104,69179200,0,1,2724.101215
2025-09-29,663.6800,656.596252,73499000,0,1,2731.757116
2025-09-30,666.1800,659.069458,86288000,0,1,2742.047305
2025-10-01,668.4500,661.315369,72545400,0,1,2751.390797
2025-10-02,669.2200,662.076965,56896000,0,1,2754.560175
2025-10-03,669.2100,662.067261,70494400,0,1,2754.519015
2025-10-06,671.6100,664.441589,54623300,0,1,2764.397596
2025-10-07,669.1200,661.978149,72020100,0,1,2754.148568
2025-10-08,673.1100,665.925537,60702200,0,1,2770.571710
2025-10-09,671.1600,663.996338,66501900,0,1,2762.545362
2025-10-10,653.0200,646.049988,159422600,0,1,2687.879749
2025-10-13,663.0400,655.962952,79560500,0,1,2729.122828
2025-10-14,662.2300,655.161621,88779600,0,1,2725.788806
2025-10-15,665.1700,658.070251,81702600,0,1,2737.890069
2025-10-16,660.6400,653.588745,110563300,0,1,2719.244246
2025-10-17,664.3900,657.298645,96500900,0,1,2734.679530
2025-10-20,671.3000,664.134888,60493400,0,1,2763.121613
2025-10-21,671.2900,664.124939,56249000,0,1,2763.080452
2025-10-22,667.8000,660.672241,80564000,0,1,2748.715348
2025-10-23,671.7600,664.589966,65604500,0,1,2765.015008
2025-10-24,677.2500,670.021362,74356500,0,1,2787.612263
2025-10-27,685.2400,677.926025,63339800,0,1,2820.499708
2025-10-28,687.0600,679.726624,61738100,0,1,2827.990966
2025-10-29,687.3900,680.053162,85657100,0,1,2829.349271
2025-10-30,679.8300,672.573792,76335800,0,1,2798.231739
2025-10-31,682.0600,674.780029,87164100,0,1,2807.410587
2025-11-03,683.3400,676.046387,57315000,0,1,2812.679164
2025-11-04,675.2400,668.032837,78427000,0,1,2779.338951
2025-11-05,677.5800,670.347839,74402400,0,1,2788.970568
2025-11-06,670.3100,663.155457,85035300,0,1,2759.046698
2025-11-07,670.9700,663.808350,100592400,0,1,2761.763308
2025-11-10,681.4400,674.166687,75842900,0,1,2804.858620
2025-11-11,683.0000,675.710022,58953400,0,1,2811.279699
2025-11-12,683.3800,676.085938,62312500,0,1,2812.843807
2025-11-13,672.0400,664.866943,103457800,0,1,2766.167509
2025-11-14,671.9300,664.758179,96846700,0,1,2765.714741
2025-11-17,665.6700,658.565002,90456100,0,1,2739.948107
2025-11-18,660.0800,653.034668,114467500,0,1,2716.939244
2025-11-19,662.6300,655.557495,94703000,0,1,2727.435237
2025-11-20,652.5300,645.565247,165293500,0,1,2685.862872
2025-11-21,659.0300,651.995850,123956200,0,1,2712.617364
2025-11-24,668.7300,661.592285,80437900,0,1,2752.543298
2025-11-25,675.0200,667.815186,81077100,0,1,2778.433415
2025-11-26,679.6800,672.425476,71879600,0,1,2797.614327
2025-11-28,683.3900,676.095825,49212000,0,1,2812.884968
2025-12-01,680.2700,673.009155,61201200,0,1,2800.042812
2025-12-02,681.5300,674.255676,62953800,0,1,2805.229067
2025-12-03,683.8900,676.590515,57238500,0,1,2814.943006
2025-12-04,684.3900,677.085205,61970300,0,1,2817.001044
2025-12-05,685.6900,678.371277,79241000,0,1,2822.351942
2025-12-08,683.6300,676.333313,55231500,0,1,2813.872826
2025-12-09,683.0400,675.749512,58310100,0,1,2811.444342
2025-12-10,687.5700,680.231262,85671300,0,1,2830.090164
2025-12-11,689.1700,681.814087,86173700,0,1,2836.675886
2025-12-12,681.7600,674.483276,113160300,0,1,2806.175765
2025-12-15,680.7300,673.464233,90811000,0,1,2801.936207
2025-12-16,678.8700,671.624084,122030600,0,1,2794.280306
2025-12-17,671.4000,664.233765,110625200,0,1,2763.533220
2025-12-18,676.4700,669.249634,108650100,0,1,2784.401724
2025-12-19,680.5900,675.315369,103599500,1.993,1,2809.563295
2025-12-22,684.8300,679.522461,69556700,0,1,2827.066562
2025-12-23,687.9600,682.628235,64840000,0,1,2839.987605
2025-12-24,690.3800,685.029480,39445600,0,1,2849.977678
2025-12-26,690.3100,684.959961,41613300,0,1,2849.688709
2025-12-29,687.8500,682.519043,62559500,0,1,2839.533511
2025-12-30,687.0100,681.685547,47160700,0,1,2836.065883
2025-12-31,681.9200,676.635010,74144800,0,1,2815.053707
2026-01-02,683.1700,677.875305,89377200,0,1,2820.213868
2026-01-05,687.7200,682.390076,71927200,0,1,2838.996855
2026-01-06,691.8100,686.448425,69273800,0,1,2855.880902
2026-01-07,689.5800,684.235657,75588300,0,1,2846.675174
2026-01-08,689.5100,684.166199,64019200,0,1,2846.386205
2026-01-09,694.0700,688.690857,80125500,0,1,2865.210473
2026-01-12,695.1600,689.772400,63976000,0,1,2869.710134
2026-01-13,693.7700,688.393250,78309700,0,1,2863.972035
2026-01-14,690.3600,685.009521,94676700,0,1,2849.895115
2026-01-15,692.2400,686.875061,77862000,0,1,2857.655997
2026-01-16,691.6600,686.299500,79289200,0,1,2855.261683
2026-01-20,677.5800,672.328674,111623300,0,1,2797.137627
2026-01-21,685.4000,680.088074,127844500,0,1,2829.419595
2026-01-22,688.9800,683.640259,77112200,0,1,2844.198297
2026-01-23,689.2300,683.888367,63059600,0,1,2845.230329
2026-01-26,692.7300,687.361206,60473800,0,1,2859.678781
2026-01-27,695.4900,690.099854,55506100,0,1,2871.072417
2026-01-28,695.4200,690.030334,61172200,0,1,2870.783448
2026-01-29,694.0400,688.661072,97486200,0,1,2865.086630
2026-01-30,691.9700,686.607117,101835100,0,1,2856.541403
2026-02-02,695.4100,690.020447,79286500,0,1,2870.742166
2026-02-03,689.5300,684.186035,107904600,0,1,2846.468768
2026-02-04,686.1900,680.871948,105204600,0,1,2832.680817
2026-02-05,677.6200,672.368286,113610800,0,1,2797.302752
2026-02-06,690.6200,685.267639,89127600,0,1,2850.968429
2026-02-09,693.9500,688.571838,73885200,0,1,2864.715098
2026-02-10,692.1200,686.755981,65185700,0,1,2857.160622
2026-02-11,691.9600,686.597229,76353900,0,1,2856.500121
2026-02-12,681.2700,675.990051,118829000,0,1,2812.370423
2026-02-13,681.7500,676.466370,96267500,0,1,2814.351925
2026-02-17,682.8500,677.557800,81354700,0,1,2818.892866
2026-02-18,686.2900,680.971191,73570300,0,1,2833.093630
2026-02-19,684.4800,679.175171,58649400,0,1,2825.621717
2026-02-20,689.4300,684.086792,100034000,0,1,2846.055955
2026-02-23,682.3900,677.101379,90558100,0,1,2816.993927
2026-02-24,687.3500,682.022888,73798700,0,1,2837.469447
2026-02-25,693.1500,687.778015,56369500,0,1,2861.412595
2026-02-26,689.3000,683.957825,71671000,0,1,2845.519298
2026-02-27,685.9900,680.673462,83308900,0,1,2831.855191
2026-03-02,686.3800,681.060486,87477200,0,1,2833.465162
2026-03-03,680.3300,675.057312,105003100,0,1,2808.489981
2026-03-04,685.1300,679.820129,79182200,0,1,2828.305000
2026-03-05,681.3100,676.029724,106606500,0,1,2812.535548
2026-03-06,672.3800,667.168945,100687000,0,1,2775.671356
2026-03-09,678.2700,673.013306,102667700,0,1,2799.986036
2026-03-10,677.1800,671.931702,81505300,0,1,2795.486375
2026-03-11,676.3300,671.088379,68441700,0,1,2791.977466
2026-03-12,666.0600,660.897949,108882200,0,1,2749.581581
2026-03-13,662.2900,657.157166,97200200,0,1,2734.018535
2026-03-16,669.0300,663.844971,82023100,0,1,2761.842124
2026-03-17,670.7900,665.591248,87128000,0,1,2769.107631
2026-03-18,661.4300,656.303833,82062600,0,1,2730.468344
2026-03-19,659.8000,654.686462,111272500,0,1,2723.739494
2026-03-20,648.5700,645.300964,163617500,1.797,1,2684.798853
2026-03-23,655.3800,652.076660,134802700,0,1,2712.989303
2026-03-24,653.1800,649.887756,96457500,0,1,2703.882256
2026-03-25,656.8200,653.509460,90653800,0,1,2718.950279
2026-03-26,645.0900,641.838623,96494400,0,1,2670.393161
2026-03-27,634.0900,630.894043,103649400,0,1,2624.857926
2026-03-30,631.9700,628.784668,99275900,0,1,2616.082044
2026-03-31,650.3400,647.062134,152534100,0,1,2692.125886
2026-04-01,655.2400,651.937378,97841500,0,1,2712.409764
2026-04-02,655.8300,652.524475,68358700,0,1,2714.852108
2026-04-06,658.9300,655.608765,39105800,0,1,2727.684765
2026-04-07,659.2200,655.897278,69980400,0,1,2728.885240
2026-04-08,676.0100,672.602722,93606100,0,1,2798.388567
2026-04-09,679.9100,676.483032,57134400,0,1,2814.532877
2026-04-10,679.4600,676.035339,42253500,0,1,2812.670072
2026-04-13,686.1000,682.641785,54185800,0,1,2840.156796
2026-04-14,694.4600,690.959717,63480500,0,1,2874.763575
2026-04-15,699.9400,696.412109,58240400,0,1,2897.448401
2026-04-16,701.6600,698.123413,49972400,0,1,2904.568456
2026-04-17,710.1400,706.560730,70661900,0,1,2939.671982
2026-04-20,708.7200,705.147766,43546800,0,1,2933.793797
2026-04-21,704.0800,700.531250,58941400,0,1,2914.586207
2026-04-22,711.2100,707.625305,42518500,0,1,2944.101319
2026-04-23,708.4500,704.879211,56174000,0,1,2932.676114
2026-04-24,713.9400,710.341492,45182000,0,1,2955.402336
2026-04-27,715.1700,711.565369,33135900,0,1,2960.494003
2026-04-28,711.6900,708.102905,43117400,0,1,2946.088311
2026-04-29,711.5800,707.993408,41859200,0,1,2945.632959
2026-04-30,718.6600,715.037720,67240900,0,1,2974.941092
2026-05-01,720.6500,717.017700,43049800,0,1,2983.178830
2026-05-04,718.0100,714.390991,51950600,0,1,2972.250373
2026-05-05,723.7700,720.122009,36933200,0,1,2996.094278
2026-05-06,733.8300,730.131287,53288900,0,1,3037.738320
2026-05-07,731.5800,727.892639,51724600,0,1,3028.424295
2026-05-08,737.6200,733.902161,47227100,0,1,3053.427279
2026-05-11,739.3000,735.573669,44024000,0,1,3060.381751
2026-05-12,738.1800,734.459351,54185300,0,1,3055.745436
2026-05-13,742.3100,738.568542,44200200,0,1,3072.841847
2026-05-14,748.1700,744.398987,45307600,0,1,3097.099709
2026-05-15,739.1700,735.444397,60410800,0,1,3059.843607
2026-05-18,738.6500,734.927002,47843900,0,1,3057.691032
2026-05-19,733.7300,730.031738,54255900,0,1,3037.324364
2026-05-20,741.2500,737.513855,45768000,0,1,3068.453906
2026-05-21,742.7200,738.976440,43332200,0,1,3074.539069
2026-05-22,745.6400,741.881775,41762000,0,1,3086.626604
2026-05-26,750.5900,746.806824,41123600,0,1,3107.117460
2026-05-27,750.4600,746.677429,42106300,0,1,3106.579317
2026-05-28,754.6000,750.796570,41562600,0,1,3123.717123
2026-05-29,756.4800,752.667114,55075700,0,1,3131.499509
2026-06-01,758.5400,754.716675,43634900,0,1,3140.027016
2026-06-02,759.5700,755.741577,31581900,0,1,3144.290770
2026-06-03,754.2400,750.438416,51402500,0,1,3122.226879
2026-06-04,757.0900,753.274048,49923000,0,1,3134.024645
2026-06-05,737.5500,733.832520,93989400,0,1,3053.137509
2026-06-08,739.2200,735.494080,49319100,0,1,3060.050585
2026-06-09,737.0500,733.335083,87683500,0,1,3051.067725
2026-06-10,725.4300,721.773621,60341300,0,1,3002.965959
2026-06-11,737.7600,734.041504,86330500,0,1,3054.006818
2026-06-12,741.7500,738.011353,57079500,0,1,3070.523690
2026-06-15,754.8300,751.025452,60176400,0,1,3124.669224
2026-06-16,750.3300,746.548157,67093100,0,1,3106.041173
2026-06-17,740.9600,737.225342,85945200,0,1,3067.253432
2026-06-18,746.7400,744.890259,80875700,1.904,1,3099.061863
2026-06-22,744.3900,742.546143,46628100,0,1,3089.309077
2026-06-23,733.5800,731.762878,66846800,0,1,3044.446262
2026-06-24,733.2400,731.423706,57439500,0,1,3043.035221
2026-06-25,734.3000,732.481079,53934400,0,1,3047.434349
2026-06-26,728.9900,727.184265,71034000,0,1,3025.397203
2026-06-29,741.0000,739.164490,58035200,0,1,3075.240165
2026-06-30,746.7700,744.920227,55626000,0,1,3099.186367
2026-07-01,745.7600,743.912720,47100900,0,1,3094.994744
2026-07-02,744.7800,742.935181,57447800,0,1,3090.927625
2026-07-06,751.2800,749.419067,50673300,0,1,3117.903416
2026-07-07,747.7100,745.857910,43721500,0,1,3103.087481
2026-07-08,745.4000,743.553650,43767400,0,1,3093.500700
2026-07-09,751.7100,749.848022,41441700,0,1,3119.687968
2026-07-10,754.9500,753.079956,42191300,0,1,3133.134362
2026-07-13,749.1700,747.314270,44013600,0,1,3109.146659
2026-07-14,751.8300,749.967712,35143100,0,1,3120.185983
2026-07-15,754.8100,752.940308,43844800,0,1,3132.553345
2026-07-16,750.7200,748.860413,46409800,0,1,3115.579347
2026-07-17,743.2900,741.448792,62651000,0,1,3084.743943
2026-07-20,742.0900,740.251831,50422300,0,1,3079.763797
2026-07-21,748.2800,746.426514,34324300,0,1,3105.453051
2026-07-22,747.4100,745.558594,32836200,0,1,3101.842445
2026-07-23,738.1800,736.351501,55437300,0,1,3063.536822
2026-07-24,738.9300,737.099609,44782000,0,1,3066.649413
2026-07-27,739.0900,737.259277,41461200,0,1,3067.313432
2026-07-28,740.8600,739.024841,47322200,0,1,3074.659148
2026-07-29,729.4600,727.653137,70697200,0,1,3027.347761
2026-07-30,741.6900,739.852783,66811300,0,1,3078.103749
2026-07-31,747.0300,745.179626,62445900,0,1,3100.265398
2026-08-03,757.6700,755.793213,59927500,0,1,3144.422693
2026-08-04,771.3300,769.419373,69154800,0,1,3201.113355
2026-08-05,769.7900,767.883179,44689100,0,1,3194.722168
2026-08-06,768.5600,766.656250,38416900,0,1,3189.617518
2026-08-07,773.2600,771.344604,43586300,0,1,3209.123090
2026-08-10,773.0300,771.115173,39249500,0,1,3208.168562
2026-08-11,770.5600,768.651306,36740600,0,1,3197.917762
2026-08-12,772.4900,770.576477,33179100,0,1,3205.927496
2026-08-13,777.8800,775.953186,35634500,0,1,3228.296652
2026-08-14,776.3400,774.416992,31367900,0,1,3221.905465
2026-08-17,772.6700,770.756042,34356600,0,1,3206.674518
2026-08-18,767.4500,765.549011,43920900,0,1,3185.010883
2026-08-19,769.0600,767.154968,40306000,0,1,3191.692579
2026-08-20,762.6000,760.710999,45520300,0,1,3164.882793
2026-08-21,765.7200,763.823242,39188700,0,1,3177.831173
2026-08-24,763.4700,761.578796,32430900,0,1,3168.493399
2026-08-25,765.9100,764.012756,27422300,0,1,3178.619696
2026-08-26,766.0800,764.182373,28751600,0,1,3179.325216
2026-08-27,771.1000,769.189941,34557100,0,1,3200.158827
2026-08-28,769.3500,767.444275,36744300,0,1,3192.896114
2026-08-31,767.0500,765.149963,38810800,0,1,3183.350835
2026-09-01,761.7800,759.893066,41126300,0,1,3161.479693
2026-09-02,765.1600,763.264648,29566200,0,1,3175.507105
2026-09-03,773.1700,771.254822,43531600,0,1,3208.749579
2026-09-04,770.1900,768.282227,34054200,0,1,3196.382217
2026-09-08,765.9600,764.062683,44746100,0,1,3178.827202
2026-09-09,762.4000,760.511536,32812400,0,1,3164.052769
2026-09-10,757.8300,755.952820,42740400,0,1,3145.086713
2026-09-11,764.2900,762.396790,45512700,0,1,3171.896499
2026-09-14,760.8800,758.995239,43992400,0,1,3157.744584
2026-09-15,757.3900,755.513916,46195000,0,1,3143.260659
2026-09-16,754.0500,752.182190,59217700,0,1,3129.399253
2026-09-17,762.6000,760.710999,49652800,0,1,3164.882793
2026-09-18,761.6900,761.690002,65395100,1.889,1,3168.945762
2026-09-21,773.5000,773.500000,50484700,0,1,3218.080252
2026-09-22,773.3800,773.380005,34802300,0,1,3217.581002
2026-09-23,767.8100,767.809998,54931700,0,1,3194.407496
2026-09-24,767.1800,767.179993,43983700,0,1,3191.786435
2026-09-25,771.3500,771.349976,36666700,0,1,3209.135362
2026-09-28,765.6100,765.609985,42694500,0,1,3185.254585
2026-09-29,764.2000,764.200012,36910500,0,1,3179.388401
2026-09-30,762.6300,762.630005,62110000,0,1,3172.856551
2026-10-01,763.9900,763.989990,47708100,0,1,3178.514714
2026-10-02,769.6400,769.640015,46335300,0,1,3202.021054
2026-10-05,774.8300,774.830017,44840200,0,1,3223.613603
2026-10-06,779.0900,779.090027,35461764,0,1,3241.336966
