date,close,adj_close,volume,dividend,split,tr_index
2010-09-09,101.3200,76.117386,26500,0,1,100.000000
2010-09-10,101.7800,76.462997,8600,0,1,100.454007
2010-09-13,103.0600,77.424583,33750,0,1,101.717331
2010-09-14,103.0400,77.409554,59400,0,1,101.697592
2010-09-15,103.3000,77.604912,9250,0,1,101.954205
2010-09-16,103.2600,77.574821,59550,0,1,101.914726
2010-09-17,103.3600,77.649956,49350,0,1,102.013423
2010-09-20,105.0400,78.912079,19000,0,1,103.671536
2010-09-21,104.7200,78.671692,19250,0,1,103.355705
2010-09-22,104.1600,78.250977,18100,0,1,102.803000
2010-09-23,103.3000,77.604912,33350,0,1,101.954205
2010-09-24,104.8400,79.189590,24100,0.558,1,104.024872
2010-09-27,104.3400,78.811935,15000,0,1,103.528759
2010-09-28,105.0200,79.325554,49850,0,1,104.203472
2010-09-29,104.5200,78.947861,15900,0,1,103.707360
2010-09-30,104.3600,78.827026,44750,0,1,103.548604
2010-10-01,104.7200,79.098946,17100,0,1,103.905805
2010-10-04,103.8400,78.434258,88700,0,1,103.032647
2010-10-05,106.1200,80.156433,19850,0,1,105.294920
2010-10-06,105.9400,80.020439,276900,0,1,105.116319
2010-10-07,105.8800,79.975136,49900,0,1,105.056786
2010-10-08,106.6800,80.579430,61550,0,1,105.850566
2010-10-11,106.5000,80.443459,14200,0,1,105.671965
2010-10-12,107.1200,80.911766,42050,0,1,106.287145
2010-10-13,107.7600,81.395172,74450,0,1,106.922169
2010-10-14,107.3600,81.093033,19100,0,1,106.525279
2010-10-15,107.5600,81.244110,54950,0,1,106.723724
2010-10-18,108.3400,81.833267,22850,0,1,107.497659
2010-10-19,106.6200,80.534111,38550,0,1,105.791032
2010-10-20,107.7600,81.395172,22800,0,1,106.922169
2010-10-21,107.9200,81.516045,29400,0,1,107.080925
2010-10-22,108.1800,81.712402,24850,0,1,107.338903
2010-10-25,108.5000,81.954124,29600,0,1,107.656415
2010-10-26,108.4800,81.939026,15000,0,1,107.636571
2010-10-27,108.1400,81.682190,17150,0,1,107.299214
2010-10-28,108.2200,81.742630,19250,0,1,107.378592
2010-10-29,108.3000,81.803032,13400,0,1,107.457970
2010-11-01,108.3600,81.848373,51550,0,1,107.517504
2010-11-02,109.2000,82.482864,26100,0,1,108.350973
2010-11-03,109.6600,82.830322,31850,0,1,108.807396
2010-11-04,111.7200,84.386299,49000,0,1,110.851380
2010-11-05,112.1600,84.718651,48300,0,1,111.287959
2010-11-08,112.0200,84.612915,43400,0,1,111.149047
2010-11-09,111.1400,83.948219,35700,0,1,110.275889
2010-11-10,111.5600,84.265442,28200,0,1,110.692624
2010-11-11,111.2000,83.993515,24000,0,1,110.335423
2010-11-12,109.8200,82.951187,39450,0,1,108.966152
2010-11-15,109.7200,82.875633,202750,0,1,108.866930
2010-11-16,107.9600,81.546242,32850,0,1,107.120614
2010-11-17,108.0400,81.606667,42450,0,1,107.199992
2010-11-18,109.6400,82.815224,26100,0,1,108.787552
2010-11-19,109.9000,83.011589,20250,0,1,109.045530
2010-11-22,109.8000,82.936073,25350,0,1,108.946308
2010-11-23,108.2600,81.772835,142400,0,1,107.418281
2010-11-24,109.6600,82.830322,30100,0,1,108.807396
2010-11-26,109.0400,82.362030,32650,0,1,108.192217
2010-11-29,108.9400,82.286484,46000,0,1,108.092994
2010-11-30,108.1800,81.712402,91950,0,1,107.338903
2010-12-01,110.6200,83.555450,33350,0,1,109.759932
2010-12-02,112.0600,84.643112,60650,0,1,111.188736
2010-12-03,112.3400,84.854630,184100,0,1,111.466559
2010-12-06,112.2000,84.748856,64150,0,1,111.327648
2010-12-07,112.2400,84.779083,109000,0,1,111.367337
2010-12-08,112.7000,85.126511,69050,0,1,111.823760
2010-12-09,113.1200,85.443764,54850,0,1,112.240495
2010-12-10,113.8000,85.957420,73950,0,1,112.915208
2010-12-13,113.8600,86.002731,77050,0,1,112.974741
2010-12-14,113.9200,86.048042,59650,0,1,113.034275
2010-12-15,113.4200,85.670410,43600,0,1,112.538162
2010-12-16,114.0800,86.168938,60600,0,1,113.193031
2010-12-17,114.2400,86.289787,59150,0,1,113.351787
2010-12-20,114.4800,86.471031,72600,0,1,113.589921
2010-12-21,115.1800,86.999779,76200,0,1,114.284478
2010-12-22,115.6000,87.317009,108250,0,1,114.701213
2010-12-23,115.4200,87.181061,57400,0,1,114.522612
2010-12-27,114.9800,87.246330,71800,0.526,1,114.607944
2010-12-28,115.1000,87.337341,56650,0,1,114.727556
2010-12-29,115.2000,87.413231,53600,0,1,114.827232
2010-12-30,115.0200,87.276665,78900,0,1,114.647814
2010-12-31,115.1400,87.367714,145750,0,1,114.767426
2011-01-03,116.2200,88.187218,119200,0,1,115.843931
2011-01-04,116.1200,88.111336,108350,0,1,115.744255
2011-01-05,116.7400,88.581779,717750,0,1,116.362249
2011-01-06,116.5400,88.430031,72450,0,1,116.162896
2011-01-07,116.3000,88.247910,82250,0,1,115.923673
2011-01-10,116.2000,88.172066,124500,0,1,115.823996
2011-01-11,116.5800,88.460388,131700,0,1,116.202766
2011-01-12,117.6200,89.249542,107350,0,1,117.239401
2011-01-13,117.4600,89.128136,96050,0,1,117.079919
2011-01-14,118.3000,89.765533,193400,0,1,117.917201
2011-01-18,118.5000,89.917274,194900,0,1,118.116554
2011-01-19,117.3200,89.021896,111950,0,1,116.940372
2011-01-20,117.1800,88.915688,103450,0,1,116.800825
2011-01-21,117.4400,89.112961,117950,0,1,117.059984
2011-01-24,118.1600,89.659317,455900,0,1,117.777654
2011-01-25,118.1200,89.628944,226550,0,1,117.737783
2011-01-26,118.7400,90.099396,109250,0,1,118.355777
2011-01-27,118.9000,90.220810,297250,0,1,118.515259
2011-01-28,116.8000,88.627296,891400,0,1,116.422055
2011-01-31,117.7000,89.310265,140550,0,1,117.319142
2011-02-01,119.5400,90.706413,147400,0,1,119.153188
2011-02-02,119.3400,90.554672,91000,0,1,118.953836
2011-02-03,119.6400,90.782303,72250,0,1,119.252865
2011-02-04,119.9600,91.025131,97050,0,1,119.571829
2011-02-07,120.7200,91.601822,118050,0,1,120.329370
2011-02-08,121.2800,92.026749,153500,0,1,120.887558
2011-02-09,120.9800,91.799095,139650,0,1,120.588529
2011-02-10,121.0200,91.829445,125200,0,1,120.628399
2011-02-11,121.7800,92.406113,149200,0,1,121.385940
2011-02-14,122.0800,92.633781,92200,0,1,121.684969
2011-02-15,121.6400,92.299904,82150,0,1,121.246393
2011-02-16,122.4200,92.891747,94300,0,1,122.023869
2011-02-17,122.8800,93.240814,158250,0,1,122.482381
2011-02-18,123.0800,93.392570,120800,0,1,122.681734
2011-02-22,120.5600,91.480400,288400,0,1,120.169888
2011-02-23,119.8800,90.964401,276000,0,1,119.492088
2011-02-24,119.7600,90.873398,241300,0,1,119.372477
2011-02-25,121.0600,91.859772,106350,0,1,120.668270
2011-02-28,121.7800,92.406113,208350,0,1,121.385940
2011-03-01,119.7000,90.827843,235350,0,1,119.312671
2011-03-02,120.0400,91.085815,176350,0,1,119.651570
2011-03-03,122.1000,92.648933,136450,0,1,121.704905
2011-03-04,121.2000,91.966026,168250,0,1,120.807817
2011-03-07,120.1400,91.161697,155200,0,1,119.751247
2011-03-08,121.2600,92.011543,106350,0,1,120.867623
2011-03-09,121.1200,91.905312,116450,0,1,120.728076
2011-03-10,118.9000,90.220810,267850,0,1,118.515259
2011-03-11,119.7000,90.827843,134350,0,1,119.312671
2011-03-14,119.0000,90.296661,146100,0,1,118.614936
2011-03-15,117.6800,89.295074,346800,0,1,117.299207
2011-03-16,115.4400,87.595375,339900,0,1,115.066455
2011-03-17,116.8800,88.688019,176200,0,1,116.501796
2011-03-18,117.3800,89.067444,127700,0,1,117.000178
2011-03-21,119.1600,90.418106,136100,0,1,118.774418
2011-03-22,118.7400,90.099396,137800,0,1,118.355777
2011-03-23,119.1200,90.387733,204150,0,1,118.734547
2011-03-24,120.2400,91.237572,110800,0,1,119.850923
2011-03-25,120.0600,91.508926,134300,0.536,1,120.205771
2011-03-28,119.8000,91.310738,166150,0,1,119.945456
2011-03-29,120.5800,91.905251,110950,0,1,120.726403
2011-03-30,121.4000,92.530251,105550,0,1,121.547398
2011-03-31,121.2400,92.408302,127500,0,1,121.387204
2011-04-01,121.8000,92.835121,70400,0,1,121.947884
2011-04-04,121.8600,92.880890,78800,0,1,122.007957
2011-04-05,121.8600,92.880890,204950,0,1,122.007957
2011-04-06,122.2200,93.155251,142900,0,1,122.368394
2011-04-07,122.0000,92.987579,107150,0,1,122.148127
2011-04-08,121.5400,92.636978,86850,0,1,121.687568
2011-04-11,121.1200,92.316841,139650,0,1,121.267058
2011-04-12,120.2400,91.646103,104800,0,1,120.385990
2011-04-13,120.2800,91.676575,185100,0,1,120.426038
2011-04-14,120.3000,91.691856,78450,0,1,120.446063
2011-04-15,120.7200,92.011993,79700,0,1,120.866573
2011-04-18,119.4000,91.005882,151650,0,1,119.544970
2011-04-19,120.1400,91.569885,78900,0,1,120.285869
2011-04-20,121.7600,92.804649,173250,0,1,121.907835
2011-04-21,122.3000,93.216217,197850,0,1,122.448491
2011-04-25,122.1800,93.124786,99000,0,1,122.328345
2011-04-26,123.2400,93.932693,85050,0,1,123.389632
2011-04-27,124.0400,94.542458,72850,0,1,124.190604
2011-04-28,124.4400,94.847343,66050,0,1,124.591089
2011-04-29,124.8000,95.121719,99000,0,1,124.951526
2011-05-02,124.5200,94.908333,131000,0,1,124.671187
2011-05-03,124.1200,94.603439,66500,0,1,124.270701
2011-05-04,123.2800,93.963181,107000,0,1,123.429681
2011-05-05,122.2000,93.139999,98950,0,1,122.348370
2011-05-06,122.7800,93.582100,138550,0,1,122.929074
2011-05-09,123.2800,93.963181,66000,0,1,123.429681
2011-05-10,124.3000,94.740608,175550,0,1,124.450919
2011-05-11,122.9800,93.734535,174400,0,1,123.129317
2011-05-12,123.6400,94.237595,113500,0,1,123.790118
2011-05-13,122.5600,93.414406,126400,0,1,122.708807
2011-05-16,121.8000,92.835121,113500,0,1,121.947884
2011-05-17,121.7800,92.819878,142400,0,1,121.927860
2011-05-18,122.9200,93.688812,70550,0,1,123.069244
2011-05-19,123.0800,93.810745,266650,0,1,123.229438
2011-05-20,122.2600,93.185730,95450,0,1,122.408443
2011-05-23,120.8000,92.072914,136200,0,1,120.946670
2011-05-24,120.7000,91.996727,89650,0,1,120.846548
2011-05-25,121.1000,92.301605,62300,0,1,121.247034
2011-05-26,121.5800,92.667488,60450,0,1,121.727617
2011-05-27,122.1200,93.079041,47600,0,1,122.268273
2011-05-31,123.3400,94.008911,172500,0,1,123.489754
2011-06-01,120.6000,91.920479,222000,0,1,120.746427
2011-06-02,120.4600,91.813789,211800,0,1,120.606257
2011-06-03,119.3000,90.929649,148450,0,1,119.444849
2011-06-06,118.0400,89.969292,113250,0,1,118.183319
2011-06-07,117.8800,89.847366,203700,0,1,118.023125
2011-06-08,117.4000,89.481491,87600,0,1,117.542542
2011-06-09,118.3000,90.167488,43350,0,1,118.443634
2011-06-10,116.6400,88.902222,106750,0,1,116.781619
2011-06-13,116.7200,88.963203,77900,0,1,116.861716
2011-06-14,118.2200,90.106499,75400,0,1,118.363537
2011-06-15,116.1600,88.536369,79700,0,1,116.301036
2011-06-16,116.3800,88.704063,66050,0,1,116.521303
2011-06-17,116.7000,88.947945,58800,0,1,116.841692
2011-06-20,117.3600,89.450996,53700,0,1,117.502493
2011-06-21,118.9600,90.670517,132450,0,1,119.104436
2011-06-22,118.2600,90.136971,106050,0,1,118.403586
2011-06-23,117.8600,89.832108,260750,0,1,118.003100
2011-06-24,116.0000,88.844109,114500,0.57,1,116.711534
2011-06-27,116.9800,89.594666,77850,0,1,117.697545
2011-06-28,118.4800,90.743515,59500,0,1,119.206746
2011-06-29,119.5400,91.555351,125350,0,1,120.273248
2011-06-30,120.6800,92.428467,124850,0,1,121.420241
2011-07-01,122.5000,93.822433,139550,0,1,123.251404
2011-07-05,122.3000,93.669273,91850,0,1,123.050178
2011-07-06,122.4800,93.807106,94850,0,1,123.231282
2011-07-07,123.8200,94.833405,195400,0,1,124.579501
2011-07-08,122.9800,94.190063,105600,0,1,123.734349
2011-07-11,120.7000,92.443787,92750,0,1,121.440363
2011-07-12,120.1600,92.030220,132400,0,1,120.897051
2011-07-13,120.5800,92.351883,129700,0,1,121.319627
2011-07-14,119.8000,91.754494,55900,0,1,120.534843
2011-07-15,120.4600,92.259972,40350,0,1,121.198891
2011-07-18,119.4400,91.478775,94000,0,1,120.172635
2011-07-19,121.3800,92.964607,233300,0,1,122.124534
2011-07-20,121.3800,92.964607,90750,0,1,122.124534
2011-07-21,123.0000,94.205368,234250,0,1,123.754471
2011-07-22,123.1000,94.281944,90250,0,1,123.855085
2011-07-25,122.4000,93.745827,183650,0,1,123.150791
2011-07-26,121.8800,93.347557,138850,0,1,122.627601
2011-07-27,119.4600,91.494087,470300,0,1,120.192757
2011-07-28,119.1200,91.233711,169150,0,1,119.850672
2011-07-29,118.2000,90.529068,194600,0,1,118.925029
2011-08-01,117.7800,90.207405,435950,0,1,118.502452
2011-08-02,114.8400,87.955650,258400,0,1,115.544419
2011-08-03,115.4200,88.399887,380550,0,1,116.127976
2011-08-04,110.0200,84.263992,504200,0,1,110.694853
2011-08-05,109.7800,84.080215,538450,0,1,110.453381
2011-08-08,102.7400,78.688309,790300,0,1,103.370198
2011-08-09,107.3400,82.211411,579800,0,1,107.998414
2011-08-10,102.6800,78.642365,403100,0,1,103.309830
2011-08-11,107.1800,82.088875,919300,0,1,107.837433
2011-08-12,108.0400,82.747574,307200,0,1,108.702708
2011-08-15,110.2600,84.447845,225950,0,1,110.936325
2011-08-16,109.3200,83.727898,263800,0,1,109.990559
2011-08-17,109.4400,83.819824,160550,0,1,110.111296
2011-08-18,104.9000,80.342628,524000,0,1,105.543448
2011-08-19,102.9000,78.810852,1438400,0,1,103.531180
2011-08-22,102.9800,78.872116,246400,0,1,103.611670
2011-08-23,106.5400,81.598717,301950,0,1,107.193507
2011-08-24,108.0000,82.716888,151000,0,1,108.662463
2011-08-25,106.3800,81.476135,294150,0,1,107.032526
2011-08-26,107.7800,82.548431,197500,0,1,108.441113
2011-08-29,110.9200,84.953323,159000,0,1,111.600374
2011-08-30,111.1200,85.106529,129900,0,1,111.801600
2011-08-31,111.6800,85.535423,214950,0,1,112.365035
2011-09-01,110.6000,84.708244,274900,0,1,111.278411
2011-09-02,107.7400,82.517776,150350,0,1,108.400868
2011-09-06,107.0000,81.951027,197950,0,1,107.656329
2011-09-07,110.0200,84.263992,199700,0,1,110.694853
2011-09-08,108.8600,83.375580,115650,0,1,109.527738
2011-09-09,106.0000,81.185120,174200,0,1,106.650195
2011-09-12,106.7600,81.767197,161350,0,1,107.414857
2011-09-13,107.6400,82.441200,193500,0,1,108.300254
2011-09-14,109.1600,83.605362,459000,0,1,109.829578
2011-09-15,111.0400,85.045265,128700,0,1,111.721110
2011-09-16,111.7000,85.550720,79000,0,1,112.385158
2011-09-19,110.6600,84.754211,82150,0,1,111.338779
2011-09-20,110.4800,84.616356,154550,0,1,111.157675
2011-09-21,107.1400,82.058235,139000,0,1,107.797188
2011-09-22,103.7800,79.484795,420500,0,1,104.416578
2011-09-23,103.6800,79.854538,329200,0.58,1,104.899522
2011-09-26,106.2000,81.795425,193850,0,1,107.449163
2011-09-27,107.4200,82.735077,617550,0,1,108.683513
2011-09-28,105.2800,81.086861,197300,0,1,106.518342
2011-09-29,106.0400,81.672195,119300,0,1,107.287281
2011-09-30,103.5200,79.731277,183300,0,1,104.737640
2011-10-03,100.3400,77.282059,333100,0,1,101.520236
2011-10-04,102.5400,78.976509,285650,0,1,103.746113
2011-10-05,104.5800,80.547707,281000,0,1,105.810108
2011-10-06,106.6000,82.103508,583800,0,1,107.853868
2011-10-07,105.7800,81.471909,627150,0,1,107.024223
2011-10-10,109.3600,84.229271,168200,0,1,110.646332
2011-10-11,109.3200,84.198441,663200,0,1,110.605862
2011-10-12,110.3200,84.968674,509150,0,1,111.617624
2011-10-13,110.1600,84.845421,364000,0,1,111.455742
2011-10-14,111.9800,86.247169,423450,0,1,113.297149
2011-10-17,109.8800,84.629776,309650,0,1,111.172448
2011-10-18,112.0800,86.324219,259100,0,1,113.398326
2011-10-19,110.6800,85.245926,107900,0,1,111.981858
2011-10-20,111.1800,85.631035,68200,0,1,112.487740
2011-10-21,113.3200,87.279266,87200,0,1,114.652911
2011-10-24,114.7600,88.388359,138550,0,1,116.109849
2011-10-25,112.5400,86.678520,102400,0,1,113.863736
2011-10-26,113.6200,87.510361,1922200,0,1,114.956440
2011-10-27,117.5400,90.529526,309200,0,1,118.922548
2011-10-28,117.6600,90.621933,693650,0,1,119.043960
2011-10-31,114.6400,88.295959,153450,0,1,115.988437
2011-11-01,111.6000,85.954514,307150,0,1,112.912680
2011-11-02,113.3600,87.310074,122650,0,1,114.693382
2011-11-03,115.4600,88.927505,173650,0,1,116.818082
2011-11-04,114.8000,88.419167,147450,0,1,116.150319
2011-11-07,115.4600,88.927505,79500,0,1,116.818082
2011-11-08,116.8400,89.990395,135700,0,1,118.214315
2011-11-09,112.6200,86.740143,246850,0,1,113.944677
2011-11-10,113.6400,87.525749,121800,0,1,114.976675
2011-11-11,115.8600,89.235596,132650,0,1,117.222787
2011-11-14,114.7400,88.372955,359550,0,1,116.089614
2011-11-15,115.3400,88.835075,402200,0,1,116.696671
2011-11-16,113.4800,87.402512,91900,0,1,114.814793
2011-11-17,111.6600,86.000732,989950,0,1,112.973385
2011-11-18,111.5000,85.877495,188150,0,1,112.811504
2011-11-21,109.5000,84.337105,236700,0,1,110.787979
2011-11-22,108.9200,83.890373,263300,0,1,110.201157
2011-11-23,106.6200,82.118942,249100,0,1,107.874103
2011-11-25,106.3000,81.872459,75650,0,1,107.550339
2011-11-28,109.4800,84.321724,155550,0,1,110.767744
2011-11-29,109.8000,84.568176,134950,0,1,111.091507
2011-11-30,114.3000,88.034065,424450,0,1,115.644438
2011-12-01,114.2200,87.972466,107350,0,1,115.563497
2011-12-02,114.1600,87.926231,127300,0,1,115.502791
2011-12-05,115.4000,88.881287,194500,0,1,116.757377
2011-12-06,115.5000,88.958305,67600,0,1,116.858553
2011-12-07,115.8800,89.250984,86600,0,1,117.243023
2011-12-08,113.3800,87.325485,93450,0,1,114.713617
2011-12-09,115.3000,88.804291,882200,0,1,116.656200
2011-12-12,113.6400,87.525749,127200,0,1,114.976675
2011-12-13,112.5600,86.693932,162800,0,1,113.883972
2011-12-14,111.3000,85.723480,945150,0,1,112.609151
2011-12-15,111.7200,86.046959,82550,0,1,113.034091
2011-12-16,111.8000,86.108566,1480000,0,1,113.115032
2011-12-19,110.6600,85.230522,454150,0,1,111.961623
2011-12-20,113.9600,87.772224,143850,0,1,115.300439
2011-12-21,114.3000,88.034065,182650,0,1,115.644438
2011-12-22,115.3800,88.865891,1439800,0,1,116.737141
2011-12-23,115.6000,89.567841,256450,0.686,1,117.653798
2011-12-27,115.7200,89.660835,388650,0,1,117.775930
2011-12-28,114.3000,88.560600,180300,0,1,116.330702
2011-12-29,115.3400,89.366417,259100,0,1,117.389179
2011-12-30,114.9000,89.025482,254300,0,1,116.941362
2012-01-03,116.6000,90.342697,163250,0,1,118.671565
2012-01-04,116.8000,90.497650,448450,0,1,118.875118
2012-01-05,117.1800,90.792053,253500,0,1,119.261869
2012-01-06,116.9400,90.606117,166900,0,1,119.017605
2012-01-09,117.1200,90.745575,177000,0,1,119.200803
2012-01-10,118.1200,91.520386,261200,0,1,120.218570
2012-01-11,118.2400,91.613342,203800,0,1,120.340702
2012-01-12,118.5000,91.814789,202250,0,1,120.605321
2012-01-13,118.0000,91.427406,147200,0,1,120.096438
2012-01-17,118.3200,91.675354,324250,0,1,120.422123
2012-01-18,119.6400,92.698082,172100,0,1,121.765575
2012-01-19,120.2800,93.193954,224500,0,1,122.416945
2012-01-20,120.2800,93.193954,345200,0,1,122.416945
2012-01-23,120.4000,93.286949,130950,0,1,122.539077
2012-01-24,120.2200,93.147491,203100,0,1,122.355879
2012-01-25,121.2800,93.968758,254050,0,1,123.434711
2012-01-26,120.6600,93.488388,137600,0,1,122.803696
2012-01-27,120.5000,93.364395,104100,0,1,122.640854
2012-01-30,120.1000,93.054512,329650,0,1,122.233747
2012-01-31,120.0400,93.007980,157450,0,1,122.172681
2012-02-01,121.1800,93.891304,99050,0,1,123.332935
2012-02-02,121.4200,94.077248,143050,0,1,123.577199
2012-02-03,123.1400,95.409950,223150,0,1,125.327757
2012-02-06,122.9600,95.270470,150200,0,1,125.144559
2012-02-07,123.3400,95.564873,164250,0,1,125.531310
2012-02-08,123.6000,95.766342,259750,0,1,125.795930
2012-02-09,123.7400,95.874786,259000,0,1,125.938417
2012-02-10,122.9000,95.223938,123500,0,1,125.083493
2012-02-13,123.8400,95.952263,230400,0,1,126.040193
2012-02-14,123.6600,95.812828,203400,0,1,125.856996
2012-02-15,123.1200,95.394402,188100,0,1,125.307402
2012-02-16,124.4600,96.432648,438550,0,1,126.671209
2012-02-17,124.7600,96.665138,604200,0,1,126.976539
2012-02-21,124.8400,96.727104,758200,0,1,127.057960
2012-02-22,124.4200,96.401657,190900,0,1,126.630498
2012-02-23,125.0200,96.866562,328050,0,1,127.241158
2012-02-24,125.2000,97.006027,162950,0,1,127.424356
2012-02-27,125.4200,97.176460,267800,0,1,127.648264
2012-02-28,125.8600,97.517395,141900,0,1,128.096082
2012-02-29,125.1800,96.990524,229600,0,1,127.404000
2012-03-01,126.0000,97.625885,193450,0,1,128.238569
2012-03-02,125.6600,97.362457,142800,0,1,127.892528
2012-03-05,125.1200,96.944031,667900,0,1,127.342935
2012-03-06,123.1600,95.425423,411100,0,1,125.348112
2012-03-07,124.1400,96.184723,170350,0,1,126.345523
2012-03-08,125.3400,97.114517,253600,0,1,127.566843
2012-03-09,125.8200,97.486412,152950,0,1,128.055371
2012-03-12,125.8800,97.532883,174700,0,1,128.116437
2012-03-13,128.1400,99.283943,192100,0,1,130.416589
2012-03-14,128.0400,99.206467,709950,0,1,130.314812
2012-03-15,128.7000,99.717873,501650,0,1,130.986538
2012-03-16,128.8800,99.857315,272250,0,1,131.169736
2012-03-19,129.4200,100.275703,143500,0,1,131.719330
2012-03-20,129.0600,99.996780,1310800,0,1,131.352934
2012-03-21,128.8600,99.841827,162100,0,1,131.149381
2012-03-22,127.8600,99.067001,633200,0,1,130.131614
2012-03-23,128.3600,99.454399,111950,0,1,130.640498
2012-03-26,129.5200,100.800835,203000,0.57,1,132.401234
2012-03-27,129.1600,100.520660,573550,0,1,132.033225
2012-03-28,128.5400,100.038109,201350,0,1,131.399433
2012-03-29,128.3200,99.866943,2612050,0,1,131.174539
2012-03-30,128.7400,100.193794,270750,0,1,131.603882
2012-04-02,129.7800,101.003181,374700,0,1,132.667017
2012-04-03,129.2800,100.614037,333850,0,1,132.155895
2012-04-04,127.9200,99.555595,383000,0,1,130.765641
2012-04-05,127.8800,99.524445,722350,0,1,130.724751
2012-04-09,126.4600,98.419334,474850,0,1,129.273162
2012-04-10,124.2600,96.707146,392650,0,1,127.024222
2012-04-11,125.2800,97.500977,172850,0,1,128.066913
2012-04-12,127.0000,98.839569,105550,0,1,129.825175
2012-04-13,125.4800,97.656609,2416850,0,1,128.271362
2012-04-16,125.3400,97.547668,826850,0,1,128.128248
2012-04-17,127.2600,99.041954,497450,0,1,130.090959
2012-04-18,126.8200,98.699471,420750,0,1,129.641171
2012-04-19,126.0000,98.061348,831200,0,1,128.802930
2012-04-20,126.2000,98.216988,112100,0,1,129.007379
2012-04-23,125.1200,97.376450,324950,0,1,127.903354
2012-04-24,125.5800,97.734444,469300,0,1,128.373586
2012-04-25,127.3400,99.104233,171750,0,1,130.172738
2012-04-26,128.2200,99.789070,157100,0,1,131.072314
2012-04-27,128.4800,99.991425,185050,0,1,131.338098
2012-04-30,127.9200,99.555595,247600,0,1,130.765641
2012-05-01,128.7600,100.209351,527450,0,1,131.624327
2012-05-02,128.3600,99.898018,154250,0,1,131.215429
2012-05-03,127.4200,99.166435,177000,0,1,130.254518
2012-05-04,125.3400,97.547668,365200,0,1,128.128248
2012-05-07,125.4400,97.625465,990350,0,1,128.230472
2012-05-08,124.9000,97.205246,403050,0,1,127.678460
2012-05-09,124.2000,96.660431,373700,0,1,126.962888
2012-05-10,124.4200,96.831665,130100,0,1,127.187782
2012-05-11,124.0200,96.520348,365300,0,1,126.778884
2012-05-14,122.7000,95.493042,953250,0,1,125.429519
2012-05-15,122.0200,94.963829,1532500,0,1,124.734393
2012-05-16,121.5000,94.559158,331350,0,1,124.202825
2012-05-17,119.6600,93.127174,288750,0,1,122.321893
2012-05-18,118.7200,92.395569,760350,0,1,121.360983
2012-05-21,120.7200,93.952072,271550,0,1,123.405473
2012-05-22,120.9800,94.154442,654450,0,1,123.671257
2012-05-23,120.9800,94.154442,176000,0,1,123.671257
2012-05-24,121.2000,94.325653,112050,0,1,123.896151
2012-05-25,120.9200,94.107735,336400,0,1,123.609923
2012-05-29,122.3000,95.181755,306600,0,1,125.020621
2012-05-30,120.5400,93.812027,809500,0,1,123.221469
2012-05-31,120.2400,93.578537,424150,0,1,122.914796
2012-06-01,117.3000,91.290436,641850,0,1,119.909394
2012-06-04,117.2600,91.259293,213600,0,1,119.868504
2012-06-05,117.9400,91.788528,252350,0,1,120.563631
2012-06-06,120.7600,93.983231,254650,0,1,123.446363
2012-06-07,120.7400,93.967636,201000,0,1,123.425918
2012-06-08,121.7400,94.745903,219550,0,1,124.448164
2012-06-11,120.2600,93.594101,304600,0,1,122.935241
2012-06-12,121.6600,94.683655,168300,0,1,124.366384
2012-06-13,120.8600,94.061028,144900,0,1,123.548588
2012-06-14,122.2000,95.103905,2181350,0,1,124.918397
2012-06-15,123.2800,95.944427,229250,0,1,126.022422
2012-06-18,123.5400,96.146805,482500,0,1,126.288206
2012-06-19,124.8000,97.127434,175200,0,1,127.576235
2012-06-20,124.6000,96.971779,235700,0,1,127.371786
2012-06-21,121.8600,94.839310,155400,0,1,124.570833
2012-06-22,122.7400,95.524185,285800,0,1,125.470409
2012-06-25,120.1600,94.006447,283200,0.64,1,123.487253
2012-06-26,120.7400,94.460197,352750,0,1,124.083313
2012-06-27,121.8200,95.305145,301100,0,1,125.193219
2012-06-28,121.5400,95.086067,171750,0,1,124.905466
2012-06-29,124.5600,97.448753,305000,0,1,128.009090
2012-07-02,124.9000,97.714752,258700,0,1,128.358505
2012-07-03,125.7200,98.356293,161050,0,1,129.201211
2012-07-05,125.1800,97.933792,308900,0,1,128.646258
2012-07-06,124.0200,97.026283,478350,0,1,127.454137
2012-07-09,123.8600,96.901131,177800,0,1,127.289707
2012-07-10,122.7200,96.009232,322300,0,1,126.118140
2012-07-11,122.7400,96.024879,199700,0,1,126.138694
2012-07-12,122.1000,95.524185,432700,0,1,125.480972
2012-07-13,124.1800,97.151474,480650,0,1,127.618568
2012-07-16,123.9000,96.932419,164400,0,1,127.330814
2012-07-17,124.7800,97.620857,293450,0,1,128.235182
2012-07-18,125.6800,98.324974,242900,0,1,129.160103
2012-07-19,126.0000,98.575340,516500,0,1,129.488964
2012-07-20,124.8400,97.667831,606900,0,1,128.296843
2012-07-23,123.6000,96.697701,451450,0,1,127.022507
2012-07-24,122.6200,95.931015,533700,0,1,126.015371
2012-07-25,122.5400,95.868431,509100,0,1,125.933156
2012-07-26,124.5400,97.433105,412450,0,1,127.988536
2012-07-27,126.9400,99.310722,901950,0,1,130.454993
2012-07-30,126.8800,99.263794,348300,0,1,130.393331
2012-07-31,126.0600,98.622238,681600,0,1,129.550625
2012-08-01,125.9200,98.512726,526450,0,1,129.406749
2012-08-02,125.0400,97.824295,478100,0,1,128.502381
2012-08-03,127.4800,99.733208,239850,0,1,131.009945
2012-08-06,127.8200,99.999168,547200,0,1,131.359360
2012-08-07,128.4000,100.452942,380200,0,1,131.955420
2012-08-08,128.5400,100.562462,322000,0,1,132.099297
2012-08-09,128.6800,100.672012,360650,0,1,132.243173
2012-08-10,128.8800,100.828468,336450,0,1,132.448712
2012-08-13,128.7800,100.750237,329900,0,1,132.345943
2012-08-14,128.8400,100.797195,456950,0,1,132.407604
2012-08-15,128.9800,100.906700,213000,0,1,132.551481
2012-08-16,129.8600,101.595169,632400,0,1,133.455848
2012-08-17,130.1600,101.829880,355350,0,1,133.764155
2012-08-20,130.1200,101.798592,288100,0,1,133.723047
2012-08-21,129.7200,101.485657,304100,0,1,133.311971
2012-08-22,129.7400,101.501297,350050,0,1,133.332525
2012-08-23,128.7200,100.703293,159950,0,1,132.284281
2012-08-24,129.5200,101.329208,410950,0,1,133.106433
2012-08-27,129.5200,101.329208,221650,0,1,133.106433
2012-08-28,129.4000,101.235275,193400,0,1,132.983110
2012-08-29,129.5200,101.329208,176900,0,1,133.106433
2012-08-30,128.5400,100.562462,148950,0,1,132.099297
2012-08-31,129.2200,101.094467,805400,0,1,132.798126
2012-09-04,128.8800,100.828468,347800,0,1,132.448712
2012-09-05,128.8800,100.828468,417050,0,1,132.448712
2012-09-06,131.5600,102.925140,261200,0,1,135.202921
2012-09-07,132.1000,103.347656,513200,0,1,135.757874
2012-09-10,131.3200,102.737404,187450,0,1,134.956276
2012-09-11,131.6800,103.019028,348400,0,1,135.326244
2012-09-12,132.1000,103.347656,290700,0,1,135.757874
2012-09-13,134.2000,104.990532,335050,0,1,137.916023
2012-09-14,134.7600,105.428658,855800,0,1,138.491530
2012-09-17,134.3600,105.115738,338400,0,1,138.080454
2012-09-18,134.2200,105.006210,216950,0,1,137.936577
2012-09-19,134.3200,105.084473,397500,0,1,138.039346
2012-09-20,134.3000,105.068817,448550,0,1,138.018792
2012-09-21,134.2200,105.006210,1295000,0,1,137.936577
2012-09-24,133.3600,104.869347,489850,0.686,1,137.757759
2012-09-25,132.0000,103.799927,287900,0,1,136.352911
2012-09-26,131.1600,103.139336,175550,0,1,135.485211
2012-09-27,132.4400,104.145905,586850,0,1,136.807421
2012-09-28,131.8400,103.674103,263900,0,1,136.187635
2012-10-01,132.0800,103.862816,493550,0,1,136.435549
2012-10-02,132.2600,104.004364,272950,0,1,136.621485
2012-10-03,132.8000,104.429047,149150,0,1,137.179292
2012-10-04,133.8200,105.231110,226600,0,1,138.232928
2012-10-05,133.7800,105.199669,251250,0,1,138.191609
2012-10-08,133.3800,104.885101,139750,0,1,137.778419
2012-10-09,132.0800,103.862816,360050,0,1,136.435549
2012-10-10,131.1800,103.155083,291950,0,1,135.505870
2012-10-11,131.2600,103.218048,436200,0,1,135.588508
2012-10-12,130.8000,102.856277,503150,0,1,135.113339
2012-10-15,131.9000,103.721283,361350,0,1,136.249613
2012-10-16,133.2400,104.774994,839250,0,1,137.633802
2012-10-17,133.8600,105.262558,163500,0,1,138.274247
2012-10-18,133.5200,104.995186,211900,0,1,137.923035
2012-10-19,131.2400,103.202286,353600,0,1,135.567849
2012-10-22,131.3200,103.265190,503500,0,1,135.650487
2012-10-23,129.4000,101.755356,519000,0,1,133.667172
2012-10-24,129.1200,101.535202,365650,0,1,133.377938
2012-10-25,129.4800,101.818291,485500,0,1,133.749810
2012-10-26,129.3800,101.739632,307100,0,1,133.646512
2012-10-31,129.2600,101.645294,586700,0,1,133.522555
2012-11-01,130.7800,102.840538,317650,0,1,135.092679
2012-11-02,129.6000,101.912651,902700,0,1,133.873767
2012-11-05,129.9000,102.148560,371250,0,1,134.183660
2012-11-06,130.8600,102.903442,275100,0,1,135.175318
2012-11-07,128.0000,100.654457,1039850,0,1,132.221004
2012-11-08,126.3000,99.317650,819250,0,1,130.464944
2012-11-09,126.4400,99.427727,1032750,0,1,130.609561
2012-11-12,126.6200,99.569267,179700,0,1,130.795497
2012-11-13,126.1600,99.207558,438750,0,1,130.320328
2012-11-14,124.6200,97.996582,340050,0,1,128.729544
2012-11-15,124.1400,97.619102,615400,0,1,128.233715
2012-11-16,124.7800,98.122375,403450,0,1,128.894820
2012-11-19,127.3200,100.119736,334250,0,1,131.518580
2012-11-20,127.4600,100.229828,368750,0,1,131.663197
2012-11-21,127.7400,100.449982,143850,0,1,131.952431
2012-11-23,129.3600,101.723885,182700,0,1,133.625853
2012-11-26,129.2000,101.598099,396800,0,1,133.460576
2012-11-27,128.5800,101.110580,294950,0,1,132.820131
2012-11-28,129.5400,101.865456,253350,0,1,133.811788
2012-11-29,130.1200,102.321564,293200,0,1,134.410915
2012-11-30,130.0000,102.227188,387400,0,1,134.286958
2012-12-03,129.5400,101.865456,406950,0,1,133.811788
2012-12-04,129.3000,101.676750,243700,0,1,133.563874
2012-12-05,129.5800,101.896919,256950,0,1,133.853108
2012-12-06,129.9800,102.211449,119900,0,1,134.266298
2012-12-07,130.3800,102.526016,295350,0,1,134.679489
2012-12-10,130.4600,102.588943,231750,0,1,134.762127
2012-12-11,131.3000,103.249451,586950,0,1,135.629827
2012-12-12,131.4000,103.328094,353600,0,1,135.733125
2012-12-13,130.6000,102.698997,354800,0,1,134.906744
2012-12-14,130.1800,102.368752,316050,0,1,134.472893
2012-12-17,131.7400,103.595444,457200,0,1,136.084337
2012-12-18,133.0800,104.649170,802550,0,1,137.468526
2012-12-19,132.1000,103.878555,1522250,0,1,136.456209
2012-12-20,132.9200,104.523392,1862200,0,1,137.303249
2012-12-21,131.6800,103.548271,747750,0,1,136.022358
2012-12-24,130.3600,103.247314,257950,0.94,1,135.629827
2012-12-26,129.7400,102.756279,389650,0,1,134.984764
2012-12-27,129.6200,102.661217,716400,0,1,134.859913
2012-12-28,128.1800,101.520691,543150,0,1,133.361700
2012-12-31,130.3800,103.263161,1265050,0,1,135.650636
2013-01-02,133.6000,105.813446,2166600,0,1,139.000805
2013-01-03,133.4800,105.718384,1146100,0,1,138.875954
2013-01-04,134.0400,106.161942,574300,0,1,139.458592
2013-01-07,133.6800,105.876785,598200,0,1,139.084039
2013-01-08,133.2800,105.559990,476100,0,1,138.667869
2013-01-09,133.6800,105.876785,1214600,0,1,139.084039
2013-01-10,134.6600,106.652977,508050,0,1,140.103656
2013-01-11,134.7200,106.700508,562500,0,1,140.166081
2013-01-14,134.6000,106.605431,475600,0,1,140.041230
2013-01-15,134.6600,106.652977,532350,0,1,140.103656
2013-01-16,134.6600,106.652977,399400,0,1,140.103656
2013-01-17,135.5000,107.318314,605700,0,1,140.977613
2013-01-18,135.8800,107.619232,2081350,0,1,141.372974
2013-01-22,136.5400,108.141983,1458050,0,1,142.059655
2013-01-23,136.7400,108.300385,812900,0,1,142.267740
2013-01-24,136.8200,108.363754,1635550,0,1,142.350974
2013-01-25,137.5800,108.965675,613600,0,1,143.141697
2013-01-28,137.4200,108.838928,1188650,0,1,142.975229
2013-01-29,137.9800,109.282478,680750,0,1,143.557867
2013-01-30,137.4400,108.854828,754750,0,1,142.996038
2013-01-31,137.1200,108.601334,443950,0,1,142.663102
2013-02-01,138.4400,109.646812,2253350,0,1,144.036463
2013-02-04,136.9200,108.442955,541400,0,1,142.455016
2013-02-05,138.3200,109.551781,416600,0,1,143.911612
2013-02-06,138.4400,109.646812,415650,0,1,144.036463
2013-02-07,138.2600,109.504234,480050,0,1,143.849186
2013-02-08,139.0200,110.106155,441050,0,1,144.639909
2013-02-11,138.9600,110.058662,288100,0,1,144.577484
2013-02-12,139.1800,110.232895,409550,0,1,144.806377
2013-02-13,139.3000,110.327965,1064700,0,1,144.931228
2013-02-14,139.5000,110.486328,272850,0,1,145.139313
2013-02-15,139.3200,110.343819,331350,0,1,144.952037
2013-02-19,140.2800,111.104134,363800,0,1,145.950845
2013-02-20,138.5400,109.725990,1033200,0,1,144.140505
2013-02-21,137.8800,109.203293,1410350,0,1,143.453825
2013-02-22,139.0800,110.153702,1352350,0,1,144.702335
2013-02-25,136.4600,108.078636,1063400,0,1,141.976421
2013-02-26,137.3800,108.807281,1571400,0,1,142.933612
2013-02-27,139.1000,110.169579,783400,0,1,144.723143
2013-02-28,138.9400,110.042801,2426700,0,1,144.556675
2013-03-01,139.3000,110.327965,1540500,0,1,144.931228
2013-03-04,140.0800,110.945724,536550,0,1,145.742760
2013-03-05,141.2800,111.896133,532500,0,1,146.991270
2013-03-06,141.5400,112.102074,1884400,0,1,147.261781
2013-03-07,141.8000,112.307961,454300,0,1,147.532291
2013-03-08,142.3600,112.751503,714350,0,1,148.114929
2013-03-11,142.8800,113.163383,360050,0,1,148.655951
2013-03-12,142.5600,112.909935,489850,0,1,148.323015
2013-03-13,142.7600,113.068314,456800,0,1,148.531100
2013-03-14,143.5200,113.670265,670500,0,1,149.321823
2013-03-15,143.3200,113.511887,767850,0,1,149.113738
2013-03-18,142.5400,112.894112,819550,0,1,148.302206
2013-03-19,142.2000,112.624832,603900,0,1,147.948461
2013-03-20,143.1800,113.400978,1279950,0,1,148.968078
2013-03-21,142.0200,112.482224,312100,0,1,147.761185
2013-03-22,142.3800,113.301865,437050,0.67,1,148.832823
2013-03-25,141.9800,112.983559,615400,0,1,148.414694
2013-03-26,143.0400,113.827141,1374550,0,1,149.522735
2013-03-27,142.9600,113.763451,392950,0,1,149.439109
2013-03-28,143.2800,114.018044,366400,0,1,149.773612
2013-04-01,142.8800,113.699791,618150,0,1,149.355483
2013-04-02,143.5800,114.256828,799350,0,1,150.087208
2013-04-03,142.1400,113.110901,771900,0,1,148.581946
2013-04-04,142.7000,113.556503,975050,0,1,149.167326
2013-04-05,142.1400,113.110901,642150,0,1,148.581946
2013-04-08,143.0200,113.811172,315950,0,1,149.501828
2013-04-09,143.5400,114.224983,369050,0,1,150.045395
2013-04-10,145.3000,115.625565,1110200,0,1,151.885161
2013-04-11,145.7800,116.007507,450400,0,1,152.386915
2013-04-12,145.4600,115.752914,1241200,0,1,152.052412
2013-04-15,142.1400,113.110901,671850,0,1,148.581946
2013-04-16,144.1400,114.702408,673400,0,1,150.672588
2013-04-17,142.0200,113.015381,767850,0,1,148.456507
2013-04-18,140.8600,112.092293,3966900,0,1,147.243935
2013-04-19,142.3600,113.285965,731400,0,1,148.811916
2013-04-22,143.0000,113.795258,527900,0,1,149.480922
2013-04-23,144.5200,115.004822,875050,0,1,151.069810
2013-04-24,144.5600,115.036682,1775750,0,1,151.111623
2013-04-25,145.2000,115.545959,300450,0,1,151.780628
2013-04-26,144.8800,115.291336,259750,0,1,151.446126
2013-04-29,145.8200,116.039352,519050,0,1,152.428728
2013-04-30,146.2800,116.405396,486350,0,1,152.909575
2013-05-01,144.9600,115.354965,462400,0,1,151.529751
2013-05-02,146.2600,116.389481,404700,0,1,152.888669
2013-05-03,147.6400,117.487617,475850,0,1,154.331212
2013-05-06,148.1000,117.853699,699750,0,1,154.812060
2013-05-07,148.8600,118.458458,391950,0,1,155.606504
2013-05-08,149.6400,119.079163,294900,0,1,156.421854
2013-05-09,149.2000,118.729088,397550,0,1,155.961913
2013-05-10,149.7200,119.142815,671150,0,1,156.505480
2013-05-13,149.7000,119.126938,1208650,0,1,156.484574
2013-05-14,151.2800,120.384277,363000,0,1,158.136181
2013-05-15,152.1400,121.068581,707050,0,1,159.035157
2013-05-16,151.4400,120.511612,676650,0,1,158.303432
2013-05-17,152.8800,121.657494,660750,0,1,159.808695
2013-05-20,152.8800,121.657494,665450,0,1,159.808695
2013-05-21,153.0800,121.816628,481200,0,1,160.017759
2013-05-22,152.0600,121.004898,978050,0,1,158.951531
2013-05-23,151.5200,120.575226,1134700,0,1,158.387058
2013-05-24,151.3200,120.416100,684800,0,1,158.177994
2013-05-28,152.4000,121.275490,566800,0,1,159.306941
2013-05-29,151.2400,120.352417,881200,0,1,158.094368
2013-05-30,151.9000,120.877632,444800,0,1,158.784280
2013-05-31,149.6800,119.111000,814800,0,1,156.463667
2013-06-03,150.4600,119.731667,1002250,0,1,157.279018
2013-06-04,150.0000,119.365654,1190650,0,1,156.798170
2013-06-05,147.7000,117.535385,1122300,0,1,154.393931
2013-06-06,148.8600,118.458458,1172500,0,1,155.606504
2013-06-07,150.9400,120.113670,1464650,0,1,157.780772
2013-06-10,150.8800,120.065971,1841250,0,1,157.718053
2013-06-11,149.3400,118.840485,1502800,0,1,156.108258
2013-06-12,148.1800,117.917274,1058300,0,1,154.895685
2013-06-13,150.3200,119.620285,1280150,0,1,157.132673
2013-06-14,149.4000,118.888168,1172650,0,1,156.170977
2013-06-17,150.6000,119.843140,1048100,0,1,157.425363
2013-06-18,151.7600,120.766144,1033300,0,1,158.637935
2013-06-19,149.7400,119.158768,990950,0,1,156.526386
2013-06-20,145.9400,116.134834,1686200,0,1,152.554166
2013-06-21,146.4000,116.500877,1565400,0,1,153.035014
2013-06-24,143.8200,115.027672,1863750,0.738,1,151.109532
2013-06-25,145.2600,116.179359,1520750,0,1,152.622519
2013-06-26,146.6200,117.267075,1710800,0,1,154.051451
2013-06-27,147.6000,118.050934,756150,0,1,155.081122
2013-06-28,146.6800,117.315033,1026450,0,1,154.114492
2013-07-01,147.7800,118.194855,1394400,0,1,155.270245
2013-07-02,147.5600,118.018913,1208750,0,1,155.039095
2013-07-03,147.7000,118.130882,513250,0,1,155.186191
2013-07-05,149.3400,119.442574,626450,0,1,156.909314
2013-07-08,150.1200,120.066429,836550,0,1,157.728848
2013-07-09,151.2600,120.978188,792000,0,1,158.926630
2013-07-10,151.3000,121.010170,771550,0,1,158.968657
2013-07-11,153.4400,122.721710,1298350,0,1,161.217123
2013-07-12,153.4800,122.753738,971450,0,1,161.259150
2013-07-15,154.0400,123.201591,643900,0,1,161.847534
2013-07-16,153.4600,122.737747,698900,0,1,161.238137
2013-07-17,153.8400,123.041695,702400,0,1,161.637397
2013-07-18,154.7200,123.745483,432700,0,1,162.562000
2013-07-19,155.0000,123.969406,367600,0,1,162.856192
2013-07-22,155.2800,124.193375,420100,0,1,163.150384
2013-07-23,154.9600,123.937447,1034850,0,1,162.814164
2013-07-24,154.3800,123.473541,790000,0,1,162.204767
2013-07-25,154.6600,123.697533,314200,0,1,162.498959
2013-07-26,154.8600,123.857445,876850,0,1,162.709096
2013-07-29,154.4000,123.489563,927100,0,1,162.225781
2013-07-30,154.4200,123.505577,446950,0,1,162.246794
2013-07-31,154.4600,123.537537,623550,0,1,162.288822
2013-08-01,156.3400,125.041145,491850,0,1,164.264110
2013-08-02,156.5800,125.233078,558650,0,1,164.516274
2013-08-05,156.4800,125.153130,317900,0,1,164.411206
2013-08-06,155.5400,124.401237,413650,0,1,163.423562
2013-08-07,155.0000,123.969406,431150,0,1,162.856192
2013-08-08,155.5400,124.401237,499050,0,1,163.423562
2013-08-09,155.1000,124.049416,618400,0,1,162.961260
2013-08-12,154.9000,123.889458,330550,0,1,162.751123
2013-08-13,155.5000,124.369339,2052850,0,1,163.381534
2013-08-14,154.6200,123.665520,496300,0,1,162.456931
2013-08-15,152.3600,121.857956,750750,0,1,160.082383
2013-08-16,151.9200,121.506027,615000,0,1,159.620082
2013-08-19,150.9600,120.738197,825050,0,1,158.611424
2013-08-20,151.5600,121.218163,933300,0,1,159.241835
2013-08-21,150.7800,120.594284,498450,0,1,158.422301
2013-08-22,152.1000,121.650002,635800,0,1,159.809205
2013-08-23,152.6000,122.049889,424400,0,1,160.334548
2013-08-26,152.1200,121.666016,704050,0,1,159.830219
2013-08-27,149.6200,119.666473,803600,0,1,157.203506
2013-08-28,150.1200,120.066429,665900,0,1,157.728848
2013-08-29,150.3600,120.258369,923100,0,1,157.981013
2013-08-30,149.7000,119.730499,870300,0,1,157.287561
2013-09-03,150.5800,120.434303,1569400,0,1,158.212164
2013-09-04,151.8400,121.442062,700250,0,1,159.536027
2013-09-05,151.8000,121.410110,692800,0,1,159.493999
2013-09-06,152.0600,121.617973,1109250,0,1,159.767178
2013-09-09,153.5600,122.817741,1185400,0,1,161.343205
2013-09-10,154.7200,123.745483,1038650,0,1,162.562000
2013-09-11,155.2000,124.129425,807650,0,1,163.066329
2013-09-12,154.8200,123.825478,855500,0,1,162.667068
2013-09-13,155.1400,124.081429,540000,0,1,163.003288
2013-09-16,156.0800,124.833252,693950,0,1,163.990932
2013-09-17,156.7200,125.345047,2351450,0,1,164.663370
2013-09-18,158.6000,126.848709,990900,0,1,166.638658
2013-09-19,158.3400,126.640770,2964000,0,1,166.365480
2013-09-20,157.1000,125.649010,611450,0,1,165.062631
2013-09-23,155.7400,125.187637,1400700,0.786,1,164.459537
2013-09-24,155.4000,124.914330,1632400,0,1,164.100501
2013-09-25,154.9000,124.512405,789000,0,1,163.572508
2013-09-26,155.5200,125.010780,622250,0,1,164.227220
2013-09-27,154.8600,124.480240,1405950,0,1,163.530268
2013-09-30,154.0000,123.788956,1521800,0,1,162.622119
2013-10-01,155.1800,124.737465,1110450,0,1,163.868184
2013-10-02,154.9800,124.576645,1253600,0,1,163.656987
2013-10-03,153.6000,123.467438,1447700,0,1,162.199723
2013-10-04,154.7200,124.367714,538450,0,1,163.382430
2013-10-07,153.4000,123.306648,690850,0,1,161.988526
2013-10-08,151.6200,121.875862,2071600,0,1,160.108868
2013-10-09,151.6200,121.875862,1340100,0,1,160.108868
2013-10-10,155.0400,124.624931,1441200,0,1,163.720346
2013-10-11,155.9600,125.364464,1235900,0,1,164.691855
2013-10-14,156.6400,125.911148,1408450,0,1,165.409926
2013-10-15,155.4800,124.978615,1655750,0,1,164.184980
2013-10-16,157.6000,126.682755,3102850,0,1,166.423675
2013-10-17,158.6800,127.550812,2548900,0,1,167.564141
2013-10-18,159.7400,128.402924,1671950,0,1,168.683488
2013-10-21,159.8200,128.467239,1009100,0,1,168.767967
2013-10-22,160.6800,129.158478,1364950,0,1,169.676117
2013-10-23,159.9400,128.563660,948250,0,1,168.894686
2013-10-24,160.4600,128.981705,795600,0,0.5,169.443800
2013-10-25,161.2000,129.576508,1019700,0,1,170.225231
2013-10-28,161.4000,129.737244,1155000,0,1,170.436428
2013-10-29,162.3900,130.533112,844500,0,1,171.481856
2013-10-30,161.4800,129.801544,3362100,0,1,170.520907
2013-10-31,160.8800,129.319260,1437500,0,1,169.887314
2013-11-01,161.3400,129.688995,1341300,0,1,170.373069
2013-11-04,162.0700,130.275848,2940900,0,1,171.143940
2013-11-05,161.5800,129.881912,1147000,0,1,170.626506
2013-11-06,162.3300,130.484848,1510400,0,1,171.418497
2013-11-07,160.2500,128.812866,1242100,0,1,169.222042
2013-11-08,162.4500,130.581253,1629500,0,1,171.545215
2013-11-11,162.4200,130.557205,1109900,0,1,171.513536
2013-11-12,162.1300,130.324127,929600,0,1,171.207299
2013-11-13,163.3800,131.328842,1336300,0,1,172.527284
2013-11-14,164.2900,132.060333,1720600,0,1,173.488233
2013-11-15,165.0000,132.631027,710300,0,1,174.237984
2013-11-18,164.3900,132.140747,1319800,0,1,173.593832
2013-11-19,164.0700,131.883545,1156500,0,1,173.255916
2013-11-20,163.5500,131.465500,1468000,0,1,172.706802
2013-11-21,164.8300,132.494431,2121600,0,1,174.058466
2013-11-22,165.6700,133.169586,1405200,0,1,174.945496
2013-11-25,165.5700,133.089264,810000,0,1,174.839897
2013-11-26,165.4900,133.024902,773300,0,1,174.755418
2013-11-27,165.9400,133.386612,826300,0,1,175.230613
2013-11-29,165.7000,133.193726,614400,0,1,174.977176
2013-12-02,165.4400,132.984726,1409000,0,1,174.702619
2013-12-03,164.8000,132.470291,1076900,0,1,174.026787
2013-12-04,164.6100,132.317535,1374100,0,1,173.826149
2013-12-05,163.9800,131.811111,1168500,0,1,173.160877
2013-12-06,165.8400,133.306274,1208700,0,1,175.125014
2013-12-09,166.2200,133.611679,1586300,0,1,175.526289
2013-12-10,165.6500,133.153519,1747700,0,1,174.924376
2013-12-11,163.7700,131.642334,1079100,0,1,172.939119
2013-12-12,163.2300,131.208237,3453800,0,1,172.368886
2013-12-13,163.1800,131.168076,2151000,0,1,172.316086
2013-12-16,164.2200,132.004013,1838100,0,1,173.414314
2013-12-17,163.6400,131.537842,1479800,0,1,172.801841
2013-12-18,166.4900,133.828735,3112400,0,1,175.811406
2013-12-19,166.3400,133.708176,1242900,0,1,175.653008
2013-12-20,167.1800,134.383347,1303500,0,1,176.540038
2013-12-23,168.9500,135.806183,1480200,0,1,178.409136
2013-12-24,167.6500,135.494171,585700,0.914,1,178.001525
2013-12-26,168.4300,136.124588,968100,0,1,178.829686
2013-12-27,168.4400,136.132660,929700,0,1,178.840303
2013-12-30,168.3700,136.076111,1112800,0,1,178.765981
2013-12-31,169.1500,136.706451,774400,0,1,179.594142
2014-01-02,167.6300,135.477997,1731300,0,1,177.980290
2014-01-03,167.4800,135.356796,1710500,0,1,177.821028
2014-01-06,167.0600,135.017303,1339000,0,1,177.375095
2014-01-07,168.1000,135.857849,824700,0,1,178.479310
2014-01-08,168.1700,135.914429,3147500,0,1,178.553632
2014-01-09,168.2700,135.995270,1117200,0,1,178.659806
2014-01-10,168.6600,136.310455,990200,0,1,179.073887
2014-01-13,166.5200,134.580872,1338500,0,1,176.801753
2014-01-14,168.2500,135.979095,866000,0,1,178.638572
2014-01-15,169.2000,136.746902,943100,0,1,179.647229
2014-01-16,168.9400,136.536743,778500,0,1,179.371175
2014-01-17,168.2100,135.946747,904300,0,1,178.596102
2014-01-21,168.7400,136.375183,1366400,0,1,179.158827
2014-01-22,168.8400,136.455902,751200,0,1,179.265001
2014-01-23,167.4800,135.356796,1294000,0,1,177.821028
2014-01-24,163.8800,132.447296,1828900,0,1,173.998747
2014-01-27,163.0800,131.800690,2882100,0,1,173.149351
2014-01-28,164.0900,132.616974,1067400,0,1,174.221713
2014-01-29,162.3800,131.235001,1346400,0,1,172.406129
2014-01-30,164.2000,132.705902,2086700,0,1,174.338505
2014-01-31,163.1800,131.881531,1322100,0,1,173.255525
2014-02-03,159.6100,128.996246,2969400,0,1,169.465096
2014-02-04,160.6900,129.869156,1116700,0,1,170.611780
2014-02-05,160.4200,129.650925,1701400,0,1,170.325109
2014-02-06,162.5700,131.388535,1109600,0,1,172.607861
2014-02-07,164.6700,133.085739,1258200,0,1,174.837525
2014-02-10,164.9300,133.295868,937400,0,1,175.113579
2014-02-11,166.7500,134.766800,1497400,0,1,177.045954
2014-02-12,166.9000,134.888000,1855000,0,1,177.205216
2014-02-13,167.7200,135.550781,1336600,0,1,178.075847
2014-02-14,168.6100,136.270020,917200,0,1,179.020800
2014-02-18,168.8600,136.472076,1174300,0,1,179.286236
2014-02-19,167.7000,135.534561,1928100,0,1,178.054612
2014-02-20,168.6500,136.302368,1080000,0,1,179.063269
2014-02-21,168.5700,136.237778,706200,0,1,178.978330
2014-02-24,169.3700,136.884293,978600,0,1,179.827726
2014-02-25,169.3100,136.835800,1001000,0,1,179.764021
2014-02-26,169.3100,136.835800,709000,0,1,179.764021
2014-02-27,170.2500,137.595520,1034200,0,1,180.762061
2014-02-28,170.6300,137.902634,853900,0,1,181.165524
2014-03-03,169.4600,136.956985,2235900,0,1,179.923283
2014-03-04,171.8800,138.912827,1281500,0,1,182.492705
2014-03-05,171.9100,138.937103,983100,0,1,182.524558
2014-03-06,172.4600,139.381577,1037000,0,1,183.108517
2014-03-07,172.4200,139.349289,1205600,0,1,183.066048
2014-03-10,172.4500,139.373581,885300,0,1,183.097900
2014-03-11,171.5000,138.605774,945700,0,1,182.089242
2014-03-12,171.6200,138.702728,1065000,0,1,182.216652
2014-03-13,169.7200,137.167160,1659400,0,1,180.199336
2014-03-14,169.2300,136.771149,1323500,0,1,179.679081
2014-03-17,170.7500,137.999573,1695400,0,1,181.292934
2014-03-18,171.9600,138.977478,779700,0,1,182.577645
2014-03-19,171.0200,138.217773,1166300,0,1,181.579605
2014-03-20,171.9900,139.001770,818200,0,1,182.609497
2014-03-21,171.4200,138.541092,825200,0,1,182.004303
2014-03-24,169.9200,137.955704,2004900,0.779,1,181.238785
2014-03-25,170.7500,138.629562,1202100,0,1,182.124073
2014-03-26,169.4900,137.606583,1155600,0,1,180.780141
2014-03-27,169.1500,137.330536,980700,0,1,180.417493
2014-03-28,169.9000,137.939453,548900,0,1,181.217452
2014-03-31,171.3500,139.116776,822000,0,1,182.764040
2014-04-01,172.5000,140.050354,1247500,0,1,183.990645
2014-04-02,173.0900,140.529373,1972800,0,1,184.619946
2014-04-03,172.8200,140.310181,718300,0,1,184.331961
2014-04-04,170.7400,138.621521,2270800,0,1,182.113407
2014-04-07,168.9000,137.127594,1645000,0,1,180.150840
2014-04-08,169.6000,137.695892,2064000,0,1,180.897469
2014-04-09,171.4300,139.181641,768800,0,1,182.849369
2014-04-10,167.7700,136.210129,1286900,0,1,178.945568
2014-04-11,166.2600,134.984207,1762400,0,1,177.334983
2014-04-14,167.6000,136.072144,1456600,0,1,178.764244
2014-04-15,168.7600,137.013916,2160100,0,1,180.001514
2014-04-16,170.5400,138.459045,2410000,0,1,181.900084
2014-04-17,170.7400,138.621521,925500,0,1,182.113407
2014-04-21,171.3700,139.132919,804400,0,1,182.785373
2014-04-22,172.1200,139.741867,1053300,0,1,183.585332
2014-04-23,171.7100,139.408966,724500,0,1,183.148021
2014-04-24,172.0900,139.717499,543900,0,1,183.553334
2014-04-25,170.7100,138.597076,1357900,0,1,182.081408
2014-04-28,171.2300,139.019257,647800,0,1,182.636047
2014-04-29,172.0500,139.685043,1065900,0,1,183.510669
2014-04-30,172.5900,140.123413,605300,0,1,184.086640
2014-05-01,172.6000,140.131561,623900,0,1,184.097306
2014-05-02,172.3200,139.904205,754800,0,1,183.798655
2014-05-05,172.6800,140.196518,792600,0,1,184.182635
2014-05-06,171.1800,138.978653,567700,0,1,182.582716
2014-05-07,172.1900,139.798706,1160600,0,1,183.659995
2014-05-08,171.9800,139.628189,1390700,0,1,183.436006
2014-05-09,172.2800,139.871750,955400,0,1,183.755990
2014-05-12,173.9100,141.195114,780100,0,1,185.494568
2014-05-13,174.0700,141.325012,994800,0,1,185.665226
2014-05-14,173.2300,140.643036,1335700,0,1,184.769272
2014-05-15,171.6700,139.376526,3191100,0,1,183.105356
2014-05-16,172.3400,139.920502,699600,0,1,183.819987
2014-05-19,172.9300,140.399506,926900,0,1,184.449288
2014-05-20,171.7900,139.473938,669400,0,1,183.233350
2014-05-21,173.2800,140.683670,991300,0,1,184.822602
2014-05-22,173.7500,141.065262,859000,0,1,185.323910
2014-05-23,174.4700,141.649765,613900,0,1,186.091871
2014-05-27,175.5000,142.485992,890000,0,1,187.190482
2014-05-28,175.3200,142.339920,990900,0,1,186.998492
2014-05-29,176.3200,143.151825,541000,0,1,188.065104
2014-05-30,176.5500,143.338531,874700,0,1,188.310425
2014-06-02,176.7900,143.533356,1620200,0,1,188.566412
2014-06-03,176.6800,143.444061,1252900,0,1,188.449085
2014-06-04,177.0000,143.703812,984900,0,1,188.790401
2014-06-05,178.2000,144.678177,853600,0,1,190.070336
2014-06-06,179.0500,145.368256,586800,0,1,190.976956
2014-06-09,179.2300,145.514359,461800,0,1,191.168946
2014-06-10,179.2700,145.546829,959900,0,1,191.211611
2014-06-11,178.6900,145.075943,558100,0,1,190.592976
2014-06-12,177.3600,143.996170,891400,0,1,189.174381
2014-06-13,177.9200,144.450836,731200,0,1,189.771684
2014-06-16,178.0700,144.572571,756700,0,1,189.931676
2014-06-17,178.5400,144.954163,2934400,0,1,190.432984
2014-06-18,179.8700,146.033966,501900,0,1,191.851578
2014-06-19,180.0900,146.212616,746900,0,1,192.086233
2014-06-20,180.4500,146.504868,830300,0,1,192.470214
2014-06-23,179.5600,146.438828,737700,0.809,1,192.383818
2014-06-24,178.5000,145.574341,391700,0,1,191.248115
2014-06-25,179.2600,146.194122,586000,0,1,192.062393
2014-06-26,179.1700,146.120712,676800,0,1,191.965965
2014-06-27,179.4800,146.373596,1032300,0,1,192.298105
2014-06-30,179.4300,146.332794,1261200,0,1,192.244534
2014-07-01,180.6900,147.360352,1199000,0,1,193.594520
2014-07-02,180.8200,147.466385,511500,0,1,193.733805
2014-07-03,181.7300,148.208466,327900,0,1,194.708795
2014-07-07,181.1400,147.727325,1151800,0,1,194.076658
2014-07-08,179.9700,146.773209,749400,0,1,192.823099
2014-07-09,180.7200,147.384827,930300,0,1,193.626663
2014-07-10,180.0300,146.822098,614600,0,1,192.887384
2014-07-11,180.2700,147.017853,520400,0,1,193.144525
2014-07-14,181.1600,147.743668,493100,0,1,194.098087
2014-07-15,180.8500,147.490845,1207000,0,1,193.765947
2014-07-16,181.5400,148.053574,539400,0,1,194.505226
2014-07-17,179.4100,146.316437,1103900,0,1,192.223105
2014-07-18,181.3000,147.857880,571500,0,1,194.248085
2014-07-21,180.9100,147.539780,866000,0,1,193.830232
2014-07-22,181.7200,148.200394,1509500,0,1,194.698081
2014-07-23,182.1500,148.551041,750900,0,1,195.158791
2014-07-24,182.1500,148.551041,535800,0,1,195.158791
2014-07-25,181.2800,147.841522,635700,0,1,194.226657
2014-07-28,181.3600,147.906815,485700,0,1,194.312370
2014-07-29,180.5900,147.278763,639000,0,1,193.487379
2014-07-30,180.5900,147.278763,1128500,0,1,193.487379
2014-07-31,176.9600,144.318405,2430500,0,1,189.598131
2014-08-01,176.5300,143.967697,3398000,0,1,189.137421
2014-08-04,177.7700,144.978973,2212000,0,1,190.465980
2014-08-05,175.9700,143.511002,1251300,0,1,188.537427
2014-08-06,176.0800,143.600708,1185800,0,1,188.655283
2014-08-07,175.1300,142.825958,1527100,0,1,187.637436
2014-08-08,177.1600,144.481491,1209900,0,1,189.812415
2014-08-11,177.6600,144.889282,1191200,0,1,190.348124
2014-08-12,177.4500,144.717972,513900,0,1,190.123126
2014-08-13,178.7000,145.737457,781600,0,1,191.462398
2014-08-14,179.4800,146.373596,842000,0,1,192.298105
2014-08-15,179.4300,146.332794,1694300,0,1,192.244534
2014-08-18,180.9200,147.547928,1039100,0,1,193.840946
2014-08-19,181.8800,148.330872,583000,0,1,194.869508
2014-08-20,182.3800,148.738647,1507800,0,1,195.405217
2014-08-21,182.9000,149.162750,756600,0,1,195.962354
2014-08-22,182.6100,148.926208,656500,0,1,195.651643
2014-08-25,183.5600,149.700974,1097200,0,1,196.669490
2014-08-26,183.7100,149.823318,749500,0,1,196.830203
2014-08-27,183.6800,149.798874,602600,0,1,196.798060
2014-08-28,183.5400,149.684662,447700,0,1,196.648062
2014-08-29,183.9900,150.051666,617200,0,1,197.130200
2014-09-02,183.9400,150.010895,553800,0,1,197.076629
2014-09-03,183.8600,149.945648,627600,0,1,196.990915
2014-09-04,183.5600,149.700974,536700,0,1,196.669490
2014-09-05,184.4400,150.418655,502300,0,1,197.612338
2014-09-08,183.9700,150.035339,635900,0,1,197.108771
2014-09-09,182.7800,149.064835,515300,0,1,195.833784
2014-09-10,183.5000,149.652039,849800,0,1,196.605205
2014-09-11,183.6700,149.790665,525700,0,1,196.787346
2014-09-12,182.5800,148.901779,724000,0,1,195.619500
2014-09-15,182.4600,148.803879,1021700,0,1,195.490930
2014-09-16,183.8200,149.913025,565100,0,1,196.948059
2014-09-17,184.0800,150.125107,975000,0,1,197.226627
2014-09-18,185.0400,150.907990,740000,0,1,198.255189
2014-09-19,184.8600,150.761215,964000,0,1,198.062333
2014-09-22,182.5600,149.594330,836700,0.876,1,196.536634
2014-09-23,181.5300,148.750290,752200,0,1,195.427778
2014-09-24,182.9900,149.946686,968500,0,1,196.999555
2014-09-25,180.0500,147.537582,1603000,0,1,193.834471
2014-09-26,181.5000,148.725739,916900,0,1,195.395482
2014-09-29,181.1400,148.430740,1482800,0,1,195.007920
2014-09-30,180.5900,147.979996,767700,0,1,194.415813
2014-10-01,178.2200,146.038055,2380200,0,1,191.864368
2014-10-02,178.2100,146.029800,1263800,0,1,191.853602
2014-10-03,180.2000,147.660507,1217400,0,1,193.995955
2014-10-06,179.9800,147.480240,1307000,0,1,193.759112
2014-10-07,177.2200,145.218613,930600,0,1,190.787808
2014-10-08,180.3200,147.758820,1897500,0,1,194.125142
2014-10-09,176.6800,144.776108,1428600,0,1,190.206467
2014-10-10,174.7000,143.153641,2469900,0,1,188.074879
2014-10-13,171.8300,140.801895,2109200,0,1,184.985155
2014-10-14,172.1100,141.031357,2431300,0,1,185.286591
2014-10-15,170.8300,139.982468,5460300,0,1,183.908596
2014-10-16,170.7200,139.892365,4452600,0,1,183.790174
2014-10-17,172.8300,141.621323,2259400,0,1,186.061714
2014-10-20,174.5300,143.014374,1379400,0,1,187.891864
2014-10-21,177.9200,145.792160,2884200,0,1,191.541400
2014-10-22,176.7100,144.800659,2374200,0,1,190.238763
2014-10-23,178.7400,146.464127,1812400,0,1,192.424178
2014-10-24,180.0800,147.562180,1152600,0,1,193.866768
2014-10-27,179.8500,147.373657,1476000,0,1,193.619159
2014-10-28,181.9200,149.069885,1330000,0,1,195.847636
2014-10-29,181.7100,148.897766,1600700,0,1,195.621559
2014-10-30,182.8600,149.840103,1588900,0,1,196.859602
2014-10-31,184.9300,151.536346,1946100,0,1,199.088079
2014-11-03,185.0400,151.626541,2270000,0,1,199.206501
2014-11-04,184.3800,151.085693,1639400,0,1,198.495972
2014-11-05,185.5900,152.077164,1826500,0,1,199.798608
2014-11-06,186.3400,152.691772,1758600,0,1,200.606028
2014-11-07,186.5000,152.822784,1396400,0,1,200.778277
2014-11-10,187.0600,153.281738,1876400,0,1,201.381150
2014-11-11,187.2400,153.429291,1031600,0,1,201.574931
2014-11-12,187.0900,153.306320,2742900,0,1,201.413447
2014-11-13,187.2600,153.445618,1163600,0,1,201.596462
2014-11-14,187.3300,153.503021,1464500,0,1,201.671821
2014-11-17,187.4300,153.584946,584600,0,1,201.779477
2014-11-18,188.5100,154.469818,1252600,0,1,202.942161
2014-11-19,188.1700,154.191299,1880800,0,1,202.576131
2014-11-20,188.5100,154.469818,866800,0,1,202.942161
2014-11-21,189.5700,155.338501,1586200,0,1,204.083314
2014-11-24,190.0600,155.740036,1365900,0,1,204.610828
2014-11-25,190.0000,155.690872,1736700,0,1,204.546234
2014-11-26,190.4400,156.051407,824400,0,1,205.019920
2014-11-28,190.0300,155.715408,430200,0,1,204.578531
2014-12-01,188.7300,154.650208,2083600,0,1,203.179004
2014-12-02,189.9200,155.625320,1446800,0,1,204.460109
2014-12-03,190.6500,156.223480,2240100,0,1,205.245998
2014-12-04,190.4600,156.067780,1573000,0,1,205.041451
2014-12-05,190.8000,156.346451,2215900,0,1,205.407481
2014-12-08,189.5000,155.281128,1527800,0,1,204.007955
2014-12-09,189.3500,155.158234,1763100,0,1,203.846471
2014-12-10,186.3800,152.724548,1749800,0,1,200.649090
2014-12-11,187.2500,153.437378,1972600,0,1,201.585697
2014-12-12,184.2100,150.946365,2614400,0,1,198.312957
2014-12-15,182.9300,149.897522,2801400,0,1,196.934961
2014-12-16,181.5200,148.742081,3837500,0,1,195.417013
2014-12-17,185.1800,151.741226,5588600,0,1,199.357219
2014-12-18,188.5500,154.502686,3820200,0,1,202.985223
2014-12-19,189.4200,155.215561,1800800,0,1,203.921830
2014-12-22,190.2600,155.903870,3005800,0,1,204.826139
2014-12-23,190.5500,156.141556,1926800,0,1,205.138342
2014-12-24,190.5300,156.125137,952700,0,1,205.116810
2014-12-26,191.1500,156.633179,650300,0,1,205.784277
2014-12-29,191.4200,156.854431,878600,0,1,206.074948
2014-12-30,190.3800,156.002213,3224500,0,1,204.955327
2014-12-31,188.4000,154.379822,1366000,0,1,202.823739
2015-01-02,188.4000,154.379822,1865000,0,1,202.823739
2015-01-05,185.0900,151.667496,2734700,0,1,199.260329
2015-01-06,183.2700,150.176132,2245300,0,1,197.300991
2015-01-07,185.5600,152.052551,2305600,0,1,199.766312
2015-01-08,188.8200,154.723953,1740600,0,1,203.275894
2015-01-09,187.2300,153.421036,2525200,0,1,201.564165
2015-01-12,185.8400,152.282059,1847500,0,1,200.067748
2015-01-13,185.3500,151.880554,2158500,0,1,199.540234
2015-01-14,184.2600,150.987381,5216300,0,1,198.366785
2015-01-15,182.5400,149.577927,1940700,0,1,196.515103
2015-01-16,184.8000,151.429779,1472800,0,1,198.948127
2015-01-20,185.2600,151.806778,1637600,0,1,199.443344
2015-01-21,186.2300,152.601624,1586500,0,1,200.487606
2015-01-22,189.0800,154.937012,6074900,0,1,203.555800
2015-01-23,188.0400,154.084778,3109800,0,1,202.436178
2015-01-26,188.4100,154.387985,2018000,0,1,202.834505
2015-01-27,185.9400,152.363998,1979100,0,1,200.175404
2015-01-28,183.4900,150.356400,2530800,0,1,197.537834
2015-01-29,185.2700,151.814972,4338200,0,1,199.454109
2015-01-30,182.9900,149.946686,2302500,0,1,196.999555
2015-02-02,185.0900,151.667496,3397800,0,1,199.260329
2015-02-03,187.7900,153.879944,1435000,0,1,202.167038
2015-02-04,187.1500,153.355530,1861200,0,1,201.478041
2015-02-05,189.0500,154.912445,1033800,0,1,203.523503
2015-02-06,188.5200,154.478088,1454700,0,1,202.952927
2015-02-09,187.6600,153.773407,2289300,0,1,202.027086
2015-02-10,189.6600,155.412292,1798000,0,1,204.180204
2015-02-11,189.7900,155.518784,1744400,0,1,204.320157
2015-02-12,191.5500,156.960968,2008500,0,1,206.214901
2015-02-13,192.3900,157.649323,1073100,0,1,207.119210
2015-02-17,192.7000,157.903320,1700400,0,1,207.452944
2015-02-18,192.7400,157.936127,1863000,0,1,207.496006
2015-02-19,192.6100,157.829575,1017600,0,1,207.356053
2015-02-20,193.7800,158.788239,1374000,0,1,208.615628
2015-02-23,193.7300,158.747299,1497700,0,1,208.561800
2015-02-24,194.3000,159.214386,1244200,0,1,209.175438
2015-02-25,194.0900,159.042282,1983600,0,1,208.949361
2015-02-26,193.8700,158.862030,994200,0,1,208.712518
2015-02-27,193.2000,158.313004,966600,0,1,207.991223
2015-03-02,194.4700,159.353668,1016600,0,1,209.358453
2015-03-03,193.6400,158.673615,1388100,0,1,208.464909
2015-03-04,192.8300,158.009796,1497500,0,1,207.592896
2015-03-05,193.0400,158.181915,1135800,0,1,207.818974
2015-03-06,190.3100,155.944916,1815600,0,1,204.879967
2015-03-09,191.1200,156.608612,1132000,0,1,205.751980
2015-03-10,187.9800,154.035599,2390500,0,1,202.371585
2015-03-11,187.5400,153.675064,1857500,0,1,201.897899
2015-03-12,189.9600,155.658081,2646900,0,1,204.503172
2015-03-13,188.8000,154.707550,1792200,0,1,203.254363
2015-03-16,191.3800,156.821655,1054700,0,1,206.031886
2015-03-17,190.7300,156.289062,1460900,0,1,205.332122
2015-03-18,193.0000,158.149155,2287400,0,1,207.775911
2015-03-19,192.1100,157.419861,1372000,0,1,206.817774
2015-03-20,193.8500,158.845612,1350100,0,1,208.690987
2015-03-23,192.5200,158.560684,707100,0.984,1,208.318497
2015-03-24,191.4000,157.638214,1587700,0,1,207.106588
2015-03-25,188.6100,155.340363,1216700,0,1,204.087636
2015-03-26,188.1400,154.953308,1906200,0,1,203.579068
2015-03-27,188.5300,155.274490,1837000,0,1,204.001072
2015-03-30,190.8800,157.209976,1414700,0,1,206.543916
2015-03-31,189.2000,155.826279,2765200,0,1,204.726053
2015-04-01,188.5900,155.323883,3379900,0,1,204.065995
2015-04-02,189.1500,155.785095,1803500,0,1,204.671950
2015-04-06,190.4800,156.880478,1242500,0,1,206.111092
2015-04-07,189.9700,156.460480,1372300,0,1,205.559240
2015-04-08,190.6600,157.028809,1412100,0,1,206.305863
2015-04-09,191.4900,157.712341,794800,0,1,207.203974
2015-04-10,192.5400,158.577194,1056900,0,1,208.340139
2015-04-13,191.6700,157.860565,1227800,0,1,207.398745
2015-04-14,192.0200,158.148880,2647800,0,1,207.777466
2015-04-15,192.9000,158.873627,934900,0,1,208.729681
2015-04-16,192.8300,158.815979,823300,0,1,208.653936
2015-04-17,190.5900,156.971100,2059300,0,1,206.230118
2015-04-20,192.3300,158.404114,1430300,0,1,208.112906
2015-04-21,192.1400,158.247681,1089500,0,1,207.907314
2015-04-22,193.0900,159.030075,1125400,0,1,208.935272
2015-04-23,193.5900,159.441925,956400,0,1,209.476303
2015-04-24,193.9800,159.763062,978300,0,1,209.898307
2015-04-27,193.2100,159.128937,898200,0,1,209.065120
2015-04-28,193.8100,159.623215,1103800,0,1,209.714357
2015-04-29,193.0200,158.972488,1408900,0,1,208.859528
2015-04-30,191.1000,157.391144,2506100,0,1,206.781970
2015-05-01,193.1000,159.038376,1921200,0,1,208.946093
2015-05-04,193.7000,159.532516,1060000,0,1,209.595330
2015-05-05,191.4400,157.671219,1138300,0,1,207.149871
2015-05-06,190.6700,157.036972,1588100,0,1,206.316683
2015-05-07,191.4400,157.671219,1320700,0,1,207.149871
2015-05-08,193.9500,159.738419,1322900,0,1,209.865845
2015-05-11,193.0200,158.972488,1090100,0,1,208.859528
2015-05-12,192.4600,158.511261,1852700,0,1,208.253574
2015-05-13,192.5200,158.560684,589000,0,1,208.318497
2015-05-14,194.5300,160.216141,902300,0,1,210.493441
2015-05-15,194.7300,160.380844,719000,0,1,210.709853
2015-05-18,195.3300,160.874969,984500,0,1,211.359090
2015-05-19,195.2300,160.792618,980400,0,1,211.250884
2015-05-20,195.1000,160.685593,3401300,0,1,211.110216
2015-05-21,195.6900,161.171524,756200,0,1,211.748633
2015-05-22,195.2600,160.817352,831600,0,1,211.283346
2015-05-26,193.1600,159.087738,1235300,0,1,209.011017
2015-05-27,194.9400,160.553802,1420100,0,1,210.937086
2015-05-28,194.7600,160.405563,1114500,0,1,210.742315
2015-05-29,193.4900,159.359573,1530900,0,1,209.368097
2015-06-01,193.9400,159.730194,1157400,0,1,209.855025
2015-06-02,193.7400,159.565491,1094400,0,1,209.638612
2015-06-03,194.2700,160.001999,1213800,0,1,210.212105
2015-06-04,192.6900,158.700699,1383400,0,1,208.502448
2015-06-05,192.3000,158.379471,1567800,0,1,208.080444
2015-06-08,191.1100,157.399368,1130100,0,1,206.792790
2015-06-09,191.0600,157.358231,1466100,0,1,206.738687
2015-06-10,193.3300,159.227798,1247700,0,1,209.194967
2015-06-11,193.9300,159.721970,724700,0,1,209.844204
2015-06-12,192.5100,158.552444,2147700,0,1,208.307677
2015-06-15,191.6200,157.819427,1392600,0,1,207.344642
2015-06-16,192.7400,158.741913,819800,0,1,208.556551
2015-06-17,193.0700,159.013641,1170600,0,1,208.913631
2015-06-18,194.9800,160.586777,1041600,0,1,210.980369
2015-06-19,193.8500,159.656052,691400,0,1,209.757639
2015-06-22,194.2700,160.749954,1027000,0.902,1,211.188125
2015-06-23,194.4100,160.865814,1727200,0,1,211.340317
2015-06-24,193.0200,159.715637,2160600,0,1,209.829268
2015-06-25,192.4200,159.219147,2287600,0,1,209.177016
2015-06-26,192.4200,159.219147,1631900,0,1,209.177016
2015-06-29,188.3500,155.851440,2746800,0,1,204.752578
2015-06-30,188.8400,156.256882,2679400,0,1,205.285250
2015-07-01,190.2700,157.440155,2782300,0,1,206.839782
2015-07-02,190.1300,157.324295,3087100,0,1,206.687590
2015-07-06,189.5800,156.869202,1741100,0,1,206.089693
2015-07-07,190.7500,157.837341,3507500,0,1,207.361583
2015-07-08,187.5100,155.156357,1874000,0,1,203.839426
2015-07-09,187.8500,155.437775,2224900,0,1,204.209035
2015-07-10,190.2400,157.415283,1648600,0,1,206.807170
2015-07-13,192.3700,159.177811,1026100,0,1,209.122662
2015-07-14,193.2200,159.881134,1128900,0,1,210.046685
2015-07-15,193.1400,159.814972,1174800,0,1,209.959718
2015-07-16,194.6200,161.039612,949500,0,1,211.568605
2015-07-17,194.8500,161.229904,872100,0,1,211.818634
2015-07-20,194.9400,161.304428,1103500,0,1,211.916472
2015-07-21,194.1700,160.667221,772400,0,1,211.079416
2015-07-22,193.7900,160.352814,1193800,0,1,210.666324
2015-07-23,192.6800,159.434280,899300,0,1,209.459658
2015-07-24,190.6700,157.771149,1589100,0,1,207.274616
2015-07-27,189.5900,156.877457,1745600,0,1,206.100564
2015-07-28,191.8900,158.780609,931300,0,1,208.600861
2015-07-29,193.2500,159.905945,2471200,0,1,210.079297
2015-07-30,193.2800,159.930801,924400,0,1,210.111910
2015-07-31,192.9500,159.657791,1437200,0,1,209.753172
2015-08-03,192.3500,159.161285,3081700,0,1,209.100920
2015-08-04,191.9700,158.846863,1601700,0,1,208.687828
2015-08-05,192.6400,159.401215,1369900,0,1,209.416175
2015-08-06,191.1700,158.184830,1321200,0,1,207.818159
2015-08-07,190.6700,157.771149,1854100,0,1,207.274616
2015-08-10,193.0900,159.773560,1346700,0,1,209.905364
2015-08-11,191.3200,158.309036,4996300,0,1,207.981222
2015-08-12,191.4900,158.449615,3758700,0,1,208.166027
2015-08-13,191.2800,158.275909,1155900,0,1,207.937739
2015-08-14,192.0200,158.888168,742500,0,1,208.742182
2015-08-17,193.0900,159.773560,1926300,0,1,209.905364
2015-08-18,192.5000,159.285400,1023800,0,1,209.263983
2015-08-19,190.9800,158.027618,1771900,0,1,207.611613
2015-08-20,186.9700,154.709564,4195700,0,1,203.252400
2015-08-21,181.0400,149.802719,6145900,0,1,196.805982
2015-08-24,173.6600,143.696152,12325000,0,1,188.783290
2015-08-25,171.5500,141.950195,8132200,0,1,186.489539
2015-08-26,178.3600,147.585129,7086100,0,1,193.892592
2015-08-27,182.7200,151.192825,7168800,0,1,198.632286
2015-08-28,182.7200,151.192825,2945000,0,1,198.632286
2015-08-31,181.1100,149.860611,1923000,0,1,196.882078
2015-09-01,175.5800,145.284775,8531800,0,1,190.870494
2015-09-02,179.1200,148.213989,2424000,0,1,194.718777
2015-09-03,179.2700,148.338104,2420200,0,1,194.881840
2015-09-04,176.4900,146.037796,2317700,0,1,191.859742
2015-09-08,181.0100,149.777924,2248500,0,1,196.773369
2015-09-09,178.5700,147.758865,2125500,0,1,194.120880
2015-09-10,179.5700,148.586395,1774400,0,1,195.207966
2015-09-11,180.3200,149.206970,2185000,0,1,196.023280
2015-09-14,179.6400,148.644272,905300,0,1,195.284062
2015-09-15,181.9800,150.580521,1641500,0,1,197.827842
2015-09-16,183.5700,151.896179,2098900,0,1,199.556308
2015-09-17,183.0900,151.498978,3106200,0,1,199.034507
2015-09-18,180.1300,149.049759,3205200,0,1,195.816734
2015-09-21,180.1000,149.817520,1467600,0.953,1,196.820114
2015-09-22,177.7500,147.862732,2469500,0,1,194.251945
2015-09-23,177.4300,147.596481,1670300,0,1,193.902237
2015-09-24,176.8800,147.138947,2562400,0,1,193.301176
2015-09-25,176.7600,147.039154,3436300,0,1,193.170035
2015-09-28,172.3100,143.337372,3732900,0,1,188.306906
2015-09-29,172.4000,143.412201,3219500,0,1,188.405262
2015-09-30,175.7100,146.165741,4123600,0,1,192.022555
2015-10-01,176.2000,146.573288,3948400,0,1,192.558046
2015-10-02,178.7500,148.694504,2307200,0,1,195.344783
2015-10-05,181.9600,151.364822,2049100,0,1,198.852792
2015-10-06,181.3500,150.857361,1325400,0,1,198.186161
2015-10-07,182.8700,152.121826,1693800,0,1,199.847275
2015-10-08,184.4800,153.461105,3109600,0,1,201.606744
2015-10-09,184.5800,153.544266,1651000,0,1,201.716028
2015-10-12,184.8000,153.727249,885100,0,1,201.956452
2015-10-13,183.5700,152.704056,1022300,0,1,200.612262
2015-10-14,182.7100,151.988678,1184100,0,1,199.672421
2015-10-15,185.4500,154.267990,2523100,0,1,202.666797
2015-10-16,186.2000,154.891907,1241200,0,1,203.486425
2015-10-19,186.4200,155.074905,768900,0,1,203.726850
2015-10-20,186.1800,154.875229,1151200,0,1,203.464569
2015-10-21,184.9700,153.868698,1556900,0,1,202.142235
2015-10-22,188.1700,156.530609,1498300,0,1,205.639316
2015-10-23,190.2200,158.235947,1624300,0,1,207.879634
2015-10-26,189.7700,157.861588,1150500,0,1,207.387857
2015-10-27,189.4000,157.553802,1442400,0,1,206.983507
2015-10-28,191.6000,159.383926,2251900,0,1,209.387750
2015-10-29,191.5300,159.325653,1779000,0,1,209.311252
2015-10-30,190.5600,158.518753,2011600,0,1,208.251199
2015-11-02,192.8200,160.398743,2403500,0,1,210.721013
2015-11-03,193.4300,160.906219,3920400,0,1,211.387644
2015-11-04,192.8800,160.448700,1786700,0,1,210.786583
2015-11-05,192.6400,160.249039,2185100,0,1,210.524302
2015-11-06,192.5600,160.182480,2172600,0,1,210.436875
2015-11-09,190.7600,158.685120,2127800,0,1,208.469766
2015-11-10,191.1200,158.984650,1257500,0,1,208.863188
2015-11-11,190.3900,158.377380,1114700,0,1,208.065416
2015-11-12,187.8400,156.256104,2454900,0,1,205.278680
2015-11-13,185.6700,154.450943,3224000,0,1,202.907221
2015-11-16,188.5200,156.821808,1687100,0,1,206.021809
2015-11-17,188.2900,156.630432,1879900,0,1,205.770457
2015-11-18,191.3200,159.151047,2858600,0,1,209.081756
2015-11-19,191.2200,159.067795,2154800,0,1,208.972472
2015-11-20,191.9300,159.658386,1317600,0,1,209.748387
2015-11-23,191.7100,159.475433,1308100,0,1,209.507962
2015-11-24,192.0200,159.733261,1572000,0,1,209.846742
2015-11-25,191.9600,159.683380,758700,0,1,209.781172
2015-11-27,192.1500,159.841461,894500,0,1,209.988811
2015-11-30,191.3700,159.192566,1551000,0,1,209.136398
2015-12-01,193.2200,160.731522,1812900,0,1,211.158148
2015-12-02,191.1800,159.034515,1999600,0,1,208.928758
2015-12-03,188.4600,156.771866,2724400,0,1,205.956239
2015-12-04,192.1600,159.849777,2900700,0,1,209.999740
2015-12-07,190.9500,158.843231,1752800,0,1,208.677406
2015-12-08,189.7300,157.828354,1721700,0,1,207.344143
2015-12-09,188.3100,156.647079,4500300,0,1,205.792313
2015-12-10,188.7400,157.004852,4083800,0,1,206.262234
2015-12-11,184.9800,153.877014,3084400,0,1,202.153163
2015-12-14,186.0900,154.800385,2722600,0,1,203.366213
2015-12-15,188.0300,156.414215,3799300,0,1,205.486319
2015-12-16,190.6700,158.610291,6361700,0,1,208.371411
2015-12-17,187.8900,156.297714,3096000,0,1,205.333321
2015-12-18,184.4000,153.394501,4531400,0,1,201.519317
2015-12-21,184.9300,154.751846,2168400,1.092,1,203.291900
2015-12-22,186.6000,156.149323,2423300,0,1,205.127716
2015-12-23,188.8400,158.023773,2275500,0,1,207.590128
2015-12-24,188.5100,157.747589,1170800,0,1,207.227362
2015-12-28,188.1000,157.404526,2668300,0,1,206.776653
2015-12-29,190.2000,159.161850,1757100,0,1,209.085164
2015-12-30,188.8000,157.990326,2535800,0,1,207.546157
2015-12-31,186.9300,156.425430,2395200,0,1,205.490482
2016-01-04,184.3100,154.232956,4193500,0,1,202.610340
2016-01-05,184.6400,154.509171,2882500,0,1,202.973106
2016-01-06,182.3000,152.550980,2755100,0,1,200.400765
2016-01-07,177.8600,148.835556,4952500,0,1,195.519912
2016-01-08,175.9700,147.253998,7357300,0,1,193.442252
2016-01-11,175.9900,147.270721,4493300,0,1,193.464238
2016-01-12,177.4500,148.492493,2998800,0,1,195.069203
2016-01-13,173.1100,144.860718,4125700,0,1,190.298280
2016-01-14,175.9200,147.212204,5081400,0,1,193.387288
2016-01-15,172.1500,144.057343,8087300,0,1,189.242960
2016-01-19,172.3400,144.216415,5863300,0,1,189.451825
2016-01-20,170.3200,142.526016,8577600,0,1,187.231257
2016-01-21,171.1500,143.220505,3004600,0,1,188.143669
2016-01-22,174.6600,146.157761,2611700,0,1,192.002181
2016-01-25,172.0700,143.990494,2756400,0,1,189.155017
2016-01-26,174.4000,145.940170,2263700,0,1,191.716365
2016-01-27,172.4200,144.283279,3543000,0,1,189.539769
2016-01-28,173.3600,145.069931,2616400,0,1,190.573102
2016-01-29,177.7500,148.743530,4453100,0,1,195.398990
2016-02-01,177.5900,148.609634,3923200,0,1,195.223104
2016-02-02,174.3700,145.915085,5101200,0,1,191.683386
2016-02-03,175.3900,146.768677,3871000,0,1,192.804663
2016-02-04,175.6100,146.952728,3562200,0,1,193.046507
2016-02-05,172.3100,144.191284,2371900,0,1,189.418847
2016-02-08,169.9400,142.208023,3402000,0,1,186.813527
2016-02-09,169.9900,142.249832,2360700,0,1,186.868491
2016-02-10,169.8800,142.157791,1953600,0,1,186.747569
2016-02-11,167.7000,140.333557,3439200,0,1,184.351115
2016-02-12,171.1400,143.212143,1800300,0,1,188.132676
2016-02-16,174.0100,145.613815,2361000,0,1,191.287642
2016-02-17,176.8600,147.998764,2265400,0,1,194.420621
2016-02-18,176.1100,147.371155,1646000,0,1,193.596153
2016-02-19,176.0700,147.337662,1136900,0,1,193.552181
2016-02-22,178.5900,149.446472,2603100,0,1,196.322395
2016-02-23,176.3500,147.571976,2076000,0,1,193.859983
2016-02-24,177.1800,148.266556,2599800,0,1,194.772394
2016-02-25,179.3100,150.048935,2546000,0,1,197.113884
2016-02-26,178.9800,149.772781,2560800,0,1,196.751118
2016-02-29,177.3800,148.433899,3128400,0,1,194.992253
2016-03-01,181.7500,152.090744,3041400,0,1,199.796155
2016-03-02,182.5200,152.735153,3839200,0,1,200.642609
2016-03-03,183.1900,153.295761,3150400,0,1,201.379134
2016-03-04,183.7800,153.789505,2821000,0,1,202.027715
2016-03-07,183.9800,153.956833,3449900,0,1,202.247574
2016-03-08,181.9100,152.224625,3385400,0,1,199.972041
2016-03-09,182.9100,153.061478,1641600,0,1,201.071332
2016-03-10,183.0100,153.145142,2090500,0,1,201.181261
2016-03-11,185.9800,155.630478,2231000,0,1,204.446156
2016-03-14,185.7000,155.396194,1412800,0,1,204.138354
2016-03-15,185.4600,155.195358,1325300,0,1,203.874524
2016-03-16,186.5700,156.124207,2700700,0,1,205.094738
2016-03-17,187.7500,157.111633,1937300,0,1,206.391901
2016-03-18,188.4500,157.697403,2623400,0,1,207.161405
2016-03-21,187.7300,157.938049,1535400,1.006,1,207.475802
2016-03-22,187.6300,157.853882,1521600,0,1,207.365284
2016-03-23,186.4300,156.844330,1633300,0,1,206.039066
2016-03-24,186.3000,156.734985,1874800,0,1,205.895392
2016-03-28,186.4300,156.844330,1271200,0,1,206.039066
2016-03-29,188.2200,158.350266,1604900,0,1,208.017341
2016-03-30,189.0100,159.014877,1908400,0,1,208.890435
2016-03-31,188.5600,158.636353,3007800,0,1,208.393103
2016-04-01,189.7700,159.654312,2971800,0,1,209.730373
2016-04-04,189.1700,159.149536,1259500,0,1,209.067264
2016-04-05,187.2500,157.534195,1737500,0,1,206.945315
2016-04-06,189.2900,159.250504,1860800,0,1,209.199886
2016-04-07,187.0600,157.374390,2635300,0,1,206.735330
2016-04-08,187.5700,157.803467,2043800,0,1,207.298973
2016-04-11,187.0800,157.391174,1355300,0,1,206.757434
2016-04-12,188.9000,158.922363,1590700,0,1,208.768865
2016-04-13,190.7900,160.512421,1972900,0,1,210.857659
2016-04-14,190.7700,160.495636,3214800,0,1,210.835555
2016-04-15,190.5600,160.318909,2059700,0,1,210.603467
2016-04-18,191.9400,161.479904,2345300,0,1,212.128618
2016-04-19,192.5200,161.967896,1633300,0,1,212.769623
2016-04-20,192.6800,162.102478,1636800,0,1,212.946453
2016-04-21,191.6100,161.202271,1814700,0,1,211.763908
2016-04-22,191.6600,161.244370,1863900,0,1,211.819167
2016-04-25,191.3500,160.983536,2368000,0,1,211.476561
2016-04-26,191.6300,161.219147,1715300,0,1,211.786012
2016-04-27,192.0300,161.555618,1971700,0,1,212.228084
2016-04-28,190.3000,160.100189,1578800,0,1,210.316120
2016-04-29,189.2200,159.191559,2785500,0,1,209.122523
2016-05-02,190.7300,160.461945,1638900,0,1,210.791348
2016-05-03,189.1000,159.090637,2351900,0,1,208.989901
2016-05-04,187.9900,158.156754,2079600,0,1,207.763149
2016-05-05,187.9700,158.139938,1611600,0,1,207.741046
2016-05-06,188.6500,158.712036,1551400,0,1,208.492569
2016-05-09,188.8500,158.880280,1569000,0,1,208.713606
2016-05-10,191.1900,160.848969,1021100,0,1,211.299732
2016-05-11,189.4000,159.343018,2725500,0,1,209.321456
2016-05-12,189.5100,159.435532,1783200,0,1,209.443026
2016-05-13,187.7600,157.963287,1658700,0,1,207.508958
2016-05-16,189.6300,159.536530,1075000,0,1,209.575648
2016-05-17,187.9600,158.131577,3327100,0,1,207.729994
2016-05-18,187.9300,158.106277,1942000,0,1,207.696838
2016-05-19,187.3200,157.593109,1796000,0,1,207.022677
2016-05-20,188.4900,158.577454,1588700,0,1,208.315740
2016-05-23,188.2400,158.367142,1415400,0,1,208.039445
2016-05-24,190.6300,160.377792,1985400,0,1,210.680830
2016-05-25,191.9300,161.471466,2006700,0,1,212.117566
2016-05-26,192.0200,161.547241,1225300,0,1,212.217033
2016-05-27,192.7700,162.178238,988600,0,1,213.045919
2016-05-31,192.5400,161.984726,2821900,0,1,212.791727
2016-06-01,192.9000,162.287567,2375500,0,1,213.189593
2016-06-02,193.4800,162.775589,1601700,0,1,213.830598
2016-06-03,192.9200,162.304413,1897100,0,1,213.211696
2016-06-06,193.8500,163.086792,1177600,0,1,214.239515
2016-06-07,194.2000,163.381317,1551200,0,1,214.626329
2016-06-08,194.8400,163.919693,1041100,0,1,215.333646
2016-06-09,194.5400,163.667358,1521600,0,1,215.002091
2016-06-10,192.6700,162.094055,1932900,0,1,212.935401
2016-06-13,191.2200,160.874176,2318200,0,1,211.332887
2016-06-14,190.8000,160.520859,2051200,0,1,210.868711
2016-06-15,190.5200,160.285248,1590700,0,1,210.559260
2016-06-16,191.1400,160.806915,2744400,0,1,211.244472
2016-06-17,190.4300,160.209549,1701000,0,1,210.459793
2016-06-20,191.6500,161.235901,1192800,0,1,211.808115
2016-06-21,191.2400,161.695099,1826500,0.953,1,212.408229
2016-06-22,190.9200,161.424469,2245900,0,1,212.052808
2016-06-23,193.3900,163.512894,2582200,0,1,214.796211
2016-06-24,186.3400,157.552063,10310500,0,1,206.965851
2016-06-27,183.0500,154.770325,7717000,0,1,203.311683
2016-06-28,186.4300,157.628159,4475900,0,1,207.065813
2016-06-29,189.6400,160.342255,4147800,0,1,210.631126
2016-06-30,192.2000,162.506790,3822200,0,1,213.474491
2016-07-01,192.6000,162.845001,2170900,0,1,213.918766
2016-07-05,191.2500,161.703522,2233000,0,1,212.419336
2016-07-06,192.3800,162.658997,2197800,0,1,213.674415
2016-07-07,192.2500,162.549026,1704900,0,1,213.530025
2016-07-08,195.1700,165.017853,2048200,0,1,216.773238
2016-07-11,195.8500,165.592880,3590400,0,1,217.528507
2016-07-12,197.2300,166.759674,2356700,0,1,219.061258
2016-07-13,197.1600,166.700470,2767300,0,1,218.983510
2016-07-14,198.3100,167.672775,3691100,0,1,220.260803
2016-07-15,198.0100,167.419144,2346500,0,1,219.927596
2016-07-18,198.5800,167.901093,1155700,0,1,220.560689
2016-07-19,198.3600,167.715103,1003200,0,1,220.316337
2016-07-20,199.1600,168.391479,1096900,0,1,221.204889
2016-07-21,198.4100,167.757324,4509800,0,1,220.371872
2016-07-22,199.3300,168.535233,1678900,0,1,221.393706
2016-07-25,198.8500,168.129395,1172600,0,1,220.860575
2016-07-26,198.8400,168.120880,1405300,0,1,220.849468
2016-07-27,198.7100,168.011032,2120100,0,1,220.705078
2016-07-28,198.9300,168.197006,937200,0,1,220.949430
2016-07-29,199.2800,168.492981,1758600,0,1,221.338171
2016-08-01,199.0500,168.298492,2111500,0,1,221.082713
2016-08-02,197.8100,167.250015,4085800,0,1,219.705458
2016-08-03,198.3800,167.732010,2057500,0,1,220.338551
2016-08-04,198.5700,167.892639,1384700,0,1,220.549582
2016-08-05,200.1700,169.245453,1818600,0,1,222.326685
2016-08-08,200.0700,169.160919,1441900,0,1,222.215616
2016-08-09,200.2000,169.270798,1821100,0,1,222.360005
2016-08-10,199.6900,168.839645,1222300,0,1,221.793554
2016-08-11,200.6700,169.668228,1644700,0,1,222.882029
2016-08-12,200.4700,169.499084,1718400,0,1,222.659892
2016-08-15,201.0500,169.989532,1051100,0,1,223.304091
2016-08-16,200.0100,169.110168,1731200,0,1,222.148974
2016-08-17,200.3400,169.389175,3157700,0,1,222.515502
2016-08-18,200.8200,169.795059,5211200,0,1,223.048633
2016-08-19,200.5400,169.558304,1190800,0,1,222.737640
2016-08-22,200.5200,169.541367,880300,0,1,222.715426
2016-08-23,200.8900,169.854218,1214400,0,1,223.126381
2016-08-24,199.9200,169.034042,1161300,0,1,222.049012
2016-08-25,199.7600,168.898788,1262600,0,1,221.871302
2016-08-26,199.3800,168.577469,2890600,0,1,221.449240
2016-08-29,200.3900,169.431458,1140700,0,1,222.571036
2016-08-30,200.0100,169.110168,1407400,0,1,222.148974
2016-08-31,199.5200,168.695892,2343900,0,1,221.604737
2016-09-01,199.4800,168.661987,2196100,0,1,221.560309
2016-09-02,200.3700,169.414566,1555800,0,1,222.548823
2016-09-06,201.0000,169.947250,1589600,0,1,223.248557
2016-09-07,200.9900,169.938766,1455400,0,1,223.237450
2016-09-08,200.5200,169.541367,2180400,0,1,222.715426
2016-09-09,195.6800,165.449127,3435600,0,1,217.339690
2016-09-12,198.4800,167.816544,2799900,0,1,220.449620
2016-09-13,194.7800,165.424133,3365300,0.883,1,217.320808
2016-09-14,194.6600,165.322189,2967100,0,1,217.186921
2016-09-15,196.6600,167.020706,1874400,0,1,219.418370
2016-09-16,195.8900,166.366806,1774100,0,1,218.559262
2016-09-19,195.9500,166.417755,2061400,0,1,218.626206
2016-09-20,195.9700,166.434769,1294100,0,1,218.648520
2016-09-21,198.1700,168.303238,2238800,0,1,221.103114
2016-09-22,199.3600,169.313858,2215200,0,1,222.430826
2016-09-23,198.2900,168.405151,1413400,0,1,221.237001
2016-09-26,196.7100,167.063217,2451600,0,1,219.474156
2016-09-27,197.9100,168.082367,1468000,0,1,220.813025
2016-09-28,198.9800,168.991074,1419900,0,1,222.006851
2016-09-29,197.1100,167.402939,2074600,0,1,219.920446
2016-09-30,198.6900,168.744797,3147400,0,1,221.683291
2016-10-03,198.0600,168.209778,2136000,0,1,220.980384
2016-10-04,197.1400,167.428391,2846600,0,1,219.953918
2016-10-05,197.9600,168.124847,1126700,0,1,220.868812
2016-10-06,198.1900,168.320175,1117400,0,1,221.125428
2016-10-07,197.4600,167.700150,1795100,0,1,220.310949
2016-10-10,198.3700,168.473022,1297400,0,1,221.326259
2016-10-11,195.9600,166.426315,2643500,0,1,218.637363
2016-10-12,196.2100,166.638596,1458700,0,1,218.916294
2016-10-13,195.5800,166.103531,2407100,0,1,218.213387
2016-10-14,195.6300,166.145996,1218800,0,1,218.269174
2016-10-17,195.0500,165.653427,1323200,0,1,217.622054
2016-10-18,196.2000,166.630066,1263300,0,1,218.905137
2016-10-19,196.7400,167.088730,1041300,0,1,219.507628
2016-10-20,196.4200,166.816910,1309600,0,1,219.150596
2016-10-21,196.4700,166.859390,1376300,0,1,219.206382
2016-10-24,197.2700,167.538818,817000,0,1,220.098962
2016-10-25,196.7100,167.063217,1465300,0,1,219.474156
2016-10-26,196.2700,166.689545,1202300,0,1,218.983237
2016-10-27,195.7500,166.247910,1635500,0,1,218.403061
2016-10-28,195.1300,165.721359,2632000,0,1,217.711311
2016-10-31,195.1300,165.721359,1816300,0,1,217.711311
2016-11-01,193.7700,164.566330,2456600,0,1,216.193926
2016-11-02,192.4900,163.479263,3395900,0,1,214.765799
2016-11-03,191.7400,162.842270,1512200,0,1,213.929006
2016-11-04,191.4800,162.621506,2221300,0,1,213.638917
2016-11-07,195.6800,166.188461,2699100,0,1,218.324960
2016-11-08,196.5800,166.952850,3055900,0,1,219.329112
2016-11-09,198.6800,168.736343,6119100,0,1,221.672133
2016-11-10,199.1400,169.126968,5126400,0,1,222.185367
2016-11-11,198.7700,168.812805,1954200,0,1,221.772548
2016-11-14,198.8000,168.838196,2651000,0,1,221.806020
2016-11-15,200.4100,170.205566,2532400,0,1,223.602337
2016-11-16,200.0700,169.916809,1195000,0,1,223.222990
2016-11-17,201.0200,170.723618,1178200,0,1,224.282928
2016-11-18,200.6600,170.417908,1668300,0,1,223.881268
2016-11-21,202.1400,171.674881,2641300,0,1,225.532540
2016-11-22,202.5100,171.989105,2773400,0,1,225.945358
2016-11-23,202.6900,172.141983,1466300,0,1,226.146188
2016-11-25,203.5000,172.829880,1843100,0,1,227.049925
2016-11-28,202.5400,172.014557,2193000,0,1,225.978830
2016-11-29,202.8600,172.286346,1689600,0,1,226.335861
2016-11-30,202.4000,171.895645,2360100,0,1,225.822628
2016-12-01,201.6100,171.224747,3284100,0,1,224.941206
2016-12-02,201.7500,171.343658,2118900,0,1,225.097407
2016-12-05,202.9100,172.328812,2070500,0,1,226.391648
2016-12-06,203.6200,172.931793,2413300,0,1,227.183812
2016-12-07,206.2000,175.122971,2253900,0,1,230.062381
2016-12-08,206.7400,175.581573,2983000,0,1,230.664872
2016-12-09,208.0000,176.651642,1972000,0,1,232.070685
2016-12-12,207.7700,176.456390,2419600,0,1,231.814069
2016-12-13,209.1900,177.662369,2670200,0,1,233.398397
2016-12-14,207.4600,176.193024,4232900,0,1,231.468194
2016-12-15,208.2300,176.846970,2812500,0,1,232.327302
2016-12-16,207.8700,176.541290,3074000,0,1,231.925641
2016-12-19,208.3400,176.940445,2042000,0,1,232.450031
2016-12-20,209.1400,177.619827,3195300,0,1,233.342611
2016-12-21,208.5700,177.135742,1546600,0,1,232.706648
2016-12-22,207.0100,176.910187,1863700,1.296,1,232.412097
2016-12-23,207.1900,177.064011,1278900,0,1,232.614185
2016-12-27,207.7000,177.499802,1818500,0,1,233.186766
2016-12-28,206.0600,176.098251,2228000,0,1,231.345523
2016-12-29,206.0200,176.064117,1772700,0,1,231.300614
2016-12-30,205.3100,175.457367,4251000,0,1,230.503491
2017-01-03,206.7400,176.679398,4750200,0,1,232.108965
2017-01-04,207.9600,177.722031,4622400,0,1,233.478671
2017-01-05,207.8000,177.585220,2772100,0,1,233.299037
2017-01-06,208.6100,178.277496,2194600,0,1,234.208432
2017-01-09,207.9500,177.713501,1705200,0,1,233.467444
2017-01-10,207.9200,177.687866,2189400,0,1,233.433762
2017-01-11,208.5100,178.192062,5677600,0,1,234.096161
2017-01-12,208.0500,177.798920,3244600,0,1,233.579715
2017-01-13,208.4600,178.149323,2822700,0,1,234.040026
2017-01-17,207.7200,177.516891,1690000,0,1,233.209221
2017-01-18,208.1600,177.892960,1980500,0,1,233.703213
2017-01-19,207.4600,177.294724,1666900,0,1,232.917316
2017-01-20,208.1300,177.867294,2082500,0,1,233.669531
2017-01-23,207.6500,177.457047,4586600,0,1,233.130631
2017-01-24,208.9700,178.585144,1940100,0,1,234.612607
2017-01-25,210.7100,180.072159,2873000,0,1,236.566122
2017-01-26,210.5500,179.935455,2485100,0,1,236.386488
2017-01-27,210.2500,179.679047,1428200,0,1,236.049676
2017-01-30,208.9800,178.593719,2782300,0,1,234.623835
2017-01-31,208.9700,178.585144,3787100,0,1,234.612607
2017-02-01,209.0000,178.610809,2698800,0,1,234.646289
2017-02-02,209.0900,178.687714,1661300,0,1,234.747333
2017-02-03,210.6400,180.012344,4264400,0,1,236.487532
2017-02-06,210.2000,179.636292,1345500,0,1,235.993540
2017-02-07,210.2500,179.679047,1194600,0,1,236.049676
2017-02-08,210.5200,179.909744,1096100,0,1,236.352807
2017-02-09,211.7200,180.935318,1237100,0,1,237.700059
2017-02-10,212.5700,181.661713,1412400,0,1,238.654362
2017-02-13,213.7000,182.627411,1756300,0,1,239.923023
2017-02-14,214.5900,183.387985,2528100,0,1,240.922235
2017-02-15,215.6800,184.319489,2050200,0,1,242.145988
2017-02-16,215.5100,184.174240,1920100,0,1,241.955128
2017-02-17,215.8400,184.456238,1452600,0,1,242.325622
2017-02-21,217.1100,185.541595,1893000,0,1,243.751463
2017-02-22,217.0100,185.456100,1471400,0,1,243.639192
2017-02-23,217.1300,185.558731,1717200,0,1,243.773917
2017-02-24,217.3900,185.780853,1637700,0,1,244.065822
2017-02-27,217.7100,186.054352,1942200,0,1,244.425089
2017-02-28,217.0700,185.507385,2181000,0,1,243.706555
2017-03-01,220.1500,188.139542,3325500,0,1,247.164500
2017-03-02,218.8600,187.037109,1657100,0,1,245.716205
2017-03-03,218.9800,187.139664,1765900,0,1,245.850930
2017-03-06,218.3000,186.558563,1530600,0,1,245.087487
2017-03-07,217.6400,185.994461,1743200,0,1,244.346499
2017-03-08,217.1800,185.601425,1784400,0,1,243.830053
2017-03-09,217.4100,185.797958,1636200,0,1,244.088276
2017-03-10,218.1700,186.447433,1819900,0,1,244.941535
2017-03-13,218.3000,186.558563,1388100,0,1,245.087487
2017-03-14,217.5600,185.926178,1428400,0,1,244.256682
2017-03-15,219.3700,187.472946,3358800,0,1,246.288786
2017-03-16,219.0000,187.156784,1710900,0,1,245.873384
2017-03-17,218.5600,186.780746,1588500,0,1,245.379392
2017-03-20,218.3700,186.618347,1035900,0,1,245.166077
2017-03-21,215.5800,184.234070,3468700,0,1,242.033717
2017-03-22,215.0200,184.610107,2600300,0.998,1,242.525464
2017-03-23,214.8000,184.421219,2436700,0,1,242.277322
2017-03-24,214.7300,184.361130,2647600,0,1,242.198367
2017-03-27,214.3800,184.060593,2082900,0,1,241.803595
2017-03-28,215.9700,185.425735,3057200,0,1,243.596989
2017-03-29,216.2900,185.700470,1748500,0,1,243.957923
2017-03-30,216.8700,186.198456,2494800,0,1,244.612117
2017-03-31,216.3500,185.752014,1331400,0,1,244.025598
2017-04-03,216.0800,185.520187,2843700,0,1,243.721060
2017-04-04,216.2000,185.623215,2481600,0,1,243.856410
2017-04-05,215.5400,185.056534,2311800,0,1,243.111983
2017-04-06,216.1000,185.537384,1635500,0,1,243.743618
2017-04-07,215.9100,185.374222,1835900,0,1,243.529313
2017-04-10,216.0600,185.503036,1311900,0,1,243.698501
2017-04-11,215.7900,185.271225,1787300,0,1,243.393963
2017-04-12,214.9000,184.507080,2002700,0,1,242.390114
2017-04-13,213.4700,183.279327,1806800,0,1,240.777187
2017-04-17,215.3400,184.884811,1746900,0,1,242.886399
2017-04-18,214.7500,184.378296,2695900,0,1,242.220926
2017-04-19,214.2800,183.974747,2032400,0,1,241.690803
2017-04-20,216.0300,185.477249,2734000,0,1,243.664664
2017-04-21,215.4000,184.936340,2594400,0,1,242.954074
2017-04-24,217.7000,186.911026,2366400,0,1,245.548291
2017-04-25,219.0100,188.035797,1745100,0,1,247.025867
2017-04-26,218.8500,187.898438,2824500,0,1,246.845400
2017-04-27,219.0200,188.044403,1154200,0,1,247.037146
2017-04-28,218.6000,187.683853,1257600,0,1,246.563419
2017-05-01,219.1300,188.138840,1506700,0,1,247.161217
2017-05-02,219.2000,188.198929,2573000,0,1,247.240172
2017-05-03,218.9800,188.010071,1654600,0,1,246.992029
2017-05-04,219.1800,188.181763,1439100,0,1,247.217613
2017-05-05,220.0600,188.937302,1729700,0,1,248.210183
2017-05-08,220.0700,188.945877,2225000,0,1,248.221463
2017-05-09,219.7900,188.705505,1636900,0,1,247.905645
2017-05-10,220.2000,189.057526,1066900,0,1,248.368092
2017-05-11,219.7500,188.671082,1855700,0,1,247.860528
2017-05-12,219.4100,188.379227,1056500,0,1,247.477035
2017-05-15,220.5200,189.332275,1440600,0,1,248.729027
2017-05-16,220.4800,189.297897,2452500,0,1,248.683910
2017-05-17,216.5700,185.940903,3507700,0,1,244.273741
2017-05-18,217.3600,186.619186,2894500,0,1,245.164798
2017-05-19,218.7100,187.778244,2436500,0,1,246.687491
2017-05-22,219.9300,188.825729,1865000,0,1,248.063554
2017-05-23,220.3600,189.194855,1259000,0,1,248.548560
2017-05-24,220.8900,189.649933,1453900,0,1,249.146357
2017-05-25,221.9200,190.534271,1564600,0,1,250.308116
2017-05-26,221.9300,190.542816,1196000,0,1,250.319395
2017-05-30,221.7200,190.362549,1511700,0,1,250.082531
2017-05-31,221.6700,190.319580,2326200,0,1,250.026135
2017-06-01,223.4000,191.804947,2112900,0,1,251.977438
2017-06-02,224.1000,192.405884,1857600,0,1,252.766982
2017-06-05,223.9500,192.277145,1831200,0,1,252.597794
2017-06-06,223.3100,191.727676,1449400,0,1,251.875925
2017-06-07,223.6800,192.045364,1328800,0,1,252.293256
2017-06-08,223.7600,192.114044,1116100,0,1,252.383489
2017-06-09,223.5000,191.890808,2117600,0,1,252.090230
2017-06-12,223.4100,191.813522,1812100,0,1,251.988717
2017-06-13,224.5000,192.749374,2170700,0,1,253.218150
2017-06-14,224.2600,192.543259,1886000,0,1,252.947449
2017-06-15,223.8100,192.156967,2170900,0,1,252.439885
2017-06-16,223.8700,192.208420,1603600,0,1,252.507560
2017-06-19,225.7000,193.779663,1433100,0,1,254.571655
2017-06-20,224.2200,192.509018,1366000,0,1,252.902333
2017-06-21,224.1300,192.431686,1422000,0,1,252.800820
2017-06-22,224.0000,192.320084,1344400,0,1,252.654190
2017-06-23,223.3700,192.647797,1257400,1.01,1,253.082800
2017-06-26,223.4400,192.708206,1321700,0,1,253.162111
2017-06-27,221.6600,191.173019,3476700,0,1,251.145335
2017-06-28,223.6200,192.863419,2875800,0,1,253.366055
2017-06-29,221.6900,191.198868,4613000,0,1,251.179325
2017-06-30,222.0600,191.517960,2982300,0,1,251.598543
2017-07-03,222.5500,191.940552,1762500,0,1,252.153723
2017-07-05,222.9400,192.276962,2043800,0,1,252.595601
2017-07-06,220.9400,190.552048,2540700,0,1,250.329560
2017-07-07,222.3400,191.759491,2148000,0,1,251.915789
2017-07-10,222.5700,191.957870,1800100,0,1,252.176383
2017-07-11,222.4000,191.811203,1638700,0,1,251.983770
2017-07-12,224.0700,193.251526,1492100,0,1,253.875914
2017-07-13,224.4500,193.579239,1485500,0,1,254.306462
2017-07-14,225.4700,194.458939,1642400,0,1,255.462143
2017-07-17,225.5000,194.484863,1176200,0,1,255.496134
2017-07-18,225.6700,194.631485,3146500,0,1,255.688747
2017-07-19,226.8600,195.657822,1255300,0,1,257.037042
2017-07-20,226.9300,195.718170,1698100,0,1,257.116353
2017-07-21,226.7700,195.580200,2461700,0,1,256.935070
2017-07-24,226.6900,195.511139,1278200,0,1,256.844428
2017-07-25,227.2300,195.976974,1349500,0,1,257.456259
2017-07-26,227.3000,196.037277,1574100,0,1,257.535571
2017-07-27,227.0300,195.804398,1834500,0,1,257.229655
2017-07-28,226.7700,195.580200,2364100,0,1,256.935070
2017-07-31,226.6400,195.468079,3020000,0,1,256.787777
2017-08-01,227.1500,195.907867,1674500,0,1,257.365618
2017-08-02,227.2800,196.020004,1889300,0,1,257.512910
2017-08-03,226.8800,195.675079,1266400,0,1,257.059702
2017-08-04,227.2600,196.002777,1039800,0,1,257.490250
2017-08-07,227.6300,196.321945,848500,0,1,257.909467
2017-08-08,227.1800,195.933792,1064700,0,1,257.399608
2017-08-09,227.0500,195.821625,1536600,0,1,257.252316
2017-08-10,223.9300,193.130768,3043300,0,1,253.717291
2017-08-11,224.2300,193.389557,1584300,0,1,254.057198
2017-08-14,226.4300,195.286880,2201900,0,1,256.549843
2017-08-15,226.4500,195.304184,1309700,0,1,256.572503
2017-08-16,226.8100,195.614670,1531400,0,1,256.980391
2017-08-17,223.2800,192.570221,3396200,0,1,252.980828
2017-08-18,222.8700,192.216599,2691100,0,1,252.516290
2017-08-21,223.1400,192.449432,1281300,0,1,252.822205
2017-08-22,225.4000,194.398605,1455700,0,1,255.382832
2017-08-23,224.6300,193.734512,1462900,0,1,254.510406
2017-08-24,224.1100,193.286041,1345100,0,1,253.921235
2017-08-25,224.6000,193.708633,1220800,0,1,254.476415
2017-08-28,224.6800,193.777679,801000,0,1,254.567057
2017-08-29,224.8500,193.924255,1397400,0,1,254.759670
2017-08-30,225.9700,194.890182,1377800,0,1,256.028653
2017-08-31,227.3000,196.037277,2202700,0,1,257.535571
2017-09-01,227.6900,196.373627,1393700,0,1,257.977449
2017-09-05,226.0100,194.924683,2222300,0,1,256.073974
2017-09-06,226.8000,195.606033,1523300,0,1,256.969060
2017-09-07,226.7500,195.562927,1620300,0,1,256.912409
2017-09-08,226.4000,195.261047,1896900,0,1,256.515852
2017-09-11,228.8700,197.391342,2007200,0,1,259.314413
2017-09-12,229.7100,198.115784,1535000,0,1,260.266150
2017-09-13,229.8500,198.236557,1155800,0,1,260.424773
2017-09-14,229.7700,198.167557,1857300,0,1,260.334131
2017-09-15,230.0900,198.443588,1419700,0,1,260.696698
2017-09-18,230.4900,198.788559,1325200,0,1,261.149906
2017-09-19,230.7700,199.029984,1302400,0,1,261.467152
2017-09-20,229.7200,199.139252,1850500,1.176,1,261.609913
2017-09-21,229.0700,198.575714,1899900,0,1,260.869679
2017-09-22,229.0400,198.549744,1599200,0,1,260.835514
2017-09-25,228.7000,198.255020,1523300,0,1,260.448315
2017-09-26,228.7800,198.324371,2335000,0,1,260.539421
2017-09-27,229.6700,199.095886,2103600,0,1,261.552972
2017-09-28,229.9400,199.329971,1084700,0,1,261.860453
2017-09-29,230.7600,200.040787,1726200,0,1,262.794286
2017-10-02,231.7300,200.881683,1960600,0,1,263.898942
2017-10-03,232.2000,201.289108,1316400,0,1,264.434188
2017-10-04,232.5200,201.566544,1006700,0,1,264.798611
2017-10-05,233.9000,202.762787,1471800,0,1,266.370183
2017-10-06,233.6800,202.572113,1101500,0,1,266.119643
2017-10-09,233.2700,202.216705,768300,0,1,265.652726
2017-10-10,233.8600,202.728119,1027600,0,1,266.324631
2017-10-11,234.2400,203.057526,1036400,0,1,266.757383
2017-10-12,233.8800,202.745468,1079400,0,1,266.347407
2017-10-13,234.1400,202.970795,1067900,0,1,266.643500
2017-10-16,234.5100,203.291580,1767300,0,1,267.064864
2017-10-17,234.6600,203.421631,1332100,0,1,267.235687
2017-10-18,234.8700,203.603668,1527800,0,1,267.474840
2017-10-19,234.9900,203.707642,1653600,0,1,267.611498
2017-10-20,236.1600,204.721954,1296300,0,1,268.943918
2017-10-23,235.3000,203.976379,1101000,0,1,267.964533
2017-10-24,235.6300,204.262512,1818400,0,1,268.340343
2017-10-25,234.5000,203.282898,1943400,0,1,267.053476
2017-10-26,234.7200,203.473633,3298200,0,1,267.304017
2017-10-27,236.7200,205.207413,2825000,0,1,269.581658
2017-10-30,235.8600,204.461853,1292500,0,1,268.602272
2017-10-31,236.1300,204.695908,1357600,0,1,268.909754
2017-11-01,236.5400,205.051331,2078300,0,1,269.376670
2017-11-02,236.6400,205.138062,1908100,0,1,269.490552
2017-11-03,237.4300,205.822876,1934200,0,1,270.390221
2017-11-06,237.7900,206.134949,1688600,0,1,270.800196
2017-11-07,237.6900,206.048279,1502700,0,1,270.686314
2017-11-08,238.0400,206.351669,4711000,0,1,271.084902
2017-11-09,237.1800,205.606171,1644100,0,1,270.105516
2017-11-10,237.0400,205.484802,1019000,0,1,269.946081
2017-11-13,237.3200,205.727509,900000,0,1,270.264951
2017-11-14,236.7400,205.224747,2763300,0,1,269.604435
2017-11-15,235.5300,204.175827,2436200,0,1,268.226461
2017-11-16,237.5400,205.918213,1072300,0,1,270.515491
2017-11-17,236.9000,205.363419,1370500,0,1,269.786646
2017-11-20,237.2100,205.632156,1420400,0,1,270.139680
2017-11-21,238.7900,207.001755,1151500,0,1,271.939017
2017-11-22,238.6200,206.854431,2143500,0,1,271.745418
2017-11-24,239.1200,207.287933,1219300,0,1,272.314828
2017-11-27,239.0500,207.227219,2654000,0,1,272.235111
2017-11-28,241.4200,209.281723,1800500,0,1,274.934116
2017-11-29,241.3300,209.203659,2442100,0,1,274.831622
2017-11-30,243.3500,210.954788,5451700,0,1,277.132040
2017-12-01,242.9000,210.564697,3775600,0,1,276.619571
2017-12-04,242.6400,210.339264,2162000,0,1,276.323477
2017-12-05,241.7800,209.593826,1886300,0,1,275.344091
2017-12-06,241.7700,209.585098,1204800,0,1,275.332703
2017-12-07,242.5700,210.278625,2670000,0,1,276.243760
2017-12-08,243.8900,211.422928,1685700,0,1,277.747003
2017-12-11,244.6800,212.107773,2513300,0,1,278.646672
2017-12-12,245.1000,212.471802,1855000,0,1,279.124976
2017-12-13,245.0400,212.419815,1808300,0,1,279.056647
2017-12-14,244.0700,211.578964,1932900,0,1,277.951991
2017-12-15,246.1200,213.356033,3170800,0,1,280.286574
2017-12-18,247.6500,214.682373,2089600,0,1,282.028969
2017-12-19,246.7500,213.902176,3170300,0,1,281.004031
2017-12-20,246.5600,213.737473,2570000,0,1,280.787655
2017-12-21,247.0600,214.170898,2262400,0,1,281.357065
2017-12-22,247.0100,214.127548,1888500,0,1,281.300124
2017-12-26,245.5400,213.878387,1492300,1.184,1,280.974421
2017-12-27,245.6800,214.000397,1379100,0,1,281.134625
2017-12-28,246.1400,214.401031,2346700,0,1,281.661009
2017-12-29,245.2900,213.660675,2326700,0,1,280.688343
2018-01-02,247.0900,215.228592,2784300,0,1,282.748105
2018-01-03,248.5600,216.509003,2917700,0,1,284.430244
2018-01-04,249.6500,217.458481,2918000,0,1,285.677545
2018-01-05,251.2500,218.852158,2190200,0,1,287.508444
2018-01-08,251.7700,219.305099,2476200,0,1,288.103486
2018-01-09,252.3000,219.766754,2129800,0,1,288.709972
2018-01-10,251.8700,219.392212,1953600,0,1,288.217918
2018-01-11,253.7300,221.012344,2280300,0,1,290.346338
2018-01-12,255.4100,222.475769,2054900,0,1,292.268783
2018-01-16,254.4800,221.665695,3719600,0,1,291.204573
2018-01-17,256.9400,223.808487,1867700,0,1,294.019581
2018-01-18,256.5900,223.503586,3154200,0,1,293.619071
2018-01-19,257.6800,224.453018,2541200,0,1,294.866372
2018-01-22,259.7500,226.256104,1607800,0,1,297.235098
2018-01-23,260.3400,226.770020,2161100,0,1,297.910242
2018-01-24,260.2100,226.656799,2935500,0,1,297.761482
2018-01-25,260.3300,226.761261,3585600,0,1,297.898799
2018-01-26,263.3600,229.400604,2857300,0,1,301.366065
2018-01-29,261.5400,227.815292,5145000,0,1,299.283417
2018-01-30,258.7500,225.385086,6678900,0,1,296.090786
2018-01-31,258.9900,225.594055,5585800,0,1,296.365421
2018-02-01,258.7300,225.367630,3125700,0,1,296.067899
2018-02-02,253.1900,220.542038,5532200,0,1,289.728410
2018-02-05,242.7900,211.483093,8559200,0,1,277.827563
2018-02-06,247.2800,215.394058,11701700,0,1,282.965525
2018-02-07,245.9300,214.218155,6240200,0,1,281.420703
2018-02-08,236.7900,206.256714,6985700,0,1,270.961689
2018-02-09,240.4400,209.436066,9713100,0,1,275.138429
2018-02-12,243.7400,212.310577,4236200,0,1,278.914659
2018-02-13,244.5600,213.024796,3077700,0,1,279.852995
2018-02-14,247.7600,215.812180,3650800,0,1,283.514794
2018-02-15,250.9700,218.608276,2923800,0,1,287.188037
2018-02-16,250.9400,218.582123,3007500,0,1,287.153707
2018-02-20,249.4200,217.258133,3454400,0,1,285.414353
2018-02-21,248.1100,216.117035,2798000,0,1,283.915304
2018-02-22,248.4100,216.378372,3177700,0,1,284.258597
2018-02-23,252.4900,219.932251,2923100,0,1,288.927391
2018-02-26,255.4000,222.466965,1892000,0,1,292.257340
2018-02-27,252.1400,219.627380,2947100,0,1,288.526882
2018-02-28,249.3400,217.188461,2716600,0,1,285.322808
2018-03-01,246.0500,214.322662,5182300,0,1,281.558021
2018-03-02,247.3600,215.463760,3276500,0,1,283.057070
2018-03-05,250.2000,217.937546,3024600,0,1,286.306916
2018-03-06,250.8300,218.486313,1932000,0,1,287.027833
2018-03-07,250.7200,218.390549,2730200,0,1,286.901959
2018-03-08,251.8900,219.409622,3021600,0,1,288.240804
2018-03-09,256.2500,223.207397,2450800,0,1,293.230005
2018-03-12,256.0000,222.989670,2029200,0,1,292.943927
2018-03-13,254.3100,221.517578,3080600,0,1,291.010039
2018-03-14,252.9700,220.350418,2352700,0,1,289.476661
2018-03-15,252.7300,220.141342,2161500,0,1,289.202026
2018-03-16,252.9900,220.367798,1554600,0,1,289.499547
2018-03-19,249.6100,217.423630,2715800,0,1,285.631772
2018-03-20,250.0500,217.806870,1991400,0,1,286.135269
2018-03-21,249.4700,217.301712,2777300,0,1,285.471568
2018-03-22,243.2700,211.901169,3589400,0,1,278.376833
2018-03-23,238.0900,207.389099,3815500,0,1,272.449295
2018-03-26,243.5300,213.097809,5529000,1.084,1,279.914788
2018-03-27,239.3100,209.405182,3363600,0,1,275.064296
2018-03-28,238.6400,208.818878,4384100,0,1,274.294194
2018-03-29,242.0800,211.829041,2910800,0,1,278.248150
2018-04-02,236.4800,206.928818,4696400,0,1,271.811478
2018-04-03,239.4800,209.553925,3287900,0,1,275.259695
2018-04-04,242.2400,211.969070,4598000,0,1,278.432055
2018-04-05,243.9900,213.500366,3436600,0,1,280.443515
2018-04-06,238.6200,208.801376,4931600,0,1,274.271206
2018-04-09,239.5900,209.650192,2956000,0,1,275.386129
2018-04-10,243.5400,213.106567,2903800,0,1,279.926282
2018-04-11,242.2500,211.977814,2068300,0,1,278.443549
2018-04-12,244.2800,213.754120,1723600,0,1,280.776843
2018-04-13,243.6000,213.159042,2887700,0,1,279.995247
2018-04-16,245.5800,214.891678,2149200,0,1,282.271070
2018-04-17,248.2200,217.201782,2301800,0,1,285.305501
2018-04-18,248.3600,217.324280,1365100,0,1,285.466418
2018-04-19,247.0000,216.134232,1997100,0,1,283.903226
2018-04-20,245.0000,214.384171,2103900,0,1,281.604415
2018-04-23,244.8900,214.287918,1472600,0,1,281.477980
2018-04-24,241.5500,211.365280,3653500,0,1,277.638965
2018-04-25,242.1700,211.907806,2354800,0,1,278.351596
2018-04-26,244.6600,214.086624,2106800,0,1,281.213617
2018-04-27,244.9200,214.314087,2178600,0,1,281.512462
2018-04-30,242.9200,212.564041,2146100,0,1,279.213651
2018-05-01,243.4400,213.019058,2323100,0,1,279.811342
2018-05-02,241.7800,211.566498,1636400,0,1,277.903328
2018-05-03,241.2100,211.067764,2666500,0,1,277.248167
2018-05-04,244.4100,213.867935,1785200,0,1,280.926265
2018-05-07,245.1700,214.532898,3127200,0,1,281.799814
2018-05-08,245.1600,214.524155,1924500,0,1,281.788320
2018-05-09,247.5400,216.606781,1506200,0,1,284.523905
2018-05-10,249.8600,218.636826,1537600,0,1,287.190527
2018-05-11,250.4700,219.170593,1703500,0,1,287.891664
2018-05-14,250.7500,219.415634,1478200,0,1,288.213498
2018-05-15,249.0300,217.910522,2600600,0,1,286.236520
2018-05-16,250.0900,218.838089,2588700,0,1,287.454890
2018-05-17,249.8800,218.654327,1714200,0,1,287.213515
2018-05-18,249.2600,218.111816,1702800,0,1,286.500883
2018-05-21,251.0900,219.713135,1262900,0,1,288.604296
2018-05-22,250.3700,219.083084,1055400,0,1,287.776724
2018-05-23,251.1500,219.765625,1484100,0,1,288.673260
2018-05-24,250.6700,219.345642,2025300,0,1,288.121545
2018-05-25,250.0400,218.794296,1654700,0,1,287.397420
2018-05-29,247.1500,216.265472,4465800,0,1,284.075637
2018-05-30,250.4100,219.118103,1359700,0,1,287.822700
2018-05-31,248.7900,217.700546,2378800,0,1,285.960663
2018-06-01,251.4100,219.993118,1953900,0,1,288.972106
2018-06-04,252.5200,220.964417,2031500,0,1,290.247946
2018-06-05,252.8700,221.270706,1491200,0,1,290.650238
2018-06-06,254.8900,223.038254,2763200,0,1,292.972038
2018-06-07,254.7700,222.933289,2615900,0,1,292.834109
2018-06-08,255.5700,223.633316,1517500,0,1,293.753634
2018-06-11,255.9000,223.922028,2648000,0,1,294.132938
2018-06-12,256.3300,224.298340,1182200,0,1,294.627182
2018-06-13,255.3100,223.405807,2507800,0,1,293.454788
2018-06-14,256.0500,224.053314,1913800,0,1,294.305349
2018-06-15,255.8300,223.860779,2000100,0,1,294.052479
2018-06-18,255.2200,223.327042,2015800,0,1,293.351342
2018-06-19,254.2500,222.478210,1863300,0,1,292.236418
2018-06-20,254.7100,222.880768,1578200,0,1,292.765145
2018-06-21,253.1200,221.489426,4037600,0,1,290.937590
2018-06-22,253.5700,221.883224,3092000,0,1,291.454822
2018-06-25,250.0600,218.811859,6690000,0,1,287.420408
2018-06-26,250.6100,219.293152,2968600,0,1,288.052581
2018-06-27,248.5300,217.473038,3433800,0,1,285.661817
2018-06-28,248.8800,218.797836,2638400,1.157,1,287.393972
2018-06-29,249.5100,219.351730,3711600,0,1,288.121464
2018-07-02,249.8000,219.606644,1943100,0,1,288.456341
2018-07-03,248.7900,218.718765,1157900,0,1,287.290044
2018-07-05,250.9200,220.591309,1948100,0,1,289.749660
2018-07-06,253.0100,222.428711,2622200,0,1,292.163086
2018-07-09,255.2500,224.397964,3979500,0,1,294.749724
2018-07-10,256.1400,225.180389,1314500,0,1,295.777451
2018-07-11,254.3900,223.641922,2335100,0,1,293.756639
2018-07-12,256.5700,225.558441,2874000,0,1,296.273993
2018-07-13,256.7900,225.751831,1814500,0,1,296.528037
2018-07-16,256.6300,225.611130,993500,0,1,296.343278
2018-07-17,257.7300,226.578186,1825900,0,1,297.613502
2018-07-18,258.2000,226.991379,2606800,0,1,298.156234
2018-07-19,257.2200,226.129791,2050500,0,1,297.024580
2018-07-20,256.9800,225.918854,2710700,0,1,296.747440
2018-07-23,257.4700,226.349640,1447000,0,1,297.313267
2018-07-24,258.6800,227.413330,2916000,0,1,298.710513
2018-07-25,261.0500,229.496857,2608700,0,1,301.447269
2018-07-26,260.2800,228.819962,2166500,0,1,300.558112
2018-07-27,258.5900,227.334213,2666200,0,1,298.606586
2018-07-30,257.1000,226.024353,1601400,0,1,296.886010
2018-07-31,258.4000,227.167191,1992500,0,1,298.387184
2018-08-01,258.0800,226.885834,1651700,0,1,298.017664
2018-08-02,259.3900,228.037537,1767300,0,1,299.530385
2018-08-03,260.6600,229.154037,2017600,0,1,300.996917
2018-08-06,261.6400,230.015610,1843000,0,1,302.128571
2018-08-07,262.3700,230.657333,2619200,0,1,302.971538
2018-08-08,262.2300,230.534256,1560400,0,1,302.809873
2018-08-09,261.9000,230.244141,1084400,0,1,302.428806
2018-08-10,260.1200,228.679306,2395500,0,1,300.373352
2018-08-13,259.1400,227.817780,3684700,0,1,299.241698
2018-08-14,260.8100,229.285873,1531800,0,1,301.170129
2018-08-15,258.8900,227.597977,2587800,0,1,298.953011
2018-08-16,260.9900,229.444153,1693100,0,1,301.377984
2018-08-17,261.8600,230.208939,2278800,0,1,302.382616
2018-08-20,262.4400,230.718872,1245500,0,1,303.052370
2018-08-21,263.0100,231.219955,1937900,0,1,303.710577
2018-08-22,262.9300,231.149628,1708100,0,1,303.618197
2018-08-23,262.5500,230.815582,2308100,0,1,303.179393
2018-08-24,264.2000,232.266098,2328900,0,1,305.084729
2018-08-27,266.1900,234.015594,2371000,0,1,307.382680
2018-08-28,266.3400,234.147430,3026900,0,1,307.555892
2018-08-29,267.8000,235.431015,2116100,0,1,309.241826
2018-08-30,266.7100,234.472763,2625500,0,1,307.983149
2018-08-31,266.7200,234.481552,3172400,0,1,307.994697
2018-09-04,266.3500,234.156250,3623300,0,1,307.567439
2018-09-05,265.6000,233.496979,4595500,0,1,306.701378
2018-09-06,264.8200,232.811157,1687900,0,1,305.800673
2018-09-07,264.1800,232.248550,2634100,0,1,305.061634
2018-09-10,264.6800,232.688110,2832700,0,1,305.639008
2018-09-11,265.6800,233.567245,3420400,0,1,306.793758
2018-09-12,265.7100,233.593689,3019800,0,1,306.828400
2018-09-13,267.2200,234.921082,2087500,0,1,308.572071
2018-09-14,267.3600,235.044174,1861000,0,1,308.733736
2018-09-17,265.8500,233.716675,2515300,0,1,306.990065
2018-09-18,267.3000,234.991455,1823600,0,1,308.664451
2018-09-19,267.6000,235.255203,2077500,0,1,309.010876
2018-09-20,269.7500,237.145340,3349700,0,1,311.493587
2018-09-21,269.5600,236.978287,1352500,0,1,311.274184
2018-09-24,268.6600,236.187073,2070900,0,1,310.234910
2018-09-25,268.3300,235.896881,2360400,0,1,309.853843
2018-09-26,266.3400,235.205429,2568400,1.207,1,308.949674
2018-09-27,267.0800,235.858978,3077500,0,1,309.808061
2018-09-28,267.0500,235.832458,1774300,0,1,309.773262
2018-10-01,268.0400,236.706802,1968800,0,1,310.921644
2018-10-02,268.0100,236.680222,3034100,0,1,310.886845
2018-10-03,268.2400,236.883408,2505800,0,1,311.153641
2018-10-04,266.0400,234.940582,5004400,0,1,308.601680
2018-10-05,264.5400,233.615845,2564700,0,1,306.861706
2018-10-08,264.4700,233.554077,3219600,0,1,306.780507
2018-10-09,264.1300,233.253784,2078000,0,1,306.386113
2018-10-10,255.6000,225.720993,5803900,0,1,296.491465
2018-10-11,250.2200,220.969864,9037000,0,1,290.250760
2018-10-12,253.6000,223.954773,7116700,0,1,294.171500
2018-10-15,252.2100,222.727264,3306200,0,1,292.559125
2018-10-16,257.5800,227.469482,3308500,0,1,298.788230
2018-10-17,257.6700,227.549011,2845800,0,1,298.892628
2018-10-18,254.0500,224.352173,3046800,0,1,294.693492
2018-10-19,253.8500,224.175537,2684200,0,1,294.461496
2018-10-22,252.8000,223.248276,2102000,0,1,293.243514
2018-10-23,251.2800,221.905899,5206500,0,1,291.480341
2018-10-24,243.7800,215.282654,4065700,0,1,282.780475
2018-10-25,248.1500,219.141815,4443800,0,1,287.849597
2018-10-26,243.7600,215.265015,5278700,0,1,282.757275
2018-10-29,242.5000,214.152313,5126200,0,1,281.295697
2018-10-30,246.2100,217.428650,3619100,0,1,285.599231
2018-10-31,248.7900,219.707001,4073400,0,1,288.591986
2018-11-01,251.3700,221.985413,2870700,0,1,291.584740
2018-11-02,249.8100,220.607803,3184500,0,1,289.775168
2018-11-05,251.2300,221.861832,1912100,0,1,291.422342
2018-11-06,252.8200,223.265915,2255200,0,1,293.266714
2018-11-07,258.1600,227.981720,3090800,0,1,299.461019
2018-11-08,257.7200,227.593124,2466900,0,1,298.950627
2018-11-09,255.3400,225.491348,3078700,0,1,296.189869
2018-11-12,250.4100,221.137650,2710200,0,1,290.471157
2018-11-13,249.9900,220.766739,3097000,0,1,289.983964
2018-11-14,248.2800,219.256653,3619900,0,1,288.000395
2018-11-15,250.8500,221.526184,3911900,0,1,290.981549
2018-11-16,251.4900,222.091431,2342800,0,1,291.723938
2018-11-19,247.3200,218.408829,2973700,0,1,286.886812
2018-11-20,242.7700,214.390778,5000900,0,1,281.608892
2018-11-21,243.5800,215.106049,2425500,0,1,282.548478
2018-11-23,242.0100,213.719620,830900,0,1,280.727306
2018-11-26,245.8000,217.066544,2498500,0,1,285.123639
2018-11-27,246.5700,217.746552,2849700,0,1,286.016825
2018-11-28,252.3300,222.833206,3723300,0,1,292.698323
2018-11-29,251.8100,222.374069,3279400,0,1,292.095132
2018-11-30,253.4800,223.848801,2992800,0,1,294.032302
2018-12-03,256.6100,226.612885,3943500,0,1,297.663047
2018-12-04,248.6500,219.583405,3837400,0,1,288.429588
2018-12-06,248.0200,219.027115,7712700,0,1,287.698799
2018-12-07,242.2600,213.940353,3928400,0,1,281.017301
2018-12-10,242.5500,214.196503,5983700,0,1,281.353696
2018-12-11,242.6200,214.258270,4543200,0,1,281.434895
2018-12-12,243.9600,215.441620,4117000,0,1,282.989271
2018-12-13,243.8800,215.371002,2610800,0,1,282.896473
2018-12-14,239.3800,211.397049,5088500,0,1,277.676553
2018-12-17,233.2300,207.081024,6127200,1.289,1,272.037879
2018-12-18,233.1400,207.001099,4691400,0,1,271.932903
2018-12-19,229.4200,203.698212,8215600,0,1,267.593921
2018-12-20,225.6500,200.350876,12141900,0,1,263.196619
2018-12-21,221.1600,196.364304,11811600,0,1,257.959513
2018-12-24,215.0700,190.957123,8493500,0,1,250.856179
2018-12-26,225.9500,200.617218,11598000,0,1,263.546537
2018-12-27,228.0500,202.481796,9578400,0,1,265.995962
2018-12-28,227.7600,202.224350,7436100,0,1,265.657708
2018-12-31,229.8100,204.044449,6683900,0,1,268.048814
2019-01-02,229.9900,204.204346,4891300,0,1,268.258765
2019-01-03,224.5000,199.329834,3329600,0,1,261.855266
2019-01-04,231.9100,205.909012,5100100,0,1,270.498240
2019-01-07,233.6500,207.453934,3706000,0,1,272.527764
2019-01-08,235.9200,209.469421,3546600,0,1,275.175476
2019-01-09,237.0100,210.437256,4565000,0,1,276.446845
2019-01-10,238.0000,211.316254,2813500,0,1,277.601574
2019-01-11,237.8900,211.218582,2551000,0,1,277.473271
2019-01-14,236.5800,210.055450,2653400,0,1,275.945296
2019-01-15,239.3500,212.514923,5103700,0,1,279.176205
2019-01-16,239.8800,212.985504,4066700,0,1,279.794393
2019-01-17,241.6700,214.574799,3059000,0,1,281.882237
2019-01-18,244.9200,217.460388,4943300,0,1,285.673015
2019-01-22,241.6600,214.565872,5786300,0,1,281.870573
2019-01-23,242.0200,214.885544,3076400,0,1,282.290475
2019-01-24,242.2600,215.098648,2197100,0,1,282.570409
2019-01-25,244.3200,216.927658,3677500,0,1,284.973179
2019-01-28,242.4300,215.249603,2407800,0,1,282.768696
2019-01-29,242.1300,214.983200,2436900,0,1,282.418778
2019-01-30,245.9600,218.383820,6028400,0,1,286.886064
2019-01-31,248.0100,220.203949,5308100,0,1,289.277170
2019-02-01,248.2200,220.390411,3718500,0,1,289.522112
2019-02-04,249.9900,221.961960,2541700,0,1,291.586628
2019-02-05,251.1000,222.947510,3613300,0,1,292.881325
2019-02-06,250.7900,222.672256,2052200,0,1,292.519743
2019-02-07,248.3300,220.488083,3907800,0,1,289.650416
2019-02-08,248.6500,220.772202,2512600,0,1,290.023662
2019-02-11,248.7800,220.887619,2986600,0,1,290.175293
2019-02-12,252.0000,223.746628,5980500,0,1,293.931079
2019-02-13,252.7600,224.421417,3569100,0,1,294.817537
2019-02-14,252.2000,223.924194,3247800,0,1,294.164357
2019-02-15,254.9800,226.392517,2806600,0,1,297.406930
2019-02-19,255.4200,226.783127,2509300,0,1,297.920143
2019-02-20,256.0100,227.307007,2156300,0,1,298.608315
2019-02-21,255.0800,226.481277,2020000,0,1,297.523570
2019-02-22,256.6100,227.839752,2119400,0,1,299.308151
2019-02-25,256.9900,228.177139,2941300,0,1,299.751381
2019-02-26,256.8000,228.008453,4629600,0,1,299.529766
2019-02-27,256.6700,227.893066,2136400,0,1,299.378135
2019-02-28,256.0700,227.360306,2207000,0,1,298.678299
2019-03-01,257.8300,228.922958,2867000,0,1,300.731151
2019-03-04,256.8400,228.043976,3384200,0,1,299.576422
2019-03-05,256.5400,227.777588,2475900,0,1,299.226504
2019-03-06,254.9000,226.321457,2514900,0,1,297.313619
2019-03-07,252.8500,224.501343,6441200,0,1,294.922513
2019-03-08,252.3400,224.048508,4522300,0,1,294.327652
2019-03-11,256.0200,227.315857,1884200,0,1,298.619979
2019-03-12,256.9300,228.123917,2271900,0,1,299.681397
2019-03-13,258.6800,229.677658,1974300,0,1,301.722585
2019-03-14,258.5900,229.597748,1557500,0,1,301.617610
2019-03-15,259.8500,230.716553,3151200,0,1,303.087265
2019-03-18,260.7800,231.542175,1830000,0,1,304.172011
2019-03-19,260.8600,231.613297,4061800,0,1,304.265322
2019-03-20,259.9300,230.787506,3415200,0,1,303.180576
2019-03-21,261.4300,233.425964,2968300,1.455,1,306.627268
2019-03-22,256.4600,228.988358,4317400,0,1,300.798031
2019-03-25,256.2300,228.783005,2893600,0,1,300.528267
2019-03-26,258.0800,230.434784,3177600,0,1,302.698104
2019-03-27,256.8800,229.363403,2714300,0,1,301.290643
2019-03-28,257.8800,230.256271,1716700,0,1,302.463527
2019-03-29,259.5400,231.738464,2831100,0,1,304.410516
2019-04-01,262.5300,234.408127,3303900,0,1,307.917442
2019-04-02,262.6200,234.488464,1512600,0,1,308.023001
2019-04-03,263.1100,234.926025,1933900,0,1,308.597715
2019-04-04,263.7400,235.488556,1738500,0,1,309.336632
2019-04-05,265.0100,236.622498,1505000,0,1,310.826196
2019-04-08,265.2400,236.827896,1720100,0,1,311.095959
2019-04-09,263.8300,235.568924,2016900,0,1,309.442192
2019-04-10,264.7400,236.381439,2990600,0,1,310.509517
2019-04-11,264.6900,236.336731,1567700,0,1,310.450873
2019-04-12,266.4800,237.935043,1903400,0,1,312.550336
2019-04-15,266.3000,237.774307,1584500,0,1,312.339217
2019-04-16,266.4900,237.943954,2447700,0,1,312.562065
2019-04-17,265.8400,237.363571,1872400,0,1,311.799690
2019-04-18,266.3400,237.809998,2788900,0,1,312.386133
2019-04-22,266.6000,238.042221,1126500,0,1,312.691083
2019-04-23,268.9000,240.095779,2618300,0,1,315.388718
2019-04-24,268.3700,239.622589,1393400,0,1,314.767089
2019-04-25,268.2700,239.533295,1237400,0,1,314.649800
2019-04-26,269.5000,240.631577,2172600,0,1,316.092448
2019-04-29,269.8400,240.935150,1892500,0,1,316.491229
2019-04-30,270.0100,241.086868,2024600,0,1,316.690620
2019-05-01,268.0400,239.327927,2669400,0,1,314.380037
2019-05-02,267.5100,238.854675,3009000,0,1,313.758408
2019-05-03,270.0500,241.122620,1969000,0,1,316.737535
2019-05-06,268.9800,240.167206,3966900,0,1,315.482548
2019-05-07,264.6200,236.274231,4752500,0,1,310.368771
2019-05-08,264.1000,235.809952,2662500,0,1,309.758871
2019-05-09,263.2900,235.086777,3094800,0,1,308.808834
2019-05-10,264.5200,236.184982,3131900,0,1,310.251482
2019-05-13,258.0300,230.390167,5548200,0,1,302.639460
2019-05-14,260.2700,232.390182,4702600,0,1,305.266722
2019-05-15,261.8100,233.765274,2444100,0,1,307.072964
2019-05-16,264.2100,235.908203,3221500,0,1,309.887888
2019-05-17,262.6100,234.479568,2719500,0,1,308.011272
2019-05-20,260.8200,232.881332,2762600,0,1,305.911809
2019-05-21,263.0300,234.854599,2760500,0,1,308.503884
2019-05-22,262.3100,234.211761,3421500,0,1,307.659407
2019-05-23,259.2400,231.470581,3813200,0,1,304.058651
2019-05-24,259.6900,231.872360,1833100,0,1,304.586449
2019-05-28,257.3600,229.791946,2565900,0,1,301.853627
2019-05-29,255.5900,228.211548,4593500,0,1,299.777621
2019-05-30,256.3000,228.845474,2977200,0,1,300.610369
2019-05-31,252.8700,225.782913,3698600,0,1,296.587375
2019-06-03,252.1200,225.113235,3825600,0,1,295.707711
2019-06-04,257.6700,230.068771,3536300,0,1,302.217221
2019-06-05,259.8500,232.015259,2646500,0,1,304.774110
2019-06-06,261.5400,233.524185,2277500,0,1,306.756286
2019-06-07,264.1500,235.854645,1877400,0,1,309.817515
2019-06-10,265.3900,236.961838,2845900,0,1,311.271892
2019-06-11,265.3400,236.917236,1894500,0,1,311.213248
2019-06-12,264.8400,236.470612,1711900,0,1,310.626805
2019-06-13,266.0200,237.524277,1813700,0,1,312.010809
2019-06-14,265.6200,237.167191,1203300,0,1,311.541655
2019-06-17,265.8600,237.381485,1782500,0,1,311.823148
2019-06-18,268.5100,239.747635,2340700,0,1,314.931293
2019-06-19,269.2200,240.381516,1684500,0,1,315.764041
2019-06-20,271.7300,242.622665,3288100,0,1,318.707982
2019-06-21,271.4100,242.336960,2226000,0,1,318.332658
2019-06-24,271.0600,242.024445,3518400,0,1,317.922149
2019-06-25,268.3800,239.631607,2287100,0,1,314.778817
2019-06-26,268.1200,239.399414,2988700,0,1,314.473867
2019-06-27,267.6700,240.239426,2054600,1.386,1,315.571688
2019-06-28,269.1500,241.567764,2883300,0,1,317.316545
2019-07-01,271.4400,243.623093,4497900,0,1,320.016359
2019-07-02,272.2300,244.332092,3040700,0,1,320.947736
2019-07-03,274.3200,246.207962,2335800,0,1,323.411758
2019-07-05,273.9700,245.893799,3362500,0,1,322.999123
2019-07-08,272.6000,244.664276,3131800,0,1,321.383951
2019-07-09,272.9400,244.969406,2532900,0,1,321.784796
2019-07-10,274.2100,246.109177,2853200,0,1,323.282073
2019-07-11,274.7600,246.602844,2249400,0,1,323.930500
2019-07-12,276.1100,247.814453,2932300,0,1,325.522093
2019-07-15,276.1800,247.877274,1466200,0,1,325.604620
2019-07-16,275.2800,247.069565,1564000,0,1,324.543558
2019-07-17,273.4200,245.400208,1758100,0,1,322.350696
2019-07-18,274.4200,246.297745,3461100,0,1,323.529654
2019-07-19,272.9500,244.978348,2319400,0,1,321.796586
2019-07-22,273.6100,245.570694,1304100,0,1,322.574698
2019-07-23,275.4900,247.258041,1753000,0,1,324.791139
2019-07-24,276.7600,248.397919,1669900,0,1,326.288416
2019-07-25,275.4100,247.186264,1874200,0,1,324.696823
2019-07-26,277.3800,248.954407,1796900,0,1,327.019370
2019-07-29,276.8800,248.505615,2925900,0,1,326.429891
2019-07-30,276.2100,247.904297,1751100,0,1,325.639989
2019-07-31,273.0800,245.095001,4910000,0,1,321.949850
2019-08-01,270.7900,243.039673,6921000,0,1,319.250037
2019-08-02,268.8100,241.262527,5310400,0,1,316.915700
2019-08-05,260.8800,234.145294,7354000,0,1,307.566563
2019-08-06,264.2400,237.160980,4366800,0,1,311.527862
2019-08-07,264.4200,237.322556,4261200,0,1,311.740074
2019-08-08,269.5800,241.953735,3618800,0,1,317.823497
2019-08-09,267.7000,240.266296,2616300,0,1,315.607056
2019-08-12,264.5600,237.448135,2104500,0,1,311.905128
2019-08-13,268.6600,241.128036,3402300,0,1,316.738856
2019-08-14,260.5700,233.867020,4354800,0,1,307.201086
2019-08-15,261.3900,234.603043,2775200,0,1,308.167831
2019-08-16,265.2200,238.040588,2432700,0,1,312.683241
2019-08-19,268.4800,240.966492,1430800,0,1,316.526644
2019-08-20,266.4000,239.099609,1865000,0,1,314.074411
2019-08-21,268.5600,241.038223,2007400,0,1,316.620960
2019-08-22,268.4600,240.948441,1883700,0,1,316.503064
2019-08-23,261.5700,234.764557,4184200,0,1,308.380044
2019-08-26,264.4700,237.367340,2260000,0,1,311.799022
2019-08-27,263.4300,236.433929,2490400,0,1,310.572906
2019-08-28,265.2600,238.076477,3124000,0,1,312.730399
2019-08-29,268.7100,241.172836,3128700,0,1,316.797804
2019-08-30,268.6000,241.074173,4209200,0,1,316.668119
2019-09-03,267.1100,239.736816,3368500,0,1,314.911471
2019-09-04,269.9700,242.303741,1486100,0,1,318.283291
2019-09-05,273.5400,245.507904,1755800,0,1,322.492171
2019-09-06,273.7400,245.687393,1890800,0,1,322.727963
2019-09-09,273.8100,245.750244,2158500,0,1,322.810490
2019-09-10,273.8700,245.804062,1870400,0,1,322.881227
2019-09-11,275.8400,247.572174,2080300,0,1,325.203774
2019-09-12,276.6500,248.299149,2433700,0,1,326.158730
2019-09-13,276.5800,248.236313,2292000,0,1,326.076203
2019-09-16,275.6700,247.419632,1432400,0,1,325.003352
2019-09-17,276.4200,248.092773,1789200,0,1,325.887570
2019-09-18,276.5900,248.245331,2028700,0,1,326.087993
2019-09-19,276.5300,248.191483,2267900,0,1,326.017255
2019-09-20,275.0500,246.863113,2052700,0,1,324.272398
2019-09-23,275.2400,247.033691,1286400,0,1,324.496400
2019-09-24,272.9600,244.987350,5124900,0,1,321.808375
2019-09-25,274.6300,246.486099,2649200,0,1,323.777235
2019-09-26,272.7900,246.000137,2355000,1.301,1,323.141777
2019-09-27,271.2600,244.620392,2836500,0,1,321.329368
2019-09-30,272.6000,245.828842,2735200,0,1,322.916707
2019-10-01,269.3200,242.870865,3696000,0,1,319.031282
2019-10-02,264.5700,238.587387,4463500,0,1,313.404523
2019-10-03,266.6700,240.481155,2988800,0,1,315.892143
2019-10-04,270.3700,243.817764,1907800,0,1,320.275092
2019-10-07,269.2100,242.771729,1821900,0,1,318.900978
2019-10-08,265.0300,239.002213,2153100,0,1,313.949430
2019-10-09,267.5000,241.229630,1921200,0,1,316.875345
2019-10-10,269.3200,242.870865,1559300,0,1,319.031282
2019-10-11,272.1300,245.404922,2806500,0,1,322.359954
2019-10-14,271.8800,245.179489,1215500,0,1,322.063808
2019-10-15,274.5100,247.551239,1783800,0,1,325.179256
2019-10-16,274.0800,247.163391,1150800,0,1,324.669886
2019-10-17,274.8200,247.830841,3100600,0,1,325.546476
2019-10-18,273.6900,246.811661,1152200,0,1,324.207900
2019-10-21,275.6000,248.534195,3017500,0,1,326.470449
2019-10-22,274.6300,247.659317,1601500,0,1,325.321405
2019-10-23,275.4400,248.389862,1296500,0,1,326.280916
2019-10-24,275.8900,248.795731,2220600,0,1,326.813977
2019-10-25,277.0400,249.832779,5500900,0,1,328.176245
2019-10-28,278.6500,251.284668,1795900,0,1,330.083420
2019-10-29,278.4700,251.122284,1599200,0,1,329.870195
2019-10-30,279.4500,252.006042,1811300,0,1,331.031085
2019-10-31,278.5500,251.194397,2312100,0,1,329.964962
2019-11-01,281.2000,253.584229,2361900,0,1,333.104101
2019-11-04,282.3200,254.594254,3797500,0,1,334.430831
2019-11-05,281.9600,254.269547,2995600,0,1,334.004382
2019-11-06,282.1100,254.404861,1457200,0,1,334.182069
2019-11-07,283.1100,255.306656,2689600,0,1,335.366650
2019-11-08,283.8000,255.928848,2328700,0,1,336.184011
2019-11-11,283.2500,255.432968,1123700,0,1,335.532491
2019-11-12,283.8100,255.937881,1737600,0,1,336.195857
2019-11-13,283.9300,256.046021,1721400,0,1,336.338006
2019-11-14,284.3100,256.388824,2244000,0,1,336.788147
2019-11-15,286.4300,258.300568,1892400,0,1,339.299458
2019-11-18,286.6100,258.462891,2278500,0,1,339.512683
2019-11-19,286.4700,258.336700,3212500,0,1,339.346841
2019-11-20,285.4600,257.425842,2816300,0,1,338.150415
2019-11-21,285.0200,257.029053,2307200,0,1,337.629199
2019-11-22,285.6500,257.597137,1266500,0,1,338.375485
2019-11-25,287.8200,259.554077,2040300,0,1,340.946025
2019-11-26,288.4000,260.077148,1795700,0,1,341.633082
2019-11-27,289.7600,261.303619,1631500,0,1,343.244112
2019-11-29,288.6500,260.302521,1988500,0,1,341.929227
2019-12-02,286.3000,258.183258,4416100,0,1,339.145463
2019-12-03,284.2900,256.370789,3236000,0,1,336.764455
2019-12-04,286.1100,258.012024,3188800,0,1,338.920392
2019-12-05,286.6400,258.489929,1597200,0,1,339.548220
2019-12-06,289.1900,260.789520,1609400,0,1,342.568901
2019-12-09,288.3100,259.996033,1478900,0,1,341.526470
2019-12-10,288.0400,259.752441,1822700,0,1,341.206633
2019-12-11,288.7900,260.428802,1835400,0,1,342.095069
2019-12-12,291.3300,262.719330,3276600,0,1,345.103904
2019-12-13,291.4400,262.818573,3519600,0,1,345.234208
2019-12-16,293.5000,264.676178,3141900,0,1,347.674444
2019-12-17,293.5600,264.730316,3658200,0,1,347.745519
2019-12-18,293.5800,264.748352,3294400,0,1,347.769210
2019-12-19,294.8000,265.848633,2331600,0,1,349.214399
2019-12-20,296.3000,267.201233,4985600,0,1,350.991270
2019-12-23,295.1600,267.463104,2325200,1.429,1,351.333614
2019-12-24,295.1600,267.463104,1305900,0,1,351.333614
2019-12-26,296.6700,268.831512,2390300,0,1,353.130991
2019-12-27,296.6700,268.831512,2225400,0,1,353.130991
2019-12-30,295.0400,267.354492,2345400,0,1,351.190776
2019-12-31,295.8000,268.043060,2512700,0,1,352.095416
2020-01-02,298.4200,270.417297,3142400,0,1,355.214043
2020-01-03,296.2400,268.441833,3247900,0,1,352.619155
2020-01-06,297.3500,269.447693,2777100,0,1,353.940405
2020-01-07,296.5300,268.704590,2251800,0,1,352.964346
2020-01-08,298.0600,270.091125,3719500,0,1,354.785530
2020-01-09,300.1200,271.957672,2168500,0,1,357.237580
2020-01-10,299.2600,271.178497,3666800,0,1,356.213908
2020-01-13,301.2400,272.972656,2728000,0,1,358.570734
2020-01-14,300.8400,272.610168,2620100,0,1,358.094607
2020-01-15,301.5100,273.217224,2822300,0,1,358.892119
2020-01-16,304.0300,275.500793,2582600,0,1,361.891715
2020-01-17,305.0600,276.434204,2218000,0,1,363.117740
2020-01-21,304.4300,275.863251,2757900,0,1,362.367841
2020-01-22,304.5100,275.935791,2765300,0,1,362.463066
2020-01-23,304.8100,276.207611,2673100,0,1,362.820161
2020-01-24,302.0300,273.688507,3448200,0,1,359.511083
2020-01-27,297.2300,269.338928,4302000,0,1,353.797567
2020-01-28,300.4500,272.256714,3562500,0,1,357.630384
2020-01-29,300.1500,271.984924,2739400,0,1,357.273290
2020-01-30,301.0900,272.836731,4432700,0,1,358.392186
2020-01-31,295.6900,267.943390,6184700,0,1,351.964481
2020-02-03,297.8400,269.891663,3205200,0,1,354.523660
2020-02-04,302.4300,274.050995,2292800,0,1,359.987210
2020-02-05,305.8500,277.150146,3049900,0,1,364.058090
2020-02-06,306.8900,278.092499,1925500,0,1,365.296018
2020-02-07,305.3300,276.678802,2249000,0,1,363.439125
2020-02-10,307.5200,278.663239,2246900,0,1,366.045917
2020-02-11,308.0800,279.170746,2438800,0,1,366.712494
2020-02-12,310.0600,280.964996,2115800,0,1,369.069319
2020-02-13,309.7600,280.693207,2043400,0,1,368.712224
2020-02-14,310.2800,281.164276,1637000,0,1,369.331189
2020-02-18,309.4300,280.394135,3000300,0,1,368.319420
2020-02-19,310.9200,281.744293,2257500,0,1,370.092991
2020-02-20,309.7000,280.638733,4617300,0,1,368.640806
2020-02-21,306.4900,277.729950,2678000,0,1,364.819892
2020-02-24,296.2400,268.441833,7097000,0,1,352.619155
2020-02-25,287.3400,260.376984,8465800,0,1,342.025344
2020-02-26,286.0700,259.226166,10233700,0,1,340.513643
2020-02-27,273.3900,247.736023,14897000,0,1,325.420439
2020-02-28,271.7400,246.240799,23179600,0,1,323.456417
2020-03-02,283.8700,257.232513,12428600,0,1,337.894948
2020-03-03,276.0400,250.137329,9805900,0,1,328.574775
2020-03-04,287.4800,260.503815,5253900,0,1,342.191988
2020-03-05,277.8500,251.777435,6220000,0,1,330.729247
2020-03-06,273.1900,247.554749,6669100,0,1,325.182375
2020-03-09,252.1100,228.452789,16425900,0,1,300.090518
2020-03-10,263.8100,240.177170,10879100,1.178,1,315.419405
2020-03-11,250.7300,228.268906,11480100,0,1,299.780552
2020-03-12,226.4800,206.191315,24669300,0,1,270.786501
2020-03-13,247.6400,225.455734,19533600,0,1,296.086052
2020-03-16,218.5700,198.989899,17271500,0,1,261.329060
2020-03-17,232.8800,212.017975,15115500,0,1,278.438539
2020-03-18,220.1500,200.428329,20177500,0,1,263.218157
2020-03-19,220.3400,200.601379,12441200,0,1,263.445327
2020-03-20,210.7400,191.861343,11533200,0,1,251.967270
2020-03-23,204.2700,185.970901,14128200,0,1,244.231537
2020-03-24,223.7500,203.705856,13160800,0,1,267.522429
2020-03-25,226.6200,206.318802,11876400,0,1,270.953890
2020-03-26,240.2400,218.718674,12411100,0,1,287.238383
2020-03-27,232.8600,211.999817,11170600,0,1,278.414627
2020-03-30,240.3900,218.855194,8727800,0,1,287.417728
2020-03-31,236.8200,215.605011,10386300,0,1,283.149325
2020-04-01,226.1500,205.890915,13710100,0,1,270.391943
2020-04-02,231.4400,210.706955,6547000,0,1,276.716831
2020-04-03,228.0200,207.593323,5490200,0,1,272.627773
2020-04-06,243.5300,221.713913,7624000,0,1,291.172009
2020-04-07,243.6600,221.832291,12936600,0,1,291.327441
2020-04-08,251.9300,229.361420,6958600,0,1,301.215309
2020-04-09,255.6700,232.766403,8812600,0,1,305.686969
2020-04-13,253.1900,230.508575,7666400,0,1,302.721804
2020-04-14,260.9200,237.546112,6631100,0,1,311.964032
2020-04-15,255.2400,232.374893,4888900,0,1,305.172848
2020-04-16,256.5300,233.549332,6165700,0,1,306.715212
2020-04-17,263.6100,239.995056,6738800,0,1,315.180279
2020-04-20,258.8600,235.670593,6498700,0,1,309.501032
2020-04-21,250.9500,228.469238,6526100,0,1,300.043591
2020-04-22,256.4700,233.494705,5626800,0,1,306.643474
2020-04-23,256.4200,233.449173,7665400,0,1,306.583692
2020-04-24,260.1400,236.835968,4768200,0,1,311.031439
2020-04-27,263.9000,240.259048,3892200,0,1,315.527012
2020-04-28,262.6800,239.148346,5849500,0,1,314.068342
2020-04-29,269.4500,245.311966,6773100,0,1,322.162764
2020-04-30,267.1000,243.172440,7386600,0,1,319.353031
2020-05-01,259.8200,236.544632,4790700,0,1,310.648838
2020-05-04,260.6400,237.291153,4128900,0,1,311.629255
2020-05-05,263.0400,239.476212,4437200,0,1,314.498769
2020-05-06,261.2700,237.864731,3021400,0,1,312.382502
2020-05-07,264.3600,240.677887,3410200,0,1,316.077002
2020-05-08,268.7800,244.701920,3201100,0,1,321.361691
2020-05-11,268.8200,244.738327,3469300,0,1,321.409516
2020-05-12,263.4100,239.813034,5159900,0,1,314.941153
2020-05-13,258.7400,235.561340,5617500,0,1,309.357556
2020-05-14,261.8600,238.401886,7737600,0,1,313.087925
2020-05-15,263.0400,239.476212,3385900,0,1,314.498769
2020-05-18,271.0800,246.795853,6759200,0,1,324.111642
2020-05-19,268.5200,244.465225,4921100,0,1,321.050827
2020-05-20,272.9000,248.452881,4896200,0,1,326.287691
2020-05-21,270.9400,246.668427,3581300,0,1,323.944254
2020-05-22,271.5500,247.223801,2296400,0,1,324.673589
2020-05-26,275.0400,250.401215,4911800,0,1,328.846341
2020-05-27,279.0500,254.051941,5152400,0,1,333.640821
2020-05-28,278.5000,253.551178,4630600,0,1,332.983224
2020-05-29,279.7500,254.689270,7049300,0,1,334.477763
2020-06-01,280.9700,255.799973,3888200,0,1,335.936433
2020-06-02,283.2800,257.902985,4343900,0,1,338.698340
2020-06-03,287.0200,261.307983,5568100,0,1,343.170000
2020-06-04,286.2900,260.643341,3818600,0,1,342.297189
2020-06-05,293.6100,267.307587,6015500,0,1,351.049208
2020-06-08,297.1700,270.548767,5559700,0,1,355.305654
2020-06-09,295.0600,268.627686,4686400,0,1,352.782873
2020-06-10,293.2200,266.952515,5602600,0,1,350.582912
2020-06-11,276.3200,251.566513,7748200,0,1,330.376749
2020-06-12,279.6500,254.598160,6232200,0,1,334.358200
2020-06-15,282.2000,256.919739,4431400,0,1,337.407059
2020-06-16,287.7200,261.945251,5295000,0,1,344.006942
2020-06-17,286.4000,260.743469,2662800,0,1,342.428709
2020-06-18,286.6600,260.980255,2756300,0,1,342.739573
2020-06-19,284.9700,259.441620,3479500,0,1,340.718956
2020-06-22,286.8600,261.162354,2518000,0,1,342.978699
2020-06-23,288.1600,262.345825,2503600,0,1,344.533019
2020-06-24,280.7900,255.636093,4532300,0,1,335.721219
2020-06-25,283.7600,258.340027,3897400,0,1,339.272243
2020-06-26,277.1100,252.285706,4479000,0,1,331.321297
2020-06-29,279.7000,255.967422,3464600,1.433,1,336.131320
2020-06-30,283.4300,259.380829,5215700,0,1,340.613872
2020-07-01,285.3700,261.156219,3712600,0,1,342.945280
2020-07-02,286.8100,262.474121,3661100,0,1,344.675810
2020-07-06,291.2600,266.546478,3573800,0,1,350.023627
2020-07-07,288.2400,263.782776,3420300,0,1,346.394322
2020-07-08,290.3800,265.741180,2434200,0,1,348.966081
2020-07-09,288.9000,264.386749,3164600,0,1,347.187481
2020-07-10,291.8000,267.040649,2712400,0,1,350.672575
2020-07-13,289.1600,264.624695,3657900,0,1,347.499938
2020-07-14,293.0300,268.166290,4053100,0,1,352.150736
2020-07-15,295.6300,270.545654,6601400,0,1,355.275303
2020-07-16,294.7700,269.758667,3082900,0,1,354.241792
2020-07-17,295.5500,270.472504,2246000,0,1,355.179162
2020-07-20,298.0100,272.723785,2539900,0,1,358.135484
2020-07-21,298.6300,273.291229,3305500,0,1,358.880573
2020-07-22,300.3300,274.846893,4121100,0,1,360.923559
2020-07-23,296.7400,271.561615,3487100,0,1,356.609253
2020-07-24,294.8200,269.804504,2851000,0,1,354.301880
2020-07-27,296.9700,271.772003,2253300,0,1,356.885657
2020-07-28,295.1300,270.088165,3135600,0,1,354.674425
2020-07-29,298.7000,273.355255,2370800,0,1,358.964696
2020-07-30,297.6100,272.357727,2951700,0,1,357.654781
2020-07-31,300.1000,274.636444,4460300,0,1,360.647155
2020-08-03,301.9900,276.366058,3767700,0,1,362.918475
2020-08-04,303.2600,277.528381,2129200,0,1,364.444706
2020-08-05,305.1500,279.257996,2615100,0,1,366.716026
2020-08-06,307.2000,281.134033,4088200,0,1,369.179627
2020-08-07,307.3600,281.280334,3319600,0,1,369.371908
2020-08-10,308.3400,282.177277,2118200,0,1,370.549629
2020-08-11,305.8500,279.898590,3571200,0,1,367.557255
2020-08-12,310.0400,283.733063,2947400,0,1,372.592616
2020-08-13,309.5100,283.247986,4074200,0,1,371.955685
2020-08-14,309.5100,283.247986,2097600,0,1,371.955685
2020-08-17,310.5100,284.163116,2183400,0,1,373.157441
2020-08-18,311.1600,284.757965,2415800,0,1,373.938583
2020-08-19,309.8400,283.550049,2498300,0,1,372.352264
2020-08-20,310.8200,284.446869,2409300,0,1,373.529986
2020-08-21,311.9300,285.462677,2316200,0,1,374.863936
2020-08-24,315.1000,288.363770,2349600,0,1,378.673504
2020-08-25,316.2000,289.370239,2890800,0,1,379.995436
2020-08-26,319.4300,292.326294,2606000,0,1,383.877110
2020-08-27,320.0700,292.912018,2295900,0,1,384.646234
2020-08-28,322.1500,294.815521,3538700,0,1,387.145888
2020-08-31,321.0200,293.781342,5068000,0,1,385.787903
2020-09-01,324.0200,296.526764,3008000,0,1,389.393173
2020-09-02,328.7400,300.846313,5273100,0,1,395.065464
2020-09-03,317.3600,290.431854,6892000,0,1,381.389474
2020-09-04,314.8200,288.107452,5133900,0,1,378.337012
2020-09-08,306.1700,280.191406,4278300,0,1,367.941817
2020-09-09,312.2100,285.718842,3339800,0,1,375.200427
2020-09-10,306.7500,280.722168,3589000,0,1,368.638836
2020-09-11,306.9800,280.932587,3690100,0,1,368.915240
2020-09-14,310.9700,284.584015,3056100,0,1,373.710249
2020-09-15,312.5700,286.048401,2570900,0,1,375.633060
2020-09-16,311.3100,284.895264,2313400,0,1,374.118846
2020-09-17,308.5900,282.406128,2848300,0,1,370.850068
2020-09-18,305.0000,279.120697,3420800,0,1,366.535762
2020-09-21,301.6900,276.091553,4536800,0,1,362.557948
2020-09-22,304.7400,278.882782,2741500,0,1,366.223306
2020-09-23,297.6800,272.421783,2755800,0,1,357.738904
2020-09-24,298.5000,273.172211,3130700,0,1,358.724344
2020-09-25,303.2800,277.546600,2683800,0,1,364.468741
2020-09-28,308.3600,282.195496,2437900,0,1,370.573664
2020-09-29,305.3000,280.586395,2303900,1.309,1,368.469389
2020-09-30,307.6500,282.746124,4304500,0,1,371.305625
2020-10-01,309.6000,284.538239,3005700,0,1,373.659098
2020-10-02,306.7200,281.891327,3125100,0,1,370.183200
2020-10-05,312.0800,286.817444,2364500,0,1,376.652233
2020-10-06,307.7200,282.810425,3389800,0,1,371.390109
2020-10-07,313.0000,287.662964,1707800,0,1,377.762590
2020-10-08,315.7700,290.208771,1731700,0,1,381.105728
2020-10-09,318.5800,292.791229,2794100,0,1,384.497143
2020-10-12,323.7200,297.515198,2194300,0,1,390.700657
2020-10-13,321.6500,295.612823,2229700,0,1,388.202355
2020-10-14,319.6400,293.765442,1902100,0,1,385.776467
2020-10-15,319.2600,293.416199,2481700,0,1,385.317842
2020-10-16,318.9900,293.168152,1669600,0,1,384.991976
2020-10-19,314.1700,288.738342,2229600,0,1,379.174674
2020-10-20,315.4100,289.877899,3066600,0,1,380.671241
2020-10-21,314.8400,289.354065,2607700,0,1,379.983303
2020-10-22,316.5700,290.944031,2362400,0,1,382.071256
2020-10-23,317.6500,291.936646,1429300,0,1,383.374718
2020-10-26,311.8000,286.560150,3335800,0,1,376.314299
2020-10-27,310.7700,285.613525,2196100,0,1,375.071182
2020-10-28,300.0700,275.779602,5650500,0,1,362.157253
2020-10-29,303.2300,278.683868,5365200,0,1,365.971087
2020-10-30,299.8200,275.549957,5892100,0,1,361.855526
2020-11-02,303.3100,278.757416,4080400,0,1,366.067639
2020-11-03,308.6600,283.674347,3378300,0,1,372.524604
2020-11-04,315.6100,290.061707,5750200,0,1,380.912623
2020-11-05,321.7900,295.741425,3950300,0,1,388.371322
2020-11-06,321.7500,295.704681,3640600,0,1,388.323046
2020-11-09,325.7600,299.390106,8097300,0,1,393.162752
2020-11-10,325.3400,299.004059,4120800,0,1,392.655850
2020-11-11,327.6300,301.108734,2773500,0,1,395.419672
2020-11-12,324.6000,298.323944,2532700,0,1,391.762737
2020-11-13,329.0100,302.376984,1996100,0,1,397.085207
2020-11-16,333.0000,306.044006,3018800,0,1,401.900774
2020-11-17,331.3400,304.518463,3052100,0,1,399.897305
2020-11-18,327.3200,300.823822,2647800,0,1,395.045530
2020-11-19,328.6900,302.082886,2962200,0,1,396.698996
2020-11-20,326.4900,300.060974,3516800,0,1,394.043795
2020-11-23,328.4200,301.834808,2222600,0,1,396.373130
2020-11-24,333.7400,306.724121,2659700,0,1,402.793887
2020-11-25,333.1900,306.218628,2256900,0,1,402.130087
2020-11-27,334.1400,307.091797,984700,0,1,403.276651
2020-11-30,332.6400,305.713226,4175700,0,1,401.466287
2020-12-01,336.3000,309.076843,3224200,0,1,405.883575
2020-12-02,337.0100,309.729401,2270300,0,1,406.740480
2020-12-03,336.9100,309.637512,2851100,0,1,406.619789
2020-12-04,339.8100,312.302765,2907000,0,1,410.119826
2020-12-07,339.1800,311.723755,1943100,0,1,409.359473
2020-12-08,340.1600,312.624420,1948200,0,1,410.542244
2020-12-09,337.1400,309.848907,2545800,0,1,406.897379
2020-12-10,336.9800,309.701752,2738600,0,1,406.704273
2020-12-11,336.5500,309.306641,2387900,0,1,406.185302
2020-12-14,335.0100,307.891357,2654600,0,1,404.326662
2020-12-15,339.6400,312.146423,2757400,0,1,409.914652
2020-12-16,340.1600,312.624420,2943200,0,1,410.542244
2020-12-17,342.0100,314.324646,2627000,0,1,412.775027
2020-12-18,340.6400,313.065613,6025700,0,1,411.121561
2020-12-21,339.5900,312.100525,3918100,0,1,409.854306
2020-12-22,337.5400,311.485138,2371900,1.383,1,409.049298
2020-12-23,337.8100,311.734253,3682200,0,1,409.376498
2020-12-24,339.1600,312.980011,1447500,0,1,411.012502
2020-12-28,342.1100,315.702209,2798800,0,1,414.587472
2020-12-29,341.3900,315.037872,2555500,0,1,413.714937
2020-12-30,341.8500,315.462341,2009100,0,1,414.272390
2020-12-31,343.6900,317.160309,3507000,0,1,416.502202
2021-01-04,339.0300,312.860077,5402600,0,1,410.854961
2021-01-05,341.2600,314.917847,3299700,0,1,413.557396
2021-01-06,343.3300,316.828094,4805000,0,1,416.065934
2021-01-07,348.4600,321.562073,3638900,0,1,422.282747
2021-01-08,350.4200,323.370880,3758500,0,1,424.657981
2021-01-11,348.1300,321.257599,2975000,0,1,421.882835
2021-01-12,348.1600,321.285339,2298400,0,1,421.919190
2021-01-13,349.0300,322.088135,3039900,0,1,422.973504
2021-01-14,347.8500,320.999207,3497400,0,1,421.543516
2021-01-15,345.3700,318.710724,3622100,0,1,418.538117
2021-01-19,348.1000,321.229980,3433800,0,1,421.846479
2021-01-20,352.8300,325.594849,2920600,0,1,427.578550
2021-01-21,353.1600,325.899384,2580800,0,1,427.978462
2021-01-22,351.9000,324.736511,1812200,0,1,426.451525
2021-01-25,353.3300,326.056152,3549000,0,1,428.184477
2021-01-26,352.8000,325.567108,2430200,0,1,427.542194
2021-01-27,344.2400,317.667877,5010400,0,1,417.168722
2021-01-28,347.1300,320.334808,3432200,0,1,420.670980
2021-01-29,340.1800,313.921204,5803600,0,1,412.248593
2021-02-01,345.7700,319.079742,3334000,0,1,419.022859
2021-02-02,350.7400,323.666168,2955200,0,1,425.045774
2021-02-03,351.0900,323.989075,3392800,0,1,425.469923
2021-02-04,355.0200,327.615784,1988300,0,1,430.232511
2021-02-05,356.4400,328.926117,2091800,0,1,431.953344
2021-02-08,359.0700,331.353149,3371100,0,1,435.140521
2021-02-09,358.7800,331.085571,1891200,0,1,434.789083
2021-02-10,358.6400,330.956390,2400000,0,1,434.619423
2021-02-11,359.2200,331.491486,2237200,0,1,435.322299
2021-02-12,361.0500,333.180267,2144500,0,1,437.539992
2021-02-16,360.7100,332.866547,4408500,0,1,437.127962
2021-02-17,360.7900,332.940308,3211800,0,1,437.224910
2021-02-18,359.2500,331.519165,3010500,0,1,435.358654
2021-02-19,358.5900,330.910156,2487100,0,1,434.558831
2021-02-22,355.7700,328.307861,3291000,0,1,431.141402
2021-02-23,356.2200,328.723114,5251100,0,1,431.686736
2021-02-24,360.1600,332.359039,3301200,0,1,436.461442
2021-02-25,351.5200,324.385895,7049200,0,1,425.991021
2021-02-26,349.5900,322.604950,7579500,0,1,423.652142
2021-03-01,358.1200,330.476471,3721100,0,1,433.989259
2021-03-02,355.3500,327.920349,5462600,0,1,430.632423
2021-03-03,350.6600,323.592255,6317600,0,1,424.948826
2021-03-04,346.3400,319.605774,6604500,0,1,419.713616
2021-03-05,352.6900,325.465637,8721300,0,1,427.408890
2021-03-08,350.9600,323.869141,5663500,0,1,425.312382
2021-03-09,355.8700,328.400146,6075100,0,1,431.262587
2021-03-10,358.0700,330.430359,7231400,0,1,433.928666
2021-03-11,361.8500,333.918579,3340700,0,1,438.509476
2021-03-12,362.3600,334.389191,4847300,0,1,439.127521
2021-03-15,364.4600,336.327118,3154800,0,1,441.672415
2021-03-16,364.0500,335.948761,3698400,0,1,441.175555
2021-03-17,365.2400,337.046753,5011600,0,1,442.617662
2021-03-18,359.8700,332.091431,5067500,0,1,436.110004
2021-03-19,359.2300,331.500793,5382800,0,1,435.334417
2021-03-22,362.0700,334.121643,3417600,0,1,438.776084
2021-03-23,359.4100,331.666901,4954600,0,1,435.552551
2021-03-24,357.4200,329.830505,4099000,0,1,433.140961
2021-03-25,359.4300,331.685364,5487300,0,1,435.576788
2021-03-26,364.0100,337.096405,3322600,1.263,1,442.657653
2021-03-29,363.7900,336.892670,3143300,0,1,442.390120
2021-03-30,362.8600,336.031342,3696200,0,1,441.259185
2021-03-31,364.3000,337.364899,7470300,0,1,443.010310
2021-04-01,368.1600,340.939514,5132000,0,1,447.704298
2021-04-05,373.4700,345.856873,3764100,0,1,454.161571
2021-04-06,373.2600,345.662384,3583500,0,1,453.906199
2021-04-07,373.7300,346.097687,2768900,0,1,454.477747
2021-04-08,375.5500,347.783051,3949400,0,1,456.690974
2021-04-09,378.2500,350.283508,2627500,0,1,459.974334
2021-04-12,378.4200,350.440887,2747500,0,1,460.181064
2021-04-13,379.4500,351.394714,2985500,0,1,461.433604
2021-04-14,378.2300,350.265015,3691100,0,1,459.950012
2021-04-15,382.2900,354.024750,3573800,0,1,464.887212
2021-04-16,383.6300,355.265625,3252500,0,1,466.516731
2021-04-19,381.7400,353.515442,3945700,0,1,464.218380
2021-04-20,378.9400,350.922485,4106700,0,1,460.813414
2021-04-21,382.5000,354.219269,3640100,0,1,465.142585
2021-04-22,378.9900,350.968781,3965000,0,1,460.874217
2021-04-23,383.0300,354.710083,3781100,0,1,465.787096
2021-04-26,383.8600,355.478729,3125200,0,1,466.796425
2021-04-27,383.7400,355.367554,3370600,0,1,466.650498
2021-04-28,383.5600,355.200867,3960400,0,1,466.431607
2021-04-29,386.1200,357.571564,4209900,0,1,469.544718
2021-04-30,383.5700,355.210114,5219200,0,1,466.443768
2021-05-03,384.4400,356.015808,4180800,0,1,467.501739
2021-05-04,382.1000,353.848785,5485600,0,1,464.656161
2021-05-05,382.1700,353.913635,4410700,0,1,464.741285
2021-05-06,385.2800,356.793762,4737300,0,1,468.523229
2021-05-07,388.0300,359.340424,3516600,0,1,471.867391
2021-05-10,384.2300,355.821350,5942700,0,1,467.246367
2021-05-11,380.8600,352.700470,7081500,0,1,463.148248
2021-05-12,372.7300,345.171692,7707400,0,1,453.261688
2021-05-13,377.1600,349.274048,7179100,0,1,458.648829
2021-05-14,382.9500,354.636047,5167900,0,1,465.689811
2021-05-17,382.0300,353.783966,3781600,0,1,464.571037
2021-05-18,378.7300,350.727966,3128300,0,1,460.558042
2021-05-19,377.7300,349.801941,5086300,0,1,459.341983
2021-05-20,381.7600,353.533997,4776700,0,1,464.242701
2021-05-21,381.4700,353.265442,3567500,0,1,463.890044
2021-05-24,385.3200,356.830750,2962500,0,1,468.571871
2021-05-25,384.5100,356.080658,4031800,0,1,467.586863
2021-05-26,385.2100,356.728821,2642700,0,1,468.438105
2021-05-27,385.3800,356.886292,3015900,0,1,468.644835
2021-05-28,386.1300,357.580872,3370100,0,1,469.556879
2021-06-01,385.8300,357.303040,4389000,0,1,469.192061
2021-06-02,386.4800,357.904999,3209200,0,1,469.982500
2021-06-03,385.0100,356.543701,3391000,0,1,468.194893
2021-06-04,388.5000,359.775696,2628100,0,1,472.438939
2021-06-07,388.1700,359.470032,2500600,0,1,472.037639
2021-06-08,388.2300,359.525574,2386600,0,1,472.110603
2021-06-09,387.6200,358.960754,2968100,0,1,471.368807
2021-06-10,389.4100,360.618347,2611800,0,1,473.545553
2021-06-11,390.0900,361.248047,2241500,0,1,474.372473
2021-06-14,391.0700,362.155548,2252200,0,1,475.564211
2021-06-15,390.2500,361.396210,2405000,0,1,474.567042
2021-06-16,388.1100,359.414459,4194300,0,1,471.964676
2021-06-17,387.9700,359.284821,4065300,0,1,471.794428
2021-06-18,382.8200,354.515564,5211100,0,1,465.531723
2021-06-21,388.1800,359.479248,4389800,0,1,472.049800
2021-06-22,390.2400,361.386993,2705400,0,1,474.554882
2021-06-23,389.8200,360.997986,2404200,0,1,474.044137
2021-06-24,392.0500,363.063141,2987800,0,1,476.755948
2021-06-25,393.5000,364.405975,2862800,0,1,478.519234
2021-06-28,394.3200,365.165375,2418500,0,1,479.516402
2021-06-29,393.1600,365.326080,2927600,1.333,1,479.726781
2021-06-30,393.5200,365.660583,3795900,0,1,480.166046
2021-07-01,395.7400,367.723328,3414500,0,1,482.874850
2021-07-02,398.7500,370.520325,4363100,0,1,486.547598
2021-07-06,398.0000,369.823456,4331300,0,1,485.632462
2021-07-07,399.3700,371.096405,4747800,0,1,487.304111
2021-07-08,396.1900,368.141571,5817100,0,1,483.423932
2021-07-09,400.3700,372.025604,3332200,0,1,488.524293
2021-07-12,401.8200,373.373016,2929200,0,1,490.293557
2021-07-13,400.4600,372.109253,4313100,0,1,488.634110
2021-07-14,401.0100,372.620361,3332200,0,1,489.305210
2021-07-15,399.7200,371.421631,4483900,0,1,487.731175
2021-07-16,396.6100,368.531769,4516600,0,1,483.936409
2021-07-19,390.6800,363.021606,12336200,0,1,476.700729
2021-07-20,396.2000,368.150818,4043100,0,1,483.436134
2021-07-21,399.5300,371.245087,2996600,0,1,487.499340
2021-07-22,400.3800,372.034851,2575700,0,1,488.536495
2021-07-23,404.3800,375.751648,3151900,0,1,493.417223
2021-07-26,405.4100,376.708801,2374300,0,1,494.674011
2021-07-27,403.6100,375.036194,3626100,0,1,492.477683
2021-07-28,403.3900,374.831848,3763700,0,1,492.209243
2021-07-29,405.1300,376.448639,2274200,0,1,494.332360
2021-07-30,403.1500,374.608795,5204500,0,1,491.916400
2021-08-02,402.3300,373.846832,5814700,0,1,490.915850
2021-08-03,405.5800,376.866791,4129600,0,1,494.881442
2021-08-04,403.6400,375.064117,3880200,0,1,492.514289
2021-08-05,406.1600,377.405670,3052800,0,1,495.589148
2021-08-06,406.8600,378.056122,2486900,0,1,496.443275
2021-08-09,406.4700,377.693787,1984400,0,1,495.967404
2021-08-10,406.9800,378.167633,2400700,0,1,496.589697
2021-08-11,407.9600,379.078339,3554400,0,1,497.785475
2021-08-12,409.1500,380.184143,2319300,0,1,499.237492
2021-08-13,409.9600,380.936615,2253800,0,1,500.225839
2021-08-16,410.9400,381.847351,3379100,0,1,501.421618
2021-08-17,408.2300,379.329193,5186300,0,1,498.114924
2021-08-18,403.8400,375.249939,4878300,0,1,492.758325
2021-08-19,404.4100,375.779541,5505700,0,1,493.453829
2021-08-20,407.6100,378.753082,3263600,0,1,497.358412
2021-08-23,411.2200,382.107483,3259400,0,1,501.763269
2021-08-24,411.8700,382.711517,3006500,0,1,502.556387
2021-08-25,412.6300,383.417725,3261400,0,1,503.483726
2021-08-26,410.2200,381.178284,4707600,0,1,500.543087
2021-08-27,413.8600,384.560608,3882200,0,1,504.984549
2021-08-30,415.7600,386.326080,2811800,0,1,507.302895
2021-08-31,415.0500,385.666290,6062900,0,1,506.436566
2021-09-01,415.4900,386.075226,3256400,0,1,506.973446
2021-09-02,416.7300,387.227386,2835500,0,1,508.486472
2021-09-03,416.5700,387.078644,3740000,0,1,508.291243
2021-09-07,415.0300,385.647705,3542500,0,1,506.412162
2021-09-08,414.6300,385.276093,4012600,0,1,505.924090
2021-09-09,412.7700,383.547760,3887800,0,1,503.654551
2021-09-10,409.5800,380.583618,4035500,0,1,499.762170
2021-09-13,410.5400,381.475677,4738300,0,1,500.933545
2021-09-14,408.4100,379.496490,3657700,0,1,498.334557
2021-09-15,411.8200,382.665039,3891400,0,1,502.495378
2021-09-16,411.1100,382.005280,3351500,0,1,501.629049
2021-09-17,407.0800,378.260529,5396100,0,1,496.711715
2021-09-20,400.4300,372.081360,10942700,0,1,488.597504
2021-09-21,400.0400,371.719025,6418100,0,1,488.121633
2021-09-22,403.9000,375.305725,6004800,0,1,492.831536
2021-09-23,408.7800,379.840210,4098000,0,1,498.786025
2021-09-24,409.4600,380.472076,3417700,0,1,499.615748
2021-09-27,408.3000,379.394135,3546600,0,1,498.200337
2021-09-28,400.1400,371.811920,8234300,0,1,488.243652
2021-09-29,399.4600,372.397339,4724200,1.308,1,489.009926
2021-09-30,394.4000,367.680115,9511200,0,1,482.815588
2021-10-01,399.1200,372.080383,8482200,0,1,488.593706
2021-10-04,394.2100,367.502991,8820400,0,1,482.582994
2021-10-05,398.0400,371.073578,5523200,0,1,487.271594
2021-10-06,399.8100,372.723663,6590000,0,1,489.438388
2021-10-07,403.2500,375.930603,4409200,0,1,493.649558
2021-10-08,402.4900,375.222107,3960900,0,1,492.719184
2021-10-11,399.5600,372.490631,3695700,0,1,489.132344
2021-10-12,398.7600,371.744812,6201300,0,1,488.153002
2021-10-13,400.0400,372.938110,6492400,0,1,489.719949
2021-10-14,406.7600,379.202728,3785200,0,1,497.946421
2021-10-15,409.9300,382.157990,3501600,0,1,501.827064
2021-10-18,411.1800,383.323364,3402700,0,1,503.357286
2021-10-19,414.3800,386.306519,2838300,0,1,507.274653
2021-10-20,415.9900,387.807556,3208200,0,1,509.245579
2021-10-21,417.0100,388.758423,2579500,0,1,510.494240
2021-10-22,416.5900,388.366791,3648900,0,1,509.980086
2021-10-25,418.7500,390.380493,2511500,0,1,512.624309
2021-10-26,419.1500,390.753387,3085300,0,1,513.113980
2021-10-27,417.3300,389.056671,2873500,0,1,510.885977
2021-10-28,421.4100,392.860352,3643600,0,1,515.880621
2021-10-29,422.1600,393.559479,4637400,0,1,516.798754
2021-11-01,423.0500,394.389160,3937300,0,1,517.888272
2021-11-02,424.6900,395.918091,2989200,0,1,519.895923
2021-11-03,427.2500,398.304626,3562900,0,1,523.029817
2021-11-04,429.2500,400.169098,4287300,0,1,525.478172
2021-11-05,430.7100,401.530182,4942900,0,1,527.265471
2021-11-08,431.2300,402.015015,3511600,0,1,527.902044
2021-11-09,429.7200,400.607361,4696000,0,1,526.053536
2021-11-10,426.2600,397.381744,6350700,0,1,521.817882
2021-11-11,426.4000,397.512207,3634600,0,1,521.989266
2021-11-12,429.5700,400.467499,3655500,0,1,525.869909
2021-11-15,429.7700,400.653870,3122300,0,1,526.114744
2021-11-16,431.4100,402.182831,3267000,0,1,528.122396
2021-11-17,430.3700,401.213287,3764900,0,1,526.849251
2021-11-18,431.8600,402.602325,4732200,0,1,528.673275
2021-11-19,431.0500,401.847198,4886200,0,1,527.681692
2021-11-22,429.9100,400.784393,4868300,0,1,526.286129
2021-11-23,430.4700,401.306549,6795200,0,1,526.971669
2021-11-24,431.5300,402.294708,4569600,0,1,528.269297
2021-11-26,422.1400,393.540802,7702500,0,1,516.774271
2021-11-29,427.2400,398.295288,6300800,0,1,523.017576
2021-11-30,419.0600,390.669403,8657600,0,1,513.003804
2021-12-01,414.2400,386.175995,8337000,0,1,507.103269
2021-12-02,420.5600,392.067871,10417700,0,1,514.840070
2021-12-03,416.8400,388.599792,10228900,0,1,510.286130
2021-12-06,421.8200,393.242462,7289500,0,1,516.382534
2021-12-07,430.4900,401.325134,4731900,0,1,526.996152
2021-12-08,431.7000,402.453156,4476500,0,1,528.477407
2021-12-09,428.7600,399.712311,5035400,0,1,524.878325
2021-12-10,432.8500,403.525238,6238300,0,1,529.885211
2021-12-13,429.0100,399.945435,5923900,0,1,525.184370
2021-12-14,426.0900,397.223175,6522900,0,1,521.609771
2021-12-15,432.7500,403.431976,6871300,0,1,529.762793
2021-12-16,428.8400,399.786926,7159500,0,1,524.976259
2021-12-17,424.3900,395.638489,8882700,0,1,519.528670
2021-12-20,419.8000,391.359375,9903400,0,1,513.909695
2021-12-21,425.6900,398.304871,6916700,1.533,1,522.996765
2021-12-22,429.9900,402.328217,4992200,0,1,528.279684
2021-12-23,432.6400,404.807739,5032700,0,1,531.535437
2021-12-27,438.8100,410.580780,4986300,0,1,539.115813
2021-12-28,438.4800,410.271973,4865800,0,1,538.710379
2021-12-29,439.0100,410.767944,4596700,0,1,539.361530
2021-12-30,437.7700,409.607697,3751800,0,1,537.838083
2021-12-31,436.5700,408.484924,5185600,0,1,536.363780
2022-01-03,439.2500,410.992493,6017300,0,1,539.656390
2022-01-04,439.0700,410.824127,6262200,0,1,539.435245
2022-01-05,430.6600,402.955017,7539600,0,1,529.102837
2022-01-06,430.0800,402.412445,7971500,0,1,528.390257
2022-01-07,428.5900,401.018219,6157500,0,1,526.559664
2022-01-10,428.0300,400.494324,10481500,0,1,525.871656
2022-01-11,431.7800,404.003052,7282400,0,1,530.478853
2022-01-12,433.0700,405.210052,8270300,0,1,532.063729
2022-01-13,427.1000,399.624023,7521300,0,1,524.729071
2022-01-14,427.2300,399.745728,9960800,0,1,524.888787
2022-01-18,419.7400,392.737610,10681500,0,1,515.686678
2022-01-19,415.3300,388.611298,8184100,0,1,510.268614
2022-01-20,410.7600,384.335266,8907600,0,1,504.653976
2022-01-21,402.6900,376.784393,16225900,0,1,494.739287
2022-01-24,404.3700,378.356323,22970700,0,1,496.803311
2022-01-25,399.4600,373.762207,16836300,0,1,490.770954
2022-01-26,398.5600,372.920166,14377300,0,1,489.665227
2022-01-27,396.5400,371.030182,12455200,0,1,487.183483
2022-01-28,406.2600,380.124786,12096800,0,1,499.125339
2022-01-31,413.6900,387.076782,9200400,0,1,508.253733
2022-02-01,416.3900,389.603149,8154900,0,1,511.570915
2022-02-02,420.3600,393.317627,6726500,0,1,516.448401
2022-02-03,410.5900,384.176208,7658300,0,1,504.445116
2022-02-04,412.5200,385.982086,8210000,0,1,506.816287
2022-02-07,411.1600,384.709564,5620900,0,1,505.145410
2022-02-08,414.4900,387.825287,5565700,0,1,509.236602
2022-02-09,420.5700,393.514191,6284500,0,1,516.706404
2022-02-10,413.1800,386.599548,9260500,0,1,507.627154
2022-02-11,404.9400,378.889709,10458600,0,1,497.503605
2022-02-14,403.6200,377.654602,10167600,0,1,495.881872
2022-02-15,410.1000,383.717773,6815000,0,1,503.843109
2022-02-16,410.5900,384.176208,7743800,0,1,504.445116
2022-02-17,401.8600,376.007812,7541000,0,1,493.719561
2022-02-18,399.2900,373.603180,10570800,0,1,490.562095
2022-02-22,394.9200,369.514313,10414700,0,1,485.193174
2022-02-23,387.8100,362.861664,12154900,0,1,476.457928
2022-02-24,393.7700,368.438202,21277200,0,1,483.780300
2022-02-25,402.3700,376.485138,11665200,0,1,494.346140
2022-02-28,401.3600,375.539978,11855900,0,1,493.105268
2022-03-01,395.3400,369.907227,9124400,0,1,485.709180
2022-03-02,402.6000,376.700226,8185200,0,1,494.628714
2022-03-03,400.5800,374.810211,8745300,0,1,492.146971
2022-03-04,397.3400,371.778656,6317700,0,1,488.166352
2022-03-07,385.6100,360.803162,8411500,0,1,473.755039
2022-03-08,382.7000,358.080536,9356100,0,1,470.179853
2022-03-09,392.9000,367.624268,5812600,0,1,482.711430
2022-03-10,391.1500,365.986816,6394800,0,1,480.561405
2022-03-11,386.1600,361.317841,5872800,0,1,474.430761
2022-03-14,383.3400,358.679260,6455000,0,1,470.966148
2022-03-15,391.7500,366.548248,5739400,0,1,481.298556
2022-03-16,400.5100,374.744751,7407300,0,1,492.060970
2022-03-17,405.4100,379.329498,5177500,0,1,498.081041
2022-03-18,409.8900,383.521240,5875000,0,1,503.585106
2022-03-21,409.9100,383.539948,4159500,0,1,503.609678
2022-03-22,414.6700,387.993744,4231700,0,1,509.457747
2022-03-23,409.3300,382.997284,3742600,0,1,502.897098
2022-03-24,414.0200,388.690247,2977300,1.374,1,510.347243
2022-03-25,416.1200,390.661835,3638000,0,1,512.935836
2022-03-28,418.9900,393.356232,3395300,0,1,516.473580
2022-03-29,424.2900,398.331940,5510600,0,1,523.006695
2022-03-30,421.6500,395.853546,4794300,0,1,519.752464
2022-03-31,415.1700,389.769928,5876600,0,1,511.764806
2022-04-01,416.3200,390.849609,4663100,0,1,513.182369
2022-04-04,419.8500,394.163635,5117200,0,1,517.533670
2022-04-05,414.6600,389.291168,4112000,0,1,511.136148
2022-04-06,410.4600,385.348083,5540700,0,1,505.958962
2022-04-07,412.5300,387.291443,4954100,0,1,508.510575
2022-04-08,411.5300,386.352631,4752800,0,1,507.277912
2022-04-11,404.4000,379.658813,3342800,0,1,498.489023
2022-04-12,402.9200,378.269409,6615800,0,1,496.664681
2022-04-13,407.4700,382.541016,4358700,0,1,502.273299
2022-04-14,402.5200,377.893860,3735700,0,1,496.171616
2022-04-18,402.5900,377.959534,4305900,0,1,496.257902
2022-04-19,409.0200,383.996155,3841500,0,1,504.183927
2022-04-20,408.7100,383.705170,5067100,0,1,503.801801
2022-04-21,402.6500,378.015900,4670200,0,1,496.331862
2022-04-22,391.6600,367.698242,6326400,0,1,482.784893
2022-04-25,393.8000,369.707367,8141200,0,1,485.422792
2022-04-26,382.5400,359.136169,8493000,0,1,471.543004
2022-04-27,383.5300,360.065704,6415700,0,1,472.763340
2022-04-28,393.1400,369.087738,7030200,0,1,484.609234
2022-04-29,378.7000,355.531158,8221900,0,1,466.809577
2022-05-02,381.0800,357.765472,10737000,0,1,469.743315
2022-05-03,382.7300,359.314636,5607700,0,1,471.777210
2022-05-04,394.3400,370.214294,7367500,0,1,486.088430
2022-05-05,380.4900,357.211639,10477300,0,1,469.016044
2022-05-06,378.1000,354.967896,7959600,0,1,466.069979
2022-05-09,365.9000,343.514221,10793200,0,1,451.031487
2022-05-10,366.8400,344.396698,7870800,0,1,452.190191
2022-05-11,360.9300,338.848328,8026900,0,1,444.905151
2022-05-12,360.6500,338.585419,7679200,0,1,444.560005
2022-05-13,369.1600,346.574890,5377400,0,1,455.049969
2022-05-16,367.8400,345.335632,4719800,0,1,453.422854
2022-05-17,375.2000,352.245300,4513300,0,1,462.495256
2022-05-18,360.3400,338.294464,6883600,0,1,444.177879
2022-05-19,357.9300,336.031891,6359500,0,1,441.207161
2022-05-20,358.0200,336.116333,8755900,0,1,441.318101
2022-05-23,364.8100,342.490936,5254900,0,1,449.687884
2022-05-24,362.1800,340.021851,5567300,0,1,446.445980
2022-05-25,365.2000,342.857056,5704600,0,1,450.168623
2022-05-26,372.4600,349.672943,4248300,0,1,459.117758
2022-05-27,381.8000,358.441498,3911800,0,1,470.630833
2022-05-31,379.6800,356.451172,5016500,0,1,468.017587
2022-06-01,376.5000,353.465759,4245800,0,1,464.097718
2022-06-02,383.6500,360.178284,3273700,0,1,472.911260
2022-06-03,377.4400,354.348267,2749500,0,1,465.256421
2022-06-06,378.4700,355.315216,2659500,0,1,466.526064
2022-06-07,382.1700,358.788879,2649900,0,1,471.086918
2022-06-08,377.9900,354.864624,3436400,0,1,465.934386
2022-06-09,369.1000,346.518524,3022000,0,1,454.976010
2022-06-10,358.2700,336.351105,7629700,0,1,441.626267
2022-06-13,344.4600,323.385925,10399700,0,1,424.603187
2022-06-14,343.6000,322.578613,7584200,0,1,423.543096
2022-06-15,348.5200,327.197510,7887600,0,1,429.607800
2022-06-16,337.0700,316.448090,8821900,0,1,415.493805
2022-06-17,337.9500,317.274231,7084000,0,1,416.578549
2022-06-21,346.2300,325.047699,5628300,0,1,426.785001
2022-06-22,345.5000,324.362335,4876100,0,1,425.885157
2022-06-23,349.1300,327.770264,6708800,0,1,430.359724
2022-06-24,360.0000,337.975189,5458600,0,1,443.758774
2022-06-27,358.6500,336.707764,4608600,0,1,442.094679
2022-06-28,350.9000,329.431976,8797800,0,1,432.541538
2022-06-29,349.6400,329.594086,3775900,1.432,1,432.753556
2022-06-30,346.8800,326.992371,7159600,0,1,429.337472
2022-07-01,350.4400,330.348206,7481500,0,1,433.743726
2022-07-05,351.0600,330.932648,6180600,0,1,434.511107
2022-07-06,352.3300,332.129822,5450900,0,1,436.083001
2022-07-07,357.5000,337.003418,3737500,0,1,442.481971
2022-07-08,357.2900,336.805511,4791300,0,1,442.222052
2022-07-11,353.2500,332.997070,3491700,0,1,437.221696
2022-07-12,349.9900,329.924011,4080300,0,1,433.186755
2022-07-13,348.3600,328.387512,5603500,0,1,431.169285
2022-07-14,347.4400,327.520264,4624800,0,1,430.030590
2022-07-15,354.0100,333.713531,4520500,0,1,438.162357
2022-07-18,351.0800,330.951630,3544900,0,1,434.535861
2022-07-19,360.6100,339.935089,3620200,0,1,446.331255
2022-07-20,362.9200,342.112793,4270600,0,1,449.190369
2022-07-21,366.5900,345.572357,4604000,0,1,453.732771
2022-07-22,363.2500,342.423798,4533900,0,1,449.598814
2022-07-25,363.6100,342.763153,3902200,0,1,450.044390
2022-07-26,359.2500,338.653137,2987200,0,1,444.647967
2022-07-27,368.6600,347.523621,4500300,0,1,456.294835
2022-07-28,373.3200,351.916473,4345300,0,1,462.062572
2022-07-29,378.7900,357.072845,5246400,0,1,468.832856
2022-08-01,377.6500,355.998260,4421400,0,1,467.421864
2022-08-02,375.2100,353.698120,4132600,0,1,464.401847
2022-08-03,381.0700,359.222076,3854800,0,1,471.654838
2022-08-04,380.7700,358.939362,3410600,0,1,471.283525
2022-08-05,379.9800,358.194672,2852100,0,1,470.305733
2022-08-08,379.6400,357.874176,3450800,0,1,469.884911
2022-08-09,378.1400,356.460144,2360500,0,1,468.028343
2022-08-10,386.0600,363.926086,3651000,0,1,477.831020
2022-08-11,386.0600,363.926086,3575400,0,1,477.831020
2022-08-12,392.6700,370.157104,3664400,0,1,486.012295
2022-08-15,394.3500,371.740814,3203900,0,1,488.091651
2022-08-16,395.0400,372.391205,3864800,0,1,488.945672
2022-08-17,392.3400,369.845978,3222300,0,1,485.603851
2022-08-18,393.5500,370.986603,3258100,0,1,487.101482
2022-08-19,388.1200,365.867981,2899000,0,1,480.380707
2022-08-22,379.9400,358.156921,4153700,0,1,470.256224
2022-08-23,379.0400,357.308563,2869200,0,1,469.142283
2022-08-24,380.1900,358.392609,2241200,0,1,470.565652
2022-08-25,385.7300,363.614960,2631300,0,1,477.422575
2022-08-26,372.5100,351.153015,5153200,0,1,461.060025
2022-08-29,370.0500,348.833954,4953200,0,1,458.015254
2022-08-30,366.0300,345.044373,5044500,0,1,453.039653
2022-08-31,363.1500,342.329529,4062500,0,1,449.475043
2022-09-01,364.2700,343.385376,6126800,0,1,450.861280
2022-09-02,360.4500,339.784363,4544200,0,1,446.133221
2022-09-06,359.2400,338.643707,5680300,0,1,444.635590
2022-09-07,365.6800,344.714539,4137000,0,1,452.606454
2022-09-08,368.0700,346.967468,3692000,0,1,455.564585
2022-09-09,373.7500,352.321808,2621600,0,1,462.594788
2022-09-12,377.8600,356.196198,2961400,0,1,467.681784
2022-09-13,361.3800,340.661041,5549200,0,1,447.284293
2022-09-14,362.7300,341.933685,3555500,0,1,448.955204
2022-09-15,358.6800,338.115814,3807500,0,1,443.942471
2022-09-16,355.8600,335.457458,4452300,0,1,440.452124
2022-09-19,358.5900,338.030945,3412600,0,1,443.831077
2022-09-20,354.5500,334.222656,3624000,0,1,438.830721
2022-09-21,348.3100,328.340424,5102400,0,1,431.107400
2022-09-22,345.3700,325.568970,5555600,0,1,427.468527
2022-09-23,339.6300,320.157959,10491500,0,1,420.364061
2022-09-26,336.3400,317.056641,5405700,0,1,416.291989
2022-09-27,335.3900,316.161194,5795700,0,1,415.116163
2022-09-28,340.4800,322.371277,8683900,1.469,1,423.234315
2022-09-29,333.3800,315.648834,7230100,0,1,414.408646
2022-09-30,328.3000,310.839050,7736600,0,1,408.093943
2022-10-03,336.9800,319.057404,5739000,0,1,418.883633
2022-10-04,347.2100,328.743286,5110000,0,1,431.600054
2022-10-05,346.6100,328.175262,4755800,0,1,430.854223
2022-10-06,342.9600,324.719391,3879600,0,1,426.317084
2022-10-07,333.3300,315.601532,5168100,0,1,414.346494
2022-10-10,330.8400,313.243927,3933900,0,1,411.251294
2022-10-11,328.6600,311.179901,4968100,0,1,408.541441
2022-10-12,327.6400,310.214142,3235100,0,1,407.273528
2022-10-13,336.2200,318.337799,6396900,0,1,417.938914
2022-10-14,328.6500,311.170471,4879400,0,1,408.529011
2022-10-17,337.0000,319.076385,3889500,0,1,418.908494
2022-10-18,340.9700,322.835175,4903300,0,1,423.843410
2022-10-19,338.6100,320.600708,4403200,0,1,420.909808
2022-10-20,335.8300,317.968536,3459100,0,1,417.454123
2022-10-21,343.9000,325.609283,4362400,0,1,427.485552
2022-10-24,348.0900,329.576508,5639400,0,1,432.693940
2022-10-25,353.7500,334.935486,5203400,0,1,439.729614
2022-10-26,351.1100,332.435944,4277700,0,1,436.447957
2022-10-27,349.2300,330.655884,4145300,0,1,434.111019
2022-10-28,357.3800,338.372437,4388100,0,1,444.241892
2022-10-31,354.9500,336.071655,6431000,0,1,441.221276
2022-11-01,353.5200,334.717743,8014300,0,1,439.443712
2022-11-02,344.5000,326.177429,5022500,0,1,428.231384
2022-11-03,340.8300,322.702637,4534800,0,1,423.669383
2022-11-04,345.8200,327.427277,3655400,0,1,429.872212
2022-11-07,349.1400,330.570709,3316600,0,1,433.999144
2022-11-08,351.0400,332.369629,3237200,0,1,436.360943
2022-11-09,343.8700,325.580933,3570800,0,1,427.448261
2022-11-10,362.6900,343.399963,4603600,0,1,450.842498
2022-11-11,366.1600,346.685455,4877400,0,1,455.155888
2022-11-14,363.2200,343.901733,5274300,0,1,451.501315
2022-11-15,366.2200,346.742279,4597800,0,1,455.230471
2022-11-16,363.4400,344.110168,2755100,0,1,451.774787
2022-11-17,362.3900,343.115967,3278500,0,1,450.469582
2022-11-18,363.9900,344.630829,2574400,0,1,452.458465
2022-11-21,362.7100,343.418854,2397900,0,1,450.867359
2022-11-22,367.5400,347.992004,2316000,0,1,456.871300
2022-11-23,369.8400,350.169739,2590900,0,1,459.730319
2022-11-25,369.8000,350.131866,1423400,0,1,459.680597
2022-11-28,363.9500,344.592987,3553600,0,1,452.408743
2022-11-29,363.3100,343.987000,2507800,0,1,451.613190
2022-11-30,374.4900,354.572357,4748800,0,1,465.510510
2022-12-01,374.5400,354.619781,4608600,0,1,465.572663
2022-12-02,374.0000,354.108551,3596000,0,1,464.901415
2022-12-05,367.3400,347.802673,3707000,0,1,456.622689
2022-12-06,362.0300,342.775085,3911000,0,1,450.022084
2022-12-07,361.3300,342.112335,3338000,0,1,449.151947
2022-12-08,364.1800,344.810760,3604500,0,1,452.694645
2022-12-09,361.5200,342.292175,4271400,0,1,449.388127
2022-12-12,366.6800,347.177734,2946200,0,1,455.802275
2022-12-13,369.3900,349.743713,6161800,0,1,459.170946
2022-12-14,367.1600,347.632263,4707100,0,1,456.398940
2022-12-15,358.1300,339.082520,5126800,0,1,445.174181
2022-12-16,353.8600,335.039642,4533100,0,1,439.866349
2022-12-19,350.8100,332.151886,5538500,0,1,436.075041
2022-12-20,349.6700,332.657990,5068200,1.672,1,436.736345
2022-12-21,354.9000,337.633453,3832400,0,1,443.268592
2022-12-22,349.9100,332.886261,6458200,0,1,437.036104
2022-12-23,351.8700,334.750946,4572000,0,1,439.484135
2022-12-27,350.4700,333.419006,4303200,0,1,437.735541
2022-12-28,346.1700,329.328278,4464600,0,1,432.364860
2022-12-29,352.3100,335.169525,4086600,0,1,440.033693
2022-12-30,351.3400,334.246704,5325400,0,1,438.822168
2023-01-03,349.9900,332.962402,4957300,0,1,437.136023
2023-01-04,352.5100,335.359833,3119100,0,1,440.283493
2023-01-05,348.6600,331.697144,3216500,0,1,435.474859
2023-01-06,356.5900,339.241333,3464800,0,1,445.379395
2023-01-09,356.3300,338.993927,3775300,0,1,445.054656
2023-01-10,358.8700,341.410370,3495700,0,1,448.227106
2023-01-11,363.4500,345.767517,5710500,0,1,453.947506
2023-01-12,364.8100,347.061371,4743500,0,1,455.646140
2023-01-13,366.2300,348.412262,3015200,0,1,457.419714
2023-01-17,365.6700,347.879578,4942000,0,1,456.720277
2023-01-18,359.7300,342.228577,3931800,0,1,449.301242
2023-01-19,357.1400,339.764557,3569900,0,1,446.066343
2023-01-20,363.7100,346.014893,3265100,0,1,454.272245
2023-01-23,368.1400,350.229401,3243300,0,1,459.805296
2023-01-24,367.7500,349.858368,2702400,0,1,459.318188
2023-01-25,367.8800,349.982025,3061700,0,1,459.480557
2023-01-26,371.8100,353.720764,3460900,0,1,464.389111
2023-01-27,372.8700,354.729248,5549500,0,1,465.713046
2023-01-30,368.2100,350.295929,3280600,0,1,459.892726
2023-01-31,373.4400,355.271484,4181700,0,1,466.424974
2023-02-01,377.5300,359.162567,4941700,0,1,471.533366
2023-02-02,382.9400,364.309296,5207900,0,1,478.290433
2023-02-03,378.8500,360.418335,6472500,0,1,473.182041
2023-02-06,376.6600,358.334808,2880100,0,1,470.446740
2023-02-07,381.5200,362.958374,4504600,0,1,476.516859
2023-02-08,377.3400,358.981750,2921500,0,1,471.296057
2023-02-09,374.1100,355.908936,3327700,0,1,467.261801
2023-02-10,375.0200,356.774597,3256700,0,1,468.398387
2023-02-13,379.3500,360.893982,2980600,0,1,473.806539
2023-02-14,379.2100,360.760773,4718000,0,1,473.631679
2023-02-15,380.4800,361.968964,2820200,0,1,475.217904
2023-02-16,375.1900,356.936432,3077500,0,1,468.610716
2023-02-17,374.2200,356.013550,3285300,0,1,467.399190
2023-02-21,366.7900,348.945007,3109200,0,1,458.119152
2023-02-22,366.3300,348.507385,3872000,0,1,457.544614
2023-02-23,368.1700,350.257904,2867200,0,1,459.842766
2023-02-24,364.2300,346.509583,4055000,0,1,454.921723
2023-02-27,365.4900,347.708313,3300100,0,1,456.495458
2023-02-28,364.1100,346.395447,3022200,0,1,454.771843
2023-03-01,362.7800,345.130096,3764700,0,1,453.110679
2023-03-02,365.4900,347.708313,2727200,0,1,456.495458
2023-03-03,371.2800,353.216583,4913600,0,1,463.727143
2023-03-06,371.7300,353.644714,2638300,0,1,464.289191
2023-03-07,365.9800,348.174500,3546100,0,1,457.107465
2023-03-08,366.5500,348.716675,2906300,0,1,457.819393
2023-03-09,359.8400,342.333221,4409600,0,1,449.438632
2023-03-10,354.6800,337.424225,8360400,0,1,442.993813
2023-03-13,354.0800,336.853424,6478700,0,1,442.244416
2023-03-14,359.9600,342.447357,4798800,0,1,449.588511
2023-03-15,357.7400,340.335327,6610400,0,1,446.815740
2023-03-16,363.8600,346.157593,5016700,0,1,454.459594
2023-03-17,359.8800,342.371216,5189900,0,1,449.488591
2023-03-20,363.1300,345.463104,3099800,0,1,453.547828
2023-03-21,367.8800,349.982025,4117600,0,1,459.480557
2023-03-22,361.7800,344.178741,4094800,0,1,451.861683
2023-03-23,362.6400,344.996979,4787200,0,1,452.935820
2023-03-24,363.5600,347.296265,3740400,1.487,1,455.942152
2023-03-27,364.1600,347.869446,4144800,0,1,456.694615
2023-03-28,363.5200,347.258057,2413700,0,1,455.891988
2023-03-29,368.6900,352.196808,3636100,0,1,462.375707
2023-03-30,370.8900,354.298401,3316700,0,1,465.134737
2023-03-31,376.0700,359.246643,4159800,0,1,471.630997
2023-04-03,377.5600,360.669983,3525300,0,1,473.499612
2023-04-04,375.4300,358.635254,2713300,0,1,470.828370
2023-04-05,374.5200,357.765991,3227700,0,1,469.687135
2023-04-06,375.9500,359.132080,3076200,0,1,471.480504
2023-04-10,376.3600,359.523651,2671100,0,1,471.994687
2023-04-11,376.4100,359.571411,3069000,0,1,472.057392
2023-04-12,374.9100,358.138519,3624200,0,1,470.176236
2023-04-13,379.7700,362.781158,2680900,0,1,476.271183
2023-04-14,378.9900,362.036072,2981700,0,1,475.292981
2023-04-17,380.2800,363.268341,2721000,0,1,476.910776
2023-04-18,380.5400,363.516663,3019300,0,1,477.236843
2023-04-19,380.5200,363.497589,2671300,0,1,477.211761
2023-04-20,378.3700,361.443726,2953200,0,1,474.515437
2023-04-21,378.5900,361.653961,2762300,0,1,474.791340
2023-04-24,379.0900,362.131531,2310400,0,1,475.418392
2023-04-25,373.1000,356.409546,3795400,0,1,467.906307
2023-04-26,371.4400,354.823822,3766900,0,1,465.824494
2023-04-27,378.8100,361.864075,4302400,0,1,475.067243
2023-04-28,382.0500,364.959137,3386900,0,1,479.130541
2023-05-01,381.7900,364.710754,3069300,0,1,478.804473
2023-05-02,377.5100,360.622253,4311600,0,1,473.436907
2023-05-03,374.8800,358.109894,5513000,0,1,470.138613
2023-05-04,372.1400,355.492462,4421500,0,1,466.702367
2023-05-05,378.9700,362.016876,3139400,0,1,475.267899
2023-05-08,379.1800,362.217529,2957600,0,1,475.531261
2023-05-09,377.5400,360.650909,2271000,0,1,473.474530
2023-05-10,379.1900,362.227051,3512900,0,1,475.543802
2023-05-11,378.6600,361.720795,2676600,0,1,474.879127
2023-05-12,378.1500,361.233612,2531000,0,1,474.239534
2023-05-15,379.4600,362.484985,3882600,0,1,475.882410
2023-05-16,376.9500,360.087311,2275300,0,1,472.734609
2023-05-17,381.4500,364.385986,3222600,0,1,478.378078
2023-05-18,385.1800,367.949097,3340600,0,1,483.055887
2023-05-19,384.5700,367.366394,3649000,0,1,482.290883
2023-05-22,384.7800,367.567017,2784000,0,1,482.554245
2023-05-23,380.4800,363.459320,2887300,0,1,477.161597
2023-05-24,377.6300,360.736877,3611600,0,1,473.587400
2023-05-25,380.9200,363.879761,3315900,0,1,477.713403
2023-05-26,385.8700,368.608276,3042800,0,1,483.921219
2023-05-30,385.9900,368.722870,3968500,0,1,484.071711
2023-05-31,383.8900,366.716858,4205300,0,1,481.438092
2023-06-01,387.5700,370.232300,3563600,0,1,486.053196
2023-06-02,393.2600,375.667603,7368900,0,1,493.189050
2023-06-05,392.5000,374.941650,3481200,0,1,492.235930
2023-06-06,393.3100,375.715424,2894700,0,1,493.251755
2023-06-07,392.0200,374.483063,3942900,0,1,491.633960
2023-06-08,394.3700,376.728027,3455400,0,1,494.581105
2023-06-09,395.0300,377.358459,3060100,0,1,495.408814
2023-06-12,398.6600,380.826080,3792700,0,1,499.961213
2023-06-13,401.2900,383.338501,3913100,0,1,503.259507
2023-06-14,401.6000,383.634583,5161300,0,1,503.648279
2023-06-15,406.7500,388.554260,5285000,0,1,510.106916
2023-06-16,405.2500,387.121307,5141900,0,1,508.225760
2023-06-20,403.3800,385.334900,4242900,0,1,505.880585
2023-06-21,401.1700,383.223877,3423500,0,1,503.109014
2023-06-22,402.6300,384.618469,3141000,0,1,504.940007
2023-06-23,399.6100,381.733612,4215300,0,1,501.152612
2023-06-26,397.9600,380.157379,3250700,0,1,499.083340
2023-06-27,402.3700,384.370117,4302400,0,1,504.613940
2023-06-28,402.5500,384.542084,4320700,0,1,504.839678
2023-06-29,402.5100,386.015198,3914800,1.576,1,506.765982
2023-06-30,407.2800,390.589691,5173700,0,1,512.771482
2023-07-03,408.0600,391.337708,2372000,0,1,513.753514
2023-07-05,407.1500,390.464996,4230100,0,1,512.607810
2023-07-06,403.8300,387.281036,6040300,0,1,508.427882
2023-07-07,402.8900,386.379578,3673200,0,1,507.244408
2023-07-10,403.9700,387.415375,3362300,0,1,508.604144
2023-07-11,406.5600,389.899200,3177800,0,1,511.864992
2023-07-12,409.7600,392.968048,4246400,0,1,515.893839
2023-07-13,413.1000,396.171173,3273400,0,1,520.098948
2023-07-14,412.7700,395.854706,3680900,0,1,519.683473
2023-07-17,414.2100,397.235687,2963700,0,1,521.496454
2023-07-18,417.3500,400.247070,3594000,0,1,525.449760
2023-07-19,418.2500,401.110107,3494900,0,1,526.582873
2023-07-20,415.5200,398.491943,4085000,0,1,523.145763
2023-07-21,415.5700,398.539948,3176700,0,1,523.208714
2023-07-24,417.3300,400.227814,3471100,0,1,525.424579
2023-07-25,418.5600,401.407410,3949300,0,1,526.973167
2023-07-26,418.6600,401.503326,6138800,0,1,527.099069
2023-07-27,415.8200,398.779663,4149400,0,1,523.523467
2023-07-28,419.8700,402.663788,2701200,0,1,528.622477
2023-07-31,420.6800,403.440552,3452100,0,1,529.642278
2023-08-01,419.3800,402.193787,3118000,0,1,528.005559
2023-08-02,413.5700,396.621948,4973700,0,1,520.690684
2023-08-03,412.4000,395.499878,3022300,0,1,519.217637
2023-08-04,410.3800,393.562622,5717300,0,1,516.674428
2023-08-07,414.0800,397.110992,2598000,0,1,521.332782
2023-08-08,412.2900,395.394379,3780100,0,1,519.079146
2023-08-09,409.5500,392.766632,3145900,0,1,515.629446
2023-08-10,409.7900,392.996796,4588300,0,1,515.931609
2023-08-11,409.4100,392.632324,2918900,0,1,515.453183
2023-08-14,411.7200,394.847717,2772900,0,1,518.361507
2023-08-15,407.0000,390.321198,4686100,0,1,512.418958
2023-08-16,403.9900,387.434540,3353700,0,1,508.629324
2023-08-17,400.7200,384.298492,7102500,0,1,504.512346
2023-08-18,401.0900,384.653381,4157700,0,1,504.978182
2023-08-21,403.7400,387.194733,3292400,0,1,508.314570
2023-08-22,402.6100,386.111023,2646100,0,1,506.891884
2023-08-23,406.9500,390.273224,3250000,0,1,512.356007
2023-08-24,401.5400,385.084900,3458800,0,1,505.544738
2023-08-25,404.2000,387.635864,4417800,0,1,508.893717
2023-08-28,406.8600,390.186859,3236700,0,1,512.242696
2023-08-29,412.6400,395.730042,3482700,0,1,519.519801
2023-08-30,414.3600,397.379517,3004500,0,1,521.685306
2023-08-31,413.8300,396.871216,4751100,0,1,521.018028
2023-09-01,414.7100,397.715179,3588000,0,1,522.125961
2023-09-05,412.9000,395.979431,4426700,0,1,519.847145
2023-09-06,410.0500,393.246124,3744100,0,1,516.258953
2023-09-07,408.8300,392.076141,2245800,0,1,514.722955
2023-09-08,409.3900,392.613159,4124400,0,1,515.428003
2023-09-11,412.0800,395.192932,3346600,0,1,518.814753
2023-09-12,409.8700,393.073517,7595300,0,1,516.032330
2023-09-13,410.3500,393.533875,2529700,0,1,516.636657
2023-09-14,413.9000,396.938324,3660900,0,1,521.106159
2023-09-15,408.7400,391.989807,4004000,0,1,514.609644
2023-09-18,409.1900,392.421417,3014600,0,1,515.176200
2023-09-19,408.3700,391.634979,3623300,0,1,514.143808
2023-09-20,404.5500,387.971497,4009400,0,1,509.334372
2023-09-21,397.9200,381.613312,4633100,0,1,500.987105
2023-09-22,396.9600,380.692596,7204200,0,1,499.778451
2023-09-25,398.6100,382.274963,3227900,0,1,501.855825
2023-09-26,392.7600,376.664734,5734700,0,1,494.490590
2023-09-27,392.8500,376.751038,4837700,0,1,494.603901
2023-09-28,393.6400,378.948792,4065800,1.493,1,497.478231
2023-09-29,392.7000,378.043976,5766600,0,1,496.290269
2023-10-02,392.6700,378.015076,5886200,0,1,496.252355
2023-10-03,387.3900,372.932068,6886700,0,1,489.579545
2023-10-04,390.2400,375.675720,4333700,0,1,493.181346
2023-10-05,389.9100,375.358063,3329100,0,1,492.764295
2023-10-06,394.5600,379.834503,4897200,0,1,498.640918
2023-10-09,397.1900,382.366302,2959500,0,1,501.964685
2023-10-10,399.2400,384.339813,3289600,0,1,504.555455
2023-10-11,400.9300,385.966766,4181800,0,1,506.691259
2023-10-12,398.5200,383.646606,3872900,0,1,503.645526
2023-10-13,396.4200,381.625092,3769800,0,1,500.991567
2023-10-16,400.5700,385.620148,5150900,0,1,506.236295
2023-10-17,400.5800,385.629761,4214600,0,1,506.248933
2023-10-18,395.2200,380.469818,7329300,0,1,499.475019
2023-10-19,391.8700,377.244843,6708900,0,1,495.241323
2023-10-20,386.9900,372.546997,7549600,0,1,489.074029
2023-10-23,386.3100,371.892365,5537100,0,1,488.214652
2023-10-24,389.2000,374.674500,4451500,0,1,491.867005
2023-10-25,383.7100,369.389435,5471200,0,1,484.928798
2023-10-26,379.0000,364.855194,6959400,0,1,478.976348
2023-10-27,377.3200,363.237946,5638800,0,1,476.853181
2023-10-30,381.8600,367.608459,5795800,0,1,482.590787
2023-10-31,384.1700,369.832245,4523200,0,1,485.510142
2023-11-01,388.4000,373.904388,5549200,0,1,490.855973
2023-11-02,395.7800,381.008972,4752200,0,1,500.182742
2023-11-03,399.4400,384.532288,5981400,0,1,504.808213
2023-11-06,400.2100,385.273590,4007100,0,1,505.781331
2023-11-07,401.3400,386.361450,3358600,0,1,507.209413
2023-11-08,401.6700,386.679108,3731900,0,1,507.626464
2023-11-09,398.6400,383.762238,4145600,0,1,503.797181
2023-11-10,404.8600,389.750061,3992800,0,1,511.657953
2023-11-13,404.4500,389.355408,2872900,0,1,511.139800
2023-11-14,412.2200,396.835388,6973100,0,1,520.959447
2023-11-15,413.1200,397.701813,4414800,0,1,522.096858
2023-11-16,413.7000,398.260162,3798900,0,1,522.829856
2023-11-17,414.3100,398.847382,4696200,0,1,523.600767
2023-11-20,417.4300,401.850922,3517600,0,1,527.543792
2023-11-21,416.3400,400.801605,5248200,0,1,526.166261
2023-11-22,418.1400,402.534485,3692800,0,1,528.441082
2023-11-24,418.3700,402.755829,1351300,0,1,528.731754
2023-11-27,417.6400,402.053162,3632600,0,1,527.809188
2023-11-28,418.0500,402.447784,3382400,0,1,528.327341
2023-11-29,417.7800,402.187866,4092600,0,1,527.986118
2023-11-30,419.4000,403.747437,4405700,0,1,530.033458
2023-12-01,421.8600,406.115601,4973600,0,1,533.142381
2023-12-04,419.7400,404.074707,5806100,0,1,530.463146
2023-12-05,419.6100,403.949493,3419300,0,1,530.298854
2023-12-06,417.8600,402.264832,4201800,0,1,528.087221
2023-12-07,421.1300,405.412842,3248300,0,1,532.219814
2023-12-08,422.9200,407.136047,5125300,0,1,534.481998
2023-12-11,424.5600,408.714874,5247100,0,1,536.554613
2023-12-12,426.6700,410.746094,5982600,0,1,539.221210
2023-12-13,432.4800,416.339264,8659100,0,1,546.563829
2023-12-14,433.7500,417.561829,8349100,0,1,548.168842
2023-12-15,433.0900,416.926483,5326000,0,1,547.334741
2023-12-18,435.5400,419.285065,4280500,0,1,550.431026
2023-12-19,438.1900,421.836121,4061500,0,1,553.780069
2023-12-20,430.0900,415.747253,5783200,1.801,1,545.819457
2023-12-21,434.2800,419.797546,4621600,0,1,551.136910
2023-12-22,435.2900,420.773773,4037800,0,1,552.418683
2023-12-26,437.1000,422.523438,3835800,0,1,554.715721
2023-12-27,437.9000,423.296814,4271000,0,1,555.730987
2023-12-28,437.9700,423.364410,4703700,0,1,555.819822
2023-12-29,436.8000,422.233398,4376900,0,1,554.334996
2024-01-02,434.0100,419.536530,9076000,0,1,550.794258
2024-01-03,430.7900,416.423859,4805000,0,1,546.707814
2024-01-04,429.4300,415.109253,3945300,0,1,544.981862
2024-01-05,429.9800,415.640930,5724600,0,1,545.679858
2024-01-08,436.1300,421.585815,7222400,0,1,553.484712
2024-01-09,435.0700,420.561157,7939600,0,1,552.139485
2024-01-10,437.9400,423.335388,4278800,0,1,555.781750
2024-01-11,437.7900,423.190430,4796600,0,1,555.591388
2024-01-12,437.9900,423.383759,5182700,0,1,555.845204
2024-01-16,436.5000,421.943451,5730800,0,1,553.954272
2024-01-17,434.0700,419.594513,6044600,0,1,550.870403
2024-01-18,437.9300,423.325775,4331300,0,1,555.769059
2024-01-19,443.2900,428.507050,4836800,0,1,562.571338
2024-01-22,444.3000,429.483337,5870400,0,1,563.853111
2024-01-23,445.6200,430.759277,3251600,0,1,565.528299
2024-01-24,445.9900,431.116913,4568200,0,1,565.997860
2024-01-25,448.5000,433.543304,4167100,0,1,569.183255
2024-01-26,448.2300,433.282257,6404000,0,1,568.840603
2024-01-29,451.4900,436.433563,4543300,0,1,572.977810
2024-01-30,451.1700,436.124237,3410000,0,1,572.571704
2024-01-31,443.8200,429.019318,7108000,0,1,563.243952
2024-02-01,449.6600,434.664551,6138400,0,1,570.655390
2024-02-02,454.2800,439.130524,6253500,0,1,576.518549
2024-02-05,452.6200,437.525879,7101900,0,1,574.411873
2024-02-06,454.0300,438.888824,4383600,0,1,576.201278
2024-02-07,457.7600,442.494476,6763400,0,1,580.934954
2024-02-08,458.0700,442.794159,4184600,0,1,581.328370
2024-02-09,460.6700,445.307434,4002600,0,1,584.627983
2024-02-12,460.4600,445.104401,4564200,0,1,584.361475
2024-02-13,453.9700,438.830811,8152200,0,1,576.125134
2024-02-14,458.2900,443.006775,5624000,0,1,581.607568
2024-02-15,461.3900,446.003479,5695700,0,1,585.541722
2024-02-16,459.0300,443.722107,5527900,0,1,582.546688
2024-02-20,456.5100,441.286194,5306800,0,1,579.348602
2024-02-21,456.9700,441.730835,4208600,0,1,579.932379
2024-02-22,466.5700,451.010681,4328500,0,1,592.115566
2024-02-23,466.7800,451.213715,4050600,0,1,592.382073
2024-02-26,465.0700,449.560669,3450800,0,1,590.211943
2024-02-27,465.9300,450.391998,3586900,0,1,591.303354
2024-02-28,465.2100,449.695984,2800600,0,1,590.389615
2024-02-29,466.9300,451.358643,7332900,0,1,592.572436
2024-03-01,471.4300,455.708618,4839400,0,1,598.283304
2024-03-04,470.8700,455.167267,3970200,0,1,597.572619
2024-03-05,466.1500,450.604675,4616500,0,1,591.582552
2024-03-06,468.6200,452.992310,5325100,0,1,594.717184
2024-03-07,473.2600,457.477600,7149800,0,1,600.605724
2024-03-08,470.3900,454.703339,6285600,0,1,596.963459
2024-03-11,470.0000,454.326355,5323900,0,1,596.468517
2024-03-12,475.0300,459.188538,4811000,0,1,602.851999
2024-03-13,474.3100,458.492523,3544500,0,1,601.938260
2024-03-14,473.2700,457.487213,5153000,0,1,600.618415
2024-03-15,470.0100,454.335968,6807100,0,1,596.481208
2024-03-18,472.9500,457.177917,3939100,0,1,600.212309
2024-03-19,475.6000,459.739594,4550200,0,1,603.575376
2024-03-20,479.7500,463.751160,6179400,0,1,608.842066
2024-03-21,481.3500,465.297760,5044700,0,1,610.872597
2024-03-22,479.1800,464.689728,5881500,1.543,1,610.076883
2024-03-25,477.9400,463.487183,6081300,0,1,608.498154
2024-03-26,476.6000,462.187714,8073500,0,1,606.792108
2024-03-27,480.7600,466.221954,4951400,0,1,612.088489
2024-03-28,480.7000,466.163788,4065000,0,1,612.012099
2024-04-01,480.0700,465.552826,5734000,0,1,611.210003
2024-04-02,476.9300,462.507751,4817800,0,1,607.212254
2024-04-03,477.3600,462.924774,6224800,0,1,607.759716
2024-04-04,471.4800,457.222565,6871200,0,1,600.273486
2024-04-05,476.4900,462.081024,5588200,0,1,606.652060
2024-04-08,476.6800,462.265320,4736800,0,1,606.893962
2024-04-09,477.2700,462.837463,5250400,0,1,607.645131
2024-04-10,472.6500,458.357178,6933400,0,1,601.763093
2024-04-11,476.0600,461.664032,5109900,0,1,606.104597
2024-04-12,469.5700,455.370300,6959700,0,1,597.841734
2024-04-15,463.6100,449.590546,9530000,0,1,590.253649
2024-04-16,462.7800,448.785645,6761400,0,1,589.196920
2024-04-17,459.9900,446.080048,7156200,0,1,585.644779
2024-04-18,458.9400,445.061768,5637300,0,1,584.307953
2024-04-19,455.1000,441.337860,9787500,0,1,579.418985
2024-04-22,459.0500,445.168427,5818100,0,1,584.448001
2024-04-23,464.8400,450.783417,4257400,0,1,591.819647
2024-04-24,464.5000,450.453644,7687800,0,1,591.386769
2024-04-25,462.5800,448.591644,4876200,0,1,588.942286
2024-04-26,467.2100,453.081757,4907100,0,1,594.837056
2024-04-29,468.8400,454.662384,3253200,0,1,596.912321
2024-04-30,461.4300,447.476501,4364800,0,1,587.478142
2024-05-01,459.9300,446.021820,6115400,0,1,585.568389
2024-05-02,464.2200,450.182098,3972400,0,1,591.030282
2024-05-03,469.9800,455.767975,4586900,0,1,598.363733
2024-05-06,474.7200,460.364594,4782500,0,1,604.398551
2024-05-07,475.4000,461.023987,3451300,0,1,605.264306
2024-05-08,475.4200,461.043396,3214900,0,1,605.289769
2024-05-09,478.1500,463.690857,3486000,0,1,608.765519
2024-05-10,478.7400,464.263000,3347200,0,1,609.516689
2024-05-13,478.7700,464.292084,3108400,0,1,609.554884
2024-05-14,481.0400,466.493439,3257700,0,1,612.444976
2024-05-15,486.9000,472.176239,4399500,0,1,619.905744
2024-05-16,485.9700,471.274414,3347400,0,1,618.721697
2024-05-17,486.6900,471.972595,3274000,0,1,619.638378
2024-05-20,487.1700,472.438110,2599600,0,1,620.249499
2024-05-21,488.4800,473.708527,2453600,0,1,621.917350
2024-05-22,487.0600,472.331451,3250600,0,1,620.109451
2024-05-23,483.4400,468.820923,3811300,0,1,615.500581
2024-05-24,486.7300,472.011444,2555200,0,1,619.689305
2024-05-28,487.1200,472.389618,4034700,0,1,620.185841
2024-05-29,483.6900,469.063324,5605000,0,1,615.818873
2024-05-30,480.4400,465.911621,3386800,0,1,611.681075
2024-05-31,484.6200,469.965210,5334000,0,1,617.002920
2024-06-03,485.1500,470.479218,4211300,0,1,617.677699
2024-06-04,485.7400,471.051392,2560300,0,1,618.428868
2024-06-05,491.5500,476.685638,3026100,0,1,625.825977
2024-06-06,491.4400,476.579010,21344000,0,1,625.685929
2024-06-07,490.8000,475.958344,3063600,0,1,624.871101
2024-06-10,492.4100,477.519623,3461900,0,1,626.920902
2024-06-11,493.5300,478.605804,4028400,0,1,628.346851
2024-06-12,497.6400,482.591522,3698800,0,1,633.579574
2024-06-13,498.5800,483.503052,8808900,0,1,634.776352
2024-06-14,498.9800,483.890930,5812000,0,1,635.285619
2024-06-17,502.9400,487.731232,4609500,0,1,640.327367
2024-06-18,504.2800,489.030701,3431700,0,1,642.033412
2024-06-20,502.8800,487.673065,4810900,0,1,640.250977
2024-06-21,501.7800,486.606293,4338100,0,1,638.850491
2024-06-24,500.4300,485.297180,7022800,0,1,637.131714
2024-06-25,502.5100,487.314270,6325200,0,1,639.779904
2024-06-26,503.0700,487.857330,3202700,0,1,640.492879
2024-06-27,503.8500,488.613708,3619700,0,1,641.485950
2024-06-28,500.1300,486.729553,5598600,1.784,1,639.021096
2024-07-01,501.2800,487.848785,4368500,0,1,640.490462
2024-07-02,504.5300,491.011719,4210100,0,1,644.643020
2024-07-03,506.8100,493.230560,2131100,0,1,647.556198
2024-07-05,509.8400,496.179382,3156900,0,1,651.427660
2024-07-08,510.3300,496.656250,3143400,0,1,652.053738
2024-07-09,510.8900,497.201294,3140600,0,1,652.769255
2024-07-10,515.8100,501.989471,3446900,0,1,659.055588
2024-07-11,511.3900,497.687866,5537800,0,1,653.408110
2024-07-12,514.5500,500.763245,5238200,0,1,657.445674
2024-07-15,516.1100,502.281372,7771500,0,1,659.438901
2024-07-16,519.0400,505.132935,4164300,0,1,663.182592
2024-07-17,511.7900,498.077148,4984300,0,1,653.919194
2024-07-18,507.9400,494.330322,5055900,0,1,649.000011
2024-07-19,504.5500,491.031158,4039400,0,1,644.668574
2024-07-22,509.7900,496.130737,4342900,0,1,651.363774
2024-07-23,508.9400,495.303497,3116000,0,1,650.277721
2024-07-24,497.2900,483.965668,6157400,0,1,635.392399
2024-07-25,494.7800,481.522919,5646600,0,1,632.185347
2024-07-26,500.3300,486.924225,3636000,0,1,639.276638
2024-07-29,500.7000,487.284302,3096200,0,1,639.749390
2024-07-30,498.0800,484.734497,3817800,0,1,636.401790
2024-07-31,505.9300,492.374207,5367600,0,1,646.431814
2024-08-01,499.0300,485.659088,6939200,0,1,637.615615
2024-08-02,489.9100,476.783417,8561200,0,1,625.962900
2024-08-05,475.2000,462.467529,15244300,0,1,607.167786
2024-08-06,479.9400,467.080566,8255000,0,1,613.224131
2024-08-07,476.6100,463.839722,5976400,0,1,608.969357
2024-08-08,487.7300,474.661835,4177200,0,1,623.177492
2024-08-09,489.8200,476.695892,7661300,0,1,625.847906
2024-08-12,490.0700,476.939209,3578100,0,1,626.167333
2024-08-13,498.2100,484.861023,3247900,0,1,636.567893
2024-08-14,499.8000,486.408417,3700500,0,1,638.599451
2024-08-15,508.3800,494.758514,4279000,0,1,649.562203
2024-08-16,509.4500,495.799896,3449300,0,1,650.929353
2024-08-19,514.3500,500.568481,3804300,0,1,657.190132
2024-08-20,513.5000,499.741394,3156000,0,1,656.104078
2024-08-21,515.3000,501.493103,3344100,0,1,658.403956
2024-08-22,511.1300,497.434845,3677100,0,1,653.075906
2024-08-23,516.6600,502.816681,5102800,0,1,660.141642
2024-08-26,515.3900,501.580688,3398600,0,1,658.518950
2024-08-27,516.0800,502.252228,3031800,0,1,659.400570
2024-08-28,513.1300,499.381287,3940400,0,1,655.631326
2024-08-29,513.2100,499.459198,3487100,0,1,655.733542
2024-08-30,518.0400,504.159698,5637700,0,1,661.904882
2024-09-03,507.5600,493.960541,5866400,0,1,648.514481
2024-09-04,506.3000,492.734314,3601400,0,1,646.904566
2024-09-05,505.0500,491.517731,3425600,0,1,645.307429
2024-09-06,496.6400,483.333130,7411400,0,1,634.561888
2024-09-09,502.2300,488.773376,3656800,0,1,641.704287
2024-09-10,504.3000,490.787842,2975400,0,1,644.349146
2024-09-11,509.4600,495.809601,5956900,0,1,650.942130
2024-09-12,513.8400,500.072266,4092900,0,1,656.538500
2024-09-13,516.5700,502.729156,4416600,0,1,660.026648
2024-09-16,517.3500,503.488159,4256300,0,1,661.023262
2024-09-17,517.5900,503.721771,8150000,0,1,661.329912
2024-09-18,515.9100,502.086792,6921300,0,1,659.183359
2024-09-19,524.9100,510.845612,5558400,0,1,670.682749
2024-09-20,523.8800,509.843292,5612700,0,1,669.366708
2024-09-23,525.1700,511.098694,29289200,0,1,671.014954
2024-09-24,526.6800,512.568237,4650600,0,1,672.944296
2024-09-25,525.6100,511.526794,35418000,0,1,671.577146
2024-09-26,527.7000,513.560913,5273900,0,1,674.247560
2024-09-27,525.3800,512.896118,5598600,1.639,1,673.377440
2024-09-30,527.6700,515.131653,8013000,0,1,676.312523
2024-10-01,522.7400,510.318756,9198700,0,1,669.993762
2024-10-02,522.8300,510.406677,3270600,0,1,670.109115
2024-10-03,521.8400,509.440216,4008000,0,1,668.840236
2024-10-04,526.6500,514.135986,5354400,0,1,675.005193
2024-10-07,521.9100,509.508453,3970500,0,1,668.929954
2024-10-08,526.8500,514.330994,2626700,0,1,675.261533
2024-10-09,530.4500,517.845642,2941800,0,1,679.875638
2024-10-10,529.5600,516.976746,3637600,0,1,678.734929
2024-10-11,532.7100,520.051758,5429200,0,1,682.772271
2024-10-14,537.0700,524.308350,2638900,0,1,688.360466
2024-10-15,532.9800,520.315430,4811300,0,1,683.118329
2024-10-16,535.2200,522.502136,3237200,0,1,685.989328
2024-10-17,535.3000,522.580383,3225300,0,1,686.091864
2024-10-18,537.3600,524.591431,5070400,0,1,688.732158
2024-10-21,536.5300,523.781189,3671400,0,1,687.668350
2024-10-22,536.1600,523.419861,3366600,0,1,687.194122
2024-10-23,531.2700,518.646118,5227800,0,1,680.926629
2024-10-24,532.4700,519.817566,4477800,0,1,682.464664
2024-10-25,532.2600,519.612610,4327200,0,1,682.195508
2024-10-28,533.9200,521.233154,3408000,0,1,684.323123
2024-10-29,534.7700,522.062927,3027600,0,1,685.412565
2024-10-30,533.1600,520.491211,3067000,0,1,683.349034
2024-10-31,522.6700,510.250488,7972800,0,1,669.904043
2024-11-01,524.9400,512.466553,6106900,0,1,672.813493
2024-11-04,523.8000,511.353638,3681500,0,1,671.352360
2024-11-05,530.1000,517.503845,3300300,0,1,679.427045
2024-11-06,543.3000,530.390259,7483300,0,1,696.345432
2024-11-07,547.5300,534.519714,6051300,0,1,701.767006
2024-11-08,549.9500,536.882263,6798000,0,1,704.868710
2024-11-11,550.4000,537.321533,4893100,0,1,705.445473
2024-11-12,548.7500,535.710754,4818600,0,1,703.330675
2024-11-13,549.0300,535.984192,3701600,0,1,703.689550
2024-11-14,545.5400,532.576965,3940300,0,1,699.216431
2024-11-15,538.5000,525.704285,7360100,0,1,690.193291
2024-11-18,540.7300,527.881348,4494500,0,1,693.051473
2024-11-19,542.7000,529.804504,6978400,0,1,695.576414
2024-11-20,542.9000,529.999695,3949100,0,1,695.832753
2024-11-21,545.6400,532.674622,4530600,0,1,699.344600
2024-11-22,547.4700,534.461121,5574600,0,1,701.690104
2024-11-25,549.2300,536.179382,4305000,0,1,703.945889
2024-11-26,552.3100,539.186157,4438600,0,1,707.893513
2024-11-27,550.5500,537.468018,3312200,0,1,705.637728
2024-11-29,553.4500,540.299194,3988700,0,1,709.354646
2024-12-02,555.0100,541.821960,5441000,0,1,711.354092
2024-12-03,555.1400,541.948975,4202900,0,1,711.520712
2024-12-04,558.6400,545.365723,5490300,0,1,716.006648
2024-12-05,557.7100,544.457947,3021600,0,1,714.814671
2024-12-06,558.8200,545.541443,5134900,0,1,716.237353
2024-12-09,555.9100,542.700623,4412300,0,1,712.507618
2024-12-10,554.3300,541.158264,4110100,0,1,710.482538
2024-12-11,558.5300,545.258484,3514400,0,1,715.865662
2024-12-12,555.6500,542.446838,4048600,0,1,712.174377
2024-12-13,555.6100,542.407776,4666900,0,1,712.123109
2024-12-16,557.7900,544.535950,22846800,0,1,714.917207
2024-12-17,555.4500,542.251587,6110900,0,1,711.918038
2024-12-18,539.1400,526.329041,24584900,0,1,691.013576
2024-12-19,538.9400,526.133789,16792100,0,1,690.757237
2024-12-20,545.0400,532.088806,9389400,0,1,698.575583
2024-12-23,547.1900,535.897705,7063400,1.739,1,703.560098
2024-12-24,552.8200,541.411438,3439300,0,1,710.798980
2024-12-26,552.8100,541.401672,4492000,0,1,710.786122
2024-12-27,547.0800,535.789856,7077100,0,1,703.418664
2024-12-30,540.9900,529.825562,6505100,0,1,695.588329
2024-12-31,538.8100,527.690552,6040800,0,1,692.785352
2025-01-02,537.4600,526.368408,7142700,0,1,691.049563
2025-01-03,544.4000,533.165283,6416300,0,1,699.972802
2025-01-06,547.5700,536.269775,5983400,0,1,704.048691
2025-01-07,541.4100,530.236938,5383200,0,1,696.128352
2025-01-08,542.1400,530.951843,4317000,0,1,697.066964
2025-01-10,533.8900,522.872070,7935200,0,1,686.459367
2025-01-13,534.5800,523.547852,5621000,0,1,687.346548
2025-01-14,535.2600,524.213867,8820000,0,1,688.220871
2025-01-15,545.0500,533.801880,5307300,0,1,700.808552
2025-01-16,544.2400,533.008423,3632800,0,1,699.767079
2025-01-17,549.4600,538.120850,6558700,0,1,706.478795
2025-01-21,554.4600,543.017639,5301700,0,1,712.907641
2025-01-22,557.6100,546.102600,4780000,0,1,716.957814
2025-01-23,560.7000,549.128845,6217900,0,1,720.930842
2025-01-24,559.0100,547.473633,3612100,0,1,718.757891
2025-01-27,551.2300,539.854248,7617400,0,1,708.754606
2025-01-28,555.8500,544.378906,4164700,0,1,714.694861
2025-01-29,553.4100,541.989258,4174500,0,1,711.557583
2025-01-30,556.3000,544.819580,4296500,0,1,715.273457
2025-01-31,553.3300,541.910950,6233900,0,1,711.454722
2025-02-03,549.7000,538.355957,7824000,0,1,706.787379
2025-02-04,553.3500,541.930542,4181400,0,1,711.480437
2025-02-05,555.6200,544.153625,3424200,0,1,714.399134
2025-02-06,557.6200,546.112366,3606300,0,1,716.970672
2025-02-07,552.2000,540.804199,10161600,0,1,710.001803
2025-02-10,556.1500,544.672791,3517600,0,1,715.080591
2025-02-11,556.6500,545.162537,2752900,0,1,715.723476
2025-02-12,554.8100,543.360352,3579500,0,1,713.357660
2025-02-13,560.6700,549.099487,3388500,0,1,720.892268
2025-02-14,560.6900,549.119080,3380600,0,1,720.917984
2025-02-18,562.3100,550.705627,3844900,0,1,723.000930
2025-02-19,563.6700,552.037537,3857600,0,1,724.749576
2025-02-20,561.3000,549.716431,4446800,0,1,721.702303
2025-02-21,551.7500,540.363586,6148700,0,1,709.423206
2025-02-24,549.1400,537.807373,4772300,0,1,706.067349
2025-02-25,546.4100,535.133728,5491500,0,1,702.557198
2025-02-26,546.7500,535.466736,4180800,0,1,702.994360
2025-02-27,537.9700,526.867859,5521400,0,1,691.705306
2025-02-28,546.3300,535.055481,7328100,0,1,702.454337
2025-03-03,536.9200,525.839600,7290000,0,1,690.355248
2025-03-04,530.4500,519.503113,10477400,0,1,682.036321
2025-03-05,536.4000,525.330383,6221700,0,1,689.686648
2025-03-06,526.6700,515.801086,7228900,0,1,677.176113
2025-03-07,529.5100,518.582520,7308300,0,1,680.827697
2025-03-10,515.5100,504.871460,11176900,0,1,662.826927
2025-03-11,511.2800,500.728729,11208900,0,1,657.388123
2025-03-12,513.7600,503.157593,8590600,0,1,660.576831
2025-03-13,507.0500,496.585999,21650000,0,1,651.949319
2025-03-14,517.4600,506.781189,7412300,0,1,665.334177
2025-03-17,521.4100,510.649658,6269800,0,1,670.412966
2025-03-18,515.9100,505.263123,6010600,0,1,663.341235
2025-03-19,521.3300,510.571320,5373900,0,1,670.310105
2025-03-20,520.1300,509.396118,6029700,0,1,668.767181
2025-03-21,520.2600,509.523346,5059000,0,1,668.934331
2025-03-24,529.3900,518.464966,22376300,0,1,680.673405
2025-03-25,530.6500,519.698975,6260200,0,1,682.293474
2025-03-26,524.4600,513.636719,4410200,0,1,674.334562
2025-03-27,521.2100,512.223511,5534900,1.812,1,672.485626
2025-03-28,510.8000,501.992981,5831800,0,1,659.054235
2025-03-31,513.9100,505.049377,8196700,0,1,663.066879
2025-04-01,515.8000,506.906769,7697000,0,1,665.505432
2025-04-02,518.9100,509.963196,6308600,0,1,669.518076
2025-04-03,494.1600,485.639893,16226000,0,1,637.584653
2025-04-04,465.5200,457.493683,30966500,0,1,600.632200
2025-04-07,463.5600,455.567505,31285300,0,1,598.103330
2025-04-08,456.7400,448.865051,19002700,0,1,589.303898
2025-04-09,499.1000,490.494690,29286600,0,1,643.958435
2025-04-10,482.0600,473.748566,16651300,0,1,621.972758
2025-04-11,490.5500,482.092163,11541200,0,1,632.926889
2025-04-14,495.4800,486.937195,7701500,0,1,639.287769
2025-04-15,494.0900,485.571106,8200600,0,1,637.494336
2025-04-16,483.2300,474.898346,6374900,0,1,623.482338
2025-04-17,483.9000,475.556793,5638900,0,1,624.346798
2025-04-21,472.3700,464.225586,7762500,0,1,609.470339
2025-04-22,484.2900,475.940063,6236300,0,1,624.849991
2025-04-23,492.0700,483.585968,8047600,0,1,634.888053
2025-04-24,502.4100,493.747681,6184300,0,1,648.229127
2025-04-25,506.1100,497.383881,6933400,0,1,653.003013
2025-04-28,506.4200,497.688538,4210000,0,1,653.402987
2025-04-29,509.4900,500.705597,6525500,0,1,657.364022
2025-04-30,509.7400,500.951294,7873700,0,1,657.686581
2025-05-01,513.3500,504.498993,5784500,0,1,662.344345
2025-05-02,520.7100,511.732178,6285400,0,1,671.840507
2025-05-05,517.9900,509.059021,4793500,0,1,668.331056
2025-05-06,513.5800,504.725098,4694300,0,1,662.641100
2025-05-07,515.9000,507.005127,5460000,0,1,665.634456
2025-05-08,519.3400,510.385864,5088200,0,1,670.072879
2025-05-09,518.6500,509.707733,4739500,0,1,669.182614
2025-05-12,535.9200,526.679871,7793600,0,1,691.465046
2025-05-13,539.4400,530.139221,7356800,0,1,696.006689
2025-05-14,540.1100,530.797607,5031300,0,1,696.871149
2025-05-15,542.7600,533.401978,7362200,0,1,700.290283
2025-05-16,546.2600,536.841675,7255300,0,1,704.806121
2025-05-19,546.8200,537.391968,7766100,0,1,705.528655
2025-05-20,544.8800,535.485413,7158200,0,1,703.025590
2025-05-21,535.7700,526.532532,6339500,0,1,691.271510
2025-05-22,536.0200,526.778198,5816600,0,1,691.594070
2025-05-23,532.4000,523.220642,6455900,0,1,686.923404
2025-05-27,543.3400,533.971985,6118100,0,1,701.038622
2025-05-28,540.2400,530.925354,4910500,0,1,697.038880
2025-05-29,542.3200,532.969543,4659500,0,1,699.722578
2025-05-30,541.7600,532.419189,6171500,0,1,699.000044
2025-06-02,544.9100,535.514832,5933500,0,1,703.064298
2025-06-03,548.0000,538.551575,4993600,0,1,707.051137
2025-06-04,547.6500,538.207703,4543400,0,1,706.599553
2025-06-05,545.0900,535.691772,6372100,0,1,703.296541
2025-06-06,550.6600,541.165771,4736000,0,1,710.483174
2025-06-09,551.2500,541.745544,4516400,0,1,711.244415
2025-06-10,554.3900,544.831482,5984100,0,1,715.295766
2025-06-11,552.8600,543.327881,20800600,0,1,713.321700
2025-06-12,554.9500,545.381775,8422900,0,1,716.018300
2025-06-13,548.7700,539.308350,7100600,0,1,708.044621
2025-06-16,554.0700,544.516968,7421300,0,1,714.882890
2025-06-17,549.3500,539.878296,4753300,0,1,708.792960
2025-06-18,549.2400,539.770203,4602300,0,1,708.651034
2025-06-20,547.7200,538.276306,9978500,0,1,706.689870
2025-06-23,553.3600,543.819214,9820200,0,1,713.966820
2025-06-24,559.4400,549.794373,6770000,0,1,721.811475
2025-06-25,559.7200,550.069519,16472300,0,1,722.172742
2025-06-26,564.1500,554.423218,6081400,0,1,727.888502
2025-06-27,566.9500,557.174927,6056500,0,1,731.501172
2025-06-30,568.0300,559.959717,5750600,1.745,1,735.146098
2025-07-01,567.7700,559.703369,7412700,0,1,734.809605
2025-07-02,570.2900,562.187622,6164000,0,1,738.070997
2025-07-03,575.2200,567.047546,4837000,0,1,744.451417
2025-07-07,570.6100,562.503052,6417800,0,1,738.485141
2025-07-08,570.2300,562.128479,6944600,0,1,737.993344
2025-07-09,573.6100,565.460510,7156500,0,1,742.367750
2025-07-10,575.2900,567.116577,4961700,0,1,744.542011
2025-07-11,573.2200,565.075989,4428900,0,1,741.863011
2025-07-14,574.3500,566.189941,4747000,0,1,743.325460
2025-07-15,571.8600,563.735291,5399000,0,1,740.102895
2025-07-16,573.7400,565.588623,6141200,0,1,742.535997
2025-07-17,577.1800,568.979736,6495300,0,1,746.988055
2025-07-18,576.9200,568.723450,4262400,0,1,746.651562
2025-07-21,577.9500,569.738831,5913800,0,1,747.984591
2025-07-22,577.9500,569.738831,4767700,0,1,747.984591
2025-07-23,582.8600,574.578979,4257300,0,1,754.339128
2025-07-24,583.2600,574.973389,3840900,0,1,754.856809
2025-07-25,585.5800,577.260437,4210100,0,1,757.859360
2025-07-28,585.4400,577.122375,4193100,0,1,757.678171
2025-07-29,583.9200,575.623962,5053400,0,1,755.710983
2025-07-30,583.2100,574.924133,6974700,0,1,754.792099
2025-07-31,581.0200,572.765198,7046800,0,1,751.957794
2025-08-01,571.4500,563.331177,8781300,0,1,739.572272
2025-08-04,580.1400,571.897705,6640100,0,1,750.818896
2025-08-05,577.3500,569.147278,4647400,0,1,747.208069
2025-08-06,581.6400,573.376404,4545000,0,1,752.760200
2025-08-07,581.2900,573.031311,4594300,0,1,752.307229
2025-08-08,585.7400,577.418152,4342300,0,1,758.066432
2025-08-11,584.5400,576.235168,5373900,0,1,756.513388
2025-08-12,590.7800,582.386597,5851900,0,1,764.589215
2025-08-13,592.8400,584.417297,5393000,0,1,767.255273
2025-08-14,592.8500,584.427063,6236700,0,1,767.268215
2025-08-15,591.5700,583.165344,7196300,0,1,765.611635
2025-08-18,591.3600,582.958313,5311700,0,1,765.339853
2025-08-19,588.1300,579.774170,6739300,0,1,761.159577
2025-08-20,586.5800,578.246277,7113600,0,1,759.153562
2025-08-21,584.2700,575.968994,4807300,0,1,756.163954
2025-08-22,593.2100,584.781982,6389300,0,1,767.734128
2025-08-25,590.7000,582.307678,6483000,0,1,764.485679
2025-08-26,593.0600,584.634094,4776600,0,1,767.539998
2025-08-27,594.4200,585.974792,6171400,0,1,769.300114
2025-08-28,596.5200,588.044983,5058700,0,1,772.017940
2025-08-29,593.0800,584.653809,7512000,0,1,767.565882
2025-09-02,588.7100,580.345947,11116700,0,1,761.910215
2025-09-03,591.7200,583.313110,8205900,0,1,765.805766
2025-09-04,596.5900,588.114014,8045600,0,1,772.108534
2025-09-05,594.9600,586.507141,6641500,0,1,769.998983
2025-09-08,596.5000,588.025269,9472200,0,1,771.992056
2025-09-09,597.9500,589.454712,7844800,0,1,773.868650
2025-09-10,599.6800,591.160034,21641100,0,1,776.107621
2025-09-11,604.5700,595.980591,9109700,0,1,782.436273
2025-09-12,604.4400,595.852539,8130500,0,1,782.268027
2025-09-15,607.5900,598.957703,7710700,0,1,786.344766
2025-09-16,606.7900,598.169006,6393200,0,1,785.309404
2025-09-17,606.0900,597.479065,11613600,0,1,784.403462
2025-09-18,608.9400,600.288513,11057500,0,1,788.091940
2025-09-19,611.7800,603.088257,6065700,0,1,791.767477
2025-09-22,614.7600,606.025879,11583800,0,1,795.624201
2025-09-23,611.5400,602.851624,10753000,0,1,791.456868
2025-09-24,609.5000,600.840576,23787300,0,1,788.816694
2025-09-25,606.5900,597.971985,6965700,0,1,785.050563
2025-09-26,610.1600,601.491150,6438600,0,1,789.670868
2025-09-29,610.1300,603.181702,5658800,1.74,1,791.883955
2025-09-30,612.3800,605.406128,6515700,0,1,794.804216
2025-10-01,614.5700,607.571167,10020000,0,1,797.646603
2025-10-02,615.2500,608.243469,7139500,0,1,798.529171
2025-10-03,615.3000,608.292847,7210700,0,1,798.594066
2025-10-06,617.4000,610.368958,6056400,0,1,801.319643
2025-10-07,615.2000,608.193970,7466300,0,1,798.464277
2025-10-08,618.7700,611.723328,5035200,0,1,803.097758
2025-10-09,617.1000,610.072327,5898500,0,1,800.930275
2025-10-10,600.5100,593.671265,13664200,0,1,779.398216
2025-10-13,609.6100,602.667664,6968400,0,1,791.209050
2025-10-14,608.7500,601.817444,7493500,0,1,790.092861
2025-10-15,611.4300,604.466919,6504900,0,1,793.571217
2025-10-16,607.3900,600.472961,7594800,0,1,788.327726
2025-10-17,610.7600,603.804565,6911000,0,1,792.701628
2025-10-20,617.1700,610.141479,4086200,0,1,801.021127
2025-10-21,617.0900,610.062500,4216200,0,1,800.917296
2025-10-22,613.9700,606.977905,6961600,0,1,796.867867
2025-10-23,617.4400,610.408447,5851800,0,1,801.371559
2025-10-24,622.5500,615.460266,5694900,0,1,808.003796
2025-10-27,630.0000,622.825439,7804300,0,1,817.673105
2025-10-28,631.6900,624.496216,5625600,0,1,819.866546
2025-10-29,631.9500,624.753235,6104500,0,1,820.203998
2025-10-30,625.2400,618.119568,6243300,0,1,811.495131
2025-10-31,627.0400,619.899170,7058600,0,1,813.831339
2025-11-03,628.2700,621.115112,5568100,0,1,815.427749
2025-11-04,620.9900,613.918030,8390500,0,1,805.979082
2025-11-05,622.8600,615.766724,10323100,0,1,808.406143
2025-11-06,616.2400,609.222107,7099400,0,1,799.814086
2025-11-07,616.8900,609.864746,7571300,0,1,800.657717
2025-11-10,626.4700,619.335571,8425000,0,1,813.091540
2025-11-11,627.9100,620.759155,5639200,0,1,814.960507
2025-11-12,628.2200,621.065674,6090200,0,1,815.362854
2025-11-13,617.9900,610.952148,13065800,0,1,802.085400
2025-11-14,617.8300,610.794067,9681700,0,1,801.877737
2025-11-17,612.0400,605.069946,8902500,0,1,794.362932
2025-11-18,607.0000,600.087463,8542600,0,1,787.821547
2025-11-19,609.2000,602.262329,7449400,0,1,790.676914
2025-11-20,599.9600,593.127625,13985000,0,1,778.684375
2025-11-21,605.9300,599.029541,9821400,0,1,786.432801
2025-11-24,614.9400,607.936951,6242700,0,1,798.126824
2025-11-25,620.6600,613.591736,7389500,0,1,805.550777
2025-11-26,624.9500,617.832947,5323200,0,1,811.118741
2025-11-28,628.4100,621.253540,2953200,0,1,815.609454
2025-12-01,625.5200,618.396484,9191600,0,1,811.858541
2025-12-02,626.5800,619.444397,5280600,0,1,813.234308
2025-12-03,628.7700,621.609436,6338400,0,1,816.076696
2025-12-04,629.3000,622.133362,5147700,0,1,816.764579
2025-12-05,630.4800,623.299988,5693100,0,1,818.296094
2025-12-08,628.6100,621.451233,6876700,0,1,815.869033
2025-12-09,628.1000,620.947083,12849000,0,1,815.207107
2025-12-10,632.1600,624.960815,22457400,0,1,820.476556
2025-12-11,633.7100,626.493225,33921000,0,1,822.488291
2025-12-12,626.8700,619.731140,8534700,0,1,813.610697
2025-12-15,625.9600,618.831421,11337200,0,1,812.429614
2025-12-16,624.2100,617.101379,15819600,0,1,810.158300
2025-12-17,617.3500,610.319519,21356900,0,1,801.254748
2025-12-18,622.0100,614.926514,37062400,0,1,807.302933
2025-12-19,627.5600,620.413208,10487000,0,1,814.506244
2025-12-22,629.7300,624.320374,9850100,1.771,1,819.621244
2025-12-23,632.6700,627.235107,13798500,0,1,823.447783
2025-12-24,634.7800,629.327026,3275200,0,1,826.194040
2025-12-26,634.8400,629.386536,3852100,0,1,826.272133
2025-12-29,632.6000,627.165710,6579400,0,1,823.356675
2025-12-30,631.7200,626.293213,4180400,0,1,822.211316
2025-12-31,627.1300,621.742737,5556800,0,1,816.237230
2026-01-02,628.3000,622.902649,11337000,0,1,817.760036
2026-01-05,632.4600,627.026917,16175600,0,1,823.174459
2026-01-06,636.2100,630.744751,8672000,0,1,828.055248
2026-01-07,634.1700,628.722229,8820100,0,1,825.400099
2026-01-08,634.0600,628.613159,9017400,0,1,825.256929
2026-01-09,638.3100,632.826721,7864100,0,1,830.788490
2026-01-12,639.3400,633.847900,7929800,0,1,832.129081
2026-01-13,638.0300,632.549133,8860000,0,1,830.424058
2026-01-14,634.9400,629.485596,8683400,0,1,826.402287
2026-01-15,636.6200,631.151184,6937000,0,1,828.588881
2026-01-16,636.0900,630.625793,6733700,0,1,827.899063
2026-01-20,623.1500,617.796936,14877600,0,1,811.057085
2026-01-21,630.2900,624.875549,10403800,0,1,820.350108
2026-01-22,633.5700,628.127380,6085500,0,1,824.619172
2026-01-23,633.8300,628.385193,5850400,0,1,824.957574
2026-01-26,637.0900,631.617126,9007400,0,1,829.200607
2026-01-27,639.7000,634.204712,4339600,0,1,832.597636
2026-01-28,639.6000,634.105591,5568700,0,1,832.467482
2026-01-29,638.2700,632.787109,8697200,0,1,830.736429
2026-01-30,636.2200,630.754639,6562300,0,1,828.068264
2026-02-02,639.6800,634.184875,9490300,0,1,832.571606
2026-02-03,634.1500,628.702393,9702800,0,1,825.374068
2026-02-04,630.9100,625.490234,11322000,0,1,821.157066
2026-02-05,623.1000,617.747314,11714700,0,1,810.992008
2026-02-06,635.2400,629.783020,12987900,0,1,826.792751
2026-02-09,638.2300,632.747314,8908500,0,1,830.684367
2026-02-10,636.4400,630.972717,13645300,0,1,828.354603
2026-02-11,636.3500,630.883423,5345000,0,1,828.237464
2026-02-12,626.4900,621.108215,8951100,0,1,815.404241
2026-02-13,626.8900,621.504822,9312800,0,1,815.924859
2026-02-17,627.9900,622.595337,8718600,0,1,817.356557
2026-02-18,631.1500,625.728210,9509200,0,1,821.469436
2026-02-19,629.5300,624.122131,5212400,0,1,819.360935
2026-02-20,634.0200,628.573547,7482000,0,1,825.204867
2026-02-23,627.6300,622.238464,10868700,0,1,816.888001
2026-02-24,632.2100,626.779053,6930300,0,1,822.849073
2026-02-25,637.5300,632.053467,12135200,0,1,829.773286
2026-02-26,633.9500,628.504150,9497700,0,1,825.113759
2026-02-27,631.0400,625.619080,10471100,0,1,821.326266
2026-03-02,631.2800,625.857056,9211400,0,1,821.638637
2026-03-03,625.7200,620.344788,18493400,0,1,814.402053
2026-03-04,630.1800,624.766541,13489800,0,1,820.206938
2026-03-05,626.8100,621.425476,12198800,0,1,815.820735
2026-03-06,618.4300,613.117432,9739200,0,1,804.913798
2026-03-09,623.8000,618.441345,13929200,0,1,811.903088
2026-03-10,622.7200,617.370544,15570400,0,1,810.497421
2026-03-11,622.0300,616.686584,6433300,0,1,809.599356
2026-03-12,612.5000,607.238403,15487600,0,1,797.195642
2026-03-13,609.0900,603.857727,25527500,0,1,792.757377
2026-03-16,615.1900,609.905212,8303200,0,1,800.696795
2026-03-17,616.8900,611.590698,9941800,0,1,802.909420
2026-03-18,608.3800,603.153809,14276900,0,1,791.833281
2026-03-19,606.7500,601.537781,10271900,0,1,789.711765
2026-03-20,597.9400,592.803406,17685700,0,1,778.245163
2026-03-23,604.4300,599.237732,24014300,0,1,786.692183
2026-03-24,602.3800,597.205322,18363300,0,1,784.024018
2026-03-25,605.6600,600.457092,23288300,0,1,788.293082
2026-03-26,594.9200,589.809387,7712600,0,1,774.314500
2026-03-27,582.9600,579.776550,11707700,1.872,1,761.184525
2026-03-30,580.9300,577.757568,11839200,0,1,758.533907
2026-03-31,597.5500,594.286865,12447300,0,1,780.235030
2026-04-01,602.3000,599.010864,11332500,0,1,786.437216
2026-04-02,602.9900,599.697083,12780100,0,1,787.338166
2026-04-06,605.6700,602.362427,6316800,0,1,790.837504
2026-04-07,606.0400,602.730469,6690000,0,1,791.320622
2026-04-08,621.3400,617.946960,9805100,0,1,811.298190
2026-04-09,625.0200,621.606812,5498300,0,1,816.103253
2026-04-10,624.6000,621.189087,4609400,0,1,815.554849
2026-04-13,630.7200,627.275696,5158400,0,1,823.545876
2026-04-14,638.3500,634.864014,5042900,0,1,833.508546
2026-04-15,643.4500,639.936218,5165600,0,1,840.167735
2026-04-16,644.8600,641.338501,5882400,0,1,842.008805
2026-04-17,652.7800,649.215271,7815300,0,1,852.350135
2026-04-20,651.5400,647.981995,6384100,0,1,850.731038
2026-04-21,647.2500,643.715393,8514900,0,1,845.129484
2026-04-22,653.9000,650.329163,4537200,0,1,853.812545
2026-04-23,651.2600,647.703552,6519500,0,1,850.365435
2026-04-24,656.4200,652.835327,4793800,0,1,857.102968
2026-04-27,657.5000,653.909485,5319200,0,1,858.513149
2026-04-28,654.2600,650.687195,5527100,0,1,854.282605
2026-04-29,654.2400,650.667297,6302000,0,1,854.256491
2026-04-30,660.5800,656.972656,5948400,0,1,862.534777
2026-05-01,662.5200,658.902100,5426500,0,1,865.067881
2026-05-04,660.1200,656.515076,5962400,0,1,861.934145
2026-05-05,665.3000,661.666870,5052600,0,1,868.697792
2026-05-06,674.6600,670.975708,6441500,0,1,880.919363
2026-05-07,672.5400,668.867310,6260300,0,1,878.151229
2026-05-08,678.0400,674.337219,4348100,0,1,885.332708
2026-05-11,679.5200,675.809204,5693400,0,1,887.265179
2026-05-12,678.6700,674.963806,6073400,0,1,886.155314
2026-05-13,682.4100,678.683411,4918000,0,1,891.038720
2026-05-14,687.7300,683.974304,5370000,0,1,897.985168
2026-05-15,679.4400,675.729675,6448500,0,1,887.160721
2026-05-18,678.9100,675.202515,7585400,0,1,886.468688
2026-05-19,674.5900,670.906128,5664200,0,1,880.827962
2026-05-20,681.5700,677.848022,5506800,0,1,889.941912
2026-05-21,682.8400,679.111084,7335400,0,1,891.600181
2026-05-22,685.5500,681.806274,4319800,0,1,895.138691
2026-05-26,690.0100,686.241882,6633800,0,1,900.962218
2026-05-27,689.9600,686.192261,7386500,0,1,900.896931
2026-05-28,693.9100,690.120605,8477100,0,1,906.054539
2026-05-29,695.4900,691.691956,5080400,0,1,908.117582
2026-06-01,697.3000,693.492065,10051200,0,1,910.480941
2026-06-02,698.2600,694.446899,4750700,0,1,911.734436
2026-06-03,693.3600,689.573608,5970400,0,1,905.336391
2026-06-04,696.0600,692.258850,6630000,0,1,908.861844
2026-06-05,678.0000,674.297485,10846500,0,1,885.280479
2026-06-08,679.6800,675.968323,8867200,0,1,887.474095
2026-06-09,677.7000,673.999146,16197200,0,1,884.888762
2026-06-10,667.0500,663.407288,16472700,0,1,870.982808
2026-06-11,678.2300,674.526184,19974200,0,1,885.580796
2026-06-12,681.9500,678.225952,6328000,0,1,890.438087
2026-06-15,693.8300,690.041077,14068900,0,1,905.950081
2026-06-16,689.7500,685.983337,13324100,0,1,900.622730
2026-06-17,681.4100,677.688843,15029600,0,1,889.732996
2026-06-18,688.1100,684.352234,17747900,0,1,898.481343
2026-06-22,686.1000,682.353271,13367200,0,1,895.856839
2026-06-23,676.3400,672.646606,17581700,0,1,883.112978
2026-06-24,675.6900,672.000122,9677000,0,1,882.264258
2026-06-25,675.7100,672.020020,26266500,0,1,882.290373
2026-06-26,670.2600,668.540955,6007600,1.962,1,877.736009
2026-06-29,681.0100,679.263428,5703800,0,1,891.813624
2026-06-30,686.8100,685.048523,9892400,0,1,899.408988
2026-07-01,685.4600,683.702026,8659300,0,1,897.641102
2026-07-02,684.8400,683.083618,6994700,0,1,896.829184
2026-07-06,690.6200,688.848755,5610000,0,1,904.398357
2026-07-07,687.0800,685.317871,4847400,0,1,899.762566
2026-07-08,685.2600,683.502502,4839800,0,1,897.379193
2026-07-09,690.6900,688.918579,6423900,0,1,904.490025
2026-07-10,693.8600,692.080444,5326400,0,1,908.641285
2026-07-13,688.5000,686.734192,6637600,0,1,901.622120
2026-07-14,691.1000,689.327515,4610200,0,1,905.026939
2026-07-15,693.8000,692.020569,4132800,0,1,908.562712
2026-07-16,690.1400,688.369995,4764000,0,1,903.769775
2026-07-17,683.1700,681.417847,5679300,0,1,894.642243
2026-07-20,682.2100,680.460327,5360300,0,1,893.385079
2026-07-21,687.8700,686.105774,4075500,0,1,900.797107
2026-07-22,687.0300,685.268005,3418300,0,1,899.697089
2026-07-23,678.6100,676.869507,4983100,0,1,888.670715
2026-07-24,679.1400,677.398193,6311600,0,1,889.364774
2026-07-27,679.3100,677.567749,5232200,0,1,889.587397
2026-07-28,680.9600,679.213562,5090000,0,1,891.748147
2026-07-29,670.6300,668.910034,7970700,0,1,878.220541
2026-07-30,681.7900,680.041382,6094800,0,1,892.835070
2026-07-31,686.6500,684.888977,7715400,0,1,899.199461
2026-08-03,696.4000,694.613953,7283200,0,1,911.967530
2026-08-04,708.9800,707.161621,6566400,0,1,928.441614
2026-08-05,707.6000,705.785156,5225700,0,1,926.634441
2026-08-06,706.4000,704.588318,4668700,0,1,925.062986
2026-08-07,710.7100,708.887268,4653100,0,1,930.707127
2026-08-10,710.6500,708.827393,6689300,0,1,930.628555
2026-08-11,708.4200,706.603088,5169300,0,1,927.708268
2026-08-12,710.1700,708.348572,4919100,0,1,929.999973
2026-08-13,714.9500,713.116333,4590000,0,1,936.259601
2026-08-14,713.6100,711.779785,4236400,0,1,934.504810
2026-08-17,710.2700,708.448364,5745000,0,1,930.130927
2026-08-18,705.4000,703.590881,5278600,0,1,923.753441
2026-08-19,706.9100,705.096924,7021800,0,1,925.730854
2026-08-20,701.0100,699.212097,8458600,0,1,918.004535
2026-08-21,703.7100,701.905212,10712800,0,1,921.540309
2026-08-24,701.8300,700.030029,7727600,0,1,919.078363
2026-08-25,704.0200,702.214417,4315600,0,1,921.946268
2026-08-26,704.2000,702.393921,7157800,0,1,922.181986
2026-08-27,708.7500,706.932251,6745700,0,1,928.140418
2026-08-28,707.2400,705.426086,8084500,0,1,926.163004
2026-08-31,704.8900,703.082153,5733400,0,1,923.085572
2026-09-01,700.2800,698.484009,6486900,0,1,917.048567
2026-09-02,703.4100,701.605896,7742300,0,1,921.147445
2026-09-03,710.7200,708.897156,8585400,0,1,930.720223
2026-09-04,708.0100,706.194153,6806600,0,1,927.171354
2026-09-08,704.0700,702.264282,7827600,0,1,922.011745
2026-09-09,700.8700,699.072449,4293300,0,1,917.821199
2026-09-10,696.6500,694.863281,18313400,0,1,912.294917
2026-09-11,702.5600,700.758118,5792000,0,1,920.034331
2026-09-14,699.3000,697.506470,6801300,0,1,915.765213
2026-09-15,696.2000,694.414429,9657900,0,1,911.705621
2026-09-16,693.2400,691.462036,14168400,0,1,907.829366
2026-09-17,701.0300,699.232056,9903400,0,1,918.030726
2026-09-18,701.7800,699.980164,9586400,0,1,919.012886
2026-09-21,712.7800,710.951965,8859800,0,1,933.417887
2026-09-22,712.7800,710.951965,20719800,0,1,933.417887
2026-09-23,707.6000,705.785156,13808900,0,1,926.634441
2026-09-24,706.9900,705.176758,9419700,0,1,925.835618
2026-09-25,710.7900,708.966980,5462300,0,1,930.811891
2026-09-28,703.6100,703.609985,8539400,1.823,1,923.796656
2026-09-29,702.4600,702.460022,7643300,0,1,922.286776
2026-09-30,700.8600,700.859985,9876100,0,1,920.186075
2026-10-01,702.3500,702.349976,8433700,0,1,922.142353
2026-10-02,707.5400,707.539978,6607300,0,1,928.956504
2026-10-05,712.3200,712.320007,6163600,0,1,935.232350
2026-10-06,716.2000,716.200012,4548853,0,1,940.326551
